label	arm	prefetch	temp	shape	size	stride	depth	readers	repeat	pos	asks	p50_ns	p90_ns	p99_ns	cpu_ns_per_ask	wall_ns	asks_per_s	threads	gap_p99_ns	gap_max_ns	miss_pct	resident_pct
run1_A_stride	pool	off	cold	stride	16384	250000	1	1	0	0	512	100755	180821	397591	86785	57785436	8860	6	0	0	87.9	0.000
run1_A_stride	uring	off	cold	stride	16384	250000	1	1	0	1	512	69147	87968	393095	35975	38817946	13190	5	0	0	100.0	0.000
run1_A_stride	hybrid	off	cold	stride	16384	250000	1	1	0	2	512	67247	85409	150621	36927	35970542	14234	5	0	0	87.5	0.000
run1_A_stride	pooled_pread	off	cold	stride	16384	250000	1	1	0	3	512	121049	150433	366996	87870	65238524	7848	6	0	0	100.0	0.000
run1_A_stride	uring	off	cold	stride	16384	250000	1	1	1	0	512	76264	88517	477771	38720	42129627	12153	5	0	0	100.0	0.000
run1_A_stride	hybrid	off	cold	stride	16384	250000	1	1	1	1	512	79399	99500	241314	43379	42994961	11908	5	0	0	87.9	0.000
run1_A_stride	pooled_pread	off	cold	stride	16384	250000	1	1	1	2	512	115880	144432	246961	86071	62579295	8182	6	0	0	100.0	0.000
run1_A_stride	pool	off	cold	stride	16384	250000	1	1	1	3	512	92920	117804	556798	79092	49747973	10292	6	0	0	87.9	0.000
run1_A_stride	hybrid	off	cold	stride	16384	250000	1	1	2	0	512	66986	83323	608380	36926	36393935	14068	5	0	0	87.9	0.000
run1_A_stride	pooled_pread	off	cold	stride	16384	250000	1	1	2	1	512	110898	137041	247352	84754	60589598	8450	6	0	0	100.0	0.000
run1_A_stride	pool	off	cold	stride	16384	250000	1	1	2	2	512	91986	114972	492519	75694	49772877	10287	6	0	0	87.7	0.000
run1_A_stride	uring	off	cold	stride	16384	250000	1	1	2	3	512	69549	85719	742095	34978	38787899	13200	5	0	0	100.0	0.000
run1_A_stride	pooled_pread	off	cold	stride	16384	250000	1	1	3	0	512	107796	131754	204002	80167	58563424	8743	6	0	0	100.0	0.000
run1_A_stride	pool	off	cold	stride	16384	250000	1	1	3	1	512	93065	116892	787009	75947	49861211	10269	6	0	0	88.3	0.000
run1_A_stride	uring	off	cold	stride	16384	250000	1	1	3	2	512	65138	84722	168198	34941	36521725	14019	5	0	0	100.0	0.000
run1_A_stride	hybrid	off	cold	stride	16384	250000	1	1	3	3	512	64635	85938	711229	38192	36695465	13953	5	0	0	88.3	0.000
run1_A_stride	pool	off	cold	stride	16384	250000	1	1	4	0	512	111271	144103	313417	92273	56917741	8995	7	0	0	86.9	0.000
run1_A_stride	uring	off	cold	stride	16384	250000	1	1	4	1	512	93178	116343	241093	42850	50900389	10059	5	0	0	100.0	0.000
run1_A_stride	hybrid	off	cold	stride	16384	250000	1	1	4	2	512	83872	105141	513415	38798	45163640	11337	5	0	0	88.1	0.000
run1_A_stride	pooled_pread	off	cold	stride	16384	250000	1	1	4	3	512	113234	161664	255866	82919	62110306	8243	7	0	0	100.0	0.000
run1_A_stride	uring	off	cold	stride	16384	250000	1	1	5	0	512	70451	92858	186770	36428	39733462	12886	5	0	0	100.0	0.000
run1_A_stride	hybrid	off	cold	stride	16384	250000	1	1	5	1	512	75413	97529	198754	36487	41225633	12419	5	0	0	87.3	0.000
run1_A_stride	pooled_pread	off	cold	stride	16384	250000	1	1	5	2	512	119879	146363	212623	90817	62892306	8141	6	0	0	100.0	0.000
run1_A_stride	pool	off	cold	stride	16384	250000	1	1	5	3	512	112444	145370	684792	90553	61179602	8369	6	0	0	88.1	0.000
run1_A_stride	pool	off	cold	stride	16384	250000	2	1	0	0	512	132929	178163	945562	88304	37104631	13799	8	0	0	88.7	0.000
run1_A_stride	uring	off	cold	stride	16384	250000	2	1	0	1	512	97129	115932	891590	30210	27585611	18560	5	0	0	100.0	0.000
run1_A_stride	hybrid	off	cold	stride	16384	250000	2	1	0	2	512	71980	109345	923209	28835	26412261	19385	5	0	0	88.7	0.000
run1_A_stride	pooled_pread	off	cold	stride	16384	250000	2	1	0	3	512	150146	179557	822870	87435	41606703	12306	9	0	0	100.0	0.000
run1_A_stride	uring	off	cold	stride	16384	250000	2	1	1	0	512	85796	104247	905964	28070	24953678	20518	5	0	0	100.0	0.000
run1_A_stride	hybrid	off	cold	stride	16384	250000	2	1	1	1	512	94472	117661	747763	27602	29436288	17393	5	0	0	88.7	0.000
run1_A_stride	pooled_pread	off	cold	stride	16384	250000	2	1	1	2	512	148104	189229	835944	85180	41174079	12435	9	0	0	100.0	0.000
run1_A_stride	pool	off	cold	stride	16384	250000	2	1	1	3	512	148788	196571	905775	92554	40756166	12563	8	0	0	89.3	0.000
run1_A_stride	hybrid	off	cold	stride	16384	250000	2	1	2	0	512	96182	128678	870285	30460	31109016	16458	5	0	0	88.5	0.000
run1_A_stride	pooled_pread	off	cold	stride	16384	250000	2	1	2	1	512	147252	186789	791924	82068	41468681	12347	9	0	0	100.0	0.000
run1_A_stride	pool	off	cold	stride	16384	250000	2	1	2	2	512	127688	165720	952762	82837	35283797	14511	8	0	0	88.5	0.000
run1_A_stride	uring	off	cold	stride	16384	250000	2	1	2	3	512	96014	120621	837122	31116	27380725	18699	5	0	0	100.0	0.000
run1_A_stride	pooled_pread	off	cold	stride	16384	250000	2	1	3	0	512	149321	196725	775113	83088	42550411	12033	8	0	0	100.0	0.000
run1_A_stride	pool	off	cold	stride	16384	250000	2	1	3	1	512	135255	188597	965438	93480	38482046	13305	8	0	0	88.9	0.000
run1_A_stride	uring	off	cold	stride	16384	250000	2	1	3	2	512	100017	122177	870162	27245	29450131	17385	5	0	0	100.0	0.000
run1_A_stride	hybrid	off	cold	stride	16384	250000	2	1	3	3	512	81933	117973	828163	28051	28841108	17752	5	0	0	88.3	0.000
run1_A_stride	pool	off	cold	stride	16384	250000	2	1	4	0	512	131660	165617	911592	83675	36232490	14131	9	0	0	89.3	0.000
run1_A_stride	uring	off	cold	stride	16384	250000	2	1	4	1	512	102080	126779	846774	28684	29960908	17089	5	0	0	100.0	0.000
run1_A_stride	hybrid	off	cold	stride	16384	250000	2	1	4	2	512	72879	109674	887361	28638	26677318	19192	5	0	0	88.7	0.000
run1_A_stride	pooled_pread	off	cold	stride	16384	250000	2	1	4	3	512	150050	205571	771851	87106	42437860	12065	9	0	0	100.0	0.000
run1_A_stride	uring	off	cold	stride	16384	250000	2	1	5	0	512	83897	104774	878559	24336	25824543	19826	5	0	0	100.0	0.000
run1_A_stride	hybrid	off	cold	stride	16384	250000	2	1	5	1	512	76854	107483	624361	32918	25332911	20211	5	0	0	88.1	0.000
run1_A_stride	pooled_pread	off	cold	stride	16384	250000	2	1	5	2	512	139607	185788	724662	80040	39376628	13003	9	0	0	100.0	0.000
run1_A_stride	pool	off	cold	stride	16384	250000	2	1	5	3	512	125223	169862	905686	82629	35249914	14525	10	0	0	89.3	0.000
run1_A_stride	pool	off	cold	stride	16384	250000	4	1	0	0	512	178651	262922	931635	75188	26549957	19284	12	0	0	91.2	0.000
run1_A_stride	uring	off	cold	stride	16384	250000	4	1	0	1	512	131795	168870	840443	15531	20618122	24833	5	0	0	100.0	0.000
run1_A_stride	hybrid	off	cold	stride	16384	250000	4	1	0	2	512	106224	169026	804895	26420	22421114	22836	5	0	0	91.0	0.000
run1_A_stride	pooled_pread	off	cold	stride	16384	250000	4	1	0	3	512	172061	260672	851871	69834	25830557	19821	14	0	0	100.0	0.000
run1_A_stride	uring	off	cold	stride	16384	250000	4	1	1	0	512	123191	169422	947982	15437	19717955	25966	5	0	0	100.0	0.000
run1_A_stride	hybrid	off	cold	stride	16384	250000	4	1	1	1	512	106752	149064	222720	24069	20307641	25212	5	0	0	87.7	0.000
run1_A_stride	pooled_pread	off	cold	stride	16384	250000	4	1	1	2	512	166228	263639	841352	71408	25383018	20171	18	0	0	100.0	0.000
run1_A_stride	pool	off	cold	stride	16384	250000	4	1	1	3	512	207215	728272	3330082	93063	43473800	11777	13	0	0	90.6	0.000
run1_A_stride	hybrid	off	cold	stride	16384	250000	4	1	2	0	512	96242	155338	907098	26310	21286066	24053	5	0	0	89.8	0.000
run1_A_stride	pooled_pread	off	cold	stride	16384	250000	4	1	2	1	512	177997	262731	883467	77516	26668441	19199	15	0	0	100.0	0.000
run1_A_stride	pool	off	cold	stride	16384	250000	4	1	2	2	512	163655	241944	891087	72608	24206431	21151	13	0	0	91.6	0.000
run1_A_stride	uring	off	cold	stride	16384	250000	4	1	2	3	512	191072	234747	1031103	20412	27899125	18352	5	0	0	100.0	0.000
run1_A_stride	pooled_pread	off	cold	stride	16384	250000	4	1	3	0	512	163174	251907	1047560	74828	25490422	20086	16	0	0	100.0	0.000
run1_A_stride	pool	off	cold	stride	16384	250000	4	1	3	1	512	158186	248314	1085215	71698	24145116	21205	13	0	0	91.0	0.000
run1_A_stride	uring	off	cold	stride	16384	250000	4	1	3	2	512	158574	212856	915878	19195	23729506	21577	5	0	0	100.0	0.000
run1_A_stride	hybrid	off	cold	stride	16384	250000	4	1	3	3	512	83294	128464	717280	21647	18266945	28029	5	0	0	88.9	0.000
run1_A_stride	pool	off	cold	stride	16384	250000	4	1	4	0	512	155814	241393	860510	73421	23896187	21426	13	0	0	91.4	0.000
run1_A_stride	uring	off	cold	stride	16384	250000	4	1	4	1	512	156477	221045	847815	20322	23587778	21706	5	0	0	100.0	0.000
run1_A_stride	hybrid	off	cold	stride	16384	250000	4	1	4	2	512	85048	123613	807430	17851	18281229	28007	5	0	0	89.3	0.000
run1_A_stride	pooled_pread	off	cold	stride	16384	250000	4	1	4	3	512	174666	290021	1040048	75606	26834015	19080	16	0	0	100.0	0.000
run1_A_stride	uring	off	cold	stride	16384	250000	4	1	5	0	512	129397	203386	847291	17117	20871087	24532	5	0	0	100.0	0.000
run1_A_stride	hybrid	off	cold	stride	16384	250000	4	1	5	1	512	79525	113619	780092	18080	18114455	28265	5	0	0	90.8	0.000
run1_A_stride	pooled_pread	off	cold	stride	16384	250000	4	1	5	2	512	181666	270794	821737	75850	27213038	18815	17	0	0	100.0	0.000
run1_A_stride	pool	off	cold	stride	16384	250000	4	1	5	3	512	154635	251233	987442	70890	23953974	21374	12	0	0	91.2	0.000
run1_A_stride	pool	off	cold	stride	16384	250000	8	1	0	0	512	260803	557471	2441940	66964	22683770	22571	20	0	0	92.4	0.000
run1_A_stride	uring	off	cold	stride	16384	250000	8	1	0	1	512	303456	375923	1953259	15656	23935471	21391	5	0	0	100.0	0.000
run1_A_stride	hybrid	off	cold	stride	16384	250000	8	1	0	2	512	174240	239554	1598397	16958	18158607	28196	5	0	0	92.6	0.000
run1_A_stride	pooled_pread	off	cold	stride	16384	250000	8	1	0	3	512	240984	380945	1962220	62965	19385615	26411	20	0	0	100.0	0.000
run1_A_stride	uring	off	cold	stride	16384	250000	8	1	1	0	512	280721	324299	1756696	15873	20661746	24780	5	0	0	100.0	0.000
run1_A_stride	hybrid	off	cold	stride	16384	250000	8	1	1	1	512	243651	301302	1767092	17467	22219514	23043	5	0	0	92.6	0.000
run1_A_stride	pooled_pread	off	cold	stride	16384	250000	8	1	1	2	512	273519	456687	2087983	64173	21601459	23702	24	0	0	100.0	0.000
run1_A_stride	pool	off	cold	stride	16384	250000	8	1	1	3	512	249192	397688	1995424	66139	19804111	25853	21	0	0	92.4	0.000
run1_A_stride	hybrid	off	cold	stride	16384	250000	8	1	2	0	512	185729	252758	1747526	17709	18491512	27688	5	0	0	92.0	0.000
run1_A_stride	pooled_pread	off	cold	stride	16384	250000	8	1	2	1	512	249580	381580	1730563	63456	19662104	26040	20	0	0	100.0	0.000
run1_A_stride	pool	off	cold	stride	16384	250000	8	1	2	2	512	250349	451828	1958524	59464	20481695	24998	17	0	0	92.4	0.000
run1_A_stride	uring	off	cold	stride	16384	250000	8	1	2	3	512	248802	317051	1673696	13237	19354214	26454	5	0	0	100.0	0.000
run1_A_stride	pooled_pread	off	cold	stride	16384	250000	8	1	3	0	512	247777	395572	1707826	68348	20158952	25398	21	0	0	100.0	0.000
run1_A_stride	pool	off	cold	stride	16384	250000	8	1	3	1	512	246649	429774	1814056	60217	19697989	25993	18	0	0	92.6	0.000
run1_A_stride	uring	off	cold	stride	16384	250000	8	1	3	2	512	292170	361000	2210997	14371	23413399	21868	5	0	0	100.0	0.000
run1_A_stride	hybrid	off	cold	stride	16384	250000	8	1	3	3	512	208397	263855	2033569	15268	21085997	24282	5	0	0	92.2	0.000
run1_A_stride	pool	off	cold	stride	16384	250000	8	1	4	0	512	328639	488341	2111504	67736	25487674	20088	17	0	0	92.8	0.000
run1_A_stride	uring	off	cold	stride	16384	250000	8	1	4	1	512	323363	393615	2051397	16719	24307355	21064	5	0	0	100.0	0.000
run1_A_stride	hybrid	off	cold	stride	16384	250000	8	1	4	2	512	200861	280624	2006120	15762	20650681	24793	5	0	0	92.4	0.000
run1_A_stride	pooled_pread	off	cold	stride	16384	250000	8	1	4	3	512	259992	433105	1750667	65552	21552658	23756	19	0	0	100.0	0.000
run1_A_stride	uring	off	cold	stride	16384	250000	8	1	5	0	512	226719	277225	1841872	12518	18039965	28381	5	0	0	100.0	0.000
run1_A_stride	hybrid	off	cold	stride	16384	250000	8	1	5	1	512	183874	273389	1658159	17692	18966632	26995	5	0	0	92.4	0.000
run1_A_stride	pooled_pread	off	cold	stride	16384	250000	8	1	5	2	512	230841	439904	1717445	64892	20265420	25265	19	0	0	100.0	0.000
run1_A_stride	pool	off	cold	stride	16384	250000	8	1	5	3	512	253984	418428	1839343	63753	20067404	25514	19	0	0	92.6	0.000
run1_A_stride	pool	off	cold	stride	16384	250000	16	1	0	0	512	377679	697111	3318203	59006	16494140	31041	28	0	0	92.6	0.000
run1_A_stride	uring	off	cold	stride	16384	250000	16	1	0	1	512	461070	509210	2970262	13035	18586714	27547	5	0	0	100.0	0.000
run1_A_stride	hybrid	off	cold	stride	16384	250000	16	1	0	2	512	277747	372125	3726580	13530	16318214	31376	5	0	0	92.6	0.000
run1_A_stride	pooled_pread	off	cold	stride	16384	250000	16	1	0	3	512	383372	1020332	2973266	61511	17233338	29710	46	0	0	100.0	0.000
run1_A_stride	uring	off	cold	stride	16384	250000	16	1	1	0	512	533427	593278	3170386	14899	20214783	25328	5	0	0	100.0	0.000
run1_A_stride	hybrid	off	cold	stride	16384	250000	16	1	1	1	512	340275	462455	2878115	15672	17317860	29565	5	0	0	92.6	0.000
run1_A_stride	pooled_pread	off	cold	stride	16384	250000	16	1	1	2	512	436148	929659	3334689	62488	18161677	28191	41	0	0	100.0	0.000
run1_A_stride	pool	off	cold	stride	16384	250000	16	1	1	3	512	377452	718741	3414667	59977	16664117	30725	29	0	0	92.6	0.000
run1_A_stride	hybrid	off	cold	stride	16384	250000	16	1	2	0	512	348126	485320	3309856	17128	18073590	28329	5	0	0	92.6	0.000
run1_A_stride	pooled_pread	off	cold	stride	16384	250000	16	1	2	1	512	425344	864192	3276334	62606	18829393	27192	49	0	0	100.0	0.000
run1_A_stride	pool	off	cold	stride	16384	250000	16	1	2	2	512	341678	787999	3351135	56291	16356431	31303	27	0	0	92.4	0.000
run1_A_stride	uring	off	cold	stride	16384	250000	16	1	2	3	512	468736	507560	3310384	12185	18130877	28239	5	0	0	100.0	0.000
run1_A_stride	pooled_pread	off	cold	stride	16384	250000	16	1	3	0	512	441375	855185	3245540	63378	19047610	26880	37	0	0	100.0	0.000
run1_A_stride	pool	off	cold	stride	16384	250000	16	1	3	1	512	358474	721090	3106855	55369	15801737	32402	29	0	0	92.6	0.000
run1_A_stride	uring	off	cold	stride	16384	250000	16	1	3	2	512	536069	625244	3258289	15197	20398433	25100	5	0	0	100.0	0.000
run1_A_stride	hybrid	off	cold	stride	16384	250000	16	1	3	3	512	327559	414873	3223608	16054	17321994	29558	5	0	0	92.6	0.000
run1_A_stride	pool	off	cold	stride	16384	250000	16	1	4	0	512	375386	847227	3576590	58610	17337926	29531	38	0	0	92.4	0.000
run1_A_stride	uring	off	cold	stride	16384	250000	16	1	4	1	512	457179	511998	3472763	12185	18148172	28212	5	0	0	100.0	0.000
run1_A_stride	hybrid	off	cold	stride	16384	250000	16	1	4	2	512	263629	380061	3148040	13554	15314954	33431	5	0	0	92.6	0.000
run1_A_stride	pooled_pread	off	cold	stride	16384	250000	16	1	4	3	512	411227	663099	3171738	57157	16922319	30256	31	0	0	100.0	0.000
run1_A_stride	uring	off	cold	stride	16384	250000	16	1	5	0	512	469826	551906	3181217	13044	18448759	27753	5	0	0	100.0	0.000
run1_A_stride	hybrid	off	cold	stride	16384	250000	16	1	5	1	512	356081	472769	3197526	16604	18010158	28428	5	0	0	92.8	0.000
run1_A_stride	pooled_pread	off	cold	stride	16384	250000	16	1	5	2	512	402493	736517	3287985	62267	17328044	29547	39	0	0	100.0	0.000
run1_A_stride	pool	off	cold	stride	16384	250000	16	1	5	3	512	391376	959199	3558473	60573	17809374	28749	31	0	0	92.8	0.000
run1_A_stride	pool	off	cold	stride	16384	250000	32	1	0	0	512	716607	1353372	4025071	56810	15712453	32586	44	0	0	92.8	0.000
run1_A_stride	uring	off	cold	stride	16384	250000	32	1	0	1	512	806629	980345	5002436	12469	16804420	30468	5	0	0	100.0	0.000
run1_A_stride	hybrid	off	cold	stride	16384	250000	32	1	0	2	512	489077	735819	5180804	12999	14918624	34320	5	0	0	92.6	0.000
run1_A_stride	pooled_pread	off	cold	stride	16384	250000	32	1	0	3	512	819973	1665370	4371538	60623	18454256	27744	62	0	0	100.0	0.000
run1_A_stride	uring	off	cold	stride	16384	250000	32	1	1	0	512	1009318	1115678	5036847	14733	19153391	26732	5	0	0	100.0	0.000
run1_A_stride	hybrid	off	cold	stride	16384	250000	32	1	1	1	512	668224	834290	5109248	15434	17259321	29665	5	0	0	92.6	0.000
run1_A_stride	pooled_pread	off	cold	stride	16384	250000	32	1	1	2	512	826666	1775489	3520669	65828	16552752	30931	58	0	0	100.0	0.000
run1_A_stride	pool	off	cold	stride	16384	250000	32	1	1	3	512	766965	1814448	4708014	61035	16467092	31092	45	0	0	92.6	0.000
run1_A_stride	hybrid	off	cold	stride	16384	250000	32	1	2	0	512	675333	938561	5279843	17513	17281400	29627	5	0	0	92.6	0.000
run1_A_stride	pooled_pread	off	cold	stride	16384	250000	32	1	2	1	512	849857	2163495	4081455	63826	18010055	28429	60	0	0	100.0	0.000
run1_A_stride	pool	off	cold	stride	16384	250000	32	1	2	2	512	679367	1476917	4326365	61253	15620403	32778	48	0	0	92.8	0.000
run1_A_stride	uring	off	cold	stride	16384	250000	32	1	2	3	512	1051404	2517541	5286437	17961	21469833	23847	5	0	0	100.0	0.000
run1_A_stride	pooled_pread	off	cold	stride	16384	250000	32	1	3	0	512	873581	1817636	4461083	62091	18479647	27706	47	0	0	100.0	0.000
run1_A_stride	pool	off	cold	stride	16384	250000	32	1	3	1	512	807932	1642995	4542743	60807	17307681	29582	44	0	0	92.8	0.000
run1_A_stride	uring	off	cold	stride	16384	250000	32	1	3	2	512	941978	1052891	5568551	13484	18689689	27395	5	0	0	100.0	0.000
run1_A_stride	hybrid	off	cold	stride	16384	250000	32	1	3	3	512	703354	950572	5412111	16486	17879353	28636	5	0	0	92.6	0.000
run1_A_stride	pool	off	cold	stride	16384	250000	32	1	4	0	512	728384	1732788	4377050	64111	16303046	31405	55	0	0	92.8	0.000
run1_A_stride	uring	off	cold	stride	16384	250000	32	1	4	1	512	961902	1127267	5013508	14012	18660291	27438	5	0	0	100.0	0.000
run1_A_stride	hybrid	off	cold	stride	16384	250000	32	1	4	2	512	649220	1211886	5629813	17953	17556767	29163	5	0	0	92.8	0.000
run1_A_stride	pooled_pread	off	cold	stride	16384	250000	32	1	4	3	512	816718	1546825	3937125	62697	17014181	30093	55	0	0	100.0	0.000
run1_A_stride	uring	off	cold	stride	16384	250000	32	1	5	0	512	1021410	1220096	5385652	15692	19650651	26055	5	0	0	100.0	0.000
run1_A_stride	hybrid	off	cold	stride	16384	250000	32	1	5	1	512	646106	959877	6012684	15199	17549904	29174	5	0	0	92.8	0.000
run1_A_stride	pooled_pread	off	cold	stride	16384	250000	32	1	5	2	512	803613	1486405	3286149	59916	15895447	32210	61	0	0	100.0	0.000
run1_A_stride	pool	off	cold	stride	16384	250000	32	1	5	3	512	857964	1632543	4084642	66968	17584055	29117	50	0	0	92.6	0.000
run1_A_stride	pool	off	cold	stride	16384	250000	64	1	0	0	512	1183760	3310083	4966577	69795	15141465	33814	78	0	0	92.6	0.000
run1_A_stride	uring	off	cold	stride	16384	250000	64	1	0	1	512	1334681	3983546	5929043	14958	14353077	35672	5	0	0	100.0	0.000
run1_A_stride	hybrid	off	cold	stride	16384	250000	64	1	0	2	512	1144571	5112310	6334830	17210	15137513	33823	5	0	0	92.8	0.000
run1_A_stride	pooled_pread	off	cold	stride	16384	250000	64	1	0	3	512	1257801	2915184	5772263	80468	15963529	32073	100	0	0	100.0	0.000
run1_A_stride	uring	off	cold	stride	16384	250000	64	1	1	0	512	1141466	4321833	5249698	16274	14227554	35987	5	0	0	100.0	0.000
run1_A_stride	hybrid	off	cold	stride	16384	250000	64	1	1	1	512	1033964	4106711	5319929	15187	13230046	38700	5	0	0	91.8	0.000
run1_A_stride	pooled_pread	off	cold	stride	16384	250000	64	1	1	2	512	1200420	3180362	4690528	77050	16169958	31664	102	0	0	100.0	0.000
run1_A_stride	pool	off	cold	stride	16384	250000	64	1	1	3	512	1164327	3290800	5993965	74929	15171397	33748	73	0	0	92.6	0.000
run1_A_stride	hybrid	off	cold	stride	16384	250000	64	1	2	0	512	804795	3468398	4091028	15869	12292612	41651	5	0	0	90.6	0.000
run1_A_stride	pooled_pread	off	cold	stride	16384	250000	64	1	2	1	512	1391016	3199334	4898919	67349	16291566	31427	82	0	0	100.0	0.000
run1_A_stride	pool	off	cold	stride	16384	250000	64	1	2	2	512	1282587	3457313	4918375	72201	15218948	33642	77	0	0	92.6	0.000
run1_A_stride	uring	off	cold	stride	16384	250000	64	1	2	3	512	1220566	4453813	5304884	15474	13746701	37245	5	0	0	100.0	0.000
run1_A_stride	pooled_pread	off	cold	stride	16384	250000	64	1	3	0	512	1143501	2815460	5187259	68219	14890128	34385	104	0	0	100.0	0.000
run1_A_stride	pool	off	cold	stride	16384	250000	64	1	3	1	512	1116192	2765397	4415539	66645	13857080	36949	75	0	0	92.6	0.000
run1_A_stride	uring	off	cold	stride	16384	250000	64	1	3	2	512	1370651	5020871	6079108	15185	14515217	35273	5	0	0	100.0	0.000
run1_A_stride	hybrid	off	cold	stride	16384	250000	64	1	3	3	512	1078999	4384530	4844837	15323	14259458	35906	5	0	0	92.6	0.000
run1_A_stride	pool	off	cold	stride	16384	250000	64	1	4	0	512	1088230	2593346	4095404	64922	13998822	36575	77	0	0	92.8	0.000
run1_A_stride	uring	off	cold	stride	16384	250000	64	1	4	1	512	1389072	4344000	5934418	13434	15097303	33913	5	0	0	100.0	0.000
run1_A_stride	hybrid	off	cold	stride	16384	250000	64	1	4	2	512	1030551	4259366	5457981	15222	14412424	35525	5	0	0	91.8	0.000
run1_A_stride	pooled_pread	off	cold	stride	16384	250000	64	1	4	3	512	1202426	2763085	4473779	76534	14946854	34255	101	0	0	100.0	0.000
run1_A_stride	uring	off	cold	stride	16384	250000	64	1	5	0	512	1315379	4500004	5315222	13048	13756236	37219	5	0	0	100.0	0.000
run1_A_stride	hybrid	off	cold	stride	16384	250000	64	1	5	1	512	861916	3669758	4593595	14575	12811656	39964	5	0	0	91.8	0.000
run1_A_stride	pooled_pread	off	cold	stride	16384	250000	64	1	5	2	512	1320751	3081816	4750765	73850	16166424	31671	104	0	0	100.0	0.000
run1_A_stride	pool	off	cold	stride	16384	250000	64	1	5	3	512	1294581	2556237	4308034	70034	15131415	33837	69	0	0	92.6	0.000
run1_A_stride	pool	off	warm	stride	16384	250000	1	1	0	0	512	3207	4200	7989	4009	1954459	261965	5	0	0	0.0	0.000
run1_A_stride	uring	off	warm	stride	16384	250000	1	1	0	1	512	16424	19031	38237	16105	6812124	75160	5	0	0	100.0	0.000
run1_A_stride	hybrid	off	warm	stride	16384	250000	1	1	0	2	512	4180	4870	10103	5255	2611326	196069	5	0	0	0.0	0.000
run1_A_stride	pooled_pread	off	warm	stride	16384	250000	1	1	0	3	512	57371	71278	112449	67012	31875085	16063	6	0	0	100.0	0.000
run1_A_stride	uring	off	warm	stride	16384	250000	1	1	1	0	512	17710	19078	39184	22265	9424366	54327	5	0	0	100.0	0.000
run1_A_stride	hybrid	off	warm	stride	16384	250000	1	1	1	1	512	3995	4610	7877	5047	2495862	205140	5	0	0	0.0	0.000
run1_A_stride	pooled_pread	off	warm	stride	16384	250000	1	1	1	2	512	56143	62048	98844	63182	29017721	17644	6	0	0	100.0	0.000
run1_A_stride	pool	off	warm	stride	16384	250000	1	1	1	3	512	2855	3392	5399	3441	1699381	301286	5	0	0	0.0	0.000
run1_A_stride	hybrid	off	warm	stride	16384	250000	1	1	2	0	512	2493	2922	4596	3483	1631876	313749	5	0	0	0.0	0.000
run1_A_stride	pooled_pread	off	warm	stride	16384	250000	1	1	2	1	512	49390	58262	103018	58286	27195186	18827	6	0	0	100.0	0.000
run1_A_stride	pool	off	warm	stride	16384	250000	1	1	2	2	512	4099	4778	9589	4948	2448086	209143	5	0	0	0.0	0.000
run1_A_stride	uring	off	warm	stride	16384	250000	1	1	2	3	512	16624	17838	37299	18951	8121121	63045	5	0	0	100.0	0.000
run1_A_stride	pooled_pread	off	warm	stride	16384	250000	1	1	3	0	512	53950	63320	104456	64203	29354181	17442	7	0	0	100.0	0.000
run1_A_stride	pool	off	warm	stride	16384	250000	1	1	3	1	512	4194	4836	12576	5067	2493679	205319	5	0	0	0.0	0.000
run1_A_stride	uring	off	warm	stride	16384	250000	1	1	3	2	512	17846	21776	40091	19377	8047657	63621	5	0	0	100.0	0.000
run1_A_stride	hybrid	off	warm	stride	16384	250000	1	1	3	3	512	3921	4491	9697	5023	2462781	207895	5	0	0	0.0	0.000
run1_A_stride	pool	off	warm	stride	16384	250000	1	1	4	0	512	3553	4104	9337	4353	2171002	235836	5	0	0	0.0	0.000
run1_A_stride	uring	off	warm	stride	16384	250000	1	1	4	1	512	17486	19913	39156	20589	8797597	58198	5	0	0	100.0	0.000
run1_A_stride	hybrid	off	warm	stride	16384	250000	1	1	4	2	512	3561	4073	7860	4699	2335633	219213	5	0	0	0.0	0.000
run1_A_stride	pooled_pread	off	warm	stride	16384	250000	1	1	4	3	512	57503	64735	104034	65202	30856671	16593	7	0	0	100.0	0.000
run1_A_stride	uring	off	warm	stride	16384	250000	1	1	5	0	512	16192	17409	29374	17280	7311250	70029	5	0	0	100.0	0.000
run1_A_stride	hybrid	off	warm	stride	16384	250000	1	1	5	1	512	2422	2952	8671	3481	1658087	308790	5	0	0	0.0	0.000
run1_A_stride	pooled_pread	off	warm	stride	16384	250000	1	1	5	2	512	56814	62850	113272	64832	29819281	17170	6	0	0	100.0	0.000
run1_A_stride	pool	off	warm	stride	16384	250000	1	1	5	3	512	2247	2671	3623	2814	1387406	369034	5	0	0	0.0	0.000
run1_A_stride	pool	off	warm	stride	16384	250000	2	1	0	0	512	2576	4813	6326	3916	1012161	505848	5	0	0	0.0	0.000
run1_A_stride	uring	off	warm	stride	16384	250000	2	1	0	1	512	20087	21197	40741	13062	5523966	92687	5	0	0	100.0	0.000
run1_A_stride	hybrid	off	warm	stride	16384	250000	2	1	0	2	512	3722	4296	6179	4730	2299144	222692	5	0	0	0.0	0.000
run1_A_stride	pooled_pread	off	warm	stride	16384	250000	2	1	0	3	512	36996	73606	182900	44147	11143383	45947	13	0	0	100.0	0.000
run1_A_stride	uring	off	warm	stride	16384	250000	2	1	1	0	512	18344	19631	41948	11971	5130486	99796	5	0	0	100.0	0.000
run1_A_stride	hybrid	off	warm	stride	16384	250000	2	1	1	1	512	2386	2855	3475	3236	1551230	330061	5	0	0	0.0	0.000
run1_A_stride	pooled_pread	off	warm	stride	16384	250000	2	1	1	2	512	41271	84116	162973	44848	12165231	42087	10	0	0	100.0	0.000
run1_A_stride	pool	off	warm	stride	16384	250000	2	1	1	3	512	2600	3156	6191	3387	883230	579690	5	0	0	0.0	0.000
run1_A_stride	hybrid	off	warm	stride	16384	250000	2	1	2	0	512	2075	2451	3288	3016	1413572	362203	5	0	0	0.0	0.000
run1_A_stride	pooled_pread	off	warm	stride	16384	250000	2	1	2	1	512	41849	78302	160569	43913	12295883	41640	11	0	0	100.0	0.000
run1_A_stride	pool	off	warm	stride	16384	250000	2	1	2	2	512	2805	4701	6058	4104	1085851	471520	5	0	0	0.0	0.000
run1_A_stride	uring	off	warm	stride	16384	250000	2	1	2	3	512	17685	18357	39409	11373	4828691	106033	5	0	0	100.0	0.000
run1_A_stride	pooled_pread	off	warm	stride	16384	250000	2	1	3	0	512	40467	71244	141483	42413	11177122	45808	11	0	0	100.0	0.000
run1_A_stride	pool	off	warm	stride	16384	250000	2	1	3	1	512	2773	3991	4994	3677	955874	535635	5	0	0	0.0	0.000
run1_A_stride	uring	off	warm	stride	16384	250000	2	1	3	2	512	18256	19192	39366	11741	4995706	102488	5	0	0	100.0	0.000
run1_A_stride	hybrid	off	warm	stride	16384	250000	2	1	3	3	512	2019	2323	2869	2913	1399394	365873	5	0	0	0.0	0.000
run1_A_stride	pool	off	warm	stride	16384	250000	2	1	4	0	512	2489	4043	6590	3507	914657	559773	5	0	0	0.0	0.000
run1_A_stride	uring	off	warm	stride	16384	250000	2	1	4	1	512	19555	20988	35664	12124	5164759	99133	5	0	0	100.0	0.000
run1_A_stride	hybrid	off	warm	stride	16384	250000	2	1	4	2	512	2262	2720	8585	3269	1594426	321119	5	0	0	0.0	0.000
run1_A_stride	pooled_pread	off	warm	stride	16384	250000	2	1	4	3	512	36020	76421	173370	39132	11105188	46105	10	0	0	100.0	0.000
run1_A_stride	uring	off	warm	stride	16384	250000	2	1	5	0	512	18050	19508	41359	11487	4955852	103312	5	0	0	100.0	0.000
run1_A_stride	hybrid	off	warm	stride	16384	250000	2	1	5	1	512	1874	2242	3237	2775	1306952	391751	5	0	0	0.0	0.000
run1_A_stride	pooled_pread	off	warm	stride	16384	250000	2	1	5	2	512	46101	84090	148068	43055	12895915	39702	11	0	0	100.0	0.000
run1_A_stride	pool	off	warm	stride	16384	250000	2	1	5	3	512	2536	4477	5709	3846	1019885	502017	5	0	0	0.0	0.000
run1_A_stride	pool	off	warm	stride	16384	250000	4	1	0	0	512	2380	4162	6002	3531	636525	804367	5	0	0	0.0	0.000
run1_A_stride	uring	off	warm	stride	16384	250000	4	1	0	1	512	28288	32912	57363	9374	4100984	124848	5	0	0	100.0	0.000
run1_A_stride	hybrid	off	warm	stride	16384	250000	4	1	0	2	512	2206	2541	2965	2954	1419479	360696	5	0	0	0.0	0.000
run1_A_stride	pooled_pread	off	warm	stride	16384	250000	4	1	0	3	512	38846	106682	246450	35899	6736768	76001	17	0	0	100.0	0.000
run1_A_stride	uring	off	warm	stride	16384	250000	4	1	1	0	512	28713	31598	60343	9453	4161297	123039	5	0	0	100.0	0.000
run1_A_stride	hybrid	off	warm	stride	16384	250000	4	1	1	1	512	2163	2612	3398	2941	1409602	363223	5	0	0	0.0	0.000
run1_A_stride	pooled_pread	off	warm	stride	16384	250000	4	1	1	2	512	28116	102610	299009	34702	6389003	80138	17	0	0	100.0	0.000
run1_A_stride	pool	off	warm	stride	16384	250000	4	1	1	3	512	3206	3867	6259	4346	731219	700201	5	0	0	0.0	0.000
run1_A_stride	hybrid	off	warm	stride	16384	250000	4	1	2	0	512	2748	3442	4100	3668	1745870	293264	5	0	0	0.0	0.000
run1_A_stride	pooled_pread	off	warm	stride	16384	250000	4	1	2	1	512	32976	107109	292152	35825	6524966	78468	18	0	0	100.0	0.000
run1_A_stride	pool	off	warm	stride	16384	250000	4	1	2	2	512	2499	3465	4532	3589	568596	900464	5	0	0	0.0	0.000
run1_A_stride	uring	off	warm	stride	16384	250000	4	1	2	3	512	28094	32063	53470	9157	3986172	128444	5	0	0	100.0	0.000
run1_A_stride	pooled_pread	off	warm	stride	16384	250000	4	1	3	0	512	36721	99994	225400	35276	6519336	78536	17	0	0	100.0	0.000
run1_A_stride	pool	off	warm	stride	16384	250000	4	1	3	1	512	2113	2513	5188	2942	753853	679178	5	0	0	0.0	0.000
run1_A_stride	uring	off	warm	stride	16384	250000	4	1	3	2	512	21333	21973	48720	7263	3126718	163750	5	0	0	100.0	0.000
run1_A_stride	hybrid	off	warm	stride	16384	250000	4	1	3	3	512	1832	2115	7816	2768	1323483	386858	5	0	0	0.0	0.000
run1_A_stride	pool	off	warm	stride	16384	250000	4	1	4	0	512	2293	4494	5212	3543	638361	802054	5	0	0	0.0	0.000
run1_A_stride	uring	off	warm	stride	16384	250000	4	1	4	1	512	21320	22380	43505	7045	3029148	169024	5	0	0	100.0	0.000
run1_A_stride	hybrid	off	warm	stride	16384	250000	4	1	4	2	512	1765	2040	2499	2497	1184789	432144	5	0	0	0.0	0.000
run1_A_stride	pooled_pread	off	warm	stride	16384	250000	4	1	4	3	512	43067	115641	287644	38179	7347603	69683	18	0	0	100.0	0.000
run1_A_stride	uring	off	warm	stride	16384	250000	4	1	5	0	512	22332	23903	45377	7507	3335989	153478	5	0	0	100.0	0.000
run1_A_stride	hybrid	off	warm	stride	16384	250000	4	1	5	1	512	1835	2077	2537	2565	1217222	420630	5	0	0	0.0	0.000
run1_A_stride	pooled_pread	off	warm	stride	16384	250000	4	1	5	2	512	28804	99775	256758	34029	6231336	82165	18	0	0	100.0	0.000
run1_A_stride	pool	off	warm	stride	16384	250000	4	1	5	3	512	2382	4610	14304	3729	523285	978434	5	0	0	0.0	0.000
run1_A_stride	pool	off	warm	stride	16384	250000	8	1	0	0	512	2208	4228	5427	3379	560810	912965	5	0	0	0.0	0.000
run1_A_stride	uring	off	warm	stride	16384	250000	8	1	0	1	512	29410	30740	60360	4979	2255278	227023	5	0	0	100.0	0.000
run1_A_stride	hybrid	off	warm	stride	16384	250000	8	1	0	2	512	1897	2141	5088	2795	1336035	383223	5	0	0	0.0	0.000
run1_A_stride	pooled_pread	off	warm	stride	16384	250000	8	1	0	3	512	38583	198404	649053	32993	5460599	93763	31	0	0	100.0	0.000
run1_A_stride	uring	off	warm	stride	16384	250000	8	1	1	0	512	30993	33197	55300	5321	2350842	217794	5	0	0	100.0	0.000
run1_A_stride	hybrid	off	warm	stride	16384	250000	8	1	1	1	512	1835	2122	3500	2793	1384924	369695	5	0	0	0.0	0.000
run1_A_stride	pooled_pread	off	warm	stride	16384	250000	8	1	1	2	512	47792	242034	678384	37261	6513454	78607	36	0	0	100.0	0.000
run1_A_stride	pool	off	warm	stride	16384	250000	8	1	1	3	512	2097	2493	2982	2788	716565	714520	5	0	0	0.0	0.000
run1_A_stride	hybrid	off	warm	stride	16384	250000	8	1	2	0	512	1791	2057	2374	2723	1269565	403288	5	0	0	0.0	0.000
run1_A_stride	pooled_pread	off	warm	stride	16384	250000	8	1	2	1	512	35602	217962	679813	32873	5640430	90773	37	0	0	100.0	0.000
run1_A_stride	pool	off	warm	stride	16384	250000	8	1	2	2	512	2257	4132	5227	3424	543275	942432	5	0	0	0.0	0.000
run1_A_stride	uring	off	warm	stride	16384	250000	8	1	2	3	512	28501	30034	68973	4811	2143518	238860	5	0	0	100.0	0.000
run1_A_stride	pooled_pread	off	warm	stride	16384	250000	8	1	3	0	512	40456	229069	704024	36770	6172257	82952	35	0	0	100.0	0.000
run1_A_stride	pool	off	warm	stride	16384	250000	8	1	3	1	512	3009	3645	10305	4017	744500	687710	5	0	0	0.0	0.000
run1_A_stride	uring	off	warm	stride	16384	250000	8	1	3	2	512	37476	49914	116081	6431	2954762	173280	5	0	0	100.0	0.000
run1_A_stride	hybrid	off	warm	stride	16384	250000	8	1	3	3	512	2882	3446	4964	3843	1875260	273029	5	0	0	0.0	0.000
run1_A_stride	pool	off	warm	stride	16384	250000	8	1	4	0	512	2488	3353	6029	3544	636701	804145	5	0	0	0.0	0.000
run1_A_stride	uring	off	warm	stride	16384	250000	8	1	4	1	512	31313	33724	57897	5399	2394482	213825	5	0	0	100.0	0.000
run1_A_stride	hybrid	off	warm	stride	16384	250000	8	1	4	2	512	1809	2114	2524	2858	1293709	395761	5	0	0	0.0	0.000
run1_A_stride	pooled_pread	off	warm	stride	16384	250000	8	1	4	3	512	39510	239669	634073	33747	5856160	87429	31	0	0	100.0	0.000
run1_A_stride	uring	off	warm	stride	16384	250000	8	1	5	0	512	18823	26439	52550	3740	1747814	292937	5	0	0	100.0	0.000
run1_A_stride	hybrid	off	warm	stride	16384	250000	8	1	5	1	512	2288	2683	3179	3089	1512120	338597	5	0	0	0.0	0.000
run1_A_stride	pooled_pread	off	warm	stride	16384	250000	8	1	5	2	512	42309	189171	533424	34555	5643805	90719	34	0	0	100.0	0.000
run1_A_stride	pool	off	warm	stride	16384	250000	8	1	5	3	512	2472	3981	7840	4032	632358	809668	5	0	0	0.0	0.000
run1_A_stride	pool	off	warm	stride	16384	250000	16	1	0	0	512	2198	3889	5054	3406	511350	1001271	5	0	0	0.0	0.000
run1_A_stride	uring	off	warm	stride	16384	250000	16	1	0	1	512	73245	84026	102272	5991	2884337	177510	5	0	0	100.0	0.000
run1_A_stride	hybrid	off	warm	stride	16384	250000	16	1	0	2	512	3267	3878	6082	4416	2148909	238260	5	0	0	0.0	0.000
run1_A_stride	pooled_pread	off	warm	stride	16384	250000	16	1	0	3	512	85165	410900	1545477	34099	6226582	82228	50	0	0	100.0	0.000
run1_A_stride	uring	off	warm	stride	16384	250000	16	1	1	0	512	61002	77969	139121	5173	2445683	209348	5	0	0	100.0	0.000
run1_A_stride	hybrid	off	warm	stride	16384	250000	16	1	1	1	512	3638	4201	7439	4952	2416263	211897	5	0	0	0.0	0.000
run1_A_stride	pooled_pread	off	warm	stride	16384	250000	16	1	1	2	512	104121	468550	1144464	36577	6558071	78072	42	0	0	100.0	0.000
run1_A_stride	pool	off	warm	stride	16384	250000	16	1	1	3	512	2437	2939	5934	3610	1547412	330875	5	0	0	0.0	0.000
run1_A_stride	hybrid	off	warm	stride	16384	250000	16	1	2	0	512	1973	2377	3265	3136	1452167	352577	5	0	0	0.0	0.000
run1_A_stride	pooled_pread	off	warm	stride	16384	250000	16	1	2	1	512	110282	364548	879584	34077	5767913	88767	35	0	0	100.0	0.000
run1_A_stride	pool	off	warm	stride	16384	250000	16	1	2	2	512	2499	3829	4706	3913	634250	807253	5	0	0	0.0	0.000
run1_A_stride	uring	off	warm	stride	16384	250000	16	1	2	3	512	51139	63125	123712	4777	2171023	235834	5	0	0	100.0	0.000
run1_A_stride	pooled_pread	off	warm	stride	16384	250000	16	1	3	0	512	92063	675363	1633858	46482	8389286	61030	66	0	0	100.0	0.000
run1_A_stride	pool	off	warm	stride	16384	250000	16	1	3	1	512	2513	4375	5779	3995	603720	848075	5	0	0	0.0	0.000
run1_A_stride	uring	off	warm	stride	16384	250000	16	1	3	2	512	59761	71707	84834	5100	2390008	214225	5	0	0	100.0	0.000
run1_A_stride	hybrid	off	warm	stride	16384	250000	16	1	3	3	512	2894	3461	4265	3865	1901796	269219	5	0	0	0.0	0.000
run1_A_stride	pool	off	warm	stride	16384	250000	16	1	4	0	512	2688	3201	6646	3959	634126	807411	5	0	0	0.0	0.000
run1_A_stride	uring	off	warm	stride	16384	250000	16	1	4	1	512	52458	71843	116910	4870	2202537	232459	5	0	0	100.0	0.000
run1_A_stride	hybrid	off	warm	stride	16384	250000	16	1	4	2	512	2378	2724	3136	3342	1632924	313548	5	0	0	0.0	0.000
run1_A_stride	pooled_pread	off	warm	stride	16384	250000	16	1	4	3	512	90140	536844	1439333	38116	6639251	77117	45	0	0	100.0	0.000
run1_A_stride	uring	off	warm	stride	16384	250000	16	1	5	0	512	51325	54569	73957	4390	1975962	259114	5	0	0	100.0	0.000
run1_A_stride	hybrid	off	warm	stride	16384	250000	16	1	5	1	512	2177	2643	8374	3397	1634578	313231	5	0	0	0.0	0.000
run1_A_stride	pooled_pread	off	warm	stride	16384	250000	16	1	5	2	512	108381	591915	1045316	41188	7414772	69051	53	0	0	100.0	0.000
run1_A_stride	pool	off	warm	stride	16384	250000	16	1	5	3	512	2979	3548	4121	3893	719759	711349	5	0	0	0.0	0.000
run1_A_stride	pool	off	warm	stride	16384	250000	32	1	0	0	512	2411	3866	7330	3819	708184	722976	5	0	0	0.0	0.000
run1_A_stride	uring	off	warm	stride	16384	250000	32	1	0	1	512	95585	120375	124203	4530	2163067	236701	5	0	0	100.0	0.000
run1_A_stride	hybrid	off	warm	stride	16384	250000	32	1	0	2	512	3839	4446	8559	5605	2735562	187164	5	0	0	0.0	0.000
run1_A_stride	pooled_pread	off	warm	stride	16384	250000	32	1	0	3	512	221842	1392745	2364929	48482	9549043	53618	80	0	0	100.0	0.000
run1_A_stride	uring	off	warm	stride	16384	250000	32	1	1	0	512	119373	157917	203404	5610	2652207	193047	5	0	0	100.0	0.000
run1_A_stride	hybrid	off	warm	stride	16384	250000	32	1	1	1	512	2124	2414	3894	3628	1750049	292563	5	0	0	0.0	0.000
run1_A_stride	pooled_pread	off	warm	stride	16384	250000	32	1	1	2	512	222784	937153	1753573	44738	8249024	62068	65	0	0	100.0	0.000
run1_A_stride	pool	off	warm	stride	16384	250000	32	1	1	3	512	2611	4530	10224	4421	675325	758153	5	0	0	0.0	0.000
run1_A_stride	hybrid	off	warm	stride	16384	250000	32	1	2	0	512	2078	2509	3258	3511	1673027	306032	5	0	0	0.0	0.000
run1_A_stride	pooled_pread	off	warm	stride	16384	250000	32	1	2	1	512	158356	1388660	2883385	42605	9691990	52827	56	0	0	100.0	0.000
run1_A_stride	pool	off	warm	stride	16384	250000	32	1	2	2	512	2987	4755	5683	4573	948880	539584	5	0	0	0.0	0.000
run1_A_stride	uring	off	warm	stride	16384	250000	32	1	2	3	512	110451	137678	146090	4974	2397809	213528	5	0	0	100.0	0.000
run1_A_stride	pooled_pread	off	warm	stride	16384	250000	32	1	3	0	512	205392	1290166	2759126	41787	8203822	62410	73	0	0	100.0	0.000
run1_A_stride	pool	off	warm	stride	16384	250000	32	1	3	1	512	2533	4197	5291	3860	582985	878239	5	0	0	0.0	0.000
run1_A_stride	uring	off	warm	stride	16384	250000	32	1	3	2	512	89593	119667	133111	4314	2000837	255893	5	0	0	100.0	0.000
run1_A_stride	hybrid	off	warm	stride	16384	250000	32	1	3	3	512	1997	2204	2832	3285	1597729	320455	5	0	0	0.0	0.000
run1_A_stride	pool	off	warm	stride	16384	250000	32	1	4	0	512	2074	4431	5566	3643	669858	764341	5	0	0	0.0	0.000
run1_A_stride	uring	off	warm	stride	16384	250000	32	1	4	1	512	102200	130074	260854	4965	2390359	214194	5	0	0	100.0	0.000
run1_A_stride	hybrid	off	warm	stride	16384	250000	32	1	4	2	512	2141	2429	3101	3405	1671308	306347	5	0	0	0.0	0.000
run1_A_stride	pooled_pread	off	warm	stride	16384	250000	32	1	4	3	512	134645	1518628	2823542	39762	8720039	58715	69	0	0	100.0	0.000
run1_A_stride	uring	off	warm	stride	16384	250000	32	1	5	0	512	105646	145446	188441	4848	2344818	218354	5	0	0	100.0	0.000
run1_A_stride	hybrid	off	warm	stride	16384	250000	32	1	5	1	512	2032	2302	2844	3434	1655353	309300	5	0	0	0.0	0.000
run1_A_stride	pooled_pread	off	warm	stride	16384	250000	32	1	5	2	512	275323	1319945	2972521	45730	10125634	50565	56	0	0	100.0	0.000
run1_A_stride	pool	off	warm	stride	16384	250000	32	1	5	3	512	2612	4467	8488	4344	704862	726383	5	0	0	0.0	0.000
run1_A_stride	pool	off	warm	stride	16384	250000	64	1	0	0	512	2671	4637	10102	4434	791199	647119	5	0	0	0.0	0.000
run1_A_stride	uring	off	warm	stride	16384	250000	64	1	0	1	512	295877	323547	325290	7154	3518281	145526	5	0	0	100.0	0.000
run1_A_stride	hybrid	off	warm	stride	16384	250000	64	1	0	2	512	2336	2711	4562	4432	2147756	238388	5	0	0	0.0	0.000
run1_A_stride	pooled_pread	off	warm	stride	16384	250000	64	1	0	3	512	485733	1256528	2432979	39748	7009311	73046	44	0	0	100.0	0.000
run1_A_stride	uring	off	warm	stride	16384	250000	64	1	1	0	512	254855	322166	323913	6221	2951960	173444	5	0	0	100.0	0.000
run1_A_stride	hybrid	off	warm	stride	16384	250000	64	1	1	1	512	2588	2990	4254	4694	2291607	223424	5	0	0	0.0	0.000
run1_A_stride	pooled_pread	off	warm	stride	16384	250000	64	1	1	2	512	596067	1800966	3162693	42989	7969844	64242	63	0	0	100.0	0.000
run1_A_stride	pool	off	warm	stride	16384	250000	64	1	1	3	512	2602	4672	5613	4305	860928	594707	5	0	0	0.0	0.000
run1_A_stride	hybrid	off	warm	stride	16384	250000	64	1	2	0	512	2151	2545	3123	4160	1999021	256125	5	0	0	0.0	0.000
run1_A_stride	pooled_pread	off	warm	stride	16384	250000	64	1	2	1	512	654785	2506374	4416170	49643	9343189	54799	58	0	0	100.0	0.000
run1_A_stride	pool	off	warm	stride	16384	250000	64	1	2	2	512	2571	4690	10044	4350	721456	709676	5	0	0	0.0	0.000
run1_A_stride	uring	off	warm	stride	16384	250000	64	1	2	3	512	323896	365961	367712	7319	3632326	140957	5	0	0	100.0	0.000
run1_A_stride	pooled_pread	off	warm	stride	16384	250000	64	1	3	0	512	449413	1752639	2736253	42629	7557476	67747	49	0	0	100.0	0.000
run1_A_stride	pool	off	warm	stride	16384	250000	64	1	3	1	512	3794	4643	40059	6626	880426	581537	5	0	0	0.0	0.000
run1_A_stride	uring	off	warm	stride	16384	250000	64	1	3	2	512	290470	345456	347224	6353	3079379	166267	5	0	0	100.0	0.000
run1_A_stride	hybrid	off	warm	stride	16384	250000	64	1	3	3	512	3757	4550	8025	6656	3449232	148439	5	0	0	0.0	0.000
run1_A_stride	pool	off	warm	stride	16384	250000	64	1	4	0	512	3586	4556	12650	5360	805544	635595	5	0	0	0.0	0.000
run1_A_stride	uring	off	warm	stride	16384	250000	64	1	4	1	512	250650	382600	384591	8282	3981335	128600	5	0	0	100.0	0.000
run1_A_stride	hybrid	off	warm	stride	16384	250000	64	1	4	2	512	2440	2926	3754	4901	2392895	213967	5	0	0	0.0	0.000
run1_A_stride	pooled_pread	off	warm	stride	16384	250000	64	1	4	3	512	502896	1808827	3954537	45171	9101358	56255	44	0	0	100.0	0.000
run1_A_stride	uring	off	warm	stride	16384	250000	64	1	5	0	512	339531	411859	413752	8123	3908470	130998	5	0	0	100.0	0.000
run1_A_stride	hybrid	off	warm	stride	16384	250000	64	1	5	1	512	4146	5080	9201	6827	3241659	157944	5	0	0	0.0	0.000
run1_A_stride	pooled_pread	off	warm	stride	16384	250000	64	1	5	2	512	391133	2380227	3423967	48007	9410118	54410	57	0	0	100.0	0.000
run1_A_stride	pool	off	warm	stride	16384	250000	64	1	5	3	512	3956	4896	12156	6031	861511	594305	5	0	0	0.0	0.000
run1_A_sweep	pool	off	cold	sweep	16384	16384	1	1	0	0	512	3024	3707	514507	8241	8302106	61671	6	0	0	1.2	0.000
run1_A_sweep	uring	off	cold	sweep	16384	16384	1	1	0	1	512	3903	24988	283690	10641	9803668	52225	5	0	0	100.0	0.000
run1_A_sweep	hybrid	off	cold	sweep	16384	16384	1	1	0	2	512	4791	5677	431524	8434	7814065	65523	5	0	0	1.4	0.000
run1_A_sweep	pooled_pread	off	cold	sweep	16384	16384	1	1	0	3	512	65080	80186	182014	73916	35712515	14337	7	0	0	100.0	0.000
run1_A_sweep	uring	off	cold	sweep	16384	16384	1	1	1	0	512	17279	20963	43520	20320	12566916	40742	5	0	0	100.0	0.000
run1_A_sweep	hybrid	off	cold	sweep	16384	16384	1	1	1	1	512	5071	6187	360795	7722	9379117	54589	5	0	0	1.2	0.000
run1_A_sweep	pooled_pread	off	cold	sweep	16384	16384	1	1	1	2	512	57062	68883	130478	68295	31515328	16246	6	0	0	100.0	0.000
run1_A_sweep	pool	off	cold	sweep	16384	16384	1	1	1	3	512	4827	5458	400851	7812	8219850	62288	6	0	0	1.4	0.000
run1_A_sweep	hybrid	off	cold	sweep	16384	16384	1	1	2	0	512	2971	4990	445779	5623	8320196	61537	5	0	0	1.4	0.000
run1_A_sweep	pooled_pread	off	cold	sweep	16384	16384	1	1	2	1	512	58590	82914	163900	69509	32729497	15643	7	0	0	100.0	0.000
run1_A_sweep	pool	off	cold	sweep	16384	16384	1	1	2	2	512	2999	3714	567336	6799	7816132	65506	6	0	0	1.4	0.000
run1_A_sweep	uring	off	cold	sweep	16384	16384	1	1	2	3	512	4412	10180	624418	8543	8969166	57084	5	0	0	100.0	0.000
run1_A_sweep	pooled_pread	off	cold	sweep	16384	16384	1	1	3	0	512	57231	77406	307559	64446	32098746	15951	7	0	0	100.0	0.000
run1_A_sweep	pool	off	cold	sweep	16384	16384	1	1	3	1	512	2724	3246	716265	6349	8910641	57459	6	0	0	1.4	0.000
run1_A_sweep	uring	off	cold	sweep	16384	16384	1	1	3	2	512	3408	4937	778304	6563	8762487	58431	5	0	0	100.0	0.000
run1_A_sweep	hybrid	off	cold	sweep	16384	16384	1	1	3	3	512	4157	5094	499287	6771	8033729	63731	5	0	0	1.4	0.000
run1_A_sweep	pool	off	cold	sweep	16384	16384	1	1	4	0	512	3934	4924	565464	6900	8985754	56979	6	0	0	1.4	0.000
run1_A_sweep	uring	off	cold	sweep	16384	16384	1	1	4	1	512	2883	3778	570680	5893	10531806	48615	5	0	0	100.0	0.000
run1_A_sweep	hybrid	off	cold	sweep	16384	16384	1	1	4	2	512	2922	4557	496539	5547	7394928	69237	5	0	0	1.4	0.000
run1_A_sweep	pooled_pread	off	cold	sweep	16384	16384	1	1	4	3	512	48886	59320	166655	57031	27378325	18701	7	0	0	100.0	0.000
run1_A_sweep	uring	off	cold	sweep	16384	16384	1	1	5	0	512	3585	4439	564293	6367	11255226	45490	5	0	0	100.0	0.000
run1_A_sweep	hybrid	off	cold	sweep	16384	16384	1	1	5	1	512	2407	2842	546591	4738	7188555	71224	5	0	0	1.4	0.000
run1_A_sweep	pooled_pread	off	cold	sweep	16384	16384	1	1	5	2	512	57029	69350	144037	66744	31871925	16064	6	0	0	100.0	0.000
run1_A_sweep	pool	off	cold	sweep	16384	16384	1	1	5	3	512	2629	3188	553187	5813	10959816	46716	6	0	0	1.2	0.000
run1_A_sweep	pool	off	cold	sweep	16384	16384	2	1	0	0	512	3125	5497	851584	8302	9046511	56596	7	0	0	2.7	0.000
run1_A_sweep	uring	off	cold	sweep	16384	16384	2	1	0	1	512	10052	20950	472875	8855	9924353	51590	5	0	0	100.0	0.000
run1_A_sweep	hybrid	off	cold	sweep	16384	16384	2	1	0	2	512	4176	5119	514145	7080	7144724	71661	5	0	0	2.5	0.000
run1_A_sweep	pooled_pread	off	cold	sweep	16384	16384	2	1	0	3	512	46660	88681	213713	49543	13749938	37237	10	0	0	100.0	0.000
run1_A_sweep	uring	off	cold	sweep	16384	16384	2	1	1	0	512	23604	28584	109523	16564	7172830	71380	5	0	0	100.0	0.000
run1_A_sweep	hybrid	off	cold	sweep	16384	16384	2	1	1	1	512	4159	5238	785893	7869	8156567	62772	5	0	0	2.5	0.000
run1_A_sweep	pooled_pread	off	cold	sweep	16384	16384	2	1	1	2	512	38733	83236	492285	45201	14451573	35429	10	0	0	100.0	0.000
run1_A_sweep	pool	off	cold	sweep	16384	16384	2	1	1	3	512	3822	6494	959265	9227	8391837	61012	7	0	0	2.7	0.000
run1_A_sweep	hybrid	off	cold	sweep	16384	16384	2	1	2	0	512	2577	4430	29021	5055	4200054	121903	5	0	0	0.6	0.000
run1_A_sweep	pooled_pread	off	cold	sweep	16384	16384	2	1	2	1	512	50230	96678	366617	49486	17380843	29458	12	0	0	100.0	0.000
run1_A_sweep	pool	off	cold	sweep	16384	16384	2	1	2	2	512	3589	5972	28844	7865	7294146	70193	7	0	0	0.8	0.000
run1_A_sweep	uring	off	cold	sweep	16384	16384	2	1	2	3	512	5156	17679	661516	5758	10771030	47535	5	0	0	100.0	0.000
run1_A_sweep	pooled_pread	off	cold	sweep	16384	16384	2	1	3	0	512	45719	96958	314794	45514	14490855	35333	13	0	0	100.0	0.000
run1_A_sweep	pool	off	cold	sweep	16384	16384	2	1	3	1	512	3728	6206	697001	7565	7283788	70293	7	0	0	2.3	0.000
run1_A_sweep	uring	off	cold	sweep	16384	16384	2	1	3	2	512	6096	19757	156595	8439	8925627	57363	5	0	0	100.0	0.000
run1_A_sweep	hybrid	off	cold	sweep	16384	16384	2	1	3	3	512	4194	5114	576942	6664	11151023	45915	5	0	0	2.5	0.000
run1_A_sweep	pool	off	cold	sweep	16384	16384	2	1	4	0	512	4219	6063	804382	9718	12033535	42548	7	0	0	2.7	0.000
run1_A_sweep	uring	off	cold	sweep	16384	16384	2	1	4	1	512	8262	19760	538750	9083	9819135	52143	5	0	0	100.0	0.000
run1_A_sweep	hybrid	off	cold	sweep	16384	16384	2	1	4	2	512	2528	4580	690266	5115	7514394	68136	5	0	0	2.1	0.000
run1_A_sweep	pooled_pread	off	cold	sweep	16384	16384	2	1	4	3	512	44320	85053	142323	43790	12676245	40391	10	0	0	100.0	0.000
run1_A_sweep	uring	off	cold	sweep	16384	16384	2	1	5	0	512	10390	19950	714491	8555	8955888	57169	5	0	0	100.0	0.000
run1_A_sweep	hybrid	off	cold	sweep	16384	16384	2	1	5	1	512	2581	4504	648579	5799	7812793	65534	5	0	0	1.8	0.000
run1_A_sweep	pooled_pread	off	cold	sweep	16384	16384	2	1	5	2	512	42549	85065	173852	47561	12834545	39892	11	0	0	100.0	0.000
run1_A_sweep	pool	off	cold	sweep	16384	16384	2	1	5	3	512	3661	6416	656917	9245	7567625	67657	7	0	0	2.3	0.000
run1_A_sweep	pool	off	cold	sweep	16384	16384	4	1	0	0	512	3585	6489	1904057	11347	12005659	42647	9	0	0	3.9	0.000
run1_A_sweep	uring	off	cold	sweep	16384	16384	4	1	0	1	512	9969	23483	939201	5258	10717774	47771	5	0	0	100.0	0.000
run1_A_sweep	hybrid	off	cold	sweep	16384	16384	4	1	0	2	512	2560	3182	996927	5082	12486456	41004	5	0	0	3.1	0.000
run1_A_sweep	pooled_pread	off	cold	sweep	16384	16384	4	1	0	3	512	39548	113512	510983	42169	11749670	43576	18	0	0	100.0	0.000
run1_A_sweep	uring	off	cold	sweep	16384	16384	4	1	1	0	512	27448	38034	1276381	8366	10884679	47039	5	0	0	100.0	0.000
run1_A_sweep	hybrid	off	cold	sweep	16384	16384	4	1	1	1	512	4151	5091	858988	7011	10890268	47014	5	0	0	3.1	0.000
run1_A_sweep	pooled_pread	off	cold	sweep	16384	16384	4	1	1	2	512	47623	133729	703747	39927	10189078	50250	16	0	0	100.0	0.000
run1_A_sweep	pool	off	cold	sweep	16384	16384	4	1	1	3	512	3666	7010	1097827	11111	9020280	56761	10	0	0	5.1	0.000
run1_A_sweep	hybrid	off	cold	sweep	16384	16384	4	1	2	0	512	4190	5357	798162	6641	6994091	73205	5	0	0	3.7	0.000
run1_A_sweep	pooled_pread	off	cold	sweep	16384	16384	4	1	2	1	512	40929	123076	356702	40453	7992353	64061	19	0	0	100.0	0.000
run1_A_sweep	pool	off	cold	sweep	16384	16384	4	1	2	2	512	4174	6927	1041167	10354	8625625	59358	10	0	0	3.9	0.478
run1_A_sweep	uring	off	cold	sweep	16384	16384	4	1	2	3	512	12024	35395	778989	6449	10270592	49851	5	0	0	100.0	0.000
run1_A_sweep	pooled_pread	off	cold	sweep	16384	16384	4	1	3	0	512	49151	127013	513496	42974	9655290	53028	18	0	0	100.0	0.000
run1_A_sweep	pool	off	cold	sweep	16384	16384	4	1	3	1	512	3979	7976	1191286	10589	9346788	54778	10	0	0	4.7	0.000
run1_A_sweep	uring	off	cold	sweep	16384	16384	4	1	3	2	512	15579	40262	1494381	7347	9657475	53016	5	0	0	100.0	0.000
run1_A_sweep	hybrid	off	cold	sweep	16384	16384	4	1	3	3	512	3808	6009	931361	7810	11168344	45844	5	0	0	4.7	0.000
run1_A_sweep	pool	off	cold	sweep	16384	16384	4	1	4	0	512	3267	6675	1649417	9057	9779696	52353	9	0	0	3.1	0.000
run1_A_sweep	uring	off	cold	sweep	16384	16384	4	1	4	1	512	10391	26080	790875	5672	7027396	72858	5	0	0	100.0	0.000
run1_A_sweep	hybrid	off	cold	sweep	16384	16384	4	1	4	2	512	3965	5087	854468	7001	6168771	82999	5	0	0	2.1	0.000
run1_A_sweep	pooled_pread	off	cold	sweep	16384	16384	4	1	4	3	512	34859	115785	506942	40112	11632344	44015	19	0	0	100.0	0.000
run1_A_sweep	uring	off	cold	sweep	16384	16384	4	1	5	0	512	21632	32058	1137580	7740	8397271	60972	5	0	0	100.0	0.000
run1_A_sweep	hybrid	off	cold	sweep	16384	16384	4	1	5	1	512	3617	4792	758142	7070	8561792	59801	5	0	0	3.7	0.000
run1_A_sweep	pooled_pread	off	cold	sweep	16384	16384	4	1	5	2	512	37115	132422	406663	38068	7940366	64481	17	0	0	100.0	0.000
run1_A_sweep	pool	off	cold	sweep	16384	16384	4	1	5	3	512	3687	7546	1194764	11011	12327825	41532	10	0	0	5.7	0.000
run1_A_sweep	pool	off	cold	sweep	16384	16384	8	1	0	0	512	4458	39369	1322555	13711	12108299	42285	14	0	0	9.6	0.000
run1_A_sweep	uring	off	cold	sweep	16384	16384	8	1	0	1	512	56633	98877	959826	8465	9931209	51555	5	0	0	100.0	0.000
run1_A_sweep	hybrid	off	cold	sweep	16384	16384	8	1	0	2	512	2651	3388	3711185	4918	8693889	58892	5	0	0	4.3	0.000
run1_A_sweep	pooled_pread	off	cold	sweep	16384	16384	8	1	0	3	512	46490	431631	1559941	43552	10648832	48080	40	0	0	100.0	0.000
run1_A_sweep	uring	off	cold	sweep	16384	16384	8	1	1	0	512	20139	228480	1080997	5715	11725836	43664	5	0	0	100.0	0.000
run1_A_sweep	hybrid	off	cold	sweep	16384	16384	8	1	1	1	512	4345	6183	824447	6982	9121965	56128	5	0	0	5.5	0.000
run1_A_sweep	pooled_pread	off	cold	sweep	16384	16384	8	1	1	2	512	47855	284806	2006421	37665	9384821	54556	28	0	0	100.0	0.000
run1_A_sweep	pool	off	cold	sweep	16384	16384	8	1	1	3	512	3772	687516	1594690	16159	14415642	35517	18	0	0	11.7	0.000
run1_A_sweep	hybrid	off	cold	sweep	16384	16384	8	1	2	0	512	4550	5920	575462	7538	11655075	43929	5	0	0	4.7	0.000
run1_A_sweep	pooled_pread	off	cold	sweep	16384	16384	8	1	2	1	512	43713	236830	928272	35686	11307191	45281	36	0	0	100.0	0.000
run1_A_sweep	pool	off	cold	sweep	16384	16384	8	1	2	2	512	3762	570780	1016582	18714	7375597	69418	15	0	0	11.9	0.000
run1_A_sweep	uring	off	cold	sweep	16384	16384	8	1	2	3	512	21286	475815	691240	5859	7426095	68946	5	0	0	100.0	0.000
run1_A_sweep	pooled_pread	off	cold	sweep	16384	16384	8	1	3	0	512	44221	275365	975063	36422	11562053	44283	31	0	0	100.0	0.000
run1_A_sweep	pool	off	cold	sweep	16384	16384	8	1	3	1	512	3427	436201	1708570	13741	12167995	42078	15	0	0	10.9	0.000
run1_A_sweep	uring	off	cold	sweep	16384	16384	8	1	3	2	512	22810	75997	1285726	6883	10045584	50968	5	0	0	100.0	0.000
run1_A_sweep	hybrid	off	cold	sweep	16384	16384	8	1	3	3	512	2785	5343	1061095	6216	12344782	41475	5	0	0	5.3	0.000
run1_A_sweep	pool	off	cold	sweep	16384	16384	8	1	4	0	512	4666	649800	1306923	14925	7835733	65342	15	0	0	11.7	0.000
run1_A_sweep	uring	off	cold	sweep	16384	16384	8	1	4	1	512	20198	206766	759104	5106	8056995	63547	5	0	0	100.0	0.000
run1_A_sweep	hybrid	off	cold	sweep	16384	16384	8	1	4	2	512	2846	5435	1117603	6248	8309216	61618	5	0	0	5.3	0.000
run1_A_sweep	pooled_pread	off	cold	sweep	16384	16384	8	1	4	3	512	42144	230095	956975	33347	8696158	58877	34	0	0	100.0	0.000
run1_A_sweep	uring	off	cold	sweep	16384	16384	8	1	5	0	512	36888	235050	824536	7205	10303515	49692	5	0	0	100.0	0.000
run1_A_sweep	hybrid	off	cold	sweep	16384	16384	8	1	5	1	512	4033	5032	3388615	6714	8986260	56976	5	0	0	4.7	0.000
run1_A_sweep	pooled_pread	off	cold	sweep	16384	16384	8	1	5	2	512	47324	319880	1178996	36920	11344190	45133	32	0	0	100.0	0.000
run1_A_sweep	pool	off	cold	sweep	16384	16384	8	1	5	3	512	3747	7353	1348116	12425	5872205	87190	13	0	0	5.5	0.000
run1_A_sweep	pool	off	cold	sweep	16384	16384	16	1	0	0	512	3531	15726	2918831	15313	6657827	76902	25	0	0	9.0	0.000
run1_A_sweep	uring	off	cold	sweep	16384	16384	16	1	0	1	512	42444	689312	736396	5736	9969218	51358	5	0	0	100.0	0.000
run1_A_sweep	hybrid	off	cold	sweep	16384	16384	16	1	0	2	512	2495	3338	1860660	5100	10593697	48331	5	0	0	3.9	0.000
run1_A_sweep	pooled_pread	off	cold	sweep	16384	16384	16	1	0	3	512	99236	635460	2477390	37083	12276538	41706	44	0	0	100.0	0.000
run1_A_sweep	uring	off	cold	sweep	16384	16384	16	1	1	0	512	43737	675237	1987978	6091	7530153	67993	5	0	0	100.0	0.000
run1_A_sweep	hybrid	off	cold	sweep	16384	16384	16	1	1	1	512	4968	6866	476939	9717	7307642	70064	5	0	0	6.2	0.000
run1_A_sweep	pooled_pread	off	cold	sweep	16384	16384	16	1	1	2	512	89290	805664	2871581	46462	17711348	28908	70	0	0	100.0	0.000
run1_A_sweep	pool	off	cold	sweep	16384	16384	16	1	1	3	512	5068	862444	2522133	18640	9288364	55123	41	0	0	15.4	0.000
run1_A_sweep	hybrid	off	cold	sweep	16384	16384	16	1	2	0	512	4349	5305	561861	6982	8618703	59406	5	0	0	2.0	0.000
run1_A_sweep	pooled_pread	off	cold	sweep	16384	16384	16	1	2	1	512	94397	683199	2411601	42038	10620543	48208	58	0	0	100.0	0.000
run1_A_sweep	pool	off	cold	sweep	16384	16384	16	1	2	2	512	3517	789060	5613334	21631	10658750	48036	33	0	0	18.8	0.000
run1_A_sweep	uring	off	cold	sweep	16384	16384	16	1	2	3	512	51610	642157	1192990	6801	9739236	52571	5	0	0	100.0	0.000
run1_A_sweep	pooled_pread	off	cold	sweep	16384	16384	16	1	3	0	512	80045	706161	2137934	42728	13729350	37292	63	0	0	100.0	0.000
run1_A_sweep	pool	off	cold	sweep	16384	16384	16	1	3	1	512	4548	838776	1907182	20001	12342411	41483	27	0	0	19.3	0.000
run1_A_sweep	uring	off	cold	sweep	16384	16384	16	1	3	2	512	71221	636727	984129	7449	10463395	48932	5	0	0	100.0	0.000
run1_A_sweep	hybrid	off	cold	sweep	16384	16384	16	1	3	3	512	4462	5541	561991	7259	11713357	43711	5	0	0	2.3	0.000
run1_A_sweep	pool	off	cold	sweep	16384	16384	16	1	4	0	512	4189	27737	2281681	13902	7976773	64186	22	0	0	9.4	0.000
run1_A_sweep	uring	off	cold	sweep	16384	16384	16	1	4	1	512	47205	704302	707127	5172	8637741	59275	5	0	0	100.0	0.000
run1_A_sweep	hybrid	off	cold	sweep	16384	16384	16	1	4	2	512	2634	5838	1973661	5938	11371254	45026	5	0	0	5.1	0.000
run1_A_sweep	pooled_pread	off	cold	sweep	16384	16384	16	1	4	3	512	101460	864805	2657497	47658	13657745	37488	67	0	0	100.0	0.000
run1_A_sweep	uring	off	cold	sweep	16384	16384	16	1	5	0	512	47929	281045	1879165	5869	9515946	53804	5	0	0	100.0	0.000
run1_A_sweep	hybrid	off	cold	sweep	16384	16384	16	1	5	1	512	2742	5177	701601	7056	7916067	64679	5	0	0	5.5	0.000
run1_A_sweep	pooled_pread	off	cold	sweep	16384	16384	16	1	5	2	512	81996	726634	2083054	46546	10604821	48280	66	0	0	100.0	0.000
run1_A_sweep	pool	off	cold	sweep	16384	16384	16	1	5	3	512	3755	888225	2171944	26672	13638789	37540	27	0	0	23.4	0.000
run1_A_sweep	pool	off	cold	sweep	16384	16384	32	1	0	0	512	3953	1519701	3382332	29374	8573139	59721	53	0	0	18.9	0.000
run1_A_sweep	uring	off	cold	sweep	16384	16384	32	1	0	1	512	185546	815901	977566	7483	10886333	47031	5	0	0	100.0	0.000
run1_A_sweep	hybrid	off	cold	sweep	16384	16384	32	1	0	2	512	2674	3470	986124	6322	11069659	46253	5	0	0	3.7	0.000
run1_A_sweep	pooled_pread	off	cold	sweep	16384	16384	32	1	0	3	512	235033	1185349	2075636	44537	9978396	51311	47	0	0	100.0	0.000
run1_A_sweep	uring	off	cold	sweep	16384	16384	32	1	1	0	512	132499	836748	1066380	5813	10403714	49213	5	0	0	100.0	0.000
run1_A_sweep	hybrid	off	cold	sweep	16384	16384	32	1	1	1	512	4439	664912	1347550	7326	11407920	44881	5	0	0	14.3	0.000
run1_A_sweep	pooled_pread	off	cold	sweep	16384	16384	32	1	1	2	512	242604	1347276	3216323	44140	13304508	38483	61	0	0	100.0	0.000
run1_A_sweep	pool	off	cold	sweep	16384	16384	32	1	1	3	512	72669	95047	12470316	60917	14179958	36107	33	0	0	5.9	0.000
run1_A_sweep	hybrid	off	cold	sweep	16384	16384	32	1	2	0	512	2738	773426	2359248	5900	8782252	58299	5	0	0	13.3	0.000
run1_A_sweep	pooled_pread	off	cold	sweep	16384	16384	32	1	2	1	512	198270	953109	2734496	40595	10278482	49813	49	0	0	100.0	0.000
run1_A_sweep	pool	off	cold	sweep	16384	16384	32	1	2	2	512	3241	1646434	3272892	24385	11317662	45239	40	0	0	21.3	0.000
run1_A_sweep	uring	off	cold	sweep	16384	16384	32	1	2	3	512	105770	313712	2513146	5426	8673017	59034	5	0	0	100.0	0.000
run1_A_sweep	pooled_pread	off	cold	sweep	16384	16384	32	1	3	0	512	294906	1351295	2708627	45580	12686100	40359	60	0	0	100.0	0.000
run1_A_sweep	pool	off	cold	sweep	16384	16384	32	1	3	1	512	3350	9605	3869202	18996	10992230	46578	33	0	0	8.6	0.000
run1_A_sweep	uring	off	cold	sweep	16384	16384	32	1	3	2	512	164306	1033040	1385212	6644	11868379	43140	5	0	0	100.0	0.000
run1_A_sweep	hybrid	off	cold	sweep	16384	16384	32	1	3	3	512	2597	403535	2848686	6182	9282568	55157	5	0	0	10.5	0.000
run1_A_sweep	pool	off	cold	sweep	16384	16384	32	1	4	0	512	89834	115761	225093	94238	12997670	39392	9	0	0	0.8	0.000
run1_A_sweep	uring	off	cold	sweep	16384	16384	32	1	4	1	512	209683	742995	987503	8939	11845729	43222	5	0	0	100.0	0.000
run1_A_sweep	hybrid	off	cold	sweep	16384	16384	32	1	4	2	512	2722	6010	2716180	6629	11653190	43936	5	0	0	7.0	0.000
run1_A_sweep	pooled_pread	off	cold	sweep	16384	16384	32	1	4	3	512	216222	1151607	2228481	39674	12575772	40713	54	0	0	100.0	0.000
run1_A_sweep	uring	off	cold	sweep	16384	16384	32	1	5	0	512	109557	305435	2784079	5507	9365449	54669	5	0	0	100.0	0.000
run1_A_sweep	hybrid	off	cold	sweep	16384	16384	32	1	5	1	512	4698	758846	1864575	8572	9572669	53486	5	0	0	15.8	0.000
run1_A_sweep	pooled_pread	off	cold	sweep	16384	16384	32	1	5	2	512	308456	1519311	3697171	49747	14973273	34194	80	0	0	100.0	0.000
run1_A_sweep	pool	off	cold	sweep	16384	16384	32	1	5	3	512	2879	1105540	1819562	24834	7327958	69869	41	0	0	19.3	0.000
run1_A_sweep	pool	off	cold	sweep	16384	16384	64	1	0	0	512	4170	6269	158793	8762	4576667	111872	9	0	0	0.8	0.000
run1_A_sweep	uring	off	cold	sweep	16384	16384	64	1	0	1	512	661696	1069252	1071013	5902	9458963	54129	5	0	0	100.0	0.000
run1_A_sweep	hybrid	off	cold	sweep	16384	16384	64	1	0	2	512	2504	2982	35634	5978	4212717	121537	5	0	0	0.8	0.000
run1_A_sweep	pooled_pread	off	cold	sweep	16384	16384	64	1	0	3	512	513073	1742567	3067605	41137	8739682	58583	53	0	0	100.0	0.000
run1_A_sweep	uring	off	cold	sweep	16384	16384	64	1	1	0	512	287661	543218	545102	7621	7624388	67153	5	0	0	100.0	0.000
run1_A_sweep	hybrid	off	cold	sweep	16384	16384	64	1	1	1	512	749220	1118502	1144031	8566	9476805	54027	5	0	0	75.8	0.000
run1_A_sweep	pooled_pread	off	cold	sweep	16384	16384	64	1	1	2	512	675190	2172365	4710454	49197	10940018	46801	70	0	0	100.0	0.000
run1_A_sweep	pool	off	cold	sweep	16384	16384	64	1	1	3	512	3967	1837246	2870836	26746	11375809	45008	53	0	0	15.4	0.000
run1_A_sweep	hybrid	off	cold	sweep	16384	16384	64	1	2	0	512	4935	924292	998109	9437	7253565	70586	5	0	0	27.0	0.000
run1_A_sweep	pooled_pread	off	cold	sweep	16384	16384	64	1	2	1	512	533711	1570883	2831078	44704	9572685	53486	60	0	0	100.0	0.000
run1_A_sweep	pool	off	cold	sweep	16384	16384	64	1	2	2	512	3460	1890532	2586593	27899	7344548	69712	46	0	0	26.6	0.000
run1_A_sweep	uring	off	cold	sweep	16384	16384	64	1	2	3	512	305468	477427	479205	11786	7072258	72396	5	0	0	100.0	0.000
run1_A_sweep	pooled_pread	off	cold	sweep	16384	16384	64	1	3	0	512	377621	2045005	2826914	44276	10192263	50234	60	0	0	100.0	0.000
run1_A_sweep	pool	off	cold	sweep	16384	16384	64	1	3	1	512	4068	2593886	3004171	33917	8492389	60289	66	0	0	25.6	0.000
run1_A_sweep	uring	off	cold	sweep	16384	16384	64	1	3	2	512	592359	1006884	1009149	7468	10148405	50451	5	0	0	100.0	0.000
run1_A_sweep	hybrid	off	cold	sweep	16384	16384	64	1	3	3	512	4328	767954	2120414	8559	6714072	76258	5	0	0	17.0	0.000
run1_A_sweep	pool	off	cold	sweep	16384	16384	64	1	4	0	512	4067	1946589	3078899	24883	6947603	73694	46	0	0	19.7	0.000
run1_A_sweep	uring	off	cold	sweep	16384	16384	64	1	4	1	512	612391	2622714	2624479	9112	7863284	65113	5	0	0	100.0	0.000
run1_A_sweep	hybrid	off	cold	sweep	16384	16384	64	1	4	2	512	6221	2048569	2080905	9175	7215439	70959	5	0	0	42.8	0.000
run1_A_sweep	pooled_pread	off	cold	sweep	16384	16384	64	1	4	3	512	611115	1841154	3202423	44853	10091394	50736	64	0	0	100.0	0.000
run1_A_sweep	uring	off	cold	sweep	16384	16384	64	1	5	0	512	831977	1208742	1210737	8247	9905509	51688	5	0	0	100.0	0.000
run1_A_sweep	hybrid	off	cold	sweep	16384	16384	64	1	5	1	512	2915	850980	1635916	6649	9051095	56568	5	0	0	11.7	0.000
run1_A_sweep	pooled_pread	off	cold	sweep	16384	16384	64	1	5	2	512	291530	1129362	2008261	39952	8673740	59029	60	0	0	100.0	0.000
run1_A_sweep	pool	off	cold	sweep	16384	16384	64	1	5	3	512	4178	1619390	2579966	25184	11017530	46471	48	0	0	15.6	0.000
run1_A_sweep	pool	off	warm	sweep	16384	16384	1	1	0	0	512	3092	3658	5209	3672	1827014	280239	5	0	0	0.0	0.000
run1_A_sweep	uring	off	warm	sweep	16384	16384	1	1	0	1	512	5743	18489	37533	14543	6032682	84871	5	0	0	100.0	0.000
run1_A_sweep	hybrid	off	warm	sweep	16384	16384	1	1	0	2	512	2440	2849	3482	3268	1572491	325598	5	0	0	0.0	0.000
run1_A_sweep	pooled_pread	off	warm	sweep	16384	16384	1	1	0	3	512	58340	75185	141122	68989	32184711	15908	7	0	0	100.0	0.000
run1_A_sweep	uring	off	warm	sweep	16384	16384	1	1	1	0	512	16752	21048	47080	20112	8245984	62091	5	0	0	100.0	0.000
run1_A_sweep	hybrid	off	warm	sweep	16384	16384	1	1	1	1	512	2502	3073	5484	3440	1696160	301858	5	0	0	0.0	0.000
run1_A_sweep	pooled_pread	off	warm	sweep	16384	16384	1	1	1	2	512	56767	67260	114903	65407	30528372	16771	6	0	0	100.0	0.000
run1_A_sweep	pool	off	warm	sweep	16384	16384	1	1	1	3	512	2485	3120	4033	3253	1565646	327022	5	0	0	0.0	0.000
run1_A_sweep	hybrid	off	warm	sweep	16384	16384	1	1	2	0	512	2239	2989	4153	3296	1592105	321587	5	0	0	0.0	0.000
run1_A_sweep	pooled_pread	off	warm	sweep	16384	16384	1	1	2	1	512	50897	59865	93447	59782	27902878	18349	6	0	0	100.0	0.000
run1_A_sweep	pool	off	warm	sweep	16384	16384	1	1	2	2	512	3319	3842	5519	4028	1932404	264955	5	0	0	0.0	0.000
run1_A_sweep	uring	off	warm	sweep	16384	16384	1	1	2	3	512	16451	17519	38384	19344	8263720	61958	5	0	0	100.0	0.000
run1_A_sweep	pooled_pread	off	warm	sweep	16384	16384	1	1	3	0	512	59619	66852	100188	67936	31238224	16390	6	0	0	100.0	0.000
run1_A_sweep	pool	off	warm	sweep	16384	16384	1	1	3	1	512	2732	3271	3889	3807	1731318	295728	5	0	0	0.0	0.000
run1_A_sweep	uring	off	warm	sweep	16384	16384	1	1	3	2	512	4683	16878	25812	13020	5332212	96020	5	0	0	100.0	0.000
run1_A_sweep	hybrid	off	warm	sweep	16384	16384	1	1	3	3	512	3419	3917	8687	4942	2224592	230155	5	0	0	0.0	0.000
run1_A_sweep	pool	off	warm	sweep	16384	16384	1	1	4	0	512	3021	3504	4865	3915	1846602	277266	5	0	0	0.0	0.000
run1_A_sweep	uring	off	warm	sweep	16384	16384	1	1	4	1	512	16608	19657	36762	15762	6539615	78292	5	0	0	100.0	0.000
run1_A_sweep	hybrid	off	warm	sweep	16384	16384	1	1	4	2	512	2329	2736	4164	3427	1628778	314346	5	0	0	0.0	0.000
run1_A_sweep	pooled_pread	off	warm	sweep	16384	16384	1	1	4	3	512	54350	62727	101823	63821	29385420	17424	6	0	0	100.0	0.000
run1_A_sweep	uring	off	warm	sweep	16384	16384	1	1	5	0	512	14821	17102	36009	15371	6257313	81824	5	0	0	100.0	0.000
run1_A_sweep	hybrid	off	warm	sweep	16384	16384	1	1	5	1	512	3122	3651	5821	4234	2058039	248781	5	0	0	0.0	0.000
run1_A_sweep	pooled_pread	off	warm	sweep	16384	16384	1	1	5	2	512	51094	70311	199426	63246	30841947	16601	7	0	0	100.0	0.000
run1_A_sweep	pool	off	warm	sweep	16384	16384	1	1	5	3	512	3180	3767	5654	4002	1926860	265717	5	0	0	0.0	0.000
run1_A_sweep	pool	off	warm	sweep	16384	16384	2	1	0	0	512	3260	4399	5633	4317	1143241	447850	5	0	0	0.0	0.000
run1_A_sweep	uring	off	warm	sweep	16384	16384	2	1	0	1	512	18326	19318	41137	11790	5014665	102101	5	0	0	100.0	0.000
run1_A_sweep	hybrid	off	warm	sweep	16384	16384	2	1	0	2	512	2422	2870	4098	3208	1552944	329696	5	0	0	0.0	0.000
run1_A_sweep	pooled_pread	off	warm	sweep	16384	16384	2	1	0	3	512	35062	77546	143418	42273	10877099	47071	10	0	0	100.0	0.000
run1_A_sweep	uring	off	warm	sweep	16384	16384	2	1	1	0	512	19581	20562	41362	12369	5356122	95592	5	0	0	100.0	0.000
run1_A_sweep	hybrid	off	warm	sweep	16384	16384	2	1	1	1	512	3379	3892	9059	4367	2165262	236461	5	0	0	0.0	0.000
run1_A_sweep	pooled_pread	off	warm	sweep	16384	16384	2	1	1	2	512	43518	86895	126004	44874	12538819	40833	10	0	0	100.0	0.000
run1_A_sweep	pool	off	warm	sweep	16384	16384	2	1	1	3	512	3295	3873	5276	4180	1081165	473563	5	0	0	0.0	0.000
run1_A_sweep	hybrid	off	warm	sweep	16384	16384	2	1	2	0	512	2462	2898	4542	3386	1688682	303195	5	0	0	0.0	0.000
run1_A_sweep	pooled_pread	off	warm	sweep	16384	16384	2	1	2	1	512	28768	75522	200031	38333	10676050	47958	11	0	0	100.0	0.000
run1_A_sweep	pool	off	warm	sweep	16384	16384	2	1	2	2	512	3713	4426	6594	4587	1202467	425791	5	0	0	0.0	0.000
run1_A_sweep	uring	off	warm	sweep	16384	16384	2	1	2	3	512	18969	20729	45907	11681	5005020	102297	5	0	0	100.0	0.000
run1_A_sweep	pooled_pread	off	warm	sweep	16384	16384	2	1	3	0	512	45889	84564	144418	44825	12955401	39520	10	0	0	100.0	0.000
run1_A_sweep	pool	off	warm	sweep	16384	16384	2	1	3	1	512	2738	3132	3992	3471	907812	563993	5	0	0	0.0	0.000
run1_A_sweep	uring	off	warm	sweep	16384	16384	2	1	3	2	512	16828	17532	38495	11049	4673933	109544	5	0	0	100.0	0.000
run1_A_sweep	hybrid	off	warm	sweep	16384	16384	2	1	3	3	512	2535	3020	4100	3404	1661139	308222	5	0	0	0.0	0.000
run1_A_sweep	pool	off	warm	sweep	16384	16384	2	1	4	0	512	3100	3636	6583	4130	1102877	464240	5	0	0	0.0	0.000
run1_A_sweep	uring	off	warm	sweep	16384	16384	2	1	4	1	512	17332	18184	36061	11044	4697806	108987	5	0	0	100.0	0.000
run1_A_sweep	hybrid	off	warm	sweep	16384	16384	2	1	4	2	512	2651	3023	3608	3503	1717705	298072	5	0	0	0.0	0.000
run1_A_sweep	pooled_pread	off	warm	sweep	16384	16384	2	1	4	3	512	44103	87117	154104	44376	12306189	41605	10	0	0	100.0	0.000
run1_A_sweep	uring	off	warm	sweep	16384	16384	2	1	5	0	512	19314	23628	43784	12280	5162258	99181	5	0	0	100.0	0.000
run1_A_sweep	hybrid	off	warm	sweep	16384	16384	2	1	5	1	512	2618	3157	4475	3565	1704175	300439	5	0	0	0.0	0.000
run1_A_sweep	pooled_pread	off	warm	sweep	16384	16384	2	1	5	2	512	42884	75283	118102	43875	11696831	43773	10	0	0	100.0	0.000
run1_A_sweep	pool	off	warm	sweep	16384	16384	2	1	5	3	512	3176	3879	6132	4098	1056085	484809	5	0	0	0.0	0.000
run1_A_sweep	pool	off	warm	sweep	16384	16384	4	1	0	0	512	3058	3624	9841	4051	730255	701125	5	0	0	0.0	0.000
run1_A_sweep	uring	off	warm	sweep	16384	16384	4	1	0	1	512	23913	25471	48293	8506	3503037	146159	5	0	0	100.0	0.000
run1_A_sweep	hybrid	off	warm	sweep	16384	16384	4	1	0	2	512	2286	2607	3122	3081	1499551	341436	5	0	0	0.0	0.000
run1_A_sweep	pooled_pread	off	warm	sweep	16384	16384	4	1	0	3	512	33890	92464	265067	35604	6370551	80370	21	0	0	100.0	0.000
run1_A_sweep	uring	off	warm	sweep	16384	16384	4	1	1	0	512	23098	25531	48856	7679	3341820	153210	5	0	0	100.0	0.000
run1_A_sweep	hybrid	off	warm	sweep	16384	16384	4	1	1	1	512	2867	3329	4327	4192	1946863	262987	5	0	0	0.0	0.000
run1_A_sweep	pooled_pread	off	warm	sweep	16384	16384	4	1	1	2	512	42654	111463	266386	37965	7281900	70311	18	0	0	100.0	0.000
run1_A_sweep	pool	off	warm	sweep	16384	16384	4	1	1	3	512	3136	3885	6770	4276	618597	827679	5	0	0	0.0	0.000
run1_A_sweep	hybrid	off	warm	sweep	16384	16384	4	1	2	0	512	2437	2901	3567	3303	1580371	323975	5	0	0	0.0	0.000
run1_A_sweep	pooled_pread	off	warm	sweep	16384	16384	4	1	2	1	512	38193	101671	224946	37219	6763421	75701	16	0	0	100.0	0.000
run1_A_sweep	pool	off	warm	sweep	16384	16384	4	1	2	2	512	3763	4440	6211	5054	728496	702818	5	0	0	0.0	0.000
run1_A_sweep	uring	off	warm	sweep	16384	16384	4	1	2	3	512	10185	11481	24534	3483	1676335	305428	5	0	0	100.0	0.000
run1_A_sweep	pooled_pread	off	warm	sweep	16384	16384	4	1	3	0	512	28799	112767	354293	36082	6958312	73581	18	0	0	100.0	0.000
run1_A_sweep	pool	off	warm	sweep	16384	16384	4	1	3	1	512	2972	3905	12788	4278	773112	662259	5	0	0	0.0	0.000
run1_A_sweep	uring	off	warm	sweep	16384	16384	4	1	3	2	512	20702	21672	47046	7006	3039771	168434	5	0	0	100.0	0.000
run1_A_sweep	hybrid	off	warm	sweep	16384	16384	4	1	3	3	512	2232	2605	3294	2972	1451699	352690	5	0	0	0.0	0.000
run1_A_sweep	pool	off	warm	sweep	16384	16384	4	1	4	0	512	2516	3574	4360	3404	519181	986169	5	0	0	0.0	0.000
run1_A_sweep	uring	off	warm	sweep	16384	16384	4	1	4	1	512	21849	26413	48703	7432	3208497	159576	5	0	0	100.0	0.000
run1_A_sweep	hybrid	off	warm	sweep	16384	16384	4	1	4	2	512	3060	3559	4207	3963	1932619	264925	5	0	0	0.0	0.000
run1_A_sweep	pooled_pread	off	warm	sweep	16384	16384	4	1	4	3	512	39322	135460	283380	38919	7673309	66725	23	0	0	100.0	0.000
run1_A_sweep	uring	off	warm	sweep	16384	16384	4	1	5	0	512	26794	29343	63275	8875	3945561	129766	5	0	0	100.0	0.000
run1_A_sweep	hybrid	off	warm	sweep	16384	16384	4	1	5	1	512	2488	3023	5851	3724	1659125	308596	5	0	0	0.0	0.000
run1_A_sweep	pooled_pread	off	warm	sweep	16384	16384	4	1	5	2	512	33822	103086	259947	36326	6454583	79323	15	0	0	100.0	0.000
run1_A_sweep	pool	off	warm	sweep	16384	16384	4	1	5	3	512	3315	4338	18617	4641	862279	593775	5	0	0	0.0	0.000
run1_A_sweep	pool	off	warm	sweep	16384	16384	8	1	0	0	512	2798	3663	4527	3679	666306	768416	5	0	0	0.0	0.000
run1_A_sweep	uring	off	warm	sweep	16384	16384	8	1	0	1	512	29273	35163	124593	5143	2340068	218797	5	0	0	100.0	0.000
run1_A_sweep	hybrid	off	warm	sweep	16384	16384	8	1	0	2	512	1901	2194	3162	2860	1332972	384104	5	0	0	0.0	0.000
run1_A_sweep	pooled_pread	off	warm	sweep	16384	16384	8	1	0	3	512	37967	304436	924096	38913	7050886	72615	40	0	0	100.0	0.000
run1_A_sweep	uring	off	warm	sweep	16384	16384	8	1	1	0	512	30733	34104	63785	5194	2340964	218713	5	0	0	100.0	0.000
run1_A_sweep	hybrid	off	warm	sweep	16384	16384	8	1	1	1	512	2841	3506	4066	3924	1920861	266547	5	0	0	0.0	0.000
run1_A_sweep	pooled_pread	off	warm	sweep	16384	16384	8	1	1	2	512	48747	241938	740050	36288	6578319	77831	32	0	0	100.0	0.000
run1_A_sweep	pool	off	warm	sweep	16384	16384	8	1	1	3	512	2697	3472	4025	3731	515962	992321	5	0	0	0.0	0.000
run1_A_sweep	hybrid	off	warm	sweep	16384	16384	8	1	2	0	512	1846	2076	2423	2698	1298570	394280	5	0	0	0.0	0.000
run1_A_sweep	pooled_pread	off	warm	sweep	16384	16384	8	1	2	1	512	42145	305298	837166	40166	7174305	71366	39	0	0	100.0	0.000
run1_A_sweep	pool	off	warm	sweep	16384	16384	8	1	2	2	512	2763	3694	8703	3850	571924	895224	5	0	0	0.0	0.000
run1_A_sweep	uring	off	warm	sweep	16384	16384	8	1	2	3	512	33080	38354	56542	5683	2531853	202223	5	0	0	100.0	0.000
run1_A_sweep	pooled_pread	off	warm	sweep	16384	16384	8	1	3	0	512	44661	223295	473986	34702	5753477	88990	26	0	0	100.0	0.000
run1_A_sweep	pool	off	warm	sweep	16384	16384	8	1	3	1	512	2635	3332	4579	3765	548022	934269	5	0	0	0.0	0.000
run1_A_sweep	uring	off	warm	sweep	16384	16384	8	1	3	2	512	30546	34689	54998	5326	2389607	214261	5	0	0	100.0	0.000
run1_A_sweep	hybrid	off	warm	sweep	16384	16384	8	1	3	3	512	2083	2442	3160	3149	1489047	343844	5	0	0	0.0	0.000
run1_A_sweep	pool	off	warm	sweep	16384	16384	8	1	4	0	512	2626	3466	8533	3903	572688	894030	5	0	0	0.0	0.000
run1_A_sweep	uring	off	warm	sweep	16384	16384	8	1	4	1	512	28216	30313	52644	4986	2205539	232143	5	0	0	100.0	0.000
run1_A_sweep	hybrid	off	warm	sweep	16384	16384	8	1	4	2	512	2039	2372	3524	2996	1442294	354990	5	0	0	0.0	0.000
run1_A_sweep	pooled_pread	off	warm	sweep	16384	16384	8	1	4	3	512	38382	244567	897525	34388	6015027	85120	40	0	0	100.0	0.000
run1_A_sweep	uring	off	warm	sweep	16384	16384	8	1	5	0	512	20133	22671	65784	3504	1672910	306054	5	0	0	100.0	0.000
run1_A_sweep	hybrid	off	warm	sweep	16384	16384	8	1	5	1	512	2607	3047	3803	3559	1740984	294087	5	0	0	0.0	0.000
run1_A_sweep	pooled_pread	off	warm	sweep	16384	16384	8	1	5	2	512	45126	199791	758615	34053	5974411	85699	34	0	0	100.0	0.000
run1_A_sweep	pool	off	warm	sweep	16384	16384	8	1	5	3	512	2800	3597	8096	4440	744095	688084	5	0	0	0.0	0.000
run1_A_sweep	pool	off	warm	sweep	16384	16384	16	1	0	0	512	2713	3192	4566	3766	696853	734732	5	0	0	0.0	0.000
run1_A_sweep	uring	off	warm	sweep	16384	16384	16	1	0	1	512	45257	53876	122477	4223	1940673	263826	5	0	0	100.0	0.000
run1_A_sweep	hybrid	off	warm	sweep	16384	16384	16	1	0	2	512	1868	2123	2962	3029	1371772	373240	5	0	0	0.0	0.000
run1_A_sweep	pooled_pread	off	warm	sweep	16384	16384	16	1	0	3	512	92623	389052	1155666	35080	6169033	82995	40	0	0	100.0	0.000
run1_A_sweep	uring	off	warm	sweep	16384	16384	16	1	1	0	512	62172	69779	84767	5216	2419417	211621	5	0	0	100.0	0.000
run1_A_sweep	hybrid	off	warm	sweep	16384	16384	16	1	1	1	512	2610	3008	4268	3662	1807847	283210	5	0	0	0.0	0.000
run1_A_sweep	pooled_pread	off	warm	sweep	16384	16384	16	1	1	2	512	118834	567656	1156363	41389	7388380	69298	39	0	0	100.0	0.000
run1_A_sweep	pool	off	warm	sweep	16384	16384	16	1	1	3	512	2144	2503	3221	2980	1351245	378910	5	0	0	0.0	0.000
run1_A_sweep	hybrid	off	warm	sweep	16384	16384	16	1	2	0	512	1904	2168	2509	3066	1391912	367839	5	0	0	0.0	0.000
run1_A_sweep	pooled_pread	off	warm	sweep	16384	16384	16	1	2	1	512	83821	807692	1662339	43678	9078744	56395	66	0	0	100.0	0.000
run1_A_sweep	pool	off	warm	sweep	16384	16384	16	1	2	2	512	2780	4068	5713	4289	675590	757856	5	0	0	0.0	0.000
run1_A_sweep	uring	off	warm	sweep	16384	16384	16	1	2	3	512	43928	49655	64534	3908	1780701	287527	5	0	0	100.0	0.000
run1_A_sweep	pooled_pread	off	warm	sweep	16384	16384	16	1	3	0	512	82738	593178	1578173	38224	6985475	73295	61	0	0	100.0	0.000
run1_A_sweep	pool	off	warm	sweep	16384	16384	16	1	3	1	512	2670	4128	5431	4033	588004	870742	5	0	0	0.0	0.000
run1_A_sweep	uring	off	warm	sweep	16384	16384	16	1	3	2	512	53758	73659	93904	4913	2237899	228786	5	0	0	100.0	0.000
run1_A_sweep	hybrid	off	warm	sweep	16384	16384	16	1	3	3	512	3536	4204	7566	4925	2372362	215819	5	0	0	0.0	0.000
run1_A_sweep	pool	off	warm	sweep	16384	16384	16	1	4	0	512	2802	3574	5105	4160	644337	794615	5	0	0	0.0	0.000
run1_A_sweep	uring	off	warm	sweep	16384	16384	16	1	4	1	512	48186	57713	77657	4681	2003442	255560	5	0	0	100.0	0.000
run1_A_sweep	hybrid	off	warm	sweep	16384	16384	16	1	4	2	512	2202	2541	3684	3226	1576723	324724	5	0	0	0.0	0.000
run1_A_sweep	pooled_pread	off	warm	sweep	16384	16384	16	1	4	3	512	103098	665742	1348130	39671	7652965	66902	53	0	0	100.0	0.000
run1_A_sweep	uring	off	warm	sweep	16384	16384	16	1	5	0	512	53489	73748	140411	5344	2202434	232470	5	0	0	100.0	0.000
run1_A_sweep	hybrid	off	warm	sweep	16384	16384	16	1	5	1	512	2790	3189	4329	3956	1928225	265529	5	0	0	0.0	0.000
run1_A_sweep	pooled_pread	off	warm	sweep	16384	16384	16	1	5	2	512	77860	505751	1576359	37196	6892247	74286	56	0	0	100.0	0.000
run1_A_sweep	pool	off	warm	sweep	16384	16384	16	1	5	3	512	2844	3970	10105	4337	616932	829913	5	0	0	0.0	0.000
run1_A_sweep	pool	off	warm	sweep	16384	16384	32	1	0	0	512	2689	3882	4888	4216	906017	565111	5	0	0	0.0	0.000
run1_A_sweep	uring	off	warm	sweep	16384	16384	32	1	0	1	512	118449	143498	146087	5419	2545351	201151	5	0	0	100.0	0.000
run1_A_sweep	hybrid	off	warm	sweep	16384	16384	32	1	0	2	512	2136	2379	2731	3558	1714335	298658	5	0	0	0.0	0.000
run1_A_sweep	pooled_pread	off	warm	sweep	16384	16384	32	1	0	3	512	224229	1192381	2024556	41076	7796080	65674	55	0	0	100.0	0.000
run1_A_sweep	uring	off	warm	sweep	16384	16384	32	1	1	0	512	118341	138424	144306	5349	2593920	197385	5	0	0	100.0	0.000
run1_A_sweep	hybrid	off	warm	sweep	16384	16384	32	1	1	1	512	3067	3706	11177	5137	2405154	212876	5	0	0	0.0	0.000
run1_A_sweep	pooled_pread	off	warm	sweep	16384	16384	32	1	1	2	512	163653	752413	2149812	33248	6146025	83306	44	0	0	100.0	0.000
run1_A_sweep	pool	off	warm	sweep	16384	16384	32	1	1	3	512	2957	3949	13569	4535	736195	695468	5	0	0	0.0	0.000
run1_A_sweep	hybrid	off	warm	sweep	16384	16384	32	1	2	0	512	2549	2914	4543	4228	2084491	245624	5	0	0	0.0	0.000
run1_A_sweep	pooled_pread	off	warm	sweep	16384	16384	32	1	2	1	512	176271	617332	2412099	34871	6317728	81042	45	0	0	100.0	0.000
run1_A_sweep	pool	off	warm	sweep	16384	16384	32	1	2	2	512	3084	3922	10732	4554	697842	733690	5	0	0	0.0	0.000
run1_A_sweep	uring	off	warm	sweep	16384	16384	32	1	2	3	512	94708	118916	123024	4542	2164113	236587	5	0	0	100.0	0.000
run1_A_sweep	pooled_pread	off	warm	sweep	16384	16384	32	1	3	0	512	168356	714599	1835083	35284	6130845	83512	46	0	0	100.0	0.000
run1_A_sweep	pool	off	warm	sweep	16384	16384	32	1	3	1	512	3196	4093	5399	4596	704342	726920	5	0	0	0.0	0.000
run1_A_sweep	uring	off	warm	sweep	16384	16384	32	1	3	2	512	96631	138745	148893	4550	2185650	234255	5	0	0	100.0	0.000
run1_A_sweep	hybrid	off	warm	sweep	16384	16384	32	1	3	3	512	1881	2129	3199	3282	1628757	314350	5	0	0	0.0	0.000
run1_A_sweep	pool	off	warm	sweep	16384	16384	32	1	4	0	512	2221	2428	5858	2938	779712	656653	5	0	0	0.0	0.000
run1_A_sweep	uring	off	warm	sweep	16384	16384	32	1	4	1	512	83867	109304	113504	4126	1942227	263615	5	0	0	100.0	0.000
run1_A_sweep	hybrid	off	warm	sweep	16384	16384	32	1	4	2	512	2027	2272	2633	3363	1611163	317783	5	0	0	0.0	0.000
run1_A_sweep	pooled_pread	off	warm	sweep	16384	16384	32	1	4	3	512	168556	1082135	1886407	37445	6926237	73922	54	0	0	100.0	0.000
run1_A_sweep	uring	off	warm	sweep	16384	16384	32	1	5	0	512	110320	148970	150925	5359	2562042	199841	5	0	0	100.0	0.000
run1_A_sweep	hybrid	off	warm	sweep	16384	16384	32	1	5	1	512	2171	2440	3547	3572	1749027	292734	5	0	0	0.0	0.000
run1_A_sweep	pooled_pread	off	warm	sweep	16384	16384	32	1	5	2	512	265018	1227403	1833872	42607	8009876	63921	52	0	0	100.0	0.000
run1_A_sweep	pool	off	warm	sweep	16384	16384	32	1	5	3	512	3431	4049	11173	4784	674566	759007	5	0	0	0.0	0.000
run1_A_sweep	pool	off	warm	sweep	16384	16384	64	1	0	0	512	2862	3486	4235	4033	752233	680640	5	0	0	0.0	0.000
run1_A_sweep	uring	off	warm	sweep	16384	16384	64	1	0	1	512	171626	279026	281690	5064	2436114	210171	5	0	0	100.0	0.000
run1_A_sweep	hybrid	off	warm	sweep	16384	16384	64	1	0	2	512	2201	2675	3783	4546	2241602	228408	5	0	0	0.0	0.000
run1_A_sweep	pooled_pread	off	warm	sweep	16384	16384	64	1	0	3	512	457522	1444971	2056807	40132	7594922	67413	58	0	0	100.0	0.000
run1_A_sweep	uring	off	warm	sweep	16384	16384	64	1	1	0	512	265961	424193	426407	6914	3328950	153802	5	0	0	100.0	0.000
run1_A_sweep	hybrid	off	warm	sweep	16384	16384	64	1	1	1	512	2164	2559	3140	4611	2184764	234350	5	0	0	0.0	0.000
run1_A_sweep	pooled_pread	off	warm	sweep	16384	16384	64	1	1	2	512	540100	1606406	2226830	44702	7788948	65734	52	0	0	100.0	0.000
run1_A_sweep	pool	off	warm	sweep	16384	16384	64	1	1	3	512	3105	4510	12283	5543	894670	572278	5	0	0	0.0	0.000
run1_A_sweep	hybrid	off	warm	sweep	16384	16384	64	1	2	0	512	2037	2325	4237	3753	1858298	275521	5	0	0	0.0	0.000
run1_A_sweep	pooled_pread	off	warm	sweep	16384	16384	64	1	2	1	512	556480	1282542	2351351	44204	7763803	65947	52	0	0	100.0	0.000
run1_A_sweep	pool	off	warm	sweep	16384	16384	64	1	2	2	512	2721	4363	5278	4311	765264	669050	5	0	0	0.0	0.000
run1_A_sweep	uring	off	warm	sweep	16384	16384	64	1	2	3	512	186726	244351	246144	5035	2346555	218192	5	0	0	100.0	0.000
run1_A_sweep	pooled_pread	off	warm	sweep	16384	16384	64	1	3	0	512	304963	1083113	1728310	36493	6632701	77193	52	0	0	100.0	0.000
run1_A_sweep	pool	off	warm	sweep	16384	16384	64	1	3	1	512	2945	4233	4806	4776	985832	519358	5	0	0	0.0	0.000
run1_A_sweep	uring	off	warm	sweep	16384	16384	64	1	3	2	512	210192	232400	233725	5235	2531176	202278	5	0	0	100.0	0.000
run1_A_sweep	hybrid	off	warm	sweep	16384	16384	64	1	3	3	512	2724	3188	5234	4761	2336086	219170	5	0	0	0.0	0.000
run1_A_sweep	pool	off	warm	sweep	16384	16384	64	1	4	0	512	3299	4206	11339	5216	766740	667762	5	0	0	0.0	0.000
run1_A_sweep	uring	off	warm	sweep	16384	16384	64	1	4	1	512	215208	285095	286830	5522	2685982	190619	5	0	0	100.0	0.000
run1_A_sweep	hybrid	off	warm	sweep	16384	16384	64	1	4	2	512	3435	3983	7776	6137	3049702	167885	5	0	0	0.0	0.000
run1_A_sweep	pooled_pread	off	warm	sweep	16384	16384	64	1	4	3	512	387967	840844	2568588	37308	6589727	77697	51	0	0	100.0	0.000
run1_A_sweep	uring	off	warm	sweep	16384	16384	64	1	5	0	512	251385	299874	302016	5990	2976589	172009	5	0	0	100.0	0.000
run1_A_sweep	hybrid	off	warm	sweep	16384	16384	64	1	5	1	512	2972	3404	6282	5114	2507868	204157	5	0	0	0.0	0.000
run1_A_sweep	pooled_pread	off	warm	sweep	16384	16384	64	1	5	2	512	374998	1594724	2677891	41396	7518673	68097	65	0	0	100.0	0.000
run1_A_sweep	pool	off	warm	sweep	16384	16384	64	1	5	3	512	3039	3664	6616	4661	723369	707799	5	0	0	0.0	0.000
run1_B_prefetch_stride	pool	off	cold	stride	16384	250000	1	1	0	0	512	108708	128487	412844	89768	56511887	9060	6	0	0	87.5	0.000
run1_B_prefetch_stride	hybrid	off	cold	stride	16384	250000	1	1	0	1	512	68763	86932	179459	37116	38530423	13288	5	0	0	87.7	0.000
run1_B_prefetch_stride	uring	off	cold	stride	16384	250000	1	1	0	2	512	70306	93861	464961	38185	39882219	12838	5	0	0	100.0	0.000
run1_B_prefetch_stride	hybrid	off	cold	stride	16384	250000	1	1	1	0	512	68008	81836	724510	36945	38010066	13470	5	0	0	88.1	0.000
run1_B_prefetch_stride	uring	off	cold	stride	16384	250000	1	1	1	1	512	81891	105133	723783	41028	45546785	11241	5	0	0	100.0	0.000
run1_B_prefetch_stride	pool	off	cold	stride	16384	250000	1	1	1	2	512	109675	140384	759709	95738	57979542	8831	7	0	0	88.1	0.000
run1_B_prefetch_stride	uring	off	cold	stride	16384	250000	1	1	2	0	512	69244	89929	539183	36193	39202615	13060	5	0	0	100.0	0.000
run1_B_prefetch_stride	pool	off	cold	stride	16384	250000	1	1	2	1	512	92827	130257	810632	83453	52803094	9696	6	0	0	87.9	0.000
run1_B_prefetch_stride	hybrid	off	cold	stride	16384	250000	1	1	2	2	512	68617	81082	734015	35439	37856310	13525	5	0	0	88.3	0.000
run1_B_prefetch_stride	pool	off	cold	stride	16384	250000	1	1	3	0	512	90167	119375	699687	81926	49483257	10347	6	0	0	88.1	0.000
run1_B_prefetch_stride	hybrid	off	cold	stride	16384	250000	1	1	3	1	512	77763	97371	857974	38178	43064935	11889	5	0	0	88.3	0.000
run1_B_prefetch_stride	uring	off	cold	stride	16384	250000	1	1	3	2	512	82037	93135	614451	41024	43897369	11664	5	0	0	100.0	0.000
run1_B_prefetch_stride	hybrid	off	cold	stride	16384	250000	1	1	4	0	512	80886	104657	532997	43998	44632782	11471	5	0	0	88.1	0.000
run1_B_prefetch_stride	uring	off	cold	stride	16384	250000	1	1	4	1	512	80617	181146	607283	68050	57044520	8975	5	0	0	100.0	0.000
run1_B_prefetch_stride	pool	off	cold	stride	16384	250000	1	1	4	2	512	108968	134109	503857	94092	56369894	9083	6	0	0	88.1	0.000
run1_B_prefetch_stride	uring	off	cold	stride	16384	250000	1	1	5	0	512	68299	82977	515566	35965	37838890	13531	5	0	0	100.0	0.000
run1_B_prefetch_stride	pool	off	cold	stride	16384	250000	1	1	5	1	512	110936	205064	552065	108805	66934435	7649	6	0	0	87.9	0.000
run1_B_prefetch_stride	hybrid	off	cold	stride	16384	250000	1	1	5	2	512	81317	98689	750605	41834	46545620	11000	5	0	0	87.9	0.000
run1_B_prefetch_stride	pool	on	cold	stride	16384	250000	1	1	0	0	512	31118	92312	609181	38935	25215878	20305	6	0	0	15.4	0.000
run1_B_prefetch_stride	hybrid	on	cold	stride	16384	250000	1	1	0	1	512	31267	68912	742782	28821	25239720	20285	5	0	0	29.7	0.000
run1_B_prefetch_stride	uring	on	cold	stride	16384	250000	1	1	0	2	512	33869	56761	357215	29061	23826634	21489	5	0	0	100.0	0.000
run1_B_prefetch_stride	hybrid	on	cold	stride	16384	250000	1	1	1	0	512	31704	71900	744385	27577	26988944	18971	5	0	0	36.3	0.000
run1_B_prefetch_stride	uring	on	cold	stride	16384	250000	1	1	1	1	512	34811	69383	808312	28457	28408934	18022	5	0	0	100.0	0.000
run1_B_prefetch_stride	pool	on	cold	stride	16384	250000	1	1	1	2	512	35844	100456	517881	48724	33791214	15152	6	0	0	40.8	0.000
run1_B_prefetch_stride	uring	on	cold	stride	16384	250000	1	1	2	0	512	32611	61758	739929	29013	25680725	19937	5	0	0	100.0	0.000
run1_B_prefetch_stride	pool	on	cold	stride	16384	250000	1	1	2	1	512	35808	92011	757508	46657	31511672	16248	6	0	0	35.5	0.000
run1_B_prefetch_stride	hybrid	on	cold	stride	16384	250000	1	1	2	2	512	30600	66107	765629	26447	26060443	19647	5	0	0	38.7	0.000
run1_B_prefetch_stride	pool	on	cold	stride	16384	250000	1	1	3	0	512	34544	101955	710498	51545	33234272	15406	6	0	0	41.6	0.000
run1_B_prefetch_stride	hybrid	on	cold	stride	16384	250000	1	1	3	1	512	33741	68812	114503	27688	26002084	19691	5	0	0	40.6	0.000
run1_B_prefetch_stride	uring	on	cold	stride	16384	250000	1	1	3	2	512	34369	66392	481958	29413	26609772	19241	5	0	0	100.0	0.000
run1_B_prefetch_stride	hybrid	on	cold	stride	16384	250000	1	1	4	0	512	31762	64614	163709	27265	26084206	19629	5	0	0	42.0	0.000
run1_B_prefetch_stride	uring	on	cold	stride	16384	250000	1	1	4	1	512	35136	61858	721466	29700	25605630	19996	5	0	0	100.0	0.000
run1_B_prefetch_stride	pool	on	cold	stride	16384	250000	1	1	4	2	512	38874	98432	531253	49462	30646614	16707	6	0	0	23.4	0.000
run1_B_prefetch_stride	uring	on	cold	stride	16384	250000	1	1	5	0	512	33504	65105	483188	28533	26695113	19180	5	0	0	100.0	0.000
run1_B_prefetch_stride	pool	on	cold	stride	16384	250000	1	1	5	1	512	34481	110112	480257	49823	32155923	15922	6	0	0	30.3	0.000
run1_B_prefetch_stride	hybrid	on	cold	stride	16384	250000	1	1	5	2	512	33509	67152	129938	27491	26414339	19383	5	0	0	42.8	0.000
run1_B_prefetch_stride	pool	off	cold	stride	16384	250000	4	1	0	0	512	198887	268713	1017935	83864	27897224	18353	12	0	0	91.2	0.000
run1_B_prefetch_stride	hybrid	off	cold	stride	16384	250000	4	1	0	1	512	115125	156489	790472	20803	22258238	23003	5	0	0	89.1	0.000
run1_B_prefetch_stride	uring	off	cold	stride	16384	250000	4	1	0	2	512	157699	208347	866142	19013	23540836	21749	5	0	0	100.0	0.000
run1_B_prefetch_stride	hybrid	off	cold	stride	16384	250000	4	1	1	0	512	114389	157249	824675	21551	22565871	22689	5	0	0	90.4	0.000
run1_B_prefetch_stride	uring	off	cold	stride	16384	250000	4	1	1	1	512	179111	233338	1155165	20184	28207576	18151	5	0	0	100.0	0.000
run1_B_prefetch_stride	pool	off	cold	stride	16384	250000	4	1	1	2	512	198431	288181	1169289	84865	30114105	17002	13	0	0	91.2	0.000
run1_B_prefetch_stride	uring	off	cold	stride	16384	250000	4	1	2	0	512	168298	223174	835699	19502	25525472	20058	5	0	0	100.0	0.000
run1_B_prefetch_stride	pool	off	cold	stride	16384	250000	4	1	2	1	512	180030	280796	953698	84107	27515280	18608	12	0	0	92.2	0.000
run1_B_prefetch_stride	hybrid	off	cold	stride	16384	250000	4	1	2	2	512	115265	156102	802735	21319	22296665	22963	5	0	0	89.8	0.000
run1_B_prefetch_stride	pool	off	cold	stride	16384	250000	4	1	3	0	512	179141	265395	1036352	83977	26145952	19582	13	0	0	91.6	0.000
run1_B_prefetch_stride	hybrid	off	cold	stride	16384	250000	4	1	3	1	512	108086	144481	875685	20524	22068029	23201	5	0	0	90.2	0.000
run1_B_prefetch_stride	uring	off	cold	stride	16384	250000	4	1	3	2	512	166156	221088	949781	19758	25435299	20130	5	0	0	100.0	0.000
run1_B_prefetch_stride	hybrid	off	cold	stride	16384	250000	4	1	4	0	512	114425	150608	840018	20361	22636420	22618	5	0	0	89.8	0.000
run1_B_prefetch_stride	uring	off	cold	stride	16384	250000	4	1	4	1	512	156396	201648	862474	18557	23736536	21570	5	0	0	100.0	0.000
run1_B_prefetch_stride	pool	off	cold	stride	16384	250000	4	1	4	2	512	204603	306147	1030536	88006	29703581	17237	12	0	0	91.6	0.000
run1_B_prefetch_stride	uring	off	cold	stride	16384	250000	4	1	5	0	512	159074	203317	869563	19303	24013346	21321	5	0	0	100.0	0.000
run1_B_prefetch_stride	pool	off	cold	stride	16384	250000	4	1	5	1	512	186837	291678	997444	86069	28223987	18141	12	0	0	91.4	0.000
run1_B_prefetch_stride	hybrid	off	cold	stride	16384	250000	4	1	5	2	512	98377	136342	785851	20032	20307032	25213	5	0	0	89.6	0.000
run1_B_prefetch_stride	pool	on	cold	stride	16384	250000	4	1	0	0	512	46754	330973	852482	54926	21024630	24352	10	0	0	44.3	0.000
run1_B_prefetch_stride	hybrid	on	cold	stride	16384	250000	4	1	0	1	512	36238	130498	781545	29294	21295718	24042	5	0	0	18.2	0.000
run1_B_prefetch_stride	uring	on	cold	stride	16384	250000	4	1	0	2	512	67407	154441	878625	15003	17036684	30053	5	0	0	100.0	0.000
run1_B_prefetch_stride	hybrid	on	cold	stride	16384	250000	4	1	1	0	512	27055	136910	793408	16528	17001690	30115	5	0	0	38.7	0.000
run1_B_prefetch_stride	uring	on	cold	stride	16384	250000	4	1	1	1	512	74117	203874	450164	25998	15713361	32584	5	0	0	100.0	0.000
run1_B_prefetch_stride	pool	on	cold	stride	16384	250000	4	1	1	2	512	38625	324620	1097474	50650	19763583	25906	10	0	0	36.1	0.000
run1_B_prefetch_stride	uring	on	cold	stride	16384	250000	4	1	2	0	512	69373	150134	915184	15604	16378951	31260	5	0	0	100.0	0.000
run1_B_prefetch_stride	pool	on	cold	stride	16384	250000	4	1	2	1	512	47314	306823	930610	52739	19873044	25764	12	0	0	45.9	0.000
run1_B_prefetch_stride	hybrid	on	cold	stride	16384	250000	4	1	2	2	512	28977	130541	763410	37336	25870857	19791	5	0	0	25.4	0.000
run1_B_prefetch_stride	pool	on	cold	stride	16384	250000	4	1	3	0	512	113104	295157	590635	77031	16830158	30422	11	0	0	32.8	0.000
run1_B_prefetch_stride	hybrid	on	cold	stride	16384	250000	4	1	3	1	512	110315	132035	855793	105225	57771606	8862	5	0	0	3.1	0.000
run1_B_prefetch_stride	uring	on	cold	stride	16384	250000	4	1	3	2	512	68677	152871	668374	15744	15927628	32145	5	0	0	100.0	0.000
run1_B_prefetch_stride	hybrid	on	cold	stride	16384	250000	4	1	4	0	512	32733	156631	854503	17021	17239228	29700	5	0	0	42.2	0.000
run1_B_prefetch_stride	uring	on	cold	stride	16384	250000	4	1	4	1	512	71486	155248	839162	16311	17531153	29205	5	0	0	100.0	0.000
run1_B_prefetch_stride	pool	on	cold	stride	16384	250000	4	1	4	2	512	39937	324252	1453050	46448	22584338	22671	12	0	0	44.5	0.000
run1_B_prefetch_stride	uring	on	cold	stride	16384	250000	4	1	5	0	512	76705	166300	865539	16877	17660502	28991	5	0	0	100.0	0.000
run1_B_prefetch_stride	pool	on	cold	stride	16384	250000	4	1	5	1	512	39865	290109	952835	47786	19157434	26726	11	0	0	45.1	0.000
run1_B_prefetch_stride	hybrid	on	cold	stride	16384	250000	4	1	5	2	512	30168	155438	858912	17111	19126113	26770	5	0	0	38.5	0.000
run1_B_prefetch_stride	pool	off	cold	stride	16384	250000	16	1	0	0	512	436028	821657	2694545	65614	17980684	28475	27	0	0	92.4	0.000
run1_B_prefetch_stride	hybrid	off	cold	stride	16384	250000	16	1	0	1	512	338442	498026	3077749	17678	17913968	28581	5	0	0	91.8	0.000
run1_B_prefetch_stride	uring	off	cold	stride	16384	250000	16	1	0	2	512	492078	576008	3046611	12810	18842180	27173	5	0	0	100.0	0.000
run1_B_prefetch_stride	hybrid	off	cold	stride	16384	250000	16	1	1	0	512	337041	1227354	3052483	20548	19839701	25807	5	0	0	92.8	0.000
run1_B_prefetch_stride	uring	off	cold	stride	16384	250000	16	1	1	1	512	551806	648558	3377250	15382	21396106	23930	5	0	0	100.0	0.000
run1_B_prefetch_stride	pool	off	cold	stride	16384	250000	16	1	1	2	512	417502	752796	3412845	61836	17731588	28875	28	0	0	92.6	0.000
run1_B_prefetch_stride	uring	off	cold	stride	16384	250000	16	1	2	0	512	542813	628082	3489204	14640	20297435	25225	5	0	0	100.0	0.000
run1_B_prefetch_stride	pool	off	cold	stride	16384	250000	16	1	2	1	512	405743	762977	3330982	62426	17719298	28895	32	0	0	92.6	0.000
run1_B_prefetch_stride	hybrid	off	cold	stride	16384	250000	16	1	2	2	512	395863	480225	2971341	15540	18839602	27177	5	0	0	92.6	0.000
run1_B_prefetch_stride	pool	off	cold	stride	16384	250000	16	1	3	0	512	492784	860025	2851302	68025	18354417	27895	29	0	0	91.8	0.000
run1_B_prefetch_stride	hybrid	off	cold	stride	16384	250000	16	1	3	1	512	620912	1809326	3074984	45595	32980114	15525	5	0	0	92.6	0.000
run1_B_prefetch_stride	uring	off	cold	stride	16384	250000	16	1	3	2	512	531018	577444	3781982	14135	20276180	25251	5	0	0	100.0	0.000
run1_B_prefetch_stride	hybrid	off	cold	stride	16384	250000	16	1	4	0	512	361859	428287	2867101	15241	16557198	30923	5	0	0	92.0	0.000
run1_B_prefetch_stride	uring	off	cold	stride	16384	250000	16	1	4	1	512	537820	774719	3175089	14989	20905779	24491	5	0	0	100.0	0.000
run1_B_prefetch_stride	pool	off	cold	stride	16384	250000	16	1	4	2	512	414439	719191	3657409	64281	17527736	29211	28	0	0	92.6	0.000
run1_B_prefetch_stride	uring	off	cold	stride	16384	250000	16	1	5	0	512	536890	574232	3188647	15031	20753639	24670	5	0	0	100.0	0.000
run1_B_prefetch_stride	pool	off	cold	stride	16384	250000	16	1	5	1	512	401823	710840	3128213	58807	17551502	29171	25	0	0	92.6	0.000
run1_B_prefetch_stride	hybrid	off	cold	stride	16384	250000	16	1	5	2	512	311353	417909	3317030	13820	16404732	31211	5	0	0	92.6	0.000
run1_B_prefetch_stride	pool	on	cold	stride	16384	250000	16	1	0	0	512	145871	921286	1960223	48164	12736395	40200	24	0	0	50.2	0.000
run1_B_prefetch_stride	hybrid	on	cold	stride	16384	250000	16	1	0	1	512	47129	512601	3329693	14394	15910535	32180	5	0	0	48.2	0.000
run1_B_prefetch_stride	uring	on	cold	stride	16384	250000	16	1	0	2	512	209697	578901	2891581	14568	14667090	34908	5	0	0	100.0	0.000
run1_B_prefetch_stride	hybrid	on	cold	stride	16384	250000	16	1	1	0	512	49148	549841	3514123	15846	16791812	30491	5	0	0	48.4	0.000
run1_B_prefetch_stride	uring	on	cold	stride	16384	250000	16	1	1	1	512	257390	543871	3235953	14741	15748859	32510	5	0	0	100.0	0.000
run1_B_prefetch_stride	pool	on	cold	stride	16384	250000	16	1	1	2	512	340037	913187	3090075	47757	14600688	35067	23	0	0	51.0	0.000
run1_B_prefetch_stride	uring	on	cold	stride	16384	250000	16	1	2	0	512	231433	493494	3380808	13298	14681606	34874	5	0	0	100.0	0.000
run1_B_prefetch_stride	pool	on	cold	stride	16384	250000	16	1	2	1	512	187035	943465	2980182	42488	15205129	33673	26	0	0	50.4	0.000
run1_B_prefetch_stride	hybrid	on	cold	stride	16384	250000	16	1	2	2	512	38339	522723	3470881	15460	16940775	30223	5	0	0	46.3	0.000
run1_B_prefetch_stride	pool	on	cold	stride	16384	250000	16	1	3	0	512	43118	1094488	3578490	43806	16190725	31623	24	0	0	47.1	0.000
run1_B_prefetch_stride	hybrid	on	cold	stride	16384	250000	16	1	3	1	512	273547	505000	3358010	14931	15588210	32845	5	0	0	50.2	0.000
run1_B_prefetch_stride	uring	on	cold	stride	16384	250000	16	1	3	2	512	337050	494846	3489319	14779	15232951	33611	5	0	0	100.0	0.000
run1_B_prefetch_stride	hybrid	on	cold	stride	16384	250000	16	1	4	0	512	50496	503564	3581652	15446	15518392	32993	5	0	0	47.5	0.000
run1_B_prefetch_stride	uring	on	cold	stride	16384	250000	16	1	4	1	512	200414	495017	3320525	13837	14627042	35004	5	0	0	100.0	0.000
run1_B_prefetch_stride	pool	on	cold	stride	16384	250000	16	1	4	2	512	359349	933606	3542332	43766	15109278	33886	24	0	0	54.5	0.000
run1_B_prefetch_stride	uring	on	cold	stride	16384	250000	16	1	5	0	512	202020	516590	3479641	13465	15893274	32215	5	0	0	100.0	0.000
run1_B_prefetch_stride	pool	on	cold	stride	16384	250000	16	1	5	1	512	58876	927082	2888638	43911	14277484	35861	27	0	0	48.4	0.000
run1_B_prefetch_stride	hybrid	on	cold	stride	16384	250000	16	1	5	2	512	113869	485113	3187564	48955	31901093	16050	5	0	0	30.9	0.000
run1_B_prefetch_sweep	pool	off	cold	sweep	16384	16384	1	1	0	0	512	4661	5279	36851	8555	6646977	77027	6	0	0	0.8	0.000
run1_B_prefetch_sweep	hybrid	off	cold	sweep	16384	16384	1	1	0	1	512	4581	5156	474321	7095	8095961	63241	5	0	0	1.6	0.000
run1_B_prefetch_sweep	uring	off	cold	sweep	16384	16384	1	1	0	2	512	18423	19993	40443	20496	10586485	48364	5	0	0	100.0	0.000
run1_B_prefetch_sweep	hybrid	off	cold	sweep	16384	16384	1	1	1	0	512	3153	4702	309226	6489	8162345	62727	5	0	0	1.0	0.000
run1_B_prefetch_sweep	uring	off	cold	sweep	16384	16384	1	1	1	1	512	4193	21160	52319	10430	7474607	68499	5	0	0	100.0	0.000
run1_B_prefetch_sweep	pool	off	cold	sweep	16384	16384	1	1	1	2	512	4133	5066	47631	7501	6695952	76464	6	0	0	0.6	0.000
run1_B_prefetch_sweep	uring	off	cold	sweep	16384	16384	1	1	2	0	512	2954	4853	558509	6686	9424262	54328	5	0	0	100.0	0.000
run1_B_prefetch_sweep	pool	off	cold	sweep	16384	16384	1	1	2	1	512	2689	5009	366243	6694	7935929	64517	6	0	0	1.0	0.000
run1_B_prefetch_sweep	hybrid	off	cold	sweep	16384	16384	1	1	2	2	512	4777	5490	262022	6799	7272158	70406	5	0	0	1.2	0.000
run1_B_prefetch_sweep	pool	off	cold	sweep	16384	16384	1	1	3	0	512	4621	5353	342368	7390	7562373	67704	6	0	0	1.0	0.000
run1_B_prefetch_sweep	hybrid	off	cold	sweep	16384	16384	1	1	3	1	512	3308	5465	405040	6460	7344184	69715	5	0	0	1.0	0.000
run1_B_prefetch_sweep	uring	off	cold	sweep	16384	16384	1	1	3	2	512	18546	20138	38435	20161	12747586	40164	5	0	0	100.0	0.000
run1_B_prefetch_sweep	hybrid	off	cold	sweep	16384	16384	1	1	4	0	512	4743	5379	230043	6940	8845012	57886	5	0	0	1.2	0.000
run1_B_prefetch_sweep	uring	off	cold	sweep	16384	16384	1	1	4	1	512	18353	20102	123612	20751	11119069	46047	5	0	0	100.0	0.000
run1_B_prefetch_sweep	pool	off	cold	sweep	16384	16384	1	1	4	2	512	4426	5116	179567	7512	8747005	58534	6	0	0	1.2	0.000
run1_B_prefetch_sweep	uring	off	cold	sweep	16384	16384	1	1	5	0	512	4374	5569	106128	7095	8731557	58638	5	0	0	100.0	0.000
run1_B_prefetch_sweep	pool	off	cold	sweep	16384	16384	1	1	5	1	512	4585	5149	276730	7843	6866995	74560	6	0	0	1.2	0.000
run1_B_prefetch_sweep	hybrid	off	cold	sweep	16384	16384	1	1	5	2	512	4296	4950	292991	6124	7548971	67824	5	0	0	1.0	0.000
run1_B_prefetch_sweep	pool	on	cold	sweep	16384	16384	1	1	0	0	512	4959	5723	213623	8152	10541147	48572	6	0	0	1.2	0.000
run1_B_prefetch_sweep	hybrid	on	cold	sweep	16384	16384	1	1	0	1	512	4586	5231	378261	8356	8114007	63101	5	0	0	1.0	0.000
run1_B_prefetch_sweep	uring	on	cold	sweep	16384	16384	1	1	0	2	512	6851	16712	66430	10898	7337670	69777	5	0	0	100.0	0.000
run1_B_prefetch_sweep	hybrid	on	cold	sweep	16384	16384	1	1	1	0	512	3046	5235	197059	5929	7422812	68977	5	0	0	1.0	0.000
run1_B_prefetch_sweep	uring	on	cold	sweep	16384	16384	1	1	1	1	512	5274	18030	129200	11535	9458100	54133	5	0	0	100.0	0.000
run1_B_prefetch_sweep	pool	on	cold	sweep	16384	16384	1	1	1	2	512	5031	5687	338169	8054	9889795	51771	6	0	0	1.0	0.000
run1_B_prefetch_sweep	uring	on	cold	sweep	16384	16384	1	1	2	0	512	19710	21665	40294	22559	9833453	52067	5	0	0	100.0	0.000
run1_B_prefetch_sweep	pool	on	cold	sweep	16384	16384	1	1	2	1	512	5324	6224	264016	8427	6971889	73438	6	0	0	1.0	0.000
run1_B_prefetch_sweep	hybrid	on	cold	sweep	16384	16384	1	1	2	2	512	3502	5941	533776	6495	8927150	57353	5	0	0	1.4	0.000
run1_B_prefetch_sweep	pool	on	cold	sweep	16384	16384	1	1	3	0	512	5161	5952	236732	8470	11852915	43196	6	0	0	1.0	0.000
run1_B_prefetch_sweep	hybrid	on	cold	sweep	16384	16384	1	1	3	1	512	5122	5992	436035	7621	9872496	51861	5	0	0	1.6	0.000
run1_B_prefetch_sweep	uring	on	cold	sweep	16384	16384	1	1	3	2	512	5291	17658	132907	10873	9943157	51493	5	0	0	100.0	0.000
run1_B_prefetch_sweep	hybrid	on	cold	sweep	16384	16384	1	1	4	0	512	5018	5793	382827	8027	8335258	61426	5	0	0	1.2	0.000
run1_B_prefetch_sweep	uring	on	cold	sweep	16384	16384	1	1	4	1	512	17352	18380	38872	21173	9053745	56551	5	0	0	100.0	0.000
run1_B_prefetch_sweep	pool	on	cold	sweep	16384	16384	1	1	4	2	512	4851	5709	35626	7589	7154399	71564	6	0	0	0.8	0.000
run1_B_prefetch_sweep	uring	on	cold	sweep	16384	16384	1	1	5	0	512	18393	19747	42583	22735	9862938	51912	5	0	0	100.0	0.000
run1_B_prefetch_sweep	pool	on	cold	sweep	16384	16384	1	1	5	1	512	4902	5648	353972	7502	7672686	66730	6	0	0	1.0	0.000
run1_B_prefetch_sweep	hybrid	on	cold	sweep	16384	16384	1	1	5	2	512	4906	5472	149946	6877	6989658	73251	5	0	0	1.0	0.000
run1_B_prefetch_sweep	pool	off	cold	sweep	16384	16384	4	1	0	0	512	5443	6788	1904673	11167	9460995	54117	9	0	0	3.9	0.000
run1_B_prefetch_sweep	hybrid	off	cold	sweep	16384	16384	4	1	0	1	512	4540	5090	979105	6659	7265064	70474	5	0	0	3.1	0.000
run1_B_prefetch_sweep	uring	off	cold	sweep	16384	16384	4	1	0	2	512	19985	41704	885830	8267	11279771	45391	5	0	0	100.0	0.000
run1_B_prefetch_sweep	hybrid	off	cold	sweep	16384	16384	4	1	1	0	512	4701	5767	567328	7314	8486549	60331	5	0	0	4.7	0.000
run1_B_prefetch_sweep	uring	off	cold	sweep	16384	16384	4	1	1	1	512	19483	43887	1219391	7815	7607026	67306	5	0	0	100.0	0.000
run1_B_prefetch_sweep	pool	off	cold	sweep	16384	16384	4	1	1	2	512	5623	8888	977391	11775	10776443	47511	10	0	0	6.2	0.000
run1_B_prefetch_sweep	uring	off	cold	sweep	16384	16384	4	1	2	0	512	18114	32999	1505638	8171	10290060	49757	5	0	0	100.0	0.000
run1_B_prefetch_sweep	pool	off	cold	sweep	16384	16384	4	1	2	1	512	5702	9162	887878	12478	10101806	50684	10	0	0	6.6	0.000
run1_B_prefetch_sweep	hybrid	off	cold	sweep	16384	16384	4	1	2	2	512	4830	5755	1428872	7273	9570666	53497	5	0	0	3.7	0.000
run1_B_prefetch_sweep	pool	off	cold	sweep	16384	16384	4	1	3	0	512	6698	11122	824255	13813	7891593	64879	9	0	0	6.2	0.000
run1_B_prefetch_sweep	hybrid	off	cold	sweep	16384	16384	4	1	3	1	512	4672	5450	1403266	6879	7710909	66399	5	0	0	3.7	0.000
run1_B_prefetch_sweep	uring	off	cold	sweep	16384	16384	4	1	3	2	512	19410	41616	640711	7969	12224876	41882	5	0	0	100.0	0.000
run1_B_prefetch_sweep	hybrid	off	cold	sweep	16384	16384	4	1	4	0	512	4710	6368	1383027	7292	8257659	62003	5	0	0	3.7	0.000
run1_B_prefetch_sweep	uring	off	cold	sweep	16384	16384	4	1	4	1	512	24509	39092	506705	8967	7851107	65214	5	0	0	100.0	0.000
run1_B_prefetch_sweep	pool	off	cold	sweep	16384	16384	4	1	4	2	512	5447	7724	1352450	11352	9498474	53903	9	0	0	5.5	0.000
run1_B_prefetch_sweep	uring	off	cold	sweep	16384	16384	4	1	5	0	512	18014	31752	633616	7278	10082398	50782	5	0	0	100.0	0.000
run1_B_prefetch_sweep	pool	off	cold	sweep	16384	16384	4	1	5	1	512	5365	8080	936423	11122	12762819	40117	9	0	0	5.5	0.000
run1_B_prefetch_sweep	hybrid	off	cold	sweep	16384	16384	4	1	5	2	512	4654	5694	2798829	7104	11961327	42805	5	0	0	6.2	0.000
run1_B_prefetch_sweep	pool	on	cold	sweep	16384	16384	4	1	0	0	512	6262	10748	1424317	12298	7963630	64292	9	0	0	5.5	0.000
run1_B_prefetch_sweep	hybrid	on	cold	sweep	16384	16384	4	1	0	1	512	5034	6007	487109	7534	7363326	69534	5	0	0	2.3	0.000
run1_B_prefetch_sweep	uring	on	cold	sweep	16384	16384	4	1	0	2	512	24044	43473	471816	9292	7516969	68113	5	0	0	100.0	0.000
run1_B_prefetch_sweep	hybrid	on	cold	sweep	16384	16384	4	1	1	0	512	5031	5599	604111	7604	7059288	72529	5	0	0	1.8	0.000
run1_B_prefetch_sweep	uring	on	cold	sweep	16384	16384	4	1	1	1	512	20762	38477	521761	8261	8034410	63726	5	0	0	100.0	0.000
run1_B_prefetch_sweep	pool	on	cold	sweep	16384	16384	4	1	1	2	512	6358	9652	1677948	12626	8932401	57319	9	0	0	3.9	0.000
run1_B_prefetch_sweep	uring	on	cold	sweep	16384	16384	4	1	2	0	512	21541	43855	1183745	8958	7817804	65492	5	0	0	100.0	0.000
run1_B_prefetch_sweep	pool	on	cold	sweep	16384	16384	4	1	2	1	512	6119	10728	2014791	12720	8957907	57156	10	0	0	4.7	0.000
run1_B_prefetch_sweep	hybrid	on	cold	sweep	16384	16384	4	1	2	2	512	5179	6081	786194	7614	9940190	51508	5	0	0	5.5	0.000
run1_B_prefetch_sweep	pool	on	cold	sweep	16384	16384	4	1	3	0	512	6278	11196	938507	12653	6862225	74611	9	0	0	4.7	0.000
run1_B_prefetch_sweep	hybrid	on	cold	sweep	16384	16384	4	1	3	1	512	5174	6163	1067837	7038	7639534	67020	5	0	0	5.5	0.000
run1_B_prefetch_sweep	uring	on	cold	sweep	16384	16384	4	1	3	2	512	29817	38133	366580	10623	10663642	48014	5	0	0	100.0	0.000
run1_B_prefetch_sweep	hybrid	on	cold	sweep	16384	16384	4	1	4	0	512	5071	6093	793507	7812	10361583	49413	5	0	0	5.5	0.000
run1_B_prefetch_sweep	uring	on	cold	sweep	16384	16384	4	1	4	1	512	18438	37654	579663	7746	7550100	67814	5	0	0	100.0	0.000
run1_B_prefetch_sweep	pool	on	cold	sweep	16384	16384	4	1	4	2	512	6382	11604	1892886	13607	9982040	51292	10	0	0	5.5	0.000
run1_B_prefetch_sweep	uring	on	cold	sweep	16384	16384	4	1	5	0	512	46438	61999	434822	14683	9121635	56130	5	0	0	100.0	0.000
run1_B_prefetch_sweep	pool	on	cold	sweep	16384	16384	4	1	5	1	512	6133	11969	1373861	12695	9493991	53929	9	0	0	5.5	0.000
run1_B_prefetch_sweep	hybrid	on	cold	sweep	16384	16384	4	1	5	2	512	5115	5919	486274	7263	8235988	62166	5	0	0	3.3	0.000
run1_B_prefetch_sweep	pool	off	cold	sweep	16384	16384	16	1	0	0	512	6955	900272	1960918	23553	12129894	42210	24	0	0	17.0	0.000
run1_B_prefetch_sweep	hybrid	off	cold	sweep	16384	16384	16	1	0	1	512	4531	5394	2612763	7276	12608863	40606	5	0	0	5.5	0.000
run1_B_prefetch_sweep	uring	off	cold	sweep	16384	16384	16	1	0	2	512	87140	220556	1047220	7721	10350197	49468	5	0	0	100.0	0.000
run1_B_prefetch_sweep	hybrid	off	cold	sweep	16384	16384	16	1	1	0	512	4244	4826	1125543	6996	10760302	47582	5	0	0	3.7	0.000
run1_B_prefetch_sweep	uring	off	cold	sweep	16384	16384	16	1	1	1	512	78172	664948	2525718	7441	8821765	58038	5	0	0	100.0	0.000
run1_B_prefetch_sweep	pool	off	cold	sweep	16384	16384	16	1	1	2	512	5367	12386	2172926	16793	6470639	79127	24	0	0	8.6	0.000
run1_B_prefetch_sweep	uring	off	cold	sweep	16384	16384	16	1	2	0	512	91462	569871	956424	7454	11333675	45175	5	0	0	100.0	0.000
run1_B_prefetch_sweep	pool	off	cold	sweep	16384	16384	16	1	2	1	512	5912	941326	1699386	19412	8471706	60436	25	0	0	21.5	0.000
run1_B_prefetch_sweep	hybrid	off	cold	sweep	16384	16384	16	1	2	2	512	4757	6693	1391374	7259	7967948	64257	5	0	0	7.4	0.000
run1_B_prefetch_sweep	pool	off	cold	sweep	16384	16384	16	1	3	0	512	5835	983897	1682200	17744	13972250	36644	24	0	0	19.5	0.000
run1_B_prefetch_sweep	hybrid	off	cold	sweep	16384	16384	16	1	3	1	512	4745	6070	1356101	7489	9162114	55882	5	0	0	7.4	0.000
run1_B_prefetch_sweep	uring	off	cold	sweep	16384	16384	16	1	3	2	512	97842	472115	2158696	9876	8620972	59390	5	0	0	100.0	0.000
run1_B_prefetch_sweep	hybrid	off	cold	sweep	16384	16384	16	1	4	0	512	4661	5780	568543	7200	7995847	64033	5	0	0	5.5	0.000
run1_B_prefetch_sweep	uring	off	cold	sweep	16384	16384	16	1	4	1	512	66320	140963	2103510	6435	6830031	74963	5	0	0	100.0	0.000
run1_B_prefetch_sweep	pool	off	cold	sweep	16384	16384	16	1	4	2	512	5729	835303	1513523	18838	8083098	63342	27	0	0	23.4	0.000
run1_B_prefetch_sweep	uring	off	cold	sweep	16384	16384	16	1	5	0	512	67684	117428	2261343	6539	6578369	77831	5	0	0	100.0	0.000
run1_B_prefetch_sweep	pool	off	cold	sweep	16384	16384	16	1	5	1	512	5553	828336	1843252	18741	8098809	63219	27	0	0	18.6	0.000
run1_B_prefetch_sweep	hybrid	off	cold	sweep	16384	16384	16	1	5	2	512	4403	5424	1233188	6591	6170128	82980	5	0	0	2.3	0.000
run1_B_prefetch_sweep	pool	on	cold	sweep	16384	16384	16	1	0	0	512	6384	870664	3560456	19351	10707272	47818	25	0	0	21.1	0.000
run1_B_prefetch_sweep	hybrid	on	cold	sweep	16384	16384	16	1	0	1	512	5473	7759	1306936	8530	10677899	47950	5	0	0	8.0	0.000
run1_B_prefetch_sweep	uring	on	cold	sweep	16384	16384	16	1	0	2	512	87028	563229	829106	9092	12317014	41569	5	0	0	100.0	0.000
run1_B_prefetch_sweep	hybrid	on	cold	sweep	16384	16384	16	1	1	0	512	5525	11976	1247929	8905	11498879	44526	5	0	0	8.2	0.000
run1_B_prefetch_sweep	uring	on	cold	sweep	16384	16384	16	1	1	1	512	98404	525854	906703	8626	9408123	54421	5	0	0	100.0	0.000
run1_B_prefetch_sweep	pool	on	cold	sweep	16384	16384	16	1	1	2	512	6444	855601	2232733	17667	9858179	51937	25	0	0	16.0	0.000
run1_B_prefetch_sweep	uring	on	cold	sweep	16384	16384	16	1	2	0	512	110192	521557	956338	8834	9578743	53452	5	0	0	100.0	0.000
run1_B_prefetch_sweep	pool	on	cold	sweep	16384	16384	16	1	2	1	512	6440	873930	2586344	20185	13976174	36634	31	0	0	15.6	0.000
run1_B_prefetch_sweep	hybrid	on	cold	sweep	16384	16384	16	1	2	2	512	5217	7544	699981	8262	13373946	38283	5	0	0	7.4	0.000
run1_B_prefetch_sweep	pool	on	cold	sweep	16384	16384	16	1	3	0	512	6178	772998	2459441	18648	13565007	37744	25	0	0	15.0	0.000
run1_B_prefetch_sweep	hybrid	on	cold	sweep	16384	16384	16	1	3	1	512	5336	8610	811819	8379	11880930	43094	5	0	0	8.2	0.000
run1_B_prefetch_sweep	uring	on	cold	sweep	16384	16384	16	1	3	2	512	98326	636224	1626483	9267	11013625	46488	5	0	0	100.0	0.000
run1_B_prefetch_sweep	hybrid	on	cold	sweep	16384	16384	16	1	4	0	512	5280	8298	606724	8340	13051097	39230	5	0	0	7.4	0.000
run1_B_prefetch_sweep	uring	on	cold	sweep	16384	16384	16	1	4	1	512	102268	434887	1479947	9051	11511597	44477	5	0	0	100.0	0.000
run1_B_prefetch_sweep	pool	on	cold	sweep	16384	16384	16	1	4	2	512	6353	945735	2012972	19416	13935529	36741	25	0	0	18.6	0.000
run1_B_prefetch_sweep	uring	on	cold	sweep	16384	16384	16	1	5	0	512	82466	384033	864456	7731	10427065	49103	5	0	0	100.0	0.000
run1_B_prefetch_sweep	pool	on	cold	sweep	16384	16384	16	1	5	1	512	6434	818751	1577247	20926	8472518	60431	23	0	0	17.4	0.000
run1_B_prefetch_sweep	hybrid	on	cold	sweep	16384	16384	16	1	5	2	512	5191	516628	865853	7641	7723387	66292	5	0	0	10.9	0.000
run1_C_readers	pool	off	cold	stride	16384	250000	1	1	0	0	512	103912	122996	205885	81438	52665349	9722	6	0	0	87.5	0.000
run1_C_readers	uring	off	cold	stride	16384	250000	1	1	0	1	512	77066	97303	741923	41637	45907377	11153	5	0	0	100.0	0.000
run1_C_readers	hybrid	off	cold	stride	16384	250000	1	1	0	2	512	57584	79724	140294	39219	29783642	17191	5	0	0	86.1	0.000
run1_C_readers	uring	off	cold	stride	16384	250000	1	1	1	0	512	75364	112873	906824	39271	46000589	11130	5	0	0	100.0	0.000
run1_C_readers	hybrid	off	cold	stride	16384	250000	1	1	1	1	512	65445	106505	221804	44778	41656713	12291	5	0	0	87.3	0.000
run1_C_readers	pool	off	cold	stride	16384	250000	1	1	1	2	512	104746	137514	710149	88695	60216723	8503	6	0	0	87.7	0.000
run1_C_readers	hybrid	off	cold	stride	16384	250000	1	1	2	0	512	77515	96268	176540	39672	41944564	12207	5	0	0	87.9	0.000
run1_C_readers	pool	off	cold	stride	16384	250000	1	1	2	1	512	106363	142345	610084	85295	58468259	8757	6	0	0	88.1	0.000
run1_C_readers	uring	off	cold	stride	16384	250000	1	1	2	2	512	81915	174410	477047	68461	57375135	8924	5	0	0	100.0	0.000
run1_C_readers	pool	off	cold	stride	16384	250000	1	1	3	0	512	104949	206672	810997	111314	68861099	7435	6	0	0	88.1	0.000
run1_C_readers	uring	off	cold	stride	16384	250000	1	1	3	1	512	79040	98283	688472	39759	43066690	11889	5	0	0	100.0	0.000
run1_C_readers	hybrid	off	cold	stride	16384	250000	1	1	3	2	512	71474	87690	651353	38447	39839589	12852	5	0	0	87.9	0.000
run1_C_readers	uring	off	cold	stride	16384	250000	1	1	4	0	512	77926	92104	666947	39461	42058228	12174	5	0	0	100.0	0.000
run1_C_readers	hybrid	off	cold	stride	16384	250000	1	1	4	1	512	71896	86395	642532	38248	39592304	12932	5	0	0	87.9	0.000
run1_C_readers	pool	off	cold	stride	16384	250000	1	1	4	2	512	105466	144681	693645	89977	56619196	9043	7	0	0	88.3	0.000
run1_C_readers	hybrid	off	cold	stride	16384	250000	1	1	5	0	512	67347	86159	479347	39725	37159296	13779	5	0	0	87.7	0.000
run1_C_readers	pool	off	cold	stride	16384	250000	1	1	5	1	512	87081	172230	717554	83803	51891284	9867	6	0	0	88.1	0.000
run1_C_readers	uring	off	cold	stride	16384	250000	1	1	5	2	512	156304	185512	696461	115196	79417444	6447	5	0	0	100.0	0.000
run1_C_readers	pool	off	cold	stride	16384	250000	4	1	0	0	512	163110	323970	998518	86395	26260406	19497	13	0	0	90.8	0.000
run1_C_readers	uring	off	cold	stride	16384	250000	4	1	0	1	512	511277	610635	907859	69086	51676367	9908	5	0	0	100.0	0.000
run1_C_readers	hybrid	off	cold	stride	16384	250000	4	1	0	2	512	83715	120883	750590	16635	18211713	28114	5	0	0	91.0	0.000
run1_C_readers	uring	off	cold	stride	16384	250000	4	1	1	0	512	134876	170051	829584	15938	20398270	25100	5	0	0	100.0	0.000
run1_C_readers	hybrid	off	cold	stride	16384	250000	4	1	1	1	512	85695	124038	869006	18348	18626342	27488	5	0	0	89.6	0.000
run1_C_readers	pool	off	cold	stride	16384	250000	4	1	1	2	512	149615	220173	1031662	63557	22740416	22515	12	0	0	90.8	0.000
run1_C_readers	hybrid	off	cold	stride	16384	250000	4	1	2	0	512	94531	137749	827809	19484	20381721	25121	5	0	0	90.2	0.000
run1_C_readers	pool	off	cold	stride	16384	250000	4	1	2	1	512	149553	233681	978843	62648	23258148	22014	11	0	0	91.4	0.000
run1_C_readers	uring	off	cold	stride	16384	250000	4	1	2	2	512	130768	165675	885695	15694	20440317	25049	5	0	0	100.0	0.000
run1_C_readers	pool	off	cold	stride	16384	250000	4	1	3	0	512	154311	218887	940135	64770	23443610	21840	13	0	0	91.2	0.000
run1_C_readers	uring	off	cold	stride	16384	250000	4	1	3	1	512	125063	188317	918126	16790	20612142	24840	5	0	0	100.0	0.000
run1_C_readers	hybrid	off	cold	stride	16384	250000	4	1	3	2	512	89247	144424	807246	22003	19890763	25741	5	0	0	91.0	0.000
run1_C_readers	uring	off	cold	stride	16384	250000	4	1	4	0	512	151858	235262	924399	17877	23913470	21411	5	0	0	100.0	0.000
run1_C_readers	hybrid	off	cold	stride	16384	250000	4	1	4	1	512	81549	126513	987023	17724	19400754	26391	5	0	0	90.0	0.000
run1_C_readers	pool	off	cold	stride	16384	250000	4	1	4	2	512	147782	232598	903426	65228	22974399	22286	13	0	0	91.4	0.000
run1_C_readers	hybrid	off	cold	stride	16384	250000	4	1	5	0	512	93621	154204	797499	24492	20874358	24528	5	0	0	89.5	0.000
run1_C_readers	pool	off	cold	stride	16384	250000	4	1	5	1	512	155659	228185	950637	66152	24006146	21328	14	0	0	91.4	0.000
run1_C_readers	uring	off	cold	stride	16384	250000	4	1	5	2	512	131728	158950	895993	15492	20101375	25471	5	0	0	100.0	0.000
run1_C_readers	pool	off	cold	stride	16384	250000	1	4	0	0	512	131117	241951	803022	342330	129197514	3963	12	0	0	20.0	0.000
run1_C_readers	uring	off	cold	stride	16384	250000	1	4	0	1	2048	118395	220334	338477	42725	63521437	32241	5	0	0	100.0	0.000
run1_C_readers	hybrid	off	cold	stride	16384	250000	1	4	0	2	2048	136298	234180	475302	47257	71610445	28599	5	0	0	82.6	0.000
run1_C_readers	uring	off	cold	stride	16384	250000	1	4	1	0	2048	146782	233399	342878	44605	77563759	26404	5	0	0	100.0	0.000
run1_C_readers	hybrid	off	cold	stride	16384	250000	1	4	1	1	2048	131976	234518	340597	43887	70024691	29247	5	0	0	81.3	0.000
run1_C_readers	pool	off	cold	stride	16384	250000	1	4	1	2	512	107526	232634	357908	168411	65603059	7805	16	0	0	20.7	0.000
run1_C_readers	hybrid	off	cold	stride	16384	250000	1	4	2	0	2048	131698	232022	408768	43616	69659334	29400	5	0	0	80.8	0.000
run1_C_readers	pool	off	cold	stride	16384	250000	1	4	2	1	512	119914	244734	714951	193607	72850512	7028	12	0	0	21.1	0.000
run1_C_readers	uring	off	cold	stride	16384	250000	1	4	2	2	2048	130427	226298	362136	45558	69362232	29526	5	0	0	100.0	0.000
run1_C_readers	pool	off	cold	stride	16384	250000	1	4	3	0	512	123431	252650	644103	174136	68251679	7502	13	0	0	19.2	0.000
run1_C_readers	uring	off	cold	stride	16384	250000	1	4	3	1	2048	122435	225280	382397	42276	66912891	30607	5	0	0	100.0	0.000
run1_C_readers	hybrid	off	cold	stride	16384	250000	1	4	3	2	2048	131635	233856	393228	43840	68681692	29819	5	0	0	79.3	0.000
run1_C_readers	uring	off	cold	stride	16384	250000	1	4	4	0	2048	129473	231351	852177	44833	71591658	28607	5	0	0	100.0	0.000
run1_C_readers	hybrid	off	cold	stride	16384	250000	1	4	4	1	2048	122857	225111	412168	41881	65023972	31496	5	0	0	77.7	0.000
run1_C_readers	pool	off	cold	stride	16384	250000	1	4	4	2	512	110040	238711	564907	182313	67716061	7561	12	0	0	20.5	0.000
run1_C_readers	hybrid	off	cold	stride	16384	250000	1	4	5	0	2048	125217	225752	359869	41700	65061288	31478	5	0	0	77.2	0.000
run1_C_readers	pool	off	cold	stride	16384	250000	1	4	5	1	512	107407	237510	530504	184057	66396953	7711	12	0	0	20.8	0.000
run1_C_readers	uring	off	cold	stride	16384	250000	1	4	5	2	2048	117525	216732	384245	40622	62825489	32598	5	0	0	100.0	0.000
run1_C_readers	pool	off	cold	stride	16384	250000	4	4	0	0	512	170724	511710	1187860	128458	31783725	16109	37	0	0	21.1	0.000
run1_C_readers	uring	off	cold	stride	16384	250000	4	4	0	1	2048	207192	431074	1242823	19088	31843280	64315	5	0	0	100.0	0.000
run1_C_readers	hybrid	off	cold	stride	16384	250000	4	4	0	2	2048	171678	483980	919051	20427	34148467	59973	5	0	0	71.8	0.000
run1_C_readers	uring	off	cold	stride	16384	250000	4	4	1	0	2048	218139	544526	1150190	21443	34896594	58688	5	0	0	100.0	0.000
run1_C_readers	hybrid	off	cold	stride	16384	250000	4	4	1	1	2048	195664	533116	944080	22387	37334617	54855	5	0	0	74.4	0.000
run1_C_readers	pool	off	cold	stride	16384	250000	4	4	1	2	512	185273	605406	1216427	130655	33196711	15423	45	0	0	20.3	0.000
run1_C_readers	hybrid	off	cold	stride	16384	250000	4	4	2	0	2048	178534	483956	1380704	21556	34926800	58637	5	0	0	72.7	0.000
run1_C_readers	pool	off	cold	stride	16384	250000	4	4	2	1	512	202470	466681	1128572	148476	33825558	15136	35	0	0	21.6	0.000
run1_C_readers	uring	off	cold	stride	16384	250000	4	4	2	2	2048	243126	593238	1167002	20900	37018870	55323	5	0	0	100.0	0.000
run1_C_readers	pool	off	cold	stride	16384	250000	4	4	3	0	512	181337	492451	1622877	123143	32289206	15857	32	0	0	20.9	0.000
run1_C_readers	uring	off	cold	stride	16384	250000	4	4	3	1	2048	208570	442123	1325457	19560	32072086	63856	5	0	0	100.0	0.000
run1_C_readers	hybrid	off	cold	stride	16384	250000	4	4	3	2	2048	178604	515551	929647	22154	35723181	57330	5	0	0	72.9	0.000
run1_C_readers	uring	off	cold	stride	16384	250000	4	4	4	0	2048	206839	378060	1893249	17257	32014725	63971	5	0	0	100.0	0.000
run1_C_readers	hybrid	off	cold	stride	16384	250000	4	4	4	1	2048	174157	511157	1266468	22483	36119127	56701	5	0	0	72.1	0.000
run1_C_readers	pool	off	cold	stride	16384	250000	4	4	4	2	512	174731	515655	1302047	119279	31850659	16075	35	0	0	21.4	0.000
run1_C_readers	hybrid	off	cold	stride	16384	250000	4	4	5	0	2048	174911	535795	1205040	22165	36535189	56056	5	0	0	68.4	0.000
run1_C_readers	pool	off	cold	stride	16384	250000	4	4	5	1	512	180170	488213	1431627	127881	31919603	16040	42	0	0	21.0	0.000
run1_C_readers	uring	off	cold	stride	16384	250000	4	4	5	2	2048	205748	427768	1236374	19784	31716006	64573	5	0	0	100.0	0.000
run1_C_readers	pool	off	cold	stride	16384	250000	1	16	0	0	512	113316	414527	819322	319430	80246118	6380	37	0	0	3.9	0.000
run1_C_readers	uring	off	cold	stride	16384	250000	1	16	0	1	8192	154543	533809	732065	22790	125087551	65490	5	0	0	100.0	0.000
run1_C_readers	hybrid	off	cold	stride	16384	250000	1	16	0	2	8192	173710	580601	796319	25618	135307917	60543	5	0	0	73.0	0.000
run1_C_readers	uring	off	cold	stride	16384	250000	1	16	1	0	8192	118766	549097	884281	22584	119102021	68781	5	0	0	100.0	0.000
run1_C_readers	hybrid	off	cold	stride	16384	250000	1	16	1	1	8192	140950	557429	823094	24899	125659982	65192	5	0	0	70.9	0.000
run1_C_readers	pool	off	cold	stride	16384	250000	1	16	1	2	512	97197	383634	979627	312806	75138045	6814	34	0	0	3.7	0.000
run1_C_readers	hybrid	off	cold	stride	16384	250000	1	16	2	0	8192	99558	562588	782681	23566	119292898	68671	5	0	0	66.3	0.000
run1_C_readers	pool	off	cold	stride	16384	250000	1	16	2	1	512	102037	354501	894957	268338	66074702	7749	40	0	0	3.5	0.000
run1_C_readers	uring	off	cold	stride	16384	250000	1	16	2	2	8192	136041	544906	830841	23927	121292158	67539	5	0	0	100.0	0.000
run1_C_readers	pool	off	cold	stride	16384	250000	1	16	3	0	512	69515	289631	882245	244542	58334863	8777	39	0	0	3.4	0.000
run1_C_readers	uring	off	cold	stride	16384	250000	1	16	3	1	8192	86247	517547	778732	21836	108005438	75848	5	0	0	100.0	0.000
run1_C_readers	hybrid	off	cold	stride	16384	250000	1	16	3	2	8192	77522	571372	749764	22537	111327773	73585	5	0	0	65.9	0.000
run1_C_readers	uring	off	cold	stride	16384	250000	1	16	4	0	8192	85255	521384	742064	21710	106108766	77204	5	0	0	100.0	0.000
run1_C_readers	hybrid	off	cold	stride	16384	250000	1	16	4	1	8192	99876	572888	797903	25391	123768855	66188	5	0	0	68.0	0.000
run1_C_readers	pool	off	cold	stride	16384	250000	1	16	4	2	512	98963	364502	889253	280352	67439730	7592	38	0	0	3.6	0.000
run1_C_readers	hybrid	off	cold	stride	16384	250000	1	16	5	0	8192	107304	572511	804719	24564	122837989	66689	5	0	0	69.9	0.000
run1_C_readers	pool	off	cold	stride	16384	250000	1	16	5	1	512	88114	341633	902909	282552	65889424	7771	37	0	0	3.7	0.000
run1_C_readers	uring	off	cold	stride	16384	250000	1	16	5	2	8192	128894	537854	735324	23555	117580977	69671	5	0	0	100.0	0.000
run1_C_readers	pool	off	cold	stride	16384	250000	4	16	0	0	512	74840	902873	4033463	219360	52151532	9818	84	0	0	3.1	0.000
run1_C_readers	uring	off	cold	stride	16384	250000	4	16	0	1	8192	205609	1099684	2404068	10647	60377063	135681	5	0	0	100.0	0.000
run1_C_readers	hybrid	off	cold	stride	16384	250000	4	16	0	2	8192	5775	804049	2551298	10500	52956228	154694	5	0	0	58.3	0.000
run1_C_readers	uring	off	cold	stride	16384	250000	4	16	1	0	8192	181861	1431990	2425121	10884	65323771	125406	5	0	0	100.0	0.000
run1_C_readers	hybrid	off	cold	stride	16384	250000	4	16	1	1	8192	2959	717811	2007306	9059	44979538	182127	5	0	0	47.0	0.000
run1_C_readers	pool	off	cold	stride	16384	250000	4	16	1	2	512	4821	1008689	5513966	208080	50730211	10093	77	0	0	3.0	0.000
run1_C_readers	hybrid	off	cold	stride	16384	250000	4	16	2	0	8192	3462	676582	2204092	8776	40232363	203617	5	0	0	52.4	0.000
run1_C_readers	pool	off	cold	stride	16384	250000	4	16	2	1	512	76349	1058256	5749518	208475	49376333	10369	94	0	0	3.1	0.000
run1_C_readers	uring	off	cold	stride	16384	250000	4	16	2	2	8192	229093	1929707	2695504	12928	75360979	108703	5	0	0	100.0	0.000
run1_C_readers	pool	off	cold	stride	16384	250000	4	16	3	0	512	76841	878514	6452729	217850	47785684	10715	80	0	0	3.2	0.000
run1_C_readers	uring	off	cold	stride	16384	250000	4	16	3	1	8192	146170	1208088	2600973	11264	59764132	137072	5	0	0	100.0	0.000
run1_C_readers	hybrid	off	cold	stride	16384	250000	4	16	3	2	8192	9294	849385	1843494	12000	57235255	143129	5	0	0	58.9	0.000
run1_C_readers	uring	off	cold	stride	16384	250000	4	16	4	0	8192	194819	1044238	2879258	9836	57613745	142188	5	0	0	100.0	0.000
run1_C_readers	hybrid	off	cold	stride	16384	250000	4	16	4	1	8192	54207	1092180	2155569	12656	66250670	123652	5	0	0	60.5	0.000
run1_C_readers	pool	off	cold	stride	16384	250000	4	16	4	2	512	113318	806093	7410839	239154	51775095	9889	77	0	0	3.4	0.000
run1_C_readers	hybrid	off	cold	stride	16384	250000	4	16	5	0	8192	4040	770886	1987867	10964	56274921	145571	5	0	0	55.0	0.000
run1_C_readers	pool	off	cold	stride	16384	250000	4	16	5	1	512	6683	987528	4867265	194535	49151610	10417	82	0	0	2.9	0.000
run1_C_readers	uring	off	cold	stride	16384	250000	4	16	5	2	8192	178414	1244292	2441617	10973	60073491	136366	5	0	0	100.0	0.000
run1_D_size4096	pool	off	cold	stride	4096	250000	1	1	0	0	512	74558	148639	340689	75561	46379899	11039	6	0	0	87.5	0.000
run1_D_size4096	hybrid	off	cold	stride	4096	250000	1	1	0	1	512	53511	65103	183968	31381	30492586	16791	5	0	0	87.9	0.000
run1_D_size4096	uring	off	cold	stride	4096	250000	1	1	0	2	512	57906	92412	541757	34109	35206575	14543	5	0	0	100.0	0.000
run1_D_size4096	hybrid	off	cold	stride	4096	250000	1	1	1	0	512	56354	71859	121444	31468	32583147	15714	5	0	0	87.7	0.000
run1_D_size4096	uring	off	cold	stride	4096	250000	1	1	1	1	512	56265	74859	552029	31555	33150522	15445	5	0	0	100.0	0.000
run1_D_size4096	pool	off	cold	stride	4096	250000	1	1	1	2	512	69804	105713	292164	70114	40860436	12530	6	0	0	87.9	0.000
run1_D_size4096	uring	off	cold	stride	4096	250000	1	1	2	0	512	56736	73432	551245	31599	33872410	15116	5	0	0	100.0	0.000
run1_D_size4096	pool	off	cold	stride	4096	250000	1	1	2	1	512	91725	110720	577321	76048	46891299	10919	7	0	0	87.9	0.000
run1_D_size4096	hybrid	off	cold	stride	4096	250000	1	1	2	2	512	56480	70982	558111	32648	33022155	15505	5	0	0	87.7	0.000
run1_D_size4096	pool	off	cold	stride	4096	250000	1	1	3	0	512	91352	106330	528823	89467	46869861	10924	6	0	0	87.5	0.000
run1_D_size4096	hybrid	off	cold	stride	4096	250000	1	1	3	1	512	56404	66516	474133	32801	32006049	15997	5	0	0	88.1	0.000
run1_D_size4096	uring	off	cold	stride	4096	250000	1	1	3	2	512	55920	64894	440528	31952	31655436	16174	5	0	0	100.0	0.000
run1_D_size4096	hybrid	off	cold	stride	4096	250000	1	1	4	0	512	55567	64172	501685	31430	31596717	16204	5	0	0	88.1	0.000
run1_D_size4096	uring	off	cold	stride	4096	250000	1	1	4	1	512	55552	64814	370304	31671	31326565	16344	5	0	0	100.0	0.000
run1_D_size4096	pool	off	cold	stride	4096	250000	1	1	4	2	512	75760	101774	596588	74403	42479660	12053	6	0	0	87.9	0.000
run1_D_size4096	uring	off	cold	stride	4096	250000	1	1	5	0	512	56168	72873	561157	34668	32806559	15607	5	0	0	100.0	0.000
run1_D_size4096	pool	off	cold	stride	4096	250000	1	1	5	1	512	92565	110682	606110	78653	50353376	10168	6	0	0	87.9	0.000
run1_D_size4096	hybrid	off	cold	stride	4096	250000	1	1	5	2	512	55890	64342	455592	31988	31682179	16161	5	0	0	87.7	0.000
run1_D_size4096	pool	off	cold	stride	4096	250000	16	1	0	0	512	239754	737597	3247738	54234	13574194	37719	38	0	0	92.4	0.000
run1_D_size4096	hybrid	off	cold	stride	4096	250000	16	1	0	1	512	129996	242212	3296466	11154	11570081	44252	5	0	0	92.6	0.000
run1_D_size4096	uring	off	cold	stride	4096	250000	16	1	0	2	512	222965	274837	3156447	7369	11523007	44433	5	0	0	100.0	0.000
run1_D_size4096	hybrid	off	cold	stride	4096	250000	16	1	1	0	512	124556	296244	3095185	12612	11776264	43477	5	0	0	92.6	0.000
run1_D_size4096	uring	off	cold	stride	4096	250000	16	1	1	1	512	216457	290487	2852803	6763	10791719	47444	5	0	0	100.0	0.000
run1_D_size4096	pool	off	cold	stride	4096	250000	16	1	1	2	512	215416	635228	3104367	43359	12023108	42585	32	0	0	92.8	0.000
run1_D_size4096	uring	off	cold	stride	4096	250000	16	1	2	0	512	221845	366081	3111344	7234	11683526	43822	5	0	0	100.0	0.000
run1_D_size4096	pool	off	cold	stride	4096	250000	16	1	2	1	512	267611	629742	3572053	50654	13557634	37765	34	0	0	91.6	0.000
run1_D_size4096	hybrid	off	cold	stride	4096	250000	16	1	2	2	512	144625	373593	3009378	13211	12353500	41446	5	0	0	92.8	0.000
run1_D_size4096	pool	off	cold	stride	4096	250000	16	1	3	0	512	244342	710524	3556433	47738	13481689	37977	34	0	0	92.8	0.000
run1_D_size4096	hybrid	off	cold	stride	4096	250000	16	1	3	1	512	133680	358175	3055103	15170	12919977	39629	5	0	0	92.6	0.000
run1_D_size4096	uring	off	cold	stride	4096	250000	16	1	3	2	512	234538	307533	2815176	6858	10859724	47147	5	0	0	100.0	0.000
run1_D_size4096	hybrid	off	cold	stride	4096	250000	16	1	4	0	512	130890	321560	3107815	12795	12163488	42093	5	0	0	92.6	0.000
run1_D_size4096	uring	off	cold	stride	4096	250000	16	1	4	1	512	230793	312347	2816738	6855	11404179	44896	5	0	0	100.0	0.000
run1_D_size4096	pool	off	cold	stride	4096	250000	16	1	4	2	512	223408	616027	3368485	43985	12769093	40097	28	0	0	92.8	0.000
run1_D_size4096	uring	off	cold	stride	4096	250000	16	1	5	0	512	229610	288470	3228607	7095	11628348	44030	5	0	0	100.0	0.000
run1_D_size4096	pool	off	cold	stride	4096	250000	16	1	5	1	512	219293	636123	3452302	44342	13505676	37910	32	0	0	91.8	0.000
run1_D_size4096	hybrid	off	cold	stride	4096	250000	16	1	5	2	512	161149	328024	3054053	15786	13184633	38833	5	0	0	92.6	0.000
run1_D_size4096	pool	off	warm	stride	4096	250000	1	1	0	0	512	1264	1614	2020	1770	812025	630522	5	0	0	0.0	0.000
run1_D_size4096	hybrid	off	warm	stride	4096	250000	1	1	0	1	512	1123	1385	1912	1881	862502	593622	5	0	0	0.0	0.000
run1_D_size4096	uring	off	warm	stride	4096	250000	1	1	0	2	512	2243	14237	17880	6862	2826218	181161	5	0	0	100.0	0.000
run1_D_size4096	hybrid	off	warm	stride	4096	250000	1	1	1	0	512	955	1109	1412	1614	733983	697564	5	0	0	0.0	0.000
run1_D_size4096	uring	off	warm	stride	4096	250000	1	1	1	1	512	2252	14256	20757	7240	2939753	174164	5	0	0	100.0	0.000
run1_D_size4096	pool	off	warm	stride	4096	250000	1	1	1	2	512	911	1015	1166	1425	641557	798058	5	0	0	0.0	0.000
run1_D_size4096	uring	off	warm	stride	4096	250000	1	1	2	0	512	1612	14000	15576	5957	2432685	210467	5	0	0	100.0	0.000
run1_D_size4096	pool	off	warm	stride	4096	250000	1	1	2	1	512	922	1013	1177	1370	646055	792502	5	0	0	0.0	0.000
run1_D_size4096	hybrid	off	warm	stride	4096	250000	1	1	2	2	512	917	1021	1249	1667	729191	702148	5	0	0	0.0	0.000
run1_D_size4096	pool	off	warm	stride	4096	250000	1	1	3	0	512	937	1046	1823	1472	686616	745686	5	0	0	0.0	0.000
run1_D_size4096	hybrid	off	warm	stride	4096	250000	1	1	3	1	512	942	1044	1144	1622	766044	668369	5	0	0	0.0	0.000
run1_D_size4096	uring	off	warm	stride	4096	250000	1	1	3	2	512	2666	14573	20498	8278	3362107	152285	5	0	0	100.0	0.000
run1_D_size4096	hybrid	off	warm	stride	4096	250000	1	1	4	0	512	961	1053	1261	1728	810174	631963	5	0	0	0.0	0.000
run1_D_size4096	uring	off	warm	stride	4096	250000	1	1	4	1	512	2654	14612	21087	8292	3358063	152469	5	0	0	100.0	0.000
run1_D_size4096	pool	off	warm	stride	4096	250000	1	1	4	2	512	892	983	1105	1380	599807	853608	5	0	0	0.0	0.000
run1_D_size4096	uring	off	warm	stride	4096	250000	1	1	5	0	512	2607	14488	20548	7946	3281289	156036	5	0	0	100.0	0.000
run1_D_size4096	pool	off	warm	stride	4096	250000	1	1	5	1	512	895	991	1576	1392	650623	786938	5	0	0	0.0	0.000
run1_D_size4096	hybrid	off	warm	stride	4096	250000	1	1	5	2	512	935	1033	1141	1555	741985	690041	5	0	0	0.0	0.000
run1_D_size4096	pool	off	warm	stride	4096	250000	16	1	0	0	512	1065	1186	2873	1863	345646	1481284	5	0	0	0.0	0.000
run1_D_size4096	hybrid	off	warm	stride	4096	250000	16	1	0	1	512	975	1082	1228	1674	755095	678060	5	0	0	0.0	0.000
run1_D_size4096	uring	off	warm	stride	4096	250000	16	1	0	2	512	25550	27067	41201	2558	1106190	462850	5	0	0	100.0	0.000
run1_D_size4096	hybrid	off	warm	stride	4096	250000	16	1	1	0	512	990	1081	1192	1670	733147	698359	5	0	0	0.0	0.000
run1_D_size4096	uring	off	warm	stride	4096	250000	16	1	1	1	512	25424	26492	40428	2466	1047593	488739	5	0	0	100.0	0.000
run1_D_size4096	pool	off	warm	stride	4096	250000	16	1	1	2	512	1109	1406	1920	1895	291581	1755944	5	0	0	0.0	0.000
run1_D_size4096	uring	off	warm	stride	4096	250000	16	1	2	0	512	26266	28190	39742	2688	1156431	442742	5	0	0	100.0	0.000
run1_D_size4096	pool	off	warm	stride	4096	250000	16	1	2	1	512	1105	1387	1714	1899	388685	1317262	5	0	0	0.0	0.000
run1_D_size4096	hybrid	off	warm	stride	4096	250000	16	1	2	2	512	995	1332	2018	1757	842429	607766	5	0	0	0.0	0.000
run1_D_size4096	pool	off	warm	stride	4096	250000	16	1	3	0	512	1256	1446	1638	2274	360649	1419663	5	0	0	0.0	0.000
run1_D_size4096	hybrid	off	warm	stride	4096	250000	16	1	3	1	512	952	1052	1395	1805	830224	616701	5	0	0	0.0	0.000
run1_D_size4096	uring	off	warm	stride	4096	250000	16	1	3	2	512	25125	26385	47244	2561	1053053	486205	5	0	0	100.0	0.000
run1_D_size4096	hybrid	off	warm	stride	4096	250000	16	1	4	0	512	959	1062	1228	1742	797086	642340	5	0	0	0.0	0.000
run1_D_size4096	uring	off	warm	stride	4096	250000	16	1	4	1	512	25483	31818	49637	2516	1082111	473149	5	0	0	100.0	0.000
run1_D_size4096	pool	off	warm	stride	4096	250000	16	1	4	2	512	1041	1149	1255	1845	277027	1848195	5	0	0	0.0	0.000
run1_D_size4096	uring	off	warm	stride	4096	250000	16	1	5	0	512	12545	13534	21474	1468	663200	772014	5	0	0	100.0	0.000
run1_D_size4096	pool	off	warm	stride	4096	250000	16	1	5	1	512	1055	1149	1307	1768	302545	1692310	5	0	0	0.0	0.000
run1_D_size4096	hybrid	off	warm	stride	4096	250000	16	1	5	2	512	978	1087	1239	1796	822313	622634	5	0	0	0.0	0.000
run1_D_size65536	pool	off	cold	stride	65536	250000	1	1	0	0	512	207047	329992	1106804	91176	337339121	1518	6	0	0	77.1	0.000
run1_D_size65536	hybrid	off	cold	stride	65536	250000	1	1	0	1	512	114063	145917	861446	51172	59141973	8657	5	0	0	76.2	0.000
run1_D_size65536	uring	off	cold	stride	65536	250000	1	1	0	2	512	98903	120495	767765	48590	52624062	9729	5	0	0	100.0	0.000
run1_D_size65536	hybrid	off	cold	stride	65536	250000	1	1	1	0	512	104207	134634	747284	48046	55685846	9194	5	0	0	77.5	0.000
run1_D_size65536	uring	off	cold	stride	65536	250000	1	1	1	1	512	107603	137703	220045	50777	54434620	9406	5	0	0	100.0	0.000
run1_D_size65536	pool	off	cold	stride	65536	250000	1	1	1	2	512	122945	166551	830905	86070	64362572	7955	6	0	0	76.8	0.000
run1_D_size65536	uring	off	cold	stride	65536	250000	1	1	2	0	512	107872	136015	568559	51655	56933541	8993	5	0	0	100.0	0.000
run1_D_size65536	pool	off	cold	stride	65536	250000	1	1	2	1	512	124583	160678	897755	88568	64040001	7995	7	0	0	76.0	0.000
run1_D_size65536	hybrid	off	cold	stride	65536	250000	1	1	2	2	512	93432	125513	762676	56432	55165451	9281	5	0	0	75.6	0.000
run1_D_size65536	pool	off	cold	stride	65536	250000	1	1	3	0	512	167584	517347	810154	221652	142924889	3582	6	0	0	75.6	0.000
run1_D_size65536	hybrid	off	cold	stride	65536	250000	1	1	3	1	512	466225	577383	1403250	396234	243608689	2102	5	0	0	74.0	0.000
run1_D_size65536	uring	off	cold	stride	65536	250000	1	1	3	2	512	138764	465010	643435	133827	105677202	4845	5	0	0	100.0	0.000
run1_D_size65536	hybrid	off	cold	stride	65536	250000	1	1	4	0	512	104620	323999	625127	84419	69975035	7317	5	0	0	74.0	0.000
run1_D_size65536	uring	off	cold	stride	65536	250000	1	1	4	1	512	95692	479403	700335	110384	88129392	5810	5	0	0	100.0	0.000
run1_D_size65536	pool	off	cold	stride	65536	250000	1	1	4	2	512	110745	165827	790570	95490	63380873	8078	6	0	0	75.6	0.000
run1_D_size65536	uring	off	cold	stride	65536	250000	1	1	5	0	512	107597	141013	734285	52075	57814788	8856	5	0	0	100.0	0.000
run1_D_size65536	pool	off	cold	stride	65536	250000	1	1	5	1	512	127489	155041	512297	82227	59841345	8556	6	0	0	75.2	0.000
run1_D_size65536	hybrid	off	cold	stride	65536	250000	1	1	5	2	512	114455	163106	727408	55955	64146577	7982	5	0	0	76.6	0.000
run1_D_size65536	pool	off	cold	stride	65536	250000	16	1	0	0	512	907849	1875905	3317706	81634	33879173	15113	27	0	0	92.6	0.000
run1_D_size65536	hybrid	off	cold	stride	65536	250000	16	1	0	1	512	810848	1595618	2462054	32103	34200719	14970	5	0	0	88.5	0.000
run1_D_size65536	uring	off	cold	stride	65536	250000	16	1	0	2	512	1131518	1613148	3532356	38449	39260866	13041	5	0	0	100.0	0.000
run1_D_size65536	hybrid	off	cold	stride	65536	250000	16	1	1	0	512	826662	1648476	4024668	37818	37080172	13808	5	0	0	90.4	0.000
run1_D_size65536	uring	off	cold	stride	65536	250000	16	1	1	1	512	1058046	1211346	3809514	28313	36867213	13888	5	0	0	100.0	0.000
run1_D_size65536	pool	off	cold	stride	65536	250000	16	1	1	2	512	911048	2372229	12766199	124323	51395215	9962	26	0	0	88.5	0.000
run1_D_size65536	uring	off	cold	stride	65536	250000	16	1	2	0	512	1053888	1363593	2863245	28047	34999869	14629	5	0	0	100.0	0.000
run1_D_size65536	pool	off	cold	stride	65536	250000	16	1	2	1	512	964144	2177325	3511533	108435	38208269	13400	32	0	0	90.2	0.000
run1_D_size65536	hybrid	off	cold	stride	65536	250000	16	1	2	2	512	706934	1531820	3697896	30285	32597284	15707	5	0	0	85.9	0.000
run1_D_size65536	pool	off	cold	stride	65536	250000	16	1	3	0	512	896975	1960937	3510167	78543	34880140	14679	30	0	0	92.8	0.000
run1_D_size65536	hybrid	off	cold	stride	65536	250000	16	1	3	1	512	735352	2564727	22447437	55159	65886145	7771	5	0	0	83.8	0.000
run1_D_size65536	uring	off	cold	stride	65536	250000	16	1	3	2	512	972063	1214468	3632539	27783	34187946	14976	5	0	0	100.0	0.000
run1_D_size65536	hybrid	off	cold	stride	65536	250000	16	1	4	0	512	655968	880533	1235663	30427	27324810	18738	5	0	0	76.6	0.000
run1_D_size65536	uring	off	cold	stride	65536	250000	16	1	4	1	512	1317366	8535439	10512353	162670	105924186	4834	5	0	0	100.0	0.000
run1_D_size65536	pool	off	cold	stride	65536	250000	16	1	4	2	512	1095282	2491244	3643670	122720	43666509	11725	30	0	0	92.8	0.000
run1_D_size65536	uring	off	cold	stride	65536	250000	16	1	5	0	512	1061569	1220318	1474113	36203	34290752	14931	5	0	0	100.0	0.000
run1_D_size65536	pool	off	cold	stride	65536	250000	16	1	5	1	512	887629	1716125	2213901	88275	30007621	17062	28	0	0	89.6	0.000
run1_D_size65536	hybrid	off	cold	stride	65536	250000	16	1	5	2	512	615194	885382	3413953	37224	30696364	16679	5	0	0	77.0	0.000
run1_D_size65536	pool	off	warm	stride	65536	250000	1	1	0	0	512	12120	15622	42754	14763	7174056	71368	5	0	0	0.0	0.000
run1_D_size65536	hybrid	off	warm	stride	65536	250000	1	1	0	1	512	11184	14167	41688	13552	6729483	76083	5	0	0	0.0	0.000
run1_D_size65536	uring	off	warm	stride	65536	250000	1	1	0	2	512	25640	30565	61161	32010	14027904	36499	5	0	0	100.0	0.000
run1_D_size65536	hybrid	off	warm	stride	65536	250000	1	1	1	0	512	8693	11600	48981	11621	5373115	95289	5	0	0	0.0	0.000
run1_D_size65536	uring	off	warm	stride	65536	250000	1	1	1	1	512	32704	39733	72601	38857	17460300	29324	5	0	0	100.0	0.000
run1_D_size65536	pool	off	warm	stride	65536	250000	1	1	1	2	512	8401	10892	18092	9839	4909852	104280	5	0	0	0.0	0.000
run1_D_size65536	uring	off	warm	stride	65536	250000	1	1	2	0	512	23393	27693	45872	28951	12570131	40731	5	0	0	100.0	0.000
run1_D_size65536	pool	off	warm	stride	65536	250000	1	1	2	1	512	11276	14237	52217	13208	6550809	78158	5	0	0	0.0	0.000
run1_D_size65536	hybrid	off	warm	stride	65536	250000	1	1	2	2	512	7656	9881	19600	9549	4702810	108871	5	0	0	0.0	0.000
run1_D_size65536	pool	off	warm	stride	65536	250000	1	1	3	0	512	7847	10098	40383	9259	4610876	111042	5	0	0	0.0	0.000
run1_D_size65536	hybrid	off	warm	stride	65536	250000	1	1	3	1	512	10906	13185	46369	13107	6526488	78450	5	0	0	0.0	0.000
run1_D_size65536	uring	off	warm	stride	65536	250000	1	1	3	2	512	28417	35743	67154	35859	15472378	33091	5	0	0	100.0	0.000
run1_D_size65536	hybrid	off	warm	stride	65536	250000	1	1	4	0	512	11588	13939	43375	13393	6752685	75822	5	0	0	0.0	0.000
run1_D_size65536	uring	off	warm	stride	65536	250000	1	1	4	1	512	28206	33098	54435	34572	15276802	33515	5	0	0	100.0	0.000
run1_D_size65536	pool	off	warm	stride	65536	250000	1	1	4	2	512	8724	11046	35731	10374	5179096	98859	5	0	0	0.0	0.000
run1_D_size65536	uring	off	warm	stride	65536	250000	1	1	5	0	512	25411	29996	53202	31531	13782379	37149	5	0	0	100.0	0.000
run1_D_size65536	pool	off	warm	stride	65536	250000	1	1	5	1	512	8399	10911	39940	10508	5236000	97785	5	0	0	0.0	0.000
run1_D_size65536	hybrid	off	warm	stride	65536	250000	1	1	5	2	512	7131	9251	30199	8774	4403366	116275	5	0	0	0.0	0.000
run1_D_size65536	pool	off	warm	stride	65536	250000	16	1	0	0	512	10311	14058	34742	12288	2201255	232595	5	0	0	0.0	0.000
run1_D_size65536	hybrid	off	warm	stride	65536	250000	16	1	0	1	512	9431	12215	41058	12405	6218009	82341	5	0	0	0.0	0.000
run1_D_size65536	uring	off	warm	stride	65536	250000	16	1	0	2	512	216142	240852	270465	16182	7689719	66582	5	0	0	100.0	0.000
run1_D_size65536	hybrid	off	warm	stride	65536	250000	16	1	1	0	512	12282	14774	50486	15628	7878970	64983	5	0	0	0.0	0.000
run1_D_size65536	uring	off	warm	stride	65536	250000	16	1	1	1	512	277844	332297	342870	19950	9883197	51805	5	0	0	100.0	0.000
run1_D_size65536	pool	off	warm	stride	65536	250000	16	1	1	2	512	9466	13184	45274	11811	1574106	325264	5	0	0	0.0	0.000
run1_D_size65536	uring	off	warm	stride	65536	250000	16	1	2	0	512	206935	271737	310328	16361	8089696	63290	5	0	0	100.0	0.000
run1_D_size65536	pool	off	warm	stride	65536	250000	16	1	2	1	512	10210	13925	47063	12626	1694084	302228	5	0	0	0.0	0.000
run1_D_size65536	hybrid	off	warm	stride	65536	250000	16	1	2	2	512	11607	14346	43336	15054	7552616	67791	5	0	0	0.0	0.000
run1_D_size65536	pool	off	warm	stride	65536	250000	16	1	3	0	512	9660	13001	38484	11621	1571987	325702	5	0	0	0.0	0.000
run1_D_size65536	hybrid	off	warm	stride	65536	250000	16	1	3	1	512	8749	11139	41380	11867	5873612	87170	5	0	0	0.0	0.000
run1_D_size65536	uring	off	warm	stride	65536	250000	16	1	3	2	512	264314	299616	377719	19403	9642562	53098	5	0	0	100.0	0.000
run1_D_size65536	hybrid	off	warm	stride	65536	250000	16	1	4	0	512	11901	14607	44497	15587	7741575	66136	5	0	0	0.0	0.000
run1_D_size65536	uring	off	warm	stride	65536	250000	16	1	4	1	512	271625	317278	358924	19794	9833696	52066	5	0	0	100.0	0.000
run1_D_size65536	pool	off	warm	stride	65536	250000	16	1	4	2	512	11878	14671	56335	13918	2223134	230306	5	0	0	0.0	0.000
run1_D_size65536	uring	off	warm	stride	65536	250000	16	1	5	0	512	275729	334791	390249	20258	9937512	51522	5	0	0	100.0	0.000
run1_D_size65536	pool	off	warm	stride	65536	250000	16	1	5	1	512	11717	14684	52681	14041	2287323	223842	5	0	0	0.0	0.000
run1_D_size65536	hybrid	off	warm	stride	65536	250000	16	1	5	2	512	9453	12689	46107	12532	6306231	81190	5	0	0	0.0	0.000
run1_D_size250000	pool	off	cold	sweep	250000	250000	1	1	0	0	512	62273	1354750	2637016	567699	306912596	1668	6	0	0	1.6	0.000
run1_D_size250000	hybrid	off	cold	sweep	250000	250000	1	1	0	1	512	43426	1170067	2109366	452526	247714749	2067	5	0	0	0.4	0.000
run1_D_size250000	uring	off	cold	sweep	250000	250000	1	1	0	2	512	67542	1217004	2546356	486084	265054528	1932	5	0	0	100.0	0.000
run1_D_size250000	hybrid	off	cold	sweep	250000	250000	1	1	1	0	512	36212	56992	1375324	67937	57543968	8898	5	0	0	0.8	0.000
run1_D_size250000	uring	off	cold	sweep	250000	250000	1	1	1	1	512	55231	98009	741987	63680	61414379	8337	5	0	0	100.0	0.000
run1_D_size250000	pool	off	cold	sweep	250000	250000	1	1	1	2	512	32248	69436	1756554	44622	50928722	10053	6	0	0	2.0	0.000
run1_D_size250000	uring	off	cold	sweep	250000	250000	1	1	2	0	512	55445	91051	1011532	62071	55723580	9188	5	0	0	100.0	0.000
run1_D_size250000	pool	off	cold	sweep	250000	250000	1	1	2	1	512	39888	72025	1572965	52398	49354769	10374	6	0	0	1.8	0.000
run1_D_size250000	hybrid	off	cold	sweep	250000	250000	1	1	2	2	512	29027	50765	747781	36075	49181223	10410	5	0	0	2.5	0.000
run1_D_size250000	pool	off	cold	sweep	250000	250000	1	1	3	0	512	25737	49960	1766221	36153	43135223	11870	6	0	0	2.1	0.000
run1_D_size250000	hybrid	off	cold	sweep	250000	250000	1	1	3	1	512	37661	65988	1488239	49623	45311049	11300	5	0	0	2.3	0.000
run1_D_size250000	uring	off	cold	sweep	250000	250000	1	1	3	2	512	40044	84093	1542641	50367	52616325	9731	5	0	0	100.0	0.000
run1_D_size250000	hybrid	off	cold	sweep	250000	250000	1	1	4	0	512	36246	67236	779068	46752	47553902	10767	5	0	0	2.0	0.000
run1_D_size250000	uring	off	cold	sweep	250000	250000	1	1	4	1	512	45525	85582	1179101	54598	51967917	9852	5	0	0	100.0	0.000
run1_D_size250000	pool	off	cold	sweep	250000	250000	1	1	4	2	512	36408	70427	1281980	50555	45063064	11362	6	0	0	2.1	0.000
run1_D_size250000	uring	off	cold	sweep	250000	250000	1	1	5	0	512	54272	91028	664777	61326	53397705	9588	5	0	0	100.0	0.000
run1_D_size250000	pool	off	cold	sweep	250000	250000	1	1	5	1	512	32032	62939	1855482	76372	65931381	7766	6	0	0	2.1	0.000
run1_D_size250000	hybrid	off	cold	sweep	250000	250000	1	1	5	2	512	28727	51955	1202563	36318	45073509	11359	5	0	0	2.5	0.000
run1_D_size250000	pool	off	cold	sweep	250000	250000	16	1	0	0	512	64466	5637597	7206050	97482	48015925	10663	37	0	0	33.8	0.000
run1_D_size250000	hybrid	off	cold	sweep	250000	250000	16	1	0	1	512	45154	3109982	7919484	62578	52648631	9725	5	0	0	12.7	0.000
run1_D_size250000	uring	off	cold	sweep	250000	250000	16	1	0	2	512	741416	4845710	5584504	56712	48492021	10558	5	0	0	100.0	0.000
run1_D_size250000	hybrid	off	cold	sweep	250000	250000	16	1	1	0	512	45276	1934742	5962382	55771	49183911	10410	5	0	0	12.9	0.000
run1_D_size250000	uring	off	cold	sweep	250000	250000	16	1	1	1	512	825953	4476609	8015388	54639	51574235	9927	5	0	0	100.0	0.000
run1_D_size250000	pool	off	cold	sweep	250000	250000	16	1	1	2	512	34948	6028680	9135802	63513	38535630	13286	23	0	0	22.9	0.000
run1_D_size250000	uring	off	cold	sweep	250000	250000	16	1	2	0	512	811472	4592283	5930777	56090	49624027	10318	5	0	0	100.0	0.000
run1_D_size250000	pool	off	cold	sweep	250000	250000	16	1	2	1	512	34921	5416956	10383129	60079	39482063	12968	25	0	0	24.6	0.000
run1_D_size250000	hybrid	off	cold	sweep	250000	250000	16	1	2	2	512	49591	3890684	7148108	62127	51943832	9857	5	0	0	15.6	0.000
run1_D_size250000	pool	off	cold	sweep	250000	250000	16	1	3	0	512	41260	5442077	7991805	66713	38232502	13392	25	0	0	23.4	0.000
run1_D_size250000	hybrid	off	cold	sweep	250000	250000	16	1	3	1	512	39276	2703293	6193423	48882	46463567	11019	5	0	0	18.6	0.000
run1_D_size250000	uring	off	cold	sweep	250000	250000	16	1	3	2	512	1086528	4546676	6647906	76417	61826796	8281	5	0	0	100.0	0.000
run1_D_size250000	hybrid	off	cold	sweep	250000	250000	16	1	4	0	512	40776	2236607	7043344	105030	70967669	7215	5	0	0	12.7	0.000
run1_D_size250000	uring	off	cold	sweep	250000	250000	16	1	4	1	512	788279	5651760	10293956	100391	67803819	7551	5	0	0	100.0	0.000
run1_D_size250000	pool	off	cold	sweep	250000	250000	16	1	4	2	512	36065	5142478	9851170	91698	39918075	12826	23	0	0	23.6	0.000
run1_D_size250000	uring	off	cold	sweep	250000	250000	16	1	5	0	512	1308805	18596904	21153927	344499	201192697	2545	5	0	0	100.0	0.000
run1_D_size250000	pool	off	cold	sweep	250000	250000	16	1	5	1	512	69807	4825595	41094607	380261	81865341	6254	31	0	0	21.9	0.000
run1_D_size250000	hybrid	off	cold	sweep	250000	250000	16	1	5	2	512	39939	2363343	5884624	83454	61238837	8361	5	0	0	20.9	0.000
run1_D_size250000	pool	off	warm	sweep	250000	250000	1	1	0	0	512	30858	42257	80420	35266	17562542	29153	5	0	0	0.0	0.000
run1_D_size250000	hybrid	off	warm	sweep	250000	250000	1	1	0	1	512	28429	40979	71224	31658	16146525	31710	5	0	0	0.0	0.000
run1_D_size250000	uring	off	warm	sweep	250000	250000	1	1	0	2	512	54524	71252	100726	61605	29187122	17542	5	0	0	100.0	0.000
run1_D_size250000	hybrid	off	warm	sweep	250000	250000	1	1	1	0	512	28612	40513	75732	32566	16452231	31120	5	0	0	0.0	0.000
run1_D_size250000	uring	off	warm	sweep	250000	250000	1	1	1	1	512	54543	71895	104199	61560	29176608	17548	5	0	0	100.0	0.000
run1_D_size250000	pool	off	warm	sweep	250000	250000	1	1	1	2	512	30180	40928	81236	33863	17189547	29786	5	0	0	0.0	0.000
run1_D_size250000	uring	off	warm	sweep	250000	250000	1	1	2	0	512	58157	78409	105902	66291	31337153	16338	5	0	0	100.0	0.000
run1_D_size250000	pool	off	warm	sweep	250000	250000	1	1	2	1	512	29692	42365	75107	33382	16937392	30229	5	0	0	0.0	0.000
run1_D_size250000	hybrid	off	warm	sweep	250000	250000	1	1	2	2	512	35024	51414	88382	40073	20270895	25258	5	0	0	0.0	0.000
run1_D_size250000	pool	off	warm	sweep	250000	250000	1	1	3	0	512	28617	40133	66949	31933	16254281	31499	5	0	0	0.0	0.000
run1_D_size250000	hybrid	off	warm	sweep	250000	250000	1	1	3	1	512	28172	39759	77254	31786	16231235	31544	5	0	0	0.0	0.000
run1_D_size250000	uring	off	warm	sweep	250000	250000	1	1	3	2	512	56072	73856	92916	63003	29943523	17099	5	0	0	100.0	0.000
run1_D_size250000	hybrid	off	warm	sweep	250000	250000	1	1	4	0	512	29353	39985	70498	32927	16668712	30716	5	0	0	0.0	0.000
run1_D_size250000	uring	off	warm	sweep	250000	250000	1	1	4	1	512	53493	70740	93334	60002	28417798	18017	5	0	0	100.0	0.000
run1_D_size250000	pool	off	warm	sweep	250000	250000	1	1	4	2	512	26900	39703	71423	30467	15497853	33037	5	0	0	0.0	0.000
run1_D_size250000	uring	off	warm	sweep	250000	250000	1	1	5	0	512	53470	70211	99522	60636	28763307	17800	5	0	0	100.0	0.000
run1_D_size250000	pool	off	warm	sweep	250000	250000	1	1	5	1	512	27933	39886	67339	31231	15942094	32116	5	0	0	0.0	0.000
run1_D_size250000	hybrid	off	warm	sweep	250000	250000	1	1	5	2	512	35120	50328	86074	39691	20153561	25405	5	0	0	0.0	0.000
run1_D_size250000	pool	off	warm	sweep	250000	250000	16	1	0	0	512	32712	46566	77557	37971	4979865	102814	5	0	0	0.0	0.000
run1_D_size250000	hybrid	off	warm	sweep	250000	250000	16	1	0	1	512	33782	45235	75993	42244	21506677	23807	5	0	0	0.0	0.000
run1_D_size250000	uring	off	warm	sweep	250000	250000	16	1	0	2	512	738524	832016	1015517	54105	27067351	18916	5	0	0	100.0	0.000
run1_D_size250000	hybrid	off	warm	sweep	250000	250000	16	1	1	0	512	32771	44549	77799	40343	20543732	24922	5	0	0	0.0	0.000
run1_D_size250000	uring	off	warm	sweep	250000	250000	16	1	1	1	512	714493	859872	987561	55253	28005489	18282	5	0	0	100.0	0.000
run1_D_size250000	pool	off	warm	sweep	250000	250000	16	1	1	2	512	30628	43742	74170	35318	5013642	102121	5	0	0	0.0	0.000
run1_D_size250000	uring	off	warm	sweep	250000	250000	16	1	2	0	512	720347	916606	1098328	52205	26239977	19512	5	0	0	100.0	0.000
run1_D_size250000	pool	off	warm	sweep	250000	250000	16	1	2	1	512	29598	39983	77159	33626	5578249	91785	5	0	0	0.0	0.000
run1_D_size250000	hybrid	off	warm	sweep	250000	250000	16	1	2	2	512	34271	49378	85144	42493	21642611	23657	5	0	0	0.0	0.000
run1_D_size250000	pool	off	warm	sweep	250000	250000	16	1	3	0	512	31256	42837	80462	35221	5044215	101502	5	0	0	0.0	0.000
run1_D_size250000	hybrid	off	warm	sweep	250000	250000	16	1	3	1	512	34832	47223	82898	43378	21894869	23384	5	0	0	0.0	0.000
run1_D_size250000	uring	off	warm	sweep	250000	250000	16	1	3	2	512	737058	941445	1062742	53818	27025239	18945	5	0	0	100.0	0.000
run1_D_size250000	hybrid	off	warm	sweep	250000	250000	16	1	4	0	512	33880	45292	78466	41741	21118796	24244	5	0	0	0.0	0.000
run1_D_size250000	uring	off	warm	sweep	250000	250000	16	1	4	1	512	713741	833781	1034356	51909	26154444	19576	5	0	0	100.0	0.000
run1_D_size250000	pool	off	warm	sweep	250000	250000	16	1	4	2	512	30237	42305	74924	34275	5361850	95489	5	0	0	0.0	0.000
run1_D_size250000	uring	off	warm	sweep	250000	250000	16	1	5	0	512	702285	853063	1013262	50581	25571740	20022	5	0	0	100.0	0.000
run1_D_size250000	pool	off	warm	sweep	250000	250000	16	1	5	1	512	29697	39780	86256	33458	5794353	88362	5	0	0	0.0	0.000
run1_D_size250000	hybrid	off	warm	sweep	250000	250000	16	1	5	2	512	32180	44469	76826	40519	20570525	24890	5	0	0	0.0	0.000
run1_E_safety	pool	off	cold	stride	16384	250000	1	1	0	0	512	71749	94950	137133	97923	37959237	13488	6	56045	190002	87.3	0.000
run1_E_safety	uring	off	cold	stride	16384	250000	1	1	0	1	512	91191	124636	634153	137765	51147768	10010	5	31090	627609	100.0	0.000
run1_E_safety	hybrid	off	cold	stride	16384	250000	1	1	0	2	512	81651	111359	201777	127399	44980409	11383	5	31528	251521	87.7	0.000
run1_E_safety	pooled_pread	off	cold	stride	16384	250000	1	1	0	3	512	112000	137977	269751	187156	62709843	8165	7	50615	214756	100.0	0.000
run1_E_safety	uring	off	cold	stride	16384	250000	1	1	1	0	512	90962	131492	291364	136409	50263657	10186	5	33730	571707	100.0	0.000
run1_E_safety	hybrid	off	cold	stride	16384	250000	1	1	1	1	512	70615	96549	218330	115191	40239374	12724	5	40732	165158	87.3	0.000
run1_E_safety	pooled_pread	off	cold	stride	16384	250000	1	1	1	2	512	114125	141201	221587	173433	57273470	8940	7	16276	82996	100.0	0.000
run1_E_safety	pool	off	cold	stride	16384	250000	1	1	1	3	512	71526	111729	167740	102545	42656340	12003	6	51489	185207	87.9	0.000
run1_E_safety	hybrid	off	cold	stride	16384	250000	1	1	2	0	512	92176	119698	464560	122913	48075178	10650	5	20181	231511	87.9	0.000
run1_E_safety	pooled_pread	off	cold	stride	16384	250000	1	1	2	1	512	104811	137059	632278	170087	60948182	8401	7	49126	167115	100.0	0.000
run1_E_safety	pool	off	cold	stride	16384	250000	1	1	2	2	512	86024	119778	729130	117928	48155305	10632	6	49944	246499	87.9	0.000
run1_E_safety	uring	off	cold	stride	16384	250000	1	1	2	3	512	77266	100157	174217	121024	41337783	12386	5	39357	218294	100.0	0.000
run1_E_safety	pooled_pread	off	cold	stride	16384	250000	1	1	3	0	512	90131	128471	174735	149727	50053345	10229	7	26269	83802	100.0	0.000
run1_E_safety	pool	off	cold	stride	16384	250000	1	1	3	1	512	74241	118630	242283	111314	44685778	11458	6	50815	235814	87.5	0.000
run1_E_safety	uring	off	cold	stride	16384	250000	1	1	3	2	512	102283	134763	204257	139616	51383706	9964	5	20545	164270	100.0	0.000
run1_E_safety	hybrid	off	cold	stride	16384	250000	1	1	3	3	512	77085	98489	500076	121007	42151645	12147	5	43171	181064	88.1	0.000
run1_E_safety	pool	off	cold	stride	16384	250000	1	1	4	0	512	89364	115856	200881	109295	49663112	10309	6	112979	1020515	87.5	0.000
run1_E_safety	uring	off	cold	stride	16384	250000	1	1	4	1	512	107462	143932	751196	181622	61064409	8385	5	57768	469000	100.0	0.000
run1_E_safety	hybrid	off	cold	stride	16384	250000	1	1	4	2	512	102448	156439	440035	159622	55395808	9243	5	24211	271559	87.7	0.000
run1_E_safety	pooled_pread	off	cold	stride	16384	250000	1	1	4	3	512	105578	159505	553641	185708	59010526	8676	7	30225	93247	100.0	0.000
run1_E_safety	uring	off	cold	stride	16384	250000	1	1	5	0	512	75647	100554	212968	124560	42150169	12147	5	38946	263139	100.0	0.000
run1_E_safety	hybrid	off	cold	stride	16384	250000	1	1	5	1	512	89440	112871	805142	143923	50304469	10178	5	50653	173627	88.1	0.000
run1_E_safety	pooled_pread	off	cold	stride	16384	250000	1	1	5	2	512	112629	139671	498952	162840	59818393	8559	7	55507	229788	100.0	0.000
run1_E_safety	pool	off	cold	stride	16384	250000	1	1	5	3	512	76628	122074	152357	113243	45064311	11362	6	54123	220899	87.1	0.000
run1_E_safety	pool	off	cold	stride	16384	250000	16	1	0	0	512	394983	679900	3168663	66803	16438295	31147	30	18248	2007409	92.6	0.000
run1_E_safety	uring	off	cold	stride	16384	250000	16	1	0	1	512	475170	565181	3633596	47175	19078066	26837	5	18597	350530	100.0	0.000
run1_E_safety	hybrid	off	cold	stride	16384	250000	16	1	0	2	512	314378	423422	3176270	46608	16730328	30603	5	17165	238901	92.6	0.000
run1_E_safety	pooled_pread	off	cold	stride	16384	250000	16	1	0	3	512	338474	1001692	3278429	73322	19450795	26323	44	14085	1906263	100.0	0.000
run1_E_safety	uring	off	cold	stride	16384	250000	16	1	1	0	512	455278	653253	3053162	46706	18217624	28105	5	18138	430582	100.0	0.000
run1_E_safety	hybrid	off	cold	stride	16384	250000	16	1	1	1	512	284343	362811	3160270	40929	15380543	33289	5	19013	427198	92.6	0.000
run1_E_safety	pooled_pread	off	cold	stride	16384	250000	16	1	1	2	512	356215	654976	3068059	63411	15338280	33381	37	26813	1103987	100.0	0.000
run1_E_safety	pool	off	cold	stride	16384	250000	16	1	1	3	512	344148	626527	3178781	62221	15566980	32890	34	14964	2136052	92.6	0.000
run1_E_safety	hybrid	off	cold	stride	16384	250000	16	1	2	0	512	277790	388654	3298015	42477	15130632	33839	5	16081	330657	92.6	0.000
run1_E_safety	pooled_pread	off	cold	stride	16384	250000	16	1	2	1	512	336582	844143	3080479	71296	18533366	27626	39	17376	1254100	100.0	0.000
run1_E_safety	pool	off	cold	stride	16384	250000	16	1	2	2	512	344722	621868	3466947	77997	21777233	23511	31	18703	1036351	92.8	0.000
run1_E_safety	uring	off	cold	stride	16384	250000	16	1	2	3	512	438541	610863	7377853	60675	23977269	21354	5	19538	469080	100.0	0.000
run1_E_safety	pooled_pread	off	cold	stride	16384	250000	16	1	3	0	512	341759	901379	3359208	66304	16464302	31098	38	18087	1609714	100.0	0.000
run1_E_safety	pool	off	cold	stride	16384	250000	16	1	3	1	512	363651	584935	3072438	64553	15432532	33177	29	20982	802798	92.4	0.000
run1_E_safety	uring	off	cold	stride	16384	250000	16	1	3	2	512	405655	510382	3195952	41513	16684885	30686	5	18836	501257	100.0	0.000
run1_E_safety	hybrid	off	cold	stride	16384	250000	16	1	3	3	512	276037	412669	3088427	42315	15178254	33732	5	18821	288729	92.6	0.000
run1_E_safety	pool	off	cold	stride	16384	250000	16	1	4	0	512	349871	583712	3187326	69487	15570654	32882	32	32725	1252633	92.6	0.000
run1_E_safety	uring	off	cold	stride	16384	250000	16	1	4	1	512	429472	563374	3203574	46790	17780068	28796	5	17395	226467	100.0	0.000
run1_E_safety	hybrid	off	cold	stride	16384	250000	16	1	4	2	512	267184	370530	3625953	41129	14829712	34525	5	15427	179855	92.8	0.000
run1_E_safety	pooled_pread	off	cold	stride	16384	250000	16	1	4	3	512	348068	1035327	3245917	67114	17393408	29436	51	16309	1659311	100.0	0.000
run1_E_safety	uring	off	cold	stride	16384	250000	16	1	5	0	512	456176	582631	3291749	45246	17832329	28712	5	16183	255531	100.0	0.000
run1_E_safety	hybrid	off	cold	stride	16384	250000	16	1	5	1	512	288310	387107	3348993	39019	16172552	31659	5	15922	312432	92.8	0.000
run1_E_safety	pooled_pread	off	cold	stride	16384	250000	16	1	5	2	512	345839	964377	3082061	69257	17837960	28703	48	14454	1943307	100.0	0.000
run1_E_safety	pool	off	cold	stride	16384	250000	16	1	5	3	512	356890	610536	2831709	66409	15386082	33277	28	157309	1234823	92.4	0.000
run1_E_safety	pool	off	warm	stride	16384	250000	1	1	0	0	512	2591	3327	4146	3836	1542400	331950	5	15296	28416	0.0	0.000
run1_E_safety	uring	off	warm	stride	16384	250000	1	1	0	1	512	15439	17393	27369	7137	6191321	82696	5	14505	6118981	100.0	0.000
run1_E_safety	hybrid	off	warm	stride	16384	250000	1	1	0	2	512	2827	3507	5436	613	1859031	275412	5	1790361	1790361	0.0	0.000
run1_E_safety	pooled_pread	off	warm	stride	16384	250000	1	1	0	3	512	26415	28367	59727	39779	14421285	35503	6	41548	107827	100.0	0.000
run1_E_safety	uring	off	warm	stride	16384	250000	1	1	1	0	512	15593	17451	36962	12517	6731093	76065	5	15244	6689131	100.0	0.000
run1_E_safety	hybrid	off	warm	stride	16384	250000	1	1	1	1	512	2685	3257	5958	3540	1732364	295550	5	1685115	1685115	0.0	0.000
run1_E_safety	pooled_pread	off	warm	stride	16384	250000	1	1	1	2	512	26480	28995	63693	35809	14455397	35419	6	41701	71898	100.0	0.000
run1_E_safety	pool	off	warm	stride	16384	250000	1	1	1	3	512	2453	3021	3698	148	1465552	349356	5	1432702	1432702	0.0	0.000
run1_E_safety	hybrid	off	warm	stride	16384	250000	1	1	2	0	512	2248	2776	4734	433	1515326	337881	5	1479662	1479662	0.0	0.000
run1_E_safety	pooled_pread	off	warm	stride	16384	250000	1	1	2	1	512	27161	28933	62409	37793	15486734	33061	6	40103	70258	100.0	0.000
run1_E_safety	pool	off	warm	stride	16384	250000	1	1	2	2	512	2770	3424	5392	3572	1684019	304035	5	15946	1635352	0.0	0.000
run1_E_safety	uring	off	warm	stride	16384	250000	1	1	2	3	512	3382	4610	19201	6125	2548498	200903	5	16026	76986	100.0	0.000
run1_E_safety	pooled_pread	off	warm	stride	16384	250000	1	1	3	0	512	26075	29856	60510	32679	14286116	35839	6	40841	66593	100.0	0.000
run1_E_safety	pool	off	warm	stride	16384	250000	1	1	3	1	512	2540	3040	3966	173	1518444	337187	5	2373	1485780	0.0	0.000
run1_E_safety	uring	off	warm	stride	16384	250000	1	1	3	2	512	15563	17217	34431	8034	6426929	79665	5	1982	6391390	100.0	0.000
run1_E_safety	hybrid	off	warm	stride	16384	250000	1	1	3	3	512	2484	2984	3726	183	1598260	320348	5	15032	1551979	0.0	0.000
run1_E_safety	pool	off	warm	stride	16384	250000	1	1	4	0	512	2359	3046	3706	245	1407183	363847	5	14987	1380483	0.0	0.000
run1_E_safety	uring	off	warm	stride	16384	250000	1	1	4	1	512	3154	3973	18150	5601	2325858	220134	5	16363	38884	100.0	0.000
run1_E_safety	hybrid	off	warm	stride	16384	250000	1	1	4	2	512	2122	2502	2998	168	1364727	375167	5	22244	1342668	0.0	0.000
run1_E_safety	pooled_pread	off	warm	stride	16384	250000	1	1	4	3	512	26628	27854	60502	35194	14420607	35505	7	42558	96574	100.0	0.000
run1_E_safety	uring	off	warm	stride	16384	250000	1	1	5	0	512	14855	17192	25959	9920	6200274	82577	5	14053	6171009	100.0	0.000
run1_E_safety	hybrid	off	warm	stride	16384	250000	1	1	5	1	512	2172	2578	3346	165	1380566	370862	5	14699	1347692	0.0	0.000
run1_E_safety	pooled_pread	off	warm	stride	16384	250000	1	1	5	2	512	26227	27463	60445	35567	14215023	36018	6	42982	91752	100.0	0.000
run1_E_safety	pool	off	warm	stride	16384	250000	1	1	5	3	512	2100	2489	3039	995	1292760	396052	5	1265545	1265545	0.0	0.000
run1_E_safety	pool	off	warm	stride	16384	250000	16	1	0	0	512	2307	2733	30455	3147	537955	951752	5	469640	469640	0.0	0.000
run1_E_safety	uring	off	warm	stride	16384	250000	16	1	0	1	512	51491	62063	91240	4316	2154847	237604	5	2118167	2118167	100.0	0.000
run1_E_safety	hybrid	off	warm	stride	16384	250000	16	1	0	2	512	2073	2459	3695	184	1433325	357211	5	15083	1395464	0.0	0.000
run1_E_safety	pooled_pread	off	warm	stride	16384	250000	16	1	0	3	512	65490	515297	1002474	29595	5418043	94499	55	5505	3901858	100.0	0.000
run1_E_safety	uring	off	warm	stride	16384	250000	16	1	1	0	512	37833	51265	74140	4117	1695778	301926	5	17308	38456	100.0	0.000
run1_E_safety	hybrid	off	warm	stride	16384	250000	16	1	1	1	512	2203	2843	5785	1273	1709462	299509	5	1605468	1605468	0.0	0.000
run1_E_safety	pooled_pread	off	warm	stride	16384	250000	16	1	1	2	512	60691	499382	1323124	31752	6096468	83983	58	1120946	4013768	100.0	0.000
run1_E_safety	pool	off	warm	stride	16384	250000	16	1	1	3	512	2817	3429	6867	3735	598422	855584	5	3161	517028	0.0	0.000
run1_E_safety	hybrid	off	warm	stride	16384	250000	16	1	2	0	512	2299	2731	4374	2595	1801227	284251	5	14735	1748806	0.0	0.000
run1_E_safety	pooled_pread	off	warm	stride	16384	250000	16	1	2	1	512	69836	612628	2075769	37253	7594659	67416	57	935522	6583118	100.0	0.000
run1_E_safety	pool	off	warm	stride	16384	250000	16	1	2	2	512	2669	3144	5453	2585	664567	770426	5	20625	602307	0.0	0.000
run1_E_safety	uring	off	warm	stride	16384	250000	16	1	2	3	512	55420	67066	87299	1837	2246796	227880	5	2229167	2229167	100.0	0.000
run1_E_safety	pooled_pread	off	warm	stride	16384	250000	16	1	3	0	512	95023	574683	1361505	38172	7156159	71547	51	1671773	4230208	100.0	0.000
run1_E_safety	pool	off	warm	stride	16384	250000	16	1	3	1	512	2399	2871	24951	3205	516273	991723	5	474927	474927	0.0	0.000
run1_E_safety	uring	off	warm	stride	16384	250000	16	1	3	2	512	42046	49782	83999	4170	1724581	296884	5	16386	54475	100.0	0.000
run1_E_safety	hybrid	off	warm	stride	16384	250000	16	1	3	3	512	2012	2357	2832	329	1434887	356823	5	14472	1356791	0.0	0.000
run1_E_safety	pool	off	warm	stride	16384	250000	16	1	4	0	512	2148	2511	9358	2256	460963	1110718	5	29415	393805	0.0	0.000
run1_E_safety	uring	off	warm	stride	16384	250000	16	1	4	1	512	47403	54333	171896	3097	1947724	262871	5	14985	1912925	100.0	0.000
run1_E_safety	hybrid	off	warm	stride	16384	250000	16	1	4	2	512	1902	2182	2525	196	1306233	391967	5	21369	1271760	0.0	0.000
run1_E_safety	pooled_pread	off	warm	stride	16384	250000	16	1	4	3	512	52885	568691	1267442	33968	6782727	75486	62	1205721	2596184	100.0	0.000
run1_E_safety	uring	off	warm	stride	16384	250000	16	1	5	0	512	51939	60144	75134	5509	2192421	233532	5	14590	35544	100.0	0.000
run1_E_safety	hybrid	off	warm	stride	16384	250000	16	1	5	1	512	2060	2467	3203	278	1439381	355708	5	1395477	1395477	0.0	0.000
run1_E_safety	pooled_pread	off	warm	stride	16384	250000	16	1	5	2	512	59013	695025	1282367	34413	7019693	72938	83	236235	1817008	100.0	0.000
run1_E_safety	pool	off	warm	stride	16384	250000	16	1	5	3	512	2234	2615	4572	2126	415215	1233096	5	389071	389071	0.0	0.000
run2_A_stride	pool	off	cold	stride	16384	250000	1	1	0	0	512	94203	124866	983447	72312	55054814	9300	6	0	0	87.9	0.000
run2_A_stride	uring	off	cold	stride	16384	250000	1	1	0	1	512	66069	86032	684343	37594	37909722	13506	5	0	0	100.0	0.000
run2_A_stride	hybrid	off	cold	stride	16384	250000	1	1	0	2	512	62767	75493	175573	36768	34408388	14880	5	0	0	87.5	0.000
run2_A_stride	pooled_pread	off	cold	stride	16384	250000	1	1	0	3	512	104902	132127	598447	81163	58527747	8748	6	0	0	100.0	0.000
run2_A_stride	uring	off	cold	stride	16384	250000	1	1	1	0	512	69170	87456	524025	38736	38948313	13146	5	0	0	100.0	0.000
run2_A_stride	hybrid	off	cold	stride	16384	250000	1	1	1	1	512	64619	75575	494589	35603	35571907	14393	5	0	0	88.1	0.000
run2_A_stride	pooled_pread	off	cold	stride	16384	250000	1	1	1	2	512	110709	147699	519467	83317	62155001	8237	6	0	0	100.0	0.000
run2_A_stride	pool	off	cold	stride	16384	250000	1	1	1	3	512	111006	132741	726451	85488	54770813	9348	6	0	0	88.3	0.000
run2_A_stride	hybrid	off	cold	stride	16384	250000	1	1	2	0	512	65463	79414	714761	36115	36453626	14045	5	0	0	88.3	0.000
run2_A_stride	pooled_pread	off	cold	stride	16384	250000	1	1	2	1	512	96652	118068	485364	80660	52755315	9705	6	0	0	100.0	0.000
run2_A_stride	pool	off	cold	stride	16384	250000	1	1	2	2	512	100686	123957	159278	80553	50598177	10119	6	0	0	87.1	0.000
run2_A_stride	uring	off	cold	stride	16384	250000	1	1	2	3	512	70714	86973	513520	38318	39695210	12898	5	0	0	100.0	0.000
run2_A_stride	pooled_pread	off	cold	stride	16384	250000	1	1	3	0	512	111252	136971	244000	94190	60261572	8496	6	0	0	100.0	0.000
run2_A_stride	pool	off	cold	stride	16384	250000	1	1	3	1	512	98583	119385	760571	77483	51883611	9868	6	0	0	88.1	0.000
run2_A_stride	uring	off	cold	stride	16384	250000	1	1	3	2	512	72253	85374	146688	37369	38416602	13328	5	0	0	100.0	0.000
run2_A_stride	hybrid	off	cold	stride	16384	250000	1	1	3	3	512	72550	87060	800194	38798	41407874	12365	5	0	0	88.1	0.000
run2_A_stride	pool	off	cold	stride	16384	250000	1	1	4	0	512	97693	127986	223699	82001	52624633	9729	6	0	0	87.9	0.000
run2_A_stride	uring	off	cold	stride	16384	250000	1	1	4	1	512	71452	88577	732716	39482	39116030	13089	5	0	0	100.0	0.000
run2_A_stride	hybrid	off	cold	stride	16384	250000	1	1	4	2	512	74254	90307	634347	40022	40099768	12768	5	0	0	87.9	0.000
run2_A_stride	pooled_pread	off	cold	stride	16384	250000	1	1	4	3	512	118803	136427	206658	86295	62746274	8160	6	0	0	100.0	0.000
run2_A_stride	uring	off	cold	stride	16384	250000	1	1	5	0	512	72001	82933	143384	37950	37645540	13601	5	0	0	100.0	0.000
run2_A_stride	hybrid	off	cold	stride	16384	250000	1	1	5	1	512	71423	86216	368907	38551	39055746	13109	5	0	0	87.7	0.000
run2_A_stride	pooled_pread	off	cold	stride	16384	250000	1	1	5	2	512	116355	140070	192073	85028	61404184	8338	6	0	0	100.0	0.000
run2_A_stride	pool	off	cold	stride	16384	250000	1	1	5	3	512	73346	136173	771401	72085	57749193	8866	7	0	0	88.1	0.000
run2_A_stride	pool	off	cold	stride	16384	250000	2	1	0	0	512	121532	161387	926894	81239	33937868	15086	9	0	0	88.9	0.000
run2_A_stride	uring	off	cold	stride	16384	250000	2	1	0	1	512	63637	99160	830142	28671	21480071	23836	5	0	0	100.0	0.000
run2_A_stride	hybrid	off	cold	stride	16384	250000	2	1	0	2	512	67440	97209	853300	28372	24290102	21079	5	0	0	88.3	0.000
run2_A_stride	pooled_pread	off	cold	stride	16384	250000	2	1	0	3	512	144087	186800	725777	88529	39725758	12888	8	0	0	100.0	0.000
run2_A_stride	uring	off	cold	stride	16384	250000	2	1	1	0	512	81066	98822	200926	27453	20414502	25080	5	0	0	100.0	0.000
run2_A_stride	hybrid	off	cold	stride	16384	250000	2	1	1	1	512	62262	91957	729378	28134	22395354	22862	5	0	0	88.7	0.000
run2_A_stride	pooled_pread	off	cold	stride	16384	250000	2	1	1	2	512	140293	185393	691244	85899	39019828	13122	9	0	0	100.0	0.000
run2_A_stride	pool	off	cold	stride	16384	250000	2	1	1	3	512	122590	154210	940222	80840	34012164	15053	9	0	0	88.9	0.000
run2_A_stride	hybrid	off	cold	stride	16384	250000	2	1	2	0	512	61687	92327	705916	29286	22078054	23190	5	0	0	88.3	0.000
run2_A_stride	pooled_pread	off	cold	stride	16384	250000	2	1	2	1	512	140134	174021	287764	82337	37390172	13693	9	0	0	100.0	0.000
run2_A_stride	pool	off	cold	stride	16384	250000	2	1	2	2	512	123289	161516	820153	80650	32999954	15515	8	0	0	88.5	0.000
run2_A_stride	uring	off	cold	stride	16384	250000	2	1	2	3	512	64874	110466	786574	29372	22654541	22600	5	0	0	100.0	0.000
run2_A_stride	pooled_pread	off	cold	stride	16384	250000	2	1	3	0	512	144937	178938	739931	86555	39795460	12866	9	0	0	100.0	0.000
run2_A_stride	pool	off	cold	stride	16384	250000	2	1	3	1	512	128729	156542	869260	84498	34460163	14858	8	0	0	88.9	0.000
run2_A_stride	uring	off	cold	stride	16384	250000	2	1	3	2	512	62514	94909	857343	28560	22211409	23051	5	0	0	100.0	0.000
run2_A_stride	hybrid	off	cold	stride	16384	250000	2	1	3	3	512	85851	107030	194409	41199	24601825	20811	5	0	0	86.7	0.000
run2_A_stride	pool	off	cold	stride	16384	250000	2	1	4	0	512	138515	185097	904506	97479	37780441	13552	10	0	0	88.5	0.000
run2_A_stride	uring	off	cold	stride	16384	250000	2	1	4	1	512	79991	103443	885022	27853	22838432	22418	5	0	0	100.0	0.000
run2_A_stride	hybrid	off	cold	stride	16384	250000	2	1	4	2	512	79484	93489	731399	35953	23610373	21685	5	0	0	88.5	0.000
run2_A_stride	pooled_pread	off	cold	stride	16384	250000	2	1	4	3	512	174129	224803	312634	81159	44922559	11397	9	0	0	100.0	0.000
run2_A_stride	uring	off	cold	stride	16384	250000	2	1	5	0	512	124913	152273	218440	26271	33444214	15309	5	0	0	100.0	0.000
run2_A_stride	hybrid	off	cold	stride	16384	250000	2	1	5	1	512	99369	136698	1425705	26489	40533445	12632	5	0	0	88.1	0.000
run2_A_stride	pooled_pread	off	cold	stride	16384	250000	2	1	5	2	512	193488	239137	1202482	86713	54719374	9357	9	0	0	100.0	0.000
run2_A_stride	pool	off	cold	stride	16384	250000	2	1	5	3	512	162487	200615	1319960	80072	46921543	10912	7	0	0	89.3	0.000
run2_A_stride	pool	off	cold	stride	16384	250000	4	1	0	0	512	218306	289090	1438163	69876	32938157	15544	11	0	0	91.8	0.000
run2_A_stride	uring	off	cold	stride	16384	250000	4	1	0	1	512	189760	250765	1193675	18717	29877700	17137	5	0	0	100.0	0.000
run2_A_stride	hybrid	off	cold	stride	16384	250000	4	1	0	2	512	93037	132245	1094027	21173	21237850	24108	5	0	0	89.6	0.000
run2_A_stride	pooled_pread	off	cold	stride	16384	250000	4	1	0	3	512	252141	338421	856158	75291	34797344	14714	14	0	0	100.0	0.000
run2_A_stride	uring	off	cold	stride	16384	250000	4	1	1	0	512	234313	309994	1448783	19725	35988682	14227	5	0	0	100.0	0.000
run2_A_stride	hybrid	off	cold	stride	16384	250000	4	1	1	1	512	195485	253539	1257623	22628	34951657	14649	5	0	0	89.1	0.000
run2_A_stride	pooled_pread	off	cold	stride	16384	250000	4	1	1	2	512	278075	364946	1593445	79067	40947046	12504	15	0	0	100.0	0.000
run2_A_stride	pool	off	cold	stride	16384	250000	4	1	1	3	512	224599	314770	1474075	78017	35043383	14610	10	0	0	91.8	0.000
run2_A_stride	hybrid	off	cold	stride	16384	250000	4	1	2	0	512	143686	215551	1350201	22005	28203512	18154	5	0	0	90.4	0.000
run2_A_stride	pooled_pread	off	cold	stride	16384	250000	4	1	2	1	512	177275	294661	940871	77265	27647530	18519	17	0	0	100.0	0.000
run2_A_stride	pool	off	cold	stride	16384	250000	4	1	2	2	512	158567	261659	857184	66634	24591425	20820	15	0	0	91.6	0.000
run2_A_stride	uring	off	cold	stride	16384	250000	4	1	2	3	512	143455	216476	909221	17300	23099577	22165	5	0	0	100.0	0.000
run2_A_stride	pooled_pread	off	cold	stride	16384	250000	4	1	3	0	512	232492	311270	1328318	66077	35679793	14350	14	0	0	100.0	0.000
run2_A_stride	pool	off	cold	stride	16384	250000	4	1	3	1	512	206272	287144	1421037	65054	32180981	15910	11	0	0	91.8	0.000
run2_A_stride	uring	off	cold	stride	16384	250000	4	1	3	2	512	184178	246994	1331766	18791	30635031	16713	5	0	0	100.0	0.000
run2_A_stride	hybrid	off	cold	stride	16384	250000	4	1	3	3	512	125345	179303	854601	25315	24923695	20543	5	0	0	90.0	0.000
run2_A_stride	pool	off	cold	stride	16384	250000	4	1	4	0	512	158414	229658	412515	69012	21818218	23467	14	0	0	87.5	0.000
run2_A_stride	uring	off	cold	stride	16384	250000	4	1	4	1	512	170600	201486	926226	21413	25562387	20029	5	0	0	100.0	0.000
run2_A_stride	hybrid	off	cold	stride	16384	250000	4	1	4	2	512	101303	177331	904106	23991	22185285	23078	5	0	0	90.2	0.000
run2_A_stride	pooled_pread	off	cold	stride	16384	250000	4	1	4	3	512	179325	278718	982060	72003	27016160	18952	12	0	0	100.0	0.000
run2_A_stride	uring	off	cold	stride	16384	250000	4	1	5	0	512	174995	231055	1172372	18723	27462914	18643	5	0	0	100.0	0.000
run2_A_stride	hybrid	off	cold	stride	16384	250000	4	1	5	1	512	128032	186775	1087943	20386	25666809	19948	5	0	0	91.0	0.000
run2_A_stride	pooled_pread	off	cold	stride	16384	250000	4	1	5	2	512	214233	323638	1072881	80481	31538922	16234	11	0	0	100.0	0.000
run2_A_stride	pool	off	cold	stride	16384	250000	4	1	5	3	512	191035	255801	1052876	75962	27939111	18326	11	0	0	91.0	0.000
run2_A_stride	pool	off	cold	stride	16384	250000	8	1	0	0	512	284008	439619	2048605	72732	21735522	23556	17	0	0	91.8	0.000
run2_A_stride	uring	off	cold	stride	16384	250000	8	1	0	1	512	306329	353595	1817550	17064	22536717	22718	5	0	0	100.0	0.000
run2_A_stride	hybrid	off	cold	stride	16384	250000	8	1	0	2	512	189993	282045	1656031	19622	19379567	26420	5	0	0	92.2	0.000
run2_A_stride	pooled_pread	off	cold	stride	16384	250000	8	1	0	3	512	282976	483820	1953840	73387	22744165	22511	22	0	0	100.0	0.000
run2_A_stride	uring	off	cold	stride	16384	250000	8	1	1	0	512	312473	355669	1734075	17580	23202617	22066	5	0	0	100.0	0.000
run2_A_stride	hybrid	off	cold	stride	16384	250000	8	1	1	1	512	191276	280780	1629532	22216	19701548	25988	5	0	0	92.0	0.000
run2_A_stride	pooled_pread	off	cold	stride	16384	250000	8	1	1	2	512	249207	398904	1607060	68810	19462604	26307	24	0	0	100.0	0.000
run2_A_stride	pool	off	cold	stride	16384	250000	8	1	1	3	512	240719	387636	1772671	65837	19471655	26295	17	0	0	92.4	0.000
run2_A_stride	hybrid	off	cold	stride	16384	250000	8	1	2	0	512	162568	234282	1649382	17308	17224633	29725	5	0	0	91.4	0.000
run2_A_stride	pooled_pread	off	cold	stride	16384	250000	8	1	2	1	512	258550	435784	1755302	70232	21111712	24252	25	0	0	100.0	0.000
run2_A_stride	pool	off	cold	stride	16384	250000	8	1	2	2	512	227186	385946	1785889	65651	18593030	27537	19	0	0	92.6	0.000
run2_A_stride	uring	off	cold	stride	16384	250000	8	1	2	3	512	250572	307154	1978140	14422	19257705	26587	5	0	0	100.0	0.000
run2_A_stride	pooled_pread	off	cold	stride	16384	250000	8	1	3	0	512	246274	460109	1774122	70089	20899852	24498	25	0	0	100.0	0.000
run2_A_stride	pool	off	cold	stride	16384	250000	8	1	3	1	512	240763	408363	2195155	68113	19502224	26253	19	0	0	92.4	0.000
run2_A_stride	uring	off	cold	stride	16384	250000	8	1	3	2	512	276113	330454	1776428	15762	21258630	24084	5	0	0	100.0	0.000
run2_A_stride	hybrid	off	cold	stride	16384	250000	8	1	3	3	512	164598	238063	1713313	16862	17555479	29165	5	0	0	92.2	0.000
run2_A_stride	pool	off	cold	stride	16384	250000	8	1	4	0	512	250002	391425	1931041	71592	20438540	25051	17	0	0	92.6	0.000
run2_A_stride	uring	off	cold	stride	16384	250000	8	1	4	1	512	300210	384497	1817511	15891	23318892	21956	5	0	0	100.0	0.000
run2_A_stride	hybrid	off	cold	stride	16384	250000	8	1	4	2	512	144309	224962	1768621	15837	17280636	29629	5	0	0	92.4	0.000
run2_A_stride	pooled_pread	off	cold	stride	16384	250000	8	1	4	3	512	254499	470842	1753043	71688	21198084	24153	20	0	0	100.0	0.000
run2_A_stride	uring	off	cold	stride	16384	250000	8	1	5	0	512	319203	424139	1749307	18661	23967873	21362	5	0	0	100.0	0.000
run2_A_stride	hybrid	off	cold	stride	16384	250000	8	1	5	1	512	164804	219688	2563819	14665	17115362	29915	5	0	0	90.6	0.000
run2_A_stride	pooled_pread	off	cold	stride	16384	250000	8	1	5	2	512	270096	454920	1379872	70020	21029999	24346	34	0	0	100.0	0.000
run2_A_stride	pool	off	cold	stride	16384	250000	8	1	5	3	512	259443	397830	2075216	65508	20095578	25478	17	0	0	92.2	0.000
run2_A_stride	pool	off	cold	stride	16384	250000	16	1	0	0	512	448239	844068	3869382	66162	18486382	27696	30	0	0	92.6	0.000
run2_A_stride	uring	off	cold	stride	16384	250000	16	1	0	1	512	574555	647707	3170539	16680	22078497	23190	5	0	0	100.0	0.000
run2_A_stride	hybrid	off	cold	stride	16384	250000	16	1	0	2	512	404998	521829	3447473	18449	19715827	25969	5	0	0	92.4	0.000
run2_A_stride	pooled_pread	off	cold	stride	16384	250000	16	1	0	3	512	497087	890352	3484525	68708	20875431	24526	41	0	0	100.0	0.000
run2_A_stride	uring	off	cold	stride	16384	250000	16	1	1	0	512	540582	692372	3585224	18109	22606272	22649	5	0	0	100.0	0.000
run2_A_stride	hybrid	off	cold	stride	16384	250000	16	1	1	1	512	428613	579279	3687768	17388	21337515	23995	5	0	0	92.8	0.000
run2_A_stride	pooled_pread	off	cold	stride	16384	250000	16	1	1	2	512	553988	919529	3435523	64894	22303236	22956	36	0	0	100.0	0.000
run2_A_stride	pool	off	cold	stride	16384	250000	16	1	1	3	512	416578	909384	5502214	65023	23017967	22243	41	0	0	92.6	0.000
run2_A_stride	hybrid	off	cold	stride	16384	250000	16	1	2	0	512	343358	467344	2846563	19339	17920898	28570	5	0	0	92.4	0.000
run2_A_stride	pooled_pread	off	cold	stride	16384	250000	16	1	2	1	512	446248	928482	2950964	68991	18872436	27130	38	0	0	100.0	0.000
run2_A_stride	pool	off	cold	stride	16384	250000	16	1	2	2	512	421137	829564	3362269	66421	17868149	28654	30	0	0	92.4	0.000
run2_A_stride	uring	off	cold	stride	16384	250000	16	1	2	3	512	480438	729477	3401661	14346	20012998	25583	5	0	0	100.0	0.000
run2_A_stride	pooled_pread	off	cold	stride	16384	250000	16	1	3	0	512	442118	862367	3199881	68214	18650417	27452	43	0	0	100.0	0.000
run2_A_stride	pool	off	cold	stride	16384	250000	16	1	3	1	512	398508	815242	3312034	69109	17396472	29431	29	0	0	92.4	0.000
run2_A_stride	uring	off	cold	stride	16384	250000	16	1	3	2	512	556684	619473	3433061	16541	21400665	23924	5	0	0	100.0	0.000
run2_A_stride	hybrid	off	cold	stride	16384	250000	16	1	3	3	512	324650	458958	3357309	19184	18015616	28420	5	0	0	92.6	0.000
run2_A_stride	pool	off	cold	stride	16384	250000	16	1	4	0	512	378184	684437	3559642	61827	16114990	31772	30	0	0	92.4	0.000
run2_A_stride	uring	off	cold	stride	16384	250000	16	1	4	1	512	548533	673038	2505857	16732	20108267	25462	5	0	0	100.0	0.000
run2_A_stride	hybrid	off	cold	stride	16384	250000	16	1	4	2	512	275680	360016	3134632	14348	15183235	33721	5	0	0	92.6	0.000
run2_A_stride	pooled_pread	off	cold	stride	16384	250000	16	1	4	3	512	410374	687274	2799197	63104	17152453	29850	35	0	0	100.0	0.000
run2_A_stride	uring	off	cold	stride	16384	250000	16	1	5	0	512	474297	543055	2882690	13166	18396724	27831	5	0	0	100.0	0.000
run2_A_stride	hybrid	off	cold	stride	16384	250000	16	1	5	1	512	257389	370131	3676349	14483	15941571	32117	5	0	0	92.6	0.000
run2_A_stride	pooled_pread	off	cold	stride	16384	250000	16	1	5	2	512	364375	1120052	3300903	58805	17476703	29296	58	0	0	100.0	0.000
run2_A_stride	pool	off	cold	stride	16384	250000	16	1	5	3	512	365447	604616	3062860	51071	15441756	33157	31	0	0	92.6	0.000
run2_A_stride	pool	off	cold	stride	16384	250000	32	1	0	0	512	597019	1157419	4310949	52166	14064468	36404	44	0	0	92.8	0.000
run2_A_stride	uring	off	cold	stride	16384	250000	32	1	0	1	512	790209	886875	4640352	11423	16202948	31599	5	0	0	100.0	0.000
run2_A_stride	hybrid	off	cold	stride	16384	250000	32	1	0	2	512	522001	675868	4770590	13160	14658230	34929	5	0	0	92.8	0.000
run2_A_stride	pooled_pread	off	cold	stride	16384	250000	32	1	0	3	512	727438	2009566	3564552	58361	16068315	31864	76	0	0	100.0	0.000
run2_A_stride	uring	off	cold	stride	16384	250000	32	1	1	0	512	794710	893838	5166562	11777	16544952	30946	5	0	0	100.0	0.000
run2_A_stride	hybrid	off	cold	stride	16384	250000	32	1	1	1	512	527371	790667	4903881	12245	14721204	34780	5	0	0	92.4	0.000
run2_A_stride	pooled_pread	off	cold	stride	16384	250000	32	1	1	2	512	694113	1715300	4276157	53341	16652678	30746	67	0	0	100.0	0.000
run2_A_stride	pool	off	cold	stride	16384	250000	32	1	1	3	512	660517	1466196	4246827	52850	15396696	33254	45	0	0	92.4	0.000
run2_A_stride	hybrid	off	cold	stride	16384	250000	32	1	2	0	512	507332	712888	5043811	12181	14315989	35764	5	0	0	92.6	0.000
run2_A_stride	pooled_pread	off	cold	stride	16384	250000	32	1	2	1	512	669481	1425987	3863720	45559	14578448	35120	55	0	0	100.0	0.000
run2_A_stride	pool	off	cold	stride	16384	250000	32	1	2	2	512	695374	1536377	4820481	52635	16124631	31753	43	0	0	92.8	0.000
run2_A_stride	uring	off	cold	stride	16384	250000	32	1	2	3	512	831068	1011628	4792723	12280	17008415	30103	5	0	0	100.0	0.000
run2_A_stride	pooled_pread	off	cold	stride	16384	250000	32	1	3	0	512	664434	1462124	4182930	48375	14588617	35096	67	0	0	100.0	0.000
run2_A_stride	pool	off	cold	stride	16384	250000	32	1	3	1	512	708607	1475893	4131438	51631	15471887	33092	44	0	0	92.6	0.000
run2_A_stride	uring	off	cold	stride	16384	250000	32	1	3	2	512	818553	1116874	4721143	14254	16741747	30582	5	0	0	100.0	0.000
run2_A_stride	hybrid	off	cold	stride	16384	250000	32	1	3	3	512	488434	683139	4750584	12229	14075569	36375	5	0	0	92.8	0.000
run2_A_stride	pool	off	cold	stride	16384	250000	32	1	4	0	512	640610	1500203	3938621	54163	14791311	34615	45	0	0	92.4	0.000
run2_A_stride	uring	off	cold	stride	16384	250000	32	1	4	1	512	799326	1133620	4949004	12924	16023472	31953	5	0	0	100.0	0.000
run2_A_stride	hybrid	off	cold	stride	16384	250000	32	1	4	2	512	488535	639330	4761649	11820	14041214	36464	5	0	0	92.8	0.000
run2_A_stride	pooled_pread	off	cold	stride	16384	250000	32	1	4	3	512	662881	1460698	3753910	51730	14110147	36286	68	0	0	100.0	0.000
run2_A_stride	uring	off	cold	stride	16384	250000	32	1	5	0	512	758502	849437	5005057	11459	16136602	31729	5	0	0	100.0	0.000
run2_A_stride	hybrid	off	cold	stride	16384	250000	32	1	5	1	512	471061	917983	4981192	14303	14756660	34696	5	0	0	91.8	0.000
run2_A_stride	pooled_pread	off	cold	stride	16384	250000	32	1	5	2	512	650189	1245363	3800267	48173	14489605	35336	63	0	0	100.0	0.000
run2_A_stride	pool	off	cold	stride	16384	250000	32	1	5	3	512	671040	1287059	3626770	53024	14202577	36050	44	0	0	92.4	0.000
run2_A_stride	pool	off	cold	stride	16384	250000	64	1	0	0	512	1170857	2493038	4585416	65435	12900622	39688	74	0	0	92.4	0.000
run2_A_stride	uring	off	cold	stride	16384	250000	64	1	0	1	512	1099568	4798699	5087364	13643	12800276	39999	5	0	0	100.0	0.000
run2_A_stride	hybrid	off	cold	stride	16384	250000	64	1	0	2	512	731539	3670466	4182666	12273	11475218	44618	5	0	0	92.4	0.000
run2_A_stride	pooled_pread	off	cold	stride	16384	250000	64	1	0	3	512	1219569	2676745	3848348	65105	14564152	35155	112	0	0	100.0	0.000
run2_A_stride	uring	off	cold	stride	16384	250000	64	1	1	0	512	950318	4179028	4989726	12149	12524322	40880	5	0	0	100.0	0.000
run2_A_stride	hybrid	off	cold	stride	16384	250000	64	1	1	1	512	713643	4008665	4970665	12006	12133365	42198	5	0	0	92.2	0.000
run2_A_stride	pooled_pread	off	cold	stride	16384	250000	64	1	1	2	512	1135062	2727855	4319821	58139	14090080	36338	92	0	0	100.0	0.000
run2_A_stride	pool	off	cold	stride	16384	250000	64	1	1	3	512	1043655	3169008	4216284	59965	13761745	37205	81	0	0	92.6	0.000
run2_A_stride	hybrid	off	cold	stride	16384	250000	64	1	2	0	512	927870	4321229	4967295	12968	12291781	41654	5	0	0	92.6	0.000
run2_A_stride	pooled_pread	off	cold	stride	16384	250000	64	1	2	1	512	1271099	2589619	4062680	60311	14034858	36481	98	0	0	100.0	0.000
run2_A_stride	pool	off	cold	stride	16384	250000	64	1	2	2	512	933759	2582284	4773681	55054	12304563	41611	84	0	0	92.6	0.000
run2_A_stride	uring	off	cold	stride	16384	250000	64	1	2	3	512	1029464	3932346	4754871	12077	12038795	42529	5	0	0	100.0	0.000
run2_A_stride	pooled_pread	off	cold	stride	16384	250000	64	1	3	0	512	994080	2576567	3579479	55199	12628220	40544	95	0	0	100.0	0.000
run2_A_stride	pool	off	cold	stride	16384	250000	64	1	3	1	512	1191738	2505604	3931150	58251	13463925	38028	80	0	0	92.0	0.000
run2_A_stride	uring	off	cold	stride	16384	250000	64	1	3	2	512	1189219	3356790	4793888	11545	12109489	42281	5	0	0	100.0	0.000
run2_A_stride	hybrid	off	cold	stride	16384	250000	64	1	3	3	512	661881	4313569	5079908	11671	12134194	42195	5	0	0	91.8	0.000
run2_A_stride	pool	off	cold	stride	16384	250000	64	1	4	0	512	1113474	2221159	5863003	60413	12765212	40109	80	0	0	92.6	0.000
run2_A_stride	uring	off	cold	stride	16384	250000	64	1	4	1	512	1002120	4238871	5009610	12608	12525374	40877	5	0	0	100.0	0.000
run2_A_stride	hybrid	off	cold	stride	16384	250000	64	1	4	2	512	878445	3917998	4567309	12555	12605338	40618	5	0	0	91.4	0.000
run2_A_stride	pooled_pread	off	cold	stride	16384	250000	64	1	4	3	512	1436796	3196163	5274810	68009	16012503	31975	118	0	0	100.0	0.000
run2_A_stride	uring	off	cold	stride	16384	250000	64	1	5	0	512	1039290	3919945	4786958	10449	12249003	41799	5	0	0	100.0	0.000
run2_A_stride	hybrid	off	cold	stride	16384	250000	64	1	5	1	512	959429	4621154	5452324	12720	12701505	40310	5	0	0	91.8	0.000
run2_A_stride	pooled_pread	off	cold	stride	16384	250000	64	1	5	2	512	1049920	2466775	5032787	58922	13243843	38659	98	0	0	100.0	0.000
run2_A_stride	pool	off	cold	stride	16384	250000	64	1	5	3	512	1094054	2370334	4651410	56827	12081225	42380	86	0	0	92.0	0.000
run2_A_stride	pool	off	warm	stride	16384	250000	1	1	0	0	512	2754	3357	4678	3392	1656317	309120	5	0	0	0.0	0.000
run2_A_stride	uring	off	warm	stride	16384	250000	1	1	0	1	512	15328	17906	38870	15010	6403553	79956	5	0	0	100.0	0.000
run2_A_stride	hybrid	off	warm	stride	16384	250000	1	1	0	2	512	2580	3130	8219	3513	1723036	297150	5	0	0	0.0	0.000
run2_A_stride	pooled_pread	off	warm	stride	16384	250000	1	1	0	3	512	50882	61814	121690	58082	27577387	18566	8	0	0	100.0	0.000
run2_A_stride	uring	off	warm	stride	16384	250000	1	1	1	0	512	15602	17961	35720	15610	6692968	76498	5	0	0	100.0	0.000
run2_A_stride	hybrid	off	warm	stride	16384	250000	1	1	1	1	512	2617	3119	10188	3597	1751216	292368	5	0	0	0.0	0.000
run2_A_stride	pooled_pread	off	warm	stride	16384	250000	1	1	1	2	512	49793	60792	94913	58783	27374753	18703	7	0	0	100.0	0.000
run2_A_stride	pool	off	warm	stride	16384	250000	1	1	1	3	512	3321	3995	5181	3963	1965466	260498	5	0	0	0.0	0.000
run2_A_stride	hybrid	off	warm	stride	16384	250000	1	1	2	0	512	2938	3666	7965	3954	1925899	265850	5	0	0	0.0	0.000
run2_A_stride	pooled_pread	off	warm	stride	16384	250000	1	1	2	1	512	50308	60379	104510	58895	27535858	18594	6	0	0	100.0	0.000
run2_A_stride	pool	off	warm	stride	16384	250000	1	1	2	2	512	2900	3538	9808	3709	1786864	286536	5	0	0	0.0	0.000
run2_A_stride	uring	off	warm	stride	16384	250000	1	1	2	3	512	4989	17932	30644	12996	5442505	94074	5	0	0	100.0	0.000
run2_A_stride	pooled_pread	off	warm	stride	16384	250000	1	1	3	0	512	52040	62996	100051	60250	28190824	18162	6	0	0	100.0	0.000
run2_A_stride	pool	off	warm	stride	16384	250000	1	1	3	1	512	2935	3412	4135	3471	1688185	303284	5	0	0	0.0	0.000
run2_A_stride	uring	off	warm	stride	16384	250000	1	1	3	2	512	15466	17582	32473	15878	6578258	77832	5	0	0	100.0	0.000
run2_A_stride	hybrid	off	warm	stride	16384	250000	1	1	3	3	512	2604	3076	7247	3440	1694380	302175	5	0	0	0.0	0.000
run2_A_stride	pool	off	warm	stride	16384	250000	1	1	4	0	512	2501	2949	5117	3067	1513783	338225	5	0	0	0.0	0.000
run2_A_stride	uring	off	warm	stride	16384	250000	1	1	4	1	512	14690	17233	27808	13619	5804066	88214	5	0	0	100.0	0.000
run2_A_stride	hybrid	off	warm	stride	16384	250000	1	1	4	2	512	2310	2957	9522	3223	1593452	321315	5	0	0	0.0	0.000
run2_A_stride	pooled_pread	off	warm	stride	16384	250000	1	1	4	3	512	51313	62234	98151	59862	28006092	18282	7	0	0	100.0	0.000
run2_A_stride	uring	off	warm	stride	16384	250000	1	1	5	0	512	15624	17641	38158	15891	6683513	76606	5	0	0	100.0	0.000
run2_A_stride	hybrid	off	warm	stride	16384	250000	1	1	5	1	512	2378	2819	3493	3081	1505370	340116	5	0	0	0.0	0.000
run2_A_stride	pooled_pread	off	warm	stride	16384	250000	1	1	5	2	512	50128	59205	99787	58150	27195151	18827	6	0	0	100.0	0.000
run2_A_stride	pool	off	warm	stride	16384	250000	1	1	5	3	512	2298	2763	9174	2934	1426748	358858	5	0	0	0.0	0.000
run2_A_stride	pool	off	warm	stride	16384	250000	2	1	0	0	512	2454	2814	6218	3067	806667	634710	5	0	0	0.0	0.000
run2_A_stride	uring	off	warm	stride	16384	250000	2	1	0	1	512	18252	22527	44984	11500	4922895	104004	5	0	0	100.0	0.000
run2_A_stride	hybrid	off	warm	stride	16384	250000	2	1	0	2	512	2197	2562	6516	3073	1482209	345430	5	0	0	0.0	0.000
run2_A_stride	pooled_pread	off	warm	stride	16384	250000	2	1	0	3	512	32599	67780	126416	39168	10121290	50586	12	0	0	100.0	0.000
run2_A_stride	uring	off	warm	stride	16384	250000	2	1	1	0	512	18164	20802	40434	11666	4987426	102658	5	0	0	100.0	0.000
run2_A_stride	hybrid	off	warm	stride	16384	250000	2	1	1	1	512	2183	2574	4102	3006	1438585	355905	5	0	0	0.0	0.000
run2_A_stride	pooled_pread	off	warm	stride	16384	250000	2	1	1	2	512	31343	66237	124004	37737	9542270	53656	11	0	0	100.0	0.000
run2_A_stride	pool	off	warm	stride	16384	250000	2	1	1	3	512	2241	2583	6909	2976	771767	663413	5	0	0	0.0	0.000
run2_A_stride	hybrid	off	warm	stride	16384	250000	2	1	2	0	512	2027	2355	6701	2890	1369393	373888	5	0	0	0.0	0.000
run2_A_stride	pooled_pread	off	warm	stride	16384	250000	2	1	2	1	512	39441	80957	125576	39942	11516479	44458	10	0	0	100.0	0.000
run2_A_stride	pool	off	warm	stride	16384	250000	2	1	2	2	512	2180	2517	7085	3038	769494	665372	5	0	0	0.0	0.000
run2_A_stride	uring	off	warm	stride	16384	250000	2	1	2	3	512	17424	21060	33233	10908	4654942	109991	5	0	0	100.0	0.000
run2_A_stride	pooled_pread	off	warm	stride	16384	250000	2	1	3	0	512	36296	74249	150539	38876	10849727	47190	11	0	0	100.0	0.000
run2_A_stride	pool	off	warm	stride	16384	250000	2	1	3	1	512	2119	2434	9835	2965	790306	647850	5	0	0	0.0	0.000
run2_A_stride	uring	off	warm	stride	16384	250000	2	1	3	2	512	17140	18577	33107	10289	4354781	117572	5	0	0	100.0	0.000
run2_A_stride	hybrid	off	warm	stride	16384	250000	2	1	3	3	512	2100	2475	6699	2968	1423451	359689	5	0	0	0.0	0.000
run2_A_stride	pool	off	warm	stride	16384	250000	2	1	4	0	512	2168	2505	9233	3065	787119	650473	5	0	0	0.0	0.000
run2_A_stride	uring	off	warm	stride	16384	250000	2	1	4	1	512	17411	20463	40967	10496	4371223	117130	5	0	0	100.0	0.000
run2_A_stride	hybrid	off	warm	stride	16384	250000	2	1	4	2	512	1998	2320	5710	2731	1345906	380413	5	0	0	0.0	0.000
run2_A_stride	pooled_pread	off	warm	stride	16384	250000	2	1	4	3	512	30008	67370	147436	36007	9446337	54201	11	0	0	100.0	0.000
run2_A_stride	uring	off	warm	stride	16384	250000	2	1	5	0	512	17793	20503	40070	10908	4698327	108975	5	0	0	100.0	0.000
run2_A_stride	hybrid	off	warm	stride	16384	250000	2	1	5	1	512	2068	2430	4008	2809	1376148	372053	5	0	0	0.0	0.000
run2_A_stride	pooled_pread	off	warm	stride	16384	250000	2	1	5	2	512	33054	70743	128163	38708	10271404	49847	11	0	0	100.0	0.000
run2_A_stride	pool	off	warm	stride	16384	250000	2	1	5	3	512	2278	2700	8091	3076	801326	638941	5	0	0	0.0	0.000
run2_A_stride	pool	off	warm	stride	16384	250000	4	1	0	0	512	2214	2543	10764	3434	645061	793723	5	0	0	0.0	0.000
run2_A_stride	uring	off	warm	stride	16384	250000	4	1	0	1	512	21657	28513	54101	7494	3274352	156367	5	0	0	100.0	0.000
run2_A_stride	hybrid	off	warm	stride	16384	250000	4	1	0	2	512	1924	2160	3200	2700	1333278	384016	5	0	0	0.0	0.000
run2_A_stride	pooled_pread	off	warm	stride	16384	250000	4	1	0	3	512	20682	81484	416378	28392	5760381	88883	16	0	0	100.0	0.000
run2_A_stride	uring	off	warm	stride	16384	250000	4	1	1	0	512	21552	26511	44220	7255	3155891	162236	5	0	0	100.0	0.000
run2_A_stride	hybrid	off	warm	stride	16384	250000	4	1	1	1	512	1975	2356	3291	2743	1336992	382949	5	0	0	0.0	0.000
run2_A_stride	pooled_pread	off	warm	stride	16384	250000	4	1	1	2	512	33749	85711	223894	31312	6007274	85230	16	0	0	100.0	0.000
run2_A_stride	pool	off	warm	stride	16384	250000	4	1	1	3	512	2366	2856	7510	3349	556623	919833	5	0	0	0.0	0.000
run2_A_stride	hybrid	off	warm	stride	16384	250000	4	1	2	0	512	2002	2325	7533	3008	1400390	365612	5	0	0	0.0	0.000
run2_A_stride	pooled_pread	off	warm	stride	16384	250000	4	1	2	1	512	32739	86158	202894	31293	5752670	89002	17	0	0	100.0	0.000
run2_A_stride	pool	off	warm	stride	16384	250000	4	1	2	2	512	2441	2941	5607	3408	641448	798194	5	0	0	0.0	0.000
run2_A_stride	uring	off	warm	stride	16384	250000	4	1	2	3	512	22506	28023	47190	7662	3321957	154126	5	0	0	100.0	0.000
run2_A_stride	pooled_pread	off	warm	stride	16384	250000	4	1	3	0	512	15850	107790	544339	27303	6050104	84627	18	0	0	100.0	0.000
run2_A_stride	pool	off	warm	stride	16384	250000	4	1	3	1	512	2172	2535	8097	3130	592591	864002	5	0	0	0.0	0.000
run2_A_stride	uring	off	warm	stride	16384	250000	4	1	3	2	512	21640	25917	53276	7253	3156749	162192	5	0	0	100.0	0.000
run2_A_stride	hybrid	off	warm	stride	16384	250000	4	1	3	3	512	2021	2348	7189	2962	1459558	350791	5	0	0	0.0	0.000
run2_A_stride	pool	off	warm	stride	16384	250000	4	1	4	0	512	2159	2557	9082	3044	467411	1095396	5	0	0	0.0	0.000
run2_A_stride	uring	off	warm	stride	16384	250000	4	1	4	1	512	21509	22664	45135	7312	3171408	161442	5	0	0	100.0	0.000
run2_A_stride	hybrid	off	warm	stride	16384	250000	4	1	4	2	512	1891	2111	3474	2681	1285143	398399	5	0	0	0.0	0.000
run2_A_stride	pooled_pread	off	warm	stride	16384	250000	4	1	4	3	512	27258	99816	238818	29736	5857934	87403	17	0	0	100.0	0.000
run2_A_stride	uring	off	warm	stride	16384	250000	4	1	5	0	512	21825	25831	46047	7389	3201582	159921	5	0	0	100.0	0.000
run2_A_stride	hybrid	off	warm	stride	16384	250000	4	1	5	1	512	1956	2278	7496	2873	1366027	374810	5	0	0	0.0	0.000
run2_A_stride	pooled_pread	off	warm	stride	16384	250000	4	1	5	2	512	23801	89084	266534	28468	5499581	93098	17	0	0	100.0	0.000
run2_A_stride	pool	off	warm	stride	16384	250000	4	1	5	3	512	2138	2379	2776	2968	550449	930150	5	0	0	0.0	0.000
run2_A_stride	pool	off	warm	stride	16384	250000	8	1	0	0	512	2057	2278	3646	2778	466142	1098378	5	0	0	0.0	0.000
run2_A_stride	uring	off	warm	stride	16384	250000	8	1	0	1	512	29355	36618	91309	5120	2289240	223655	5	0	0	100.0	0.000
run2_A_stride	hybrid	off	warm	stride	16384	250000	8	1	0	2	512	1871	2086	2560	2646	1253364	408501	5	0	0	0.0	0.000
run2_A_stride	pooled_pread	off	warm	stride	16384	250000	8	1	0	3	512	33881	204137	582482	28523	5038296	101622	32	0	0	100.0	0.000
run2_A_stride	uring	off	warm	stride	16384	250000	8	1	1	0	512	30811	34870	86645	5105	2331653	219587	5	0	0	100.0	0.000
run2_A_stride	hybrid	off	warm	stride	16384	250000	8	1	1	1	512	2044	2383	7063	2760	1361999	375918	5	0	0	0.0	0.000
run2_A_stride	pooled_pread	off	warm	stride	16384	250000	8	1	1	2	512	35243	174187	726249	26781	5064363	101099	43	0	0	100.0	0.000
run2_A_stride	pool	off	warm	stride	16384	250000	8	1	1	3	512	2278	2627	4921	3317	594099	861809	5	0	0	0.0	0.000
run2_A_stride	hybrid	off	warm	stride	16384	250000	8	1	2	0	512	2068	2377	6430	3115	1515622	337815	5	0	0	0.0	0.000
run2_A_stride	pooled_pread	off	warm	stride	16384	250000	8	1	2	1	512	25386	170875	639131	22752	4635603	110449	33	0	0	100.0	0.000
run2_A_stride	pool	off	warm	stride	16384	250000	8	1	2	2	512	2117	2434	9338	3084	628657	814435	5	0	0	0.0	0.000
run2_A_stride	uring	off	warm	stride	16384	250000	8	1	2	3	512	30034	37803	58389	5163	2294273	223164	5	0	0	100.0	0.000
run2_A_stride	pooled_pread	off	warm	stride	16384	250000	8	1	3	0	512	27835	187472	629735	25734	4751542	107754	41	0	0	100.0	0.000
run2_A_stride	pool	off	warm	stride	16384	250000	8	1	3	1	512	2309	2685	4633	3353	877811	583269	5	0	0	0.0	0.000
run2_A_stride	uring	off	warm	stride	16384	250000	8	1	3	2	512	31070	41328	58236	5611	2458174	208285	5	0	0	100.0	0.000
run2_A_stride	hybrid	off	warm	stride	16384	250000	8	1	3	3	512	2047	2430	3263	3101	1520550	336720	5	0	0	0.0	0.000
run2_A_stride	pool	off	warm	stride	16384	250000	8	1	4	0	512	2149	2451	9149	2974	1002115	510919	5	0	0	0.0	0.000
run2_A_stride	uring	off	warm	stride	16384	250000	8	1	4	1	512	29737	40787	129846	5704	2452737	208746	5	0	0	100.0	0.000
run2_A_stride	hybrid	off	warm	stride	16384	250000	8	1	4	2	512	2132	2601	7551	3448	1525641	335597	5	0	0	0.0	0.000
run2_A_stride	pooled_pread	off	warm	stride	16384	250000	8	1	4	3	512	28481	161923	565908	23572	4551762	112484	32	0	0	100.0	0.000
run2_A_stride	uring	off	warm	stride	16384	250000	8	1	5	0	512	31360	40762	149371	5213	2377766	215328	5	0	0	100.0	0.000
run2_A_stride	hybrid	off	warm	stride	16384	250000	8	1	5	1	512	2104	2467	7999	3355	1529000	334859	5	0	0	0.0	0.000
run2_A_stride	pooled_pread	off	warm	stride	16384	250000	8	1	5	2	512	32440	246634	688609	27588	5805911	88186	56	0	0	100.0	0.000
run2_A_stride	pool	off	warm	stride	16384	250000	8	1	5	3	512	2545	3009	7940	3534	594934	860600	5	0	0	0.0	0.000
run2_A_stride	pool	off	warm	stride	16384	250000	16	1	0	0	512	2180	2483	3009	3040	572086	894970	5	0	0	0.0	0.000
run2_A_stride	uring	off	warm	stride	16384	250000	16	1	0	1	512	49202	67946	139709	4632	2125897	240840	5	0	0	100.0	0.000
run2_A_stride	hybrid	off	warm	stride	16384	250000	16	1	0	2	512	2025	2311	8788	3362	1545712	331239	5	0	0	0.0	0.000
run2_A_stride	pooled_pread	off	warm	stride	16384	250000	16	1	0	3	512	70325	610983	1609941	36217	7797734	65660	92	0	0	100.0	0.000
run2_A_stride	uring	off	warm	stride	16384	250000	16	1	1	0	512	64984	77418	127020	5964	2698465	189737	5	0	0	100.0	0.000
run2_A_stride	hybrid	off	warm	stride	16384	250000	16	1	1	1	512	2667	3073	5755	3644	1812971	282409	5	0	0	0.0	0.000
run2_A_stride	pooled_pread	off	warm	stride	16384	250000	16	1	1	2	512	68585	510919	1353390	27517	5823680	87917	56	0	0	100.0	0.000
run2_A_stride	pool	off	warm	stride	16384	250000	16	1	1	3	512	2918	3450	6456	3695	718797	712301	5	0	0	0.0	0.000
run2_A_stride	hybrid	off	warm	stride	16384	250000	16	1	2	0	512	2406	2855	7651	3480	1713205	298855	5	0	0	0.0	0.000
run2_A_stride	pooled_pread	off	warm	stride	16384	250000	16	1	2	1	512	58845	503012	1138891	30330	6320926	81001	70	0	0	100.0	0.000
run2_A_stride	pool	off	warm	stride	16384	250000	16	1	2	2	512	3035	3541	6573	3934	715636	715448	5	0	0	0.0	0.000
run2_A_stride	uring	off	warm	stride	16384	250000	16	1	2	3	512	58633	72584	123816	5088	2379485	215173	5	0	0	100.0	0.000
run2_A_stride	pooled_pread	off	warm	stride	16384	250000	16	1	3	0	512	59356	684388	1867895	36107	8140984	62892	99	0	0	100.0	0.000
run2_A_stride	pool	off	warm	stride	16384	250000	16	1	3	1	512	3427	4026	6211	4613	819815	624531	5	0	0	0.0	0.000
run2_A_stride	uring	off	warm	stride	16384	250000	16	1	3	2	512	42821	54746	102713	3971	1887065	271321	5	0	0	100.0	0.000
run2_A_stride	hybrid	off	warm	stride	16384	250000	16	1	3	3	512	2363	2808	7928	3395	1661855	308089	5	0	0	0.0	0.000
run2_A_stride	pool	off	warm	stride	16384	250000	16	1	4	0	512	2395	2881	4434	3626	942182	543419	5	0	0	0.0	0.000
run2_A_stride	uring	off	warm	stride	16384	250000	16	1	4	1	512	55750	69180	120550	4935	2273291	225224	5	0	0	100.0	0.000
run2_A_stride	hybrid	off	warm	stride	16384	250000	16	1	4	2	512	2302	2756	7023	3626	1874555	273131	5	0	0	0.0	0.000
run2_A_stride	pooled_pread	off	warm	stride	16384	250000	16	1	4	3	512	67627	522033	1339344	30762	10153170	50428	66	0	0	100.0	0.000
run2_A_stride	uring	off	warm	stride	16384	250000	16	1	5	0	512	69289	84505	163213	5562	2660736	192428	5	0	0	100.0	0.000
run2_A_stride	hybrid	off	warm	stride	16384	250000	16	1	5	1	512	3374	4208	10581	4451	2215671	231081	5	0	0	0.0	0.000
run2_A_stride	pooled_pread	off	warm	stride	16384	250000	16	1	5	2	512	95588	610502	1869110	35668	8260657	61981	93	0	0	100.0	0.000
run2_A_stride	pool	off	warm	stride	16384	250000	16	1	5	3	512	3467	4034	9401	4417	800200	639840	5	0	0	0.0	0.000
run2_A_stride	pool	off	warm	stride	16384	250000	32	1	0	0	512	2903	3537	5735	4075	1657090	308975	5	0	0	0.0	0.000
run2_A_stride	uring	off	warm	stride	16384	250000	32	1	0	1	512	120599	139619	177863	5437	2540825	201509	5	0	0	100.0	0.000
run2_A_stride	hybrid	off	warm	stride	16384	250000	32	1	0	2	512	2777	3206	4040	4293	2086794	245352	5	0	0	0.0	0.000
run2_A_stride	pooled_pread	off	warm	stride	16384	250000	32	1	0	3	512	180458	1057305	2258107	39499	8836822	57939	91	0	0	100.0	0.000
run2_A_stride	uring	off	warm	stride	16384	250000	32	1	1	0	512	130953	156276	157272	5628	2698215	189755	5	0	0	100.0	0.000
run2_A_stride	hybrid	off	warm	stride	16384	250000	32	1	1	1	512	2842	3276	3954	4463	2144496	238751	5	0	0	0.0	0.000
run2_A_stride	pooled_pread	off	warm	stride	16384	250000	32	1	1	2	512	129510	580106	1521432	24986	4583766	111699	42	0	0	100.0	0.000
run2_A_stride	pool	off	warm	stride	16384	250000	32	1	1	3	512	3366	4151	6419	5368	889230	575779	5	0	0	0.0	0.000
run2_A_stride	hybrid	off	warm	stride	16384	250000	32	1	2	0	512	2621	3107	7818	4685	2053650	249312	5	0	0	0.0	0.000
run2_A_stride	pooled_pread	off	warm	stride	16384	250000	32	1	2	1	512	172466	930437	1763703	34250	7267220	70453	64	0	0	100.0	0.000
run2_A_stride	pool	off	warm	stride	16384	250000	32	1	2	2	512	3039	3660	13089	4295	641213	798487	5	0	0	0.0	0.000
run2_A_stride	uring	off	warm	stride	16384	250000	32	1	2	3	512	112556	142982	185028	5378	2475941	206790	5	0	0	100.0	0.000
run2_A_stride	pooled_pread	off	warm	stride	16384	250000	32	1	3	0	512	133567	710656	1386798	28583	5311398	96396	49	0	0	100.0	0.000
run2_A_stride	pool	off	warm	stride	16384	250000	32	1	3	1	512	2562	2949	6736	3606	548460	933523	5	0	0	0.0	0.000
run2_A_stride	uring	off	warm	stride	16384	250000	32	1	3	2	512	111436	134665	149215	4961	2357477	217181	5	0	0	100.0	0.000
run2_A_stride	hybrid	off	warm	stride	16384	250000	32	1	3	3	512	2327	2661	3683	3757	1835314	278971	5	0	0	0.0	0.000
run2_A_stride	pool	off	warm	stride	16384	250000	32	1	4	0	512	2259	2720	3287	3399	523143	978700	5	0	0	0.0	0.000
run2_A_stride	uring	off	warm	stride	16384	250000	32	1	4	1	512	98244	119053	177486	4669	2190884	233696	5	0	0	100.0	0.000
run2_A_stride	hybrid	off	warm	stride	16384	250000	32	1	4	2	512	2497	3156	4853	4551	2006229	255205	5	0	0	0.0	0.000
run2_A_stride	pooled_pread	off	warm	stride	16384	250000	32	1	4	3	512	121185	971265	1481754	32507	6226326	82231	56	0	0	100.0	0.000
run2_A_stride	uring	off	warm	stride	16384	250000	32	1	5	0	512	108169	130150	180452	5069	2369598	216070	5	0	0	100.0	0.000
run2_A_stride	hybrid	off	warm	stride	16384	250000	32	1	5	1	512	2456	2829	6197	4061	1994288	256733	5	0	0	0.0	0.000
run2_A_stride	pooled_pread	off	warm	stride	16384	250000	32	1	5	2	512	157442	985038	1933415	37756	6997200	73172	77	0	0	100.0	0.000
run2_A_stride	pool	off	warm	stride	16384	250000	32	1	5	3	512	3086	3931	12399	4507	669726	764492	5	0	0	0.0	0.000
run2_A_stride	pool	off	warm	stride	16384	250000	64	1	0	0	512	2597	3411	4490	3569	649697	788060	5	0	0	0.0	0.000
run2_A_stride	uring	off	warm	stride	16384	250000	64	1	0	1	512	241709	292039	293847	5878	2856494	179241	5	0	0	100.0	0.000
run2_A_stride	hybrid	off	warm	stride	16384	250000	64	1	0	2	512	2560	2935	4103	4758	2474943	206873	5	0	0	0.0	0.000
run2_A_stride	pooled_pread	off	warm	stride	16384	250000	64	1	0	3	512	226074	830656	1689448	31587	6140190	83385	54	0	0	100.0	0.000
run2_A_stride	uring	off	warm	stride	16384	250000	64	1	1	0	512	253472	261227	262671	5609	2746511	186418	5	0	0	100.0	0.000
run2_A_stride	hybrid	off	warm	stride	16384	250000	64	1	1	1	512	2715	3457	4388	5611	2643206	193704	5	0	0	0.0	0.000
run2_A_stride	pooled_pread	off	warm	stride	16384	250000	64	1	1	2	512	352621	923027	1893503	35545	6153445	83205	50	0	0	100.0	0.000
run2_A_stride	pool	off	warm	stride	16384	250000	64	1	1	3	512	2407	2750	5037	3503	693084	738727	5	0	0	0.0	0.000
run2_A_stride	hybrid	off	warm	stride	16384	250000	64	1	2	0	512	2409	2759	3578	4528	2245811	227980	5	0	0	0.0	0.000
run2_A_stride	pooled_pread	off	warm	stride	16384	250000	64	1	2	1	512	230549	687008	1323726	29294	5432394	94249	39	0	0	100.0	0.000
run2_A_stride	pool	off	warm	stride	16384	250000	64	1	2	2	512	2247	2540	2946	3357	643858	795206	5	0	0	0.0	0.000
run2_A_stride	uring	off	warm	stride	16384	250000	64	1	2	3	512	195860	248818	250587	5154	2523026	202931	5	0	0	100.0	0.000
run2_A_stride	pooled_pread	off	warm	stride	16384	250000	64	1	3	0	512	315161	1535375	2730184	31549	6486312	78935	52	0	0	100.0	0.000
run2_A_stride	pool	off	warm	stride	16384	250000	64	1	3	1	512	2265	2629	5920	3607	864293	592392	5	0	0	0.0	0.000
run2_A_stride	uring	off	warm	stride	16384	250000	64	1	3	2	512	197180	269355	271096	4958	2412409	212236	5	0	0	100.0	0.000
run2_A_stride	hybrid	off	warm	stride	16384	250000	64	1	3	3	512	2593	3479	5124	5087	2502475	204597	5	0	0	0.0	0.000
run2_A_stride	pool	off	warm	stride	16384	250000	64	1	4	0	512	2242	2699	4147	3413	537658	952278	5	0	0	0.0	0.000
run2_A_stride	uring	off	warm	stride	16384	250000	64	1	4	1	512	191416	228837	230576	5831	2558257	200136	5	0	0	100.0	0.000
run2_A_stride	hybrid	off	warm	stride	16384	250000	64	1	4	2	512	2330	2611	7258	4584	2222685	230352	5	0	0	0.0	0.000
run2_A_stride	pooled_pread	off	warm	stride	16384	250000	64	1	4	3	512	552896	2028372	3305417	41121	8536172	59980	86	0	0	100.0	0.000
run2_A_stride	uring	off	warm	stride	16384	250000	64	1	5	0	512	221499	293881	295625	5708	2707189	189126	5	0	0	100.0	0.000
run2_A_stride	hybrid	off	warm	stride	16384	250000	64	1	5	1	512	2569	2979	5486	4825	2354257	217478	5	0	0	0.0	0.000
run2_A_stride	pooled_pread	off	warm	stride	16384	250000	64	1	5	2	512	483083	1429970	2406976	40831	8009792	63922	81	0	0	100.0	0.000
run2_A_stride	pool	off	warm	stride	16384	250000	64	1	5	3	512	2622	3014	6015	3988	606898	843634	5	0	0	0.0	0.000
run2_A_sweep	pool	off	cold	sweep	16384	16384	1	1	0	0	512	4695	5423	450006	8719	12339275	41494	6	0	0	1.4	0.000
run2_A_sweep	uring	off	cold	sweep	16384	16384	1	1	0	1	512	17918	19353	39490	22097	11579327	44217	5	0	0	100.0	0.000
run2_A_sweep	hybrid	off	cold	sweep	16384	16384	1	1	0	2	512	4452	4978	542571	6723	13919815	36782	5	0	0	1.4	0.000
run2_A_sweep	pooled_pread	off	cold	sweep	16384	16384	1	1	0	3	512	50507	62887	120442	60122	28882967	17727	7	0	0	100.0	0.000
run2_A_sweep	uring	off	cold	sweep	16384	16384	1	1	1	0	512	17665	19306	36669	18779	8187388	62535	5	0	0	100.0	0.000
run2_A_sweep	hybrid	off	cold	sweep	16384	16384	1	1	1	1	512	4549	5149	459630	6737	9488137	53962	5	0	0	1.4	0.000
run2_A_sweep	pooled_pread	off	cold	sweep	16384	16384	1	1	1	2	512	51421	63693	118719	61453	28968787	17674	7	0	0	100.0	0.000
run2_A_sweep	pool	off	cold	sweep	16384	16384	1	1	1	3	512	4632	5207	526437	8018	11259138	45474	6	0	0	1.4	0.000
run2_A_sweep	hybrid	off	cold	sweep	16384	16384	1	1	2	0	512	4501	5174	342090	6643	9965733	51376	5	0	0	1.2	0.000
run2_A_sweep	pooled_pread	off	cold	sweep	16384	16384	1	1	2	1	512	57873	68499	132703	67496	31895308	16053	6	0	0	100.0	0.000
run2_A_sweep	pool	off	cold	sweep	16384	16384	1	1	2	2	512	4789	5602	558274	7942	13334200	38398	6	0	0	1.4	0.000
run2_A_sweep	uring	off	cold	sweep	16384	16384	1	1	2	3	512	17068	21315	150185	20593	13802243	37095	5	0	0	100.0	0.000
run2_A_sweep	pooled_pread	off	cold	sweep	16384	16384	1	1	3	0	512	51039	59011	124813	60165	28509127	17959	6	0	0	100.0	0.000
run2_A_sweep	pool	off	cold	sweep	16384	16384	1	1	3	1	512	5058	5601	491145	7849	7900037	64810	6	0	0	1.4	0.000
run2_A_sweep	uring	off	cold	sweep	16384	16384	1	1	3	2	512	17482	22781	50304	23319	10238574	50007	5	0	0	100.0	0.000
run2_A_sweep	hybrid	off	cold	sweep	16384	16384	1	1	3	3	512	4618	5158	545297	7829	10525991	48642	5	0	0	1.4	0.000
run2_A_sweep	pool	off	cold	sweep	16384	16384	1	1	4	0	512	4739	5306	404592	8160	14171533	36129	6	0	0	1.4	0.000
run2_A_sweep	uring	off	cold	sweep	16384	16384	1	1	4	1	512	5976	18732	400528	10660	12302520	41617	5	0	0	100.0	0.000
run2_A_sweep	hybrid	off	cold	sweep	16384	16384	1	1	4	2	512	4410	5131	260155	6365	9388660	54534	5	0	0	1.2	0.000
run2_A_sweep	pooled_pread	off	cold	sweep	16384	16384	1	1	4	3	512	54196	70386	190836	67092	31722627	16140	7	0	0	100.0	0.000
run2_A_sweep	uring	off	cold	sweep	16384	16384	1	1	5	0	512	18033	19311	47160	22172	9546535	53632	5	0	0	100.0	0.000
run2_A_sweep	hybrid	off	cold	sweep	16384	16384	1	1	5	1	512	4511	5193	436432	8964	7913632	64698	5	0	0	1.4	0.000
run2_A_sweep	pooled_pread	off	cold	sweep	16384	16384	1	1	5	2	512	49220	57371	148283	59028	27842788	18389	6	0	0	100.0	0.000
run2_A_sweep	pool	off	cold	sweep	16384	16384	1	1	5	3	512	4583	5225	407118	7937	9606450	53298	6	0	0	1.4	0.000
run2_A_sweep	pool	off	cold	sweep	16384	16384	2	1	0	0	512	5134	6614	1028277	9206	6541220	78273	7	0	0	1.6	0.000
run2_A_sweep	uring	off	cold	sweep	16384	16384	2	1	0	1	512	8974	22171	578690	10605	8344122	61361	5	0	0	100.0	0.000
run2_A_sweep	hybrid	off	cold	sweep	16384	16384	2	1	0	2	512	4319	5030	417465	6739	6869023	74538	5	0	0	1.2	0.000
run2_A_sweep	pooled_pread	off	cold	sweep	16384	16384	2	1	0	3	512	38595	81760	166570	39938	11384395	44974	11	0	0	100.0	0.000
run2_A_sweep	uring	off	cold	sweep	16384	16384	2	1	1	0	512	10255	23447	195713	8681	7037195	72756	5	0	0	100.0	0.000
run2_A_sweep	hybrid	off	cold	sweep	16384	16384	2	1	1	1	512	4407	5000	576179	7212	8091521	63276	5	0	0	2.0	0.000
run2_A_sweep	pooled_pread	off	cold	sweep	16384	16384	2	1	1	2	512	38284	82143	154859	37302	15490561	33052	11	0	0	100.0	0.000
run2_A_sweep	pool	off	cold	sweep	16384	16384	2	1	1	3	512	5128	6616	778022	9807	13359483	38325	7	0	0	2.7	0.000
run2_A_sweep	hybrid	off	cold	sweep	16384	16384	2	1	2	0	512	4309	4986	366409	6229	11811688	43347	5	0	0	1.2	0.000
run2_A_sweep	pooled_pread	off	cold	sweep	16384	16384	2	1	2	1	512	40584	77974	184917	40974	17236581	29704	11	0	0	100.0	0.000
run2_A_sweep	pool	off	cold	sweep	16384	16384	2	1	2	2	512	4978	6015	841203	8879	12665135	40426	7	0	0	2.0	0.000
run2_A_sweep	uring	off	cold	sweep	16384	16384	2	1	2	3	512	11590	31301	578745	11207	11753920	43560	5	0	0	100.0	0.000
run2_A_sweep	pooled_pread	off	cold	sweep	16384	16384	2	1	3	0	512	42543	82250	193236	43084	17617078	29063	12	0	0	100.0	0.000
run2_A_sweep	pool	off	cold	sweep	16384	16384	2	1	3	1	512	5187	6221	870473	9645	8163021	62722	8	0	0	2.7	0.000
run2_A_sweep	uring	off	cold	sweep	16384	16384	2	1	3	2	512	23322	25441	92911	13706	7631184	67093	5	0	0	100.0	0.000
run2_A_sweep	hybrid	off	cold	sweep	16384	16384	2	1	3	3	512	4564	5357	634632	7175	10924332	46868	5	0	0	2.0	0.000
run2_A_sweep	pool	off	cold	sweep	16384	16384	2	1	4	0	512	5401	7603	706362	11012	9791362	52291	7	0	0	2.3	0.000
run2_A_sweep	uring	off	cold	sweep	16384	16384	2	1	4	1	512	22901	30271	161193	14181	8162365	62727	5	0	0	100.0	0.000
run2_A_sweep	hybrid	off	cold	sweep	16384	16384	2	1	4	2	512	4536	5224	558890	7832	8798186	58194	5	0	0	2.0	0.000
run2_A_sweep	pooled_pread	off	cold	sweep	16384	16384	2	1	4	3	512	39994	86544	210626	38889	12654941	40459	10	0	0	100.0	0.000
run2_A_sweep	uring	off	cold	sweep	16384	16384	2	1	5	0	512	23216	24926	147517	13509	7615611	67230	5	0	0	100.0	0.000
run2_A_sweep	hybrid	off	cold	sweep	16384	16384	2	1	5	1	512	4420	5056	643045	6403	10249917	49952	5	0	0	2.0	0.000
run2_A_sweep	pooled_pread	off	cold	sweep	16384	16384	2	1	5	2	512	48320	86029	188159	45289	13505448	37911	10	0	0	100.0	0.000
run2_A_sweep	pool	off	cold	sweep	16384	16384	2	1	5	3	512	5066	6211	730153	8561	9218224	55542	7	0	0	2.0	0.000
run2_A_sweep	pool	off	cold	sweep	16384	16384	4	1	0	0	512	5274	7304	1367226	10589	7733533	66205	9	0	0	4.7	0.000
run2_A_sweep	uring	off	cold	sweep	16384	16384	4	1	0	1	512	34165	43302	616986	10832	7753016	66039	5	0	0	100.0	0.000
run2_A_sweep	hybrid	off	cold	sweep	16384	16384	4	1	0	2	512	4375	5132	1172156	7385	9741236	52560	5	0	0	3.3	0.000
run2_A_sweep	pooled_pread	off	cold	sweep	16384	16384	4	1	0	3	512	38679	167191	524930	39419	9447142	54196	21	0	0	100.0	0.000
run2_A_sweep	uring	off	cold	sweep	16384	16384	4	1	1	0	512	16241	30945	1295737	6430	7282480	70306	5	0	0	100.0	0.000
run2_A_sweep	hybrid	off	cold	sweep	16384	16384	4	1	1	1	512	4374	5048	793643	6451	13224059	38717	5	0	0	3.3	0.000
run2_A_sweep	pooled_pread	off	cold	sweep	16384	16384	4	1	1	2	512	35911	109104	480554	36297	7956916	64347	20	0	0	100.0	0.000
run2_A_sweep	pool	off	cold	sweep	16384	16384	4	1	1	3	512	5392	7000	1574505	10199	7569028	67644	9	0	0	4.7	0.000
run2_A_sweep	hybrid	off	cold	sweep	16384	16384	4	1	2	0	512	4352	4991	589542	6429	9579601	53447	5	0	0	2.5	0.000
run2_A_sweep	pooled_pread	off	cold	sweep	16384	16384	4	1	2	1	512	40064	117753	473448	33763	9612445	53264	17	0	0	100.0	0.000
run2_A_sweep	pool	off	cold	sweep	16384	16384	4	1	2	2	512	5444	8193	1360963	10740	9707365	52743	9	0	0	4.7	0.000
run2_A_sweep	uring	off	cold	sweep	16384	16384	4	1	2	3	512	21662	43849	562095	7989	8090478	63284	5	0	0	100.0	0.000
run2_A_sweep	pooled_pread	off	cold	sweep	16384	16384	4	1	3	0	512	40103	112891	403142	35582	11353909	45095	23	0	0	100.0	0.000
run2_A_sweep	pool	off	cold	sweep	16384	16384	4	1	3	1	512	5192	6213	573090	9263	9735261	52592	9	0	0	1.4	0.000
run2_A_sweep	uring	off	cold	sweep	16384	16384	4	1	3	2	512	17777	38667	903356	7527	11524181	44428	5	0	0	100.0	0.000
run2_A_sweep	hybrid	off	cold	sweep	16384	16384	4	1	3	3	512	4043	4871	50982	6747	10238081	50009	5	0	0	0.8	0.000
run2_A_sweep	pool	off	cold	sweep	16384	16384	4	1	4	0	512	5326	10056	1316724	12481	8294246	61730	10	0	0	5.5	0.000
run2_A_sweep	uring	off	cold	sweep	16384	16384	4	1	4	1	512	28510	32448	278448	10042	5835589	87738	5	0	0	100.0	0.000
run2_A_sweep	hybrid	off	cold	sweep	16384	16384	4	1	4	2	512	2798	5121	700983	5856	10010029	51149	5	0	0	5.3	0.000
run2_A_sweep	pooled_pread	off	cold	sweep	16384	16384	4	1	4	3	512	37561	139870	611145	39667	10321426	49606	18	0	0	100.0	0.000
run2_A_sweep	uring	off	cold	sweep	16384	16384	4	1	5	0	512	21168	46321	925179	8069	12145918	42154	5	0	0	100.0	0.000
run2_A_sweep	hybrid	off	cold	sweep	16384	16384	4	1	5	1	512	3858	4388	76249	6442	10081551	50786	5	0	0	0.8	0.000
run2_A_sweep	pooled_pread	off	cold	sweep	16384	16384	4	1	5	2	512	44181	129809	445204	39697	9033046	56681	16	0	0	100.0	0.000
run2_A_sweep	pool	off	cold	sweep	16384	16384	4	1	5	3	512	5346	7613	1725183	10420	6139963	83388	9	0	0	2.5	0.000
run2_A_sweep	pool	off	cold	sweep	16384	16384	8	1	0	0	512	5150	374041	1368461	14593	13718579	37322	17	0	0	10.5	0.000
run2_A_sweep	uring	off	cold	sweep	16384	16384	8	1	0	1	512	25034	76388	716757	6758	9751069	52507	5	0	0	100.0	0.000
run2_A_sweep	hybrid	off	cold	sweep	16384	16384	8	1	0	2	512	4404	6849	759684	7511	13624633	37579	5	0	0	7.6	0.000
run2_A_sweep	pooled_pread	off	cold	sweep	16384	16384	8	1	0	3	512	41985	311049	942842	39814	11964985	42792	44	0	0	100.0	0.000
run2_A_sweep	uring	off	cold	sweep	16384	16384	8	1	1	0	512	29280	197753	1210250	7656	8125218	63014	5	0	0	100.0	0.000
run2_A_sweep	hybrid	off	cold	sweep	16384	16384	8	1	1	1	512	2949	4987	1162273	6757	6550877	78157	5	0	0	2.1	0.000
run2_A_sweep	pooled_pread	off	cold	sweep	16384	16384	8	1	1	2	512	53558	330142	1147095	43298	11123208	46030	41	0	0	100.0	0.000
run2_A_sweep	pool	off	cold	sweep	16384	16384	8	1	1	3	512	5108	10358	2450992	13419	8693530	58894	15	0	0	5.7	0.000
run2_A_sweep	hybrid	off	cold	sweep	16384	16384	8	1	2	0	512	4391	6344	876878	7205	9270612	55228	5	0	0	8.0	0.000
run2_A_sweep	pooled_pread	off	cold	sweep	16384	16384	8	1	2	1	512	43969	251242	1368882	37334	9516970	53799	34	0	0	100.0	0.000
run2_A_sweep	pool	off	cold	sweep	16384	16384	8	1	2	2	512	4939	348332	3951915	15286	12656730	40453	16	0	0	11.3	0.000
run2_A_sweep	uring	off	cold	sweep	16384	16384	8	1	2	3	512	27350	72593	1495452	6763	10850545	47187	5	0	0	100.0	0.000
run2_A_sweep	pooled_pread	off	cold	sweep	16384	16384	8	1	3	0	512	49515	298529	971678	38680	8473762	60422	39	0	0	100.0	0.000
run2_A_sweep	pool	off	cold	sweep	16384	16384	8	1	3	1	512	5200	10386	2088668	14150	7286535	70267	18	0	0	5.9	0.000
run2_A_sweep	uring	off	cold	sweep	16384	16384	8	1	3	2	512	44254	257400	948602	7768	8083250	63341	5	0	0	100.0	0.000
run2_A_sweep	hybrid	off	cold	sweep	16384	16384	8	1	3	3	512	3875	4797	826723	7477	6718881	76203	5	0	0	3.7	0.000
run2_A_sweep	pool	off	cold	sweep	16384	16384	8	1	4	0	512	5332	381704	3347004	16234	10923804	46870	15	0	0	10.4	0.000
run2_A_sweep	uring	off	cold	sweep	16384	16384	8	1	4	1	512	44069	145217	944317	9114	11471063	44634	5	0	0	100.0	0.000
run2_A_sweep	hybrid	off	cold	sweep	16384	16384	8	1	4	2	512	4481	5818	1652520	7504	10069341	50847	5	0	0	6.2	0.000
run2_A_sweep	pooled_pread	off	cold	sweep	16384	16384	8	1	4	3	512	47465	342758	1076882	39848	11068231	46259	33	0	0	100.0	0.000
run2_A_sweep	uring	off	cold	sweep	16384	16384	8	1	5	0	512	52282	93748	1686889	8781	12189203	42004	5	0	0	100.0	0.000
run2_A_sweep	hybrid	off	cold	sweep	16384	16384	8	1	5	1	512	4987	6431	1543107	9045	9515766	53805	5	0	0	5.9	0.000
run2_A_sweep	pooled_pread	off	cold	sweep	16384	16384	8	1	5	2	512	59835	350277	1309796	42626	12015001	42613	49	0	0	100.0	0.000
run2_A_sweep	pool	off	cold	sweep	16384	16384	8	1	5	3	512	5874	16233	3202498	15499	9557840	53569	14	0	0	8.6	0.000
run2_A_sweep	pool	off	cold	sweep	16384	16384	16	1	0	0	512	6103	1022654	1504367	20664	11126706	46015	23	0	0	17.4	0.000
run2_A_sweep	uring	off	cold	sweep	16384	16384	16	1	0	1	512	89642	382528	2815187	8856	7971768	64227	5	0	0	100.0	0.000
run2_A_sweep	hybrid	off	cold	sweep	16384	16384	16	1	0	2	512	3589	7021	766121	8284	8025687	63795	5	0	0	8.4	0.000
run2_A_sweep	pooled_pread	off	cold	sweep	16384	16384	16	1	0	3	512	125720	656520	2044308	48158	12350080	41457	51	0	0	100.0	0.000
run2_A_sweep	uring	off	cold	sweep	16384	16384	16	1	1	0	512	75273	584457	1866499	7704	7996960	64024	5	0	0	100.0	0.000
run2_A_sweep	hybrid	off	cold	sweep	16384	16384	16	1	1	1	512	5336	6349	536305	10375	7930015	64565	5	0	0	3.9	0.000
run2_A_sweep	pooled_pread	off	cold	sweep	16384	16384	16	1	1	2	512	123832	597364	1819489	45457	14280863	35852	52	0	0	100.0	0.000
run2_A_sweep	pool	off	cold	sweep	16384	16384	16	1	1	3	512	6122	988403	1573738	21698	10641333	48114	23	0	0	18.8	0.000
run2_A_sweep	hybrid	off	cold	sweep	16384	16384	16	1	2	0	512	4454	8139	4313386	7674	9893686	51750	5	0	0	8.4	0.000
run2_A_sweep	pooled_pread	off	cold	sweep	16384	16384	16	1	2	1	512	132461	673834	1726913	49300	10111287	50636	58	0	0	100.0	0.000
run2_A_sweep	pool	off	cold	sweep	16384	16384	16	1	2	2	512	5650	1074624	4916788	23361	10731432	47710	26	0	0	18.6	0.000
run2_A_sweep	uring	off	cold	sweep	16384	16384	16	1	2	3	512	112520	577883	726718	11380	8305184	61648	5	0	0	100.0	0.000
run2_A_sweep	pooled_pread	off	cold	sweep	16384	16384	16	1	3	0	512	92353	763555	2148897	44690	10662395	48019	58	0	0	100.0	0.000
run2_A_sweep	pool	off	cold	sweep	16384	16384	16	1	3	1	512	6237	941953	1586777	21346	10574379	48419	24	0	0	17.6	0.000
run2_A_sweep	uring	off	cold	sweep	16384	16384	16	1	3	2	512	122508	530972	1742847	9687	8337396	61410	5	0	0	100.0	0.000
run2_A_sweep	hybrid	off	cold	sweep	16384	16384	16	1	3	3	512	4702	624084	988899	8482	10361780	49412	5	0	0	16.4	0.000
run2_A_sweep	pool	off	cold	sweep	16384	16384	16	1	4	0	512	5733	890602	2253775	25958	10629405	48168	40	0	0	13.7	0.000
run2_A_sweep	uring	off	cold	sweep	16384	16384	16	1	4	1	512	90408	642371	848115	8881	9887422	51783	5	0	0	100.0	0.000
run2_A_sweep	hybrid	off	cold	sweep	16384	16384	16	1	4	2	512	4437	6678	754538	8110	7979987	64161	5	0	0	5.7	0.000
run2_A_sweep	pooled_pread	off	cold	sweep	16384	16384	16	1	4	3	512	100563	787120	1993446	43395	10462034	48939	51	0	0	100.0	0.000
run2_A_sweep	uring	off	cold	sweep	16384	16384	16	1	5	0	512	98156	632539	2442360	8315	8441314	60654	5	0	0	100.0	0.000
run2_A_sweep	hybrid	off	cold	sweep	16384	16384	16	1	5	1	512	4688	6698	1218655	9468	8159069	62752	5	0	0	6.8	0.000
run2_A_sweep	pooled_pread	off	cold	sweep	16384	16384	16	1	5	2	512	111640	749480	2591982	47636	14142393	36203	66	0	0	100.0	0.000
run2_A_sweep	pool	off	cold	sweep	16384	16384	16	1	5	3	512	4337	1006894	1822280	21324	8316238	61566	24	0	0	15.8	0.000
run2_A_sweep	pool	off	cold	sweep	16384	16384	32	1	0	0	512	4869	2126966	2839630	32256	9225809	55496	45	0	0	24.6	0.000
run2_A_sweep	uring	off	cold	sweep	16384	16384	32	1	0	1	512	200723	1044651	1200246	8350	7726343	66267	5	0	0	100.0	0.000
run2_A_sweep	hybrid	off	cold	sweep	16384	16384	32	1	0	2	512	4407	822094	2285130	9721	9482528	53994	5	0	0	24.0	0.000
run2_A_sweep	pooled_pread	off	cold	sweep	16384	16384	32	1	0	3	512	342390	1408322	2693998	49939	11011427	46497	65	0	0	100.0	0.000
run2_A_sweep	uring	off	cold	sweep	16384	16384	32	1	1	0	512	184845	822351	2853337	9323	8977356	57032	5	0	0	100.0	0.000
run2_A_sweep	hybrid	off	cold	sweep	16384	16384	32	1	1	1	512	4343	722146	1001475	9392	7916049	64679	5	0	0	18.9	0.000
run2_A_sweep	pooled_pread	off	cold	sweep	16384	16384	32	1	1	2	512	252983	1369332	2960834	48910	13413509	38170	76	0	0	100.0	0.000
run2_A_sweep	pool	off	cold	sweep	16384	16384	32	1	1	3	512	5639	1393211	2698195	27853	10055727	50916	43	0	0	20.3	0.000
run2_A_sweep	hybrid	off	cold	sweep	16384	16384	32	1	2	0	512	5373	710175	5040576	8912	11150871	45916	5	0	0	26.6	0.000
run2_A_sweep	pooled_pread	off	cold	sweep	16384	16384	32	1	2	1	512	329201	1171651	2320208	49427	11975364	42754	62	0	0	100.0	0.000
run2_A_sweep	pool	off	cold	sweep	16384	16384	32	1	2	2	512	6063	1401905	2814250	32012	14279563	35855	54	0	0	24.0	0.000
run2_A_sweep	uring	off	cold	sweep	16384	16384	32	1	2	3	512	249150	991249	1767255	9290	13433931	38112	5	0	0	100.0	0.000
run2_A_sweep	pooled_pread	off	cold	sweep	16384	16384	32	1	3	0	512	378767	1424367	3024391	54365	13284734	38540	69	0	0	100.0	0.000
run2_A_sweep	pool	off	cold	sweep	16384	16384	32	1	3	1	512	6352	1552509	2835638	29838	10779436	47498	42	0	0	27.3	0.000
run2_A_sweep	uring	off	cold	sweep	16384	16384	32	1	3	2	512	274776	1006034	1344270	10577	13782062	37150	5	0	0	100.0	0.000
run2_A_sweep	hybrid	off	cold	sweep	16384	16384	32	1	3	3	512	5060	578155	1051367	9799	10438559	49049	5	0	0	14.8	0.000
run2_A_sweep	pool	off	cold	sweep	16384	16384	32	1	4	0	512	6281	1477634	2322589	33115	8886562	57615	46	0	0	27.0	0.000
run2_A_sweep	uring	off	cold	sweep	16384	16384	32	1	4	1	512	203277	806590	1806009	9287	11800861	43387	5	0	0	100.0	0.000
run2_A_sweep	hybrid	off	cold	sweep	16384	16384	32	1	4	2	512	5516	719096	870525	9372	12898441	39695	5	0	0	18.9	0.000
run2_A_sweep	pooled_pread	off	cold	sweep	16384	16384	32	1	4	3	512	246784	1201307	2252835	46983	15779264	32448	70	0	0	100.0	0.000
run2_A_sweep	uring	off	cold	sweep	16384	16384	32	1	5	0	512	221212	807322	960651	8455	11741499	43606	5	0	0	100.0	0.000
run2_A_sweep	hybrid	off	cold	sweep	16384	16384	32	1	5	1	512	3709	781492	1782913	7613	14729440	34760	5	0	0	15.6	0.000
run2_A_sweep	pooled_pread	off	cold	sweep	16384	16384	32	1	5	2	512	190300	1334276	3033169	51013	16799596	30477	71	0	0	100.0	0.000
run2_A_sweep	pool	off	cold	sweep	16384	16384	32	1	5	3	512	5414	1426700	3207235	26536	13892700	36854	45	0	0	23.6	0.000
run2_A_sweep	pool	off	cold	sweep	16384	16384	64	1	0	0	512	6401	2525686	4029728	35983	8886090	57618	57	0	0	29.9	0.000
run2_A_sweep	uring	off	cold	sweep	16384	16384	64	1	0	1	512	375940	2073960	2078625	9492	8178791	62601	5	0	0	100.0	0.000
run2_A_sweep	hybrid	off	cold	sweep	16384	16384	64	1	0	2	512	7467	1008952	2842063	9836	8567989	59757	5	0	0	43.8	0.000
run2_A_sweep	pooled_pread	off	cold	sweep	16384	16384	64	1	0	3	512	502248	2033223	3216086	51980	11163124	45865	72	0	0	100.0	0.000
run2_A_sweep	uring	off	cold	sweep	16384	16384	64	1	1	0	512	677502	1113139	1114905	9685	8112229	63115	5	0	0	100.0	0.000
run2_A_sweep	hybrid	off	cold	sweep	16384	16384	64	1	1	1	512	4955	528379	1789209	8871	7914409	64692	5	0	0	11.3	0.000
run2_A_sweep	pooled_pread	off	cold	sweep	16384	16384	64	1	1	2	512	552254	1378742	2698194	44669	9953639	51438	56	0	0	100.0	0.000
run2_A_sweep	pool	off	cold	sweep	16384	16384	64	1	1	3	512	5878	2282895	5174270	31259	7967171	64264	51	0	0	21.5	0.000
run2_A_sweep	hybrid	off	cold	sweep	16384	16384	64	1	2	0	512	5421	685286	2721731	10006	9019722	56764	5	0	0	24.0	0.000
run2_A_sweep	pooled_pread	off	cold	sweep	16384	16384	64	1	2	1	512	658136	2450658	3608469	59475	12294301	41645	93	0	0	100.0	0.000
run2_A_sweep	pool	off	cold	sweep	16384	16384	64	1	2	2	512	6120	2011238	2631872	33944	8665896	59082	54	0	0	29.9	0.000
run2_A_sweep	uring	off	cold	sweep	16384	16384	64	1	2	3	512	866215	1110428	1112296	8948	7947416	64423	5	0	0	100.0	0.000
run2_A_sweep	pooled_pread	off	cold	sweep	16384	16384	64	1	3	0	512	644179	1830145	4144374	45406	15832665	32338	52	0	0	100.0	0.000
run2_A_sweep	pool	off	cold	sweep	16384	16384	64	1	3	1	512	7066	3656854	5130874	42526	11235031	45572	73	0	0	39.3	0.000
run2_A_sweep	uring	off	cold	sweep	16384	16384	64	1	3	2	512	791193	2749314	2835397	9059	8342266	61374	5	0	0	100.0	0.000
run2_A_sweep	hybrid	off	cold	sweep	16384	16384	64	1	3	3	512	5584	861509	973026	8706	7834561	65351	5	0	0	37.9	0.000
run2_A_sweep	pool	off	cold	sweep	16384	16384	64	1	4	0	512	6512	3684271	5023575	41417	10814354	47344	74	0	0	32.4	0.000
run2_A_sweep	uring	off	cold	sweep	16384	16384	64	1	4	1	512	746352	1148795	1355597	9824	12131419	42204	5	0	0	100.0	0.000
run2_A_sweep	hybrid	off	cold	sweep	16384	16384	64	1	4	2	512	5641	3276101	3310036	9736	9099452	56267	5	0	0	34.8	0.000
run2_A_sweep	pooled_pread	off	cold	sweep	16384	16384	64	1	4	3	512	504909	2597767	3898268	50503	11023743	46445	68	0	0	100.0	0.000
run2_A_sweep	uring	off	cold	sweep	16384	16384	64	1	5	0	512	724527	2889526	2891302	9241	8209067	62370	5	0	0	100.0	0.000
run2_A_sweep	hybrid	off	cold	sweep	16384	16384	64	1	5	1	512	4899	6915	1401732	8188	7180890	71300	5	0	0	8.0	0.000
run2_A_sweep	pooled_pread	off	cold	sweep	16384	16384	64	1	5	2	512	629707	1681884	3164617	47296	15975635	32049	56	0	0	100.0	0.000
run2_A_sweep	pool	off	cold	sweep	16384	16384	64	1	5	3	512	5991	2283010	3403219	31705	14043336	36459	57	0	0	25.0	0.000
run2_A_sweep	pool	off	warm	sweep	16384	16384	1	1	0	0	512	4193	4912	14156	5304	2499183	204867	5	0	0	0.0	0.000
run2_A_sweep	uring	off	warm	sweep	16384	16384	1	1	0	1	512	16499	18456	36150	19004	8039896	63682	5	0	0	100.0	0.000
run2_A_sweep	hybrid	off	warm	sweep	16384	16384	1	1	0	2	512	2556	3086	3815	3449	1675431	305593	5	0	0	0.0	0.000
run2_A_sweep	pooled_pread	off	warm	sweep	16384	16384	1	1	0	3	512	55968	66105	107117	63640	29940402	17101	6	0	0	100.0	0.000
run2_A_sweep	uring	off	warm	sweep	16384	16384	1	1	1	0	512	17128	18795	34993	21667	8942504	57255	5	0	0	100.0	0.000
run2_A_sweep	hybrid	off	warm	sweep	16384	16384	1	1	1	1	512	3434	4107	9785	4595	2259403	226609	5	0	0	0.0	0.000
run2_A_sweep	pooled_pread	off	warm	sweep	16384	16384	1	1	1	2	512	55814	61850	108430	63231	29145851	17567	6	0	0	100.0	0.000
run2_A_sweep	pool	off	warm	sweep	16384	16384	1	1	1	3	512	3811	4583	10573	4635	2270606	225490	5	0	0	0.0	0.000
run2_A_sweep	hybrid	off	warm	sweep	16384	16384	1	1	2	0	512	2672	3123	5463	3474	1696463	301804	5	0	0	0.0	0.000
run2_A_sweep	pooled_pread	off	warm	sweep	16384	16384	1	1	2	1	512	56158	65819	103642	65659	29912406	17117	6	0	0	100.0	0.000
run2_A_sweep	pool	off	warm	sweep	16384	16384	1	1	2	2	512	3721	4534	11313	4649	2266971	225852	5	0	0	0.0	0.000
run2_A_sweep	uring	off	warm	sweep	16384	16384	1	1	2	3	512	16210	18694	37624	15330	6379581	80256	5	0	0	100.0	0.000
run2_A_sweep	pooled_pread	off	warm	sweep	16384	16384	1	1	3	0	512	58486	67039	107044	67011	30972994	16531	6	0	0	100.0	0.000
run2_A_sweep	pool	off	warm	sweep	16384	16384	1	1	3	1	512	2518	3027	3945	3269	1566520	326839	5	0	0	0.0	0.000
run2_A_sweep	uring	off	warm	sweep	16384	16384	1	1	3	2	512	16249	19143	31546	15430	6445133	79440	5	0	0	100.0	0.000
run2_A_sweep	hybrid	off	warm	sweep	16384	16384	1	1	3	3	512	2336	2833	3865	3129	1527676	335150	5	0	0	0.0	0.000
run2_A_sweep	pool	off	warm	sweep	16384	16384	1	1	4	0	512	3542	4301	8312	4229	2077058	246503	5	0	0	0.0	0.000
run2_A_sweep	uring	off	warm	sweep	16384	16384	1	1	4	1	512	4329	17973	27167	12358	5084621	100696	5	0	0	100.0	0.000
run2_A_sweep	hybrid	off	warm	sweep	16384	16384	1	1	4	2	512	2700	3172	3731	3528	1682265	304352	5	0	0	0.0	0.000
run2_A_sweep	pooled_pread	off	warm	sweep	16384	16384	1	1	4	3	512	56955	67292	106203	65345	31067551	16480	6	0	0	100.0	0.000
run2_A_sweep	uring	off	warm	sweep	16384	16384	1	1	5	0	512	17816	22489	41588	18835	7909862	64729	5	0	0	100.0	0.000
run2_A_sweep	hybrid	off	warm	sweep	16384	16384	1	1	5	1	512	3216	3915	6780	4144	2027759	252495	5	0	0	0.0	0.000
run2_A_sweep	pooled_pread	off	warm	sweep	16384	16384	1	1	5	2	512	52373	62359	99734	61606	28382426	18039	7	0	0	100.0	0.000
run2_A_sweep	pool	off	warm	sweep	16384	16384	1	1	5	3	512	2350	2837	3550	2996	1454687	351966	5	0	0	0.0	0.000
run2_A_sweep	pool	off	warm	sweep	16384	16384	2	1	0	0	512	3010	3597	8628	3931	1034214	495062	5	0	0	0.0	0.000
run2_A_sweep	uring	off	warm	sweep	16384	16384	2	1	0	1	512	18867	20924	44866	12175	5242373	97666	5	0	0	100.0	0.000
run2_A_sweep	hybrid	off	warm	sweep	16384	16384	2	1	0	2	512	2969	3613	5812	4067	1918611	266860	5	0	0	0.0	0.000
run2_A_sweep	pooled_pread	off	warm	sweep	16384	16384	2	1	0	3	512	36851	77205	140038	42075	11076087	46226	11	0	0	100.0	0.000
run2_A_sweep	uring	off	warm	sweep	16384	16384	2	1	1	0	512	18137	18967	39655	11732	5021414	101963	5	0	0	100.0	0.000
run2_A_sweep	hybrid	off	warm	sweep	16384	16384	2	1	1	1	512	2071	2581	8185	2970	1423910	359573	5	0	0	0.0	0.000
run2_A_sweep	pooled_pread	off	warm	sweep	16384	16384	2	1	1	2	512	38891	78922	124235	45339	11203979	45698	11	0	0	100.0	0.000
run2_A_sweep	pool	off	warm	sweep	16384	16384	2	1	1	3	512	3465	5051	9818	4599	1192206	429456	5	0	0	0.0	0.000
run2_A_sweep	hybrid	off	warm	sweep	16384	16384	2	1	2	0	512	2084	2646	4501	3008	1479190	346135	5	0	0	0.0	0.000
run2_A_sweep	pooled_pread	off	warm	sweep	16384	16384	2	1	2	1	512	44783	81313	122747	44662	12512592	40919	10	0	0	100.0	0.000
run2_A_sweep	pool	off	warm	sweep	16384	16384	2	1	2	2	512	3088	4761	7066	4387	1155916	442939	5	0	0	0.0	0.000
run2_A_sweep	uring	off	warm	sweep	16384	16384	2	1	2	3	512	20797	22465	43650	13478	5684800	90065	5	0	0	100.0	0.000
run2_A_sweep	pooled_pread	off	warm	sweep	16384	16384	2	1	3	0	512	45534	82305	136657	45180	12770962	40091	12	0	0	100.0	0.000
run2_A_sweep	pool	off	warm	sweep	16384	16384	2	1	3	1	512	3185	4686	9352	4284	1129270	453390	5	0	0	0.0	0.000
run2_A_sweep	uring	off	warm	sweep	16384	16384	2	1	3	2	512	19996	21078	41175	12615	5348843	95722	5	0	0	100.0	0.000
run2_A_sweep	hybrid	off	warm	sweep	16384	16384	2	1	3	3	512	3210	3905	7618	4246	2069662	247383	5	0	0	0.0	0.000
run2_A_sweep	pool	off	warm	sweep	16384	16384	2	1	4	0	512	3366	3907	4886	4257	1127312	454178	5	0	0	0.0	0.000
run2_A_sweep	uring	off	warm	sweep	16384	16384	2	1	4	1	512	20307	22819	43660	12867	5469737	93606	5	0	0	100.0	0.000
run2_A_sweep	hybrid	off	warm	sweep	16384	16384	2	1	4	2	512	2311	2816	6635	3229	1570693	325971	5	0	0	0.0	0.000
run2_A_sweep	pooled_pread	off	warm	sweep	16384	16384	2	1	4	3	512	47815	94292	165503	49322	13523032	37861	11	0	0	100.0	0.000
run2_A_sweep	uring	off	warm	sweep	16384	16384	2	1	5	0	512	18713	23581	34222	12044	5161383	99198	5	0	0	100.0	0.000
run2_A_sweep	hybrid	off	warm	sweep	16384	16384	2	1	5	1	512	2632	3469	9124	3865	1835378	278962	5	0	0	0.0	0.000
run2_A_sweep	pooled_pread	off	warm	sweep	16384	16384	2	1	5	2	512	41328	82422	209408	45886	12442578	41149	10	0	0	100.0	0.000
run2_A_sweep	pool	off	warm	sweep	16384	16384	2	1	5	3	512	2637	3153	8201	3603	924873	553590	5	0	0	0.0	0.000
run2_A_sweep	pool	off	warm	sweep	16384	16384	4	1	0	0	512	2336	2607	4875	3325	623868	820686	5	0	0	0.0	0.000
run2_A_sweep	uring	off	warm	sweep	16384	16384	4	1	0	1	512	21707	25531	53208	7513	3206539	159674	5	0	0	100.0	0.000
run2_A_sweep	hybrid	off	warm	sweep	16384	16384	4	1	0	2	512	2112	2496	6314	3160	1480047	345935	5	0	0	0.0	0.000
run2_A_sweep	pooled_pread	off	warm	sweep	16384	16384	4	1	0	3	512	19931	93151	445422	29436	6185916	82769	16	0	0	100.0	0.000
run2_A_sweep	uring	off	warm	sweep	16384	16384	4	1	1	0	512	22033	23129	49886	7527	3160964	161976	5	0	0	100.0	0.000
run2_A_sweep	hybrid	off	warm	sweep	16384	16384	4	1	1	1	512	2162	2566	6673	3021	1520245	336788	5	0	0	0.0	0.000
run2_A_sweep	pooled_pread	off	warm	sweep	16384	16384	4	1	1	2	512	38279	112369	272481	34284	6992103	73225	18	0	0	100.0	0.000
run2_A_sweep	pool	off	warm	sweep	16384	16384	4	1	1	3	512	2422	2834	6725	3317	589173	869015	5	0	0	0.0	0.000
run2_A_sweep	hybrid	off	warm	sweep	16384	16384	4	1	2	0	512	1883	2194	2617	2866	1370185	373672	5	0	0	0.0	0.000
run2_A_sweep	pooled_pread	off	warm	sweep	16384	16384	4	1	2	1	512	30172	106142	270967	32951	6344858	80695	20	0	0	100.0	0.000
run2_A_sweep	pool	off	warm	sweep	16384	16384	4	1	2	2	512	2406	2887	7425	3789	592164	864625	5	0	0	0.0	0.000
run2_A_sweep	uring	off	warm	sweep	16384	16384	4	1	2	3	512	20794	27635	45688	7334	3148479	162618	5	0	0	100.0	0.000
run2_A_sweep	pooled_pread	off	warm	sweep	16384	16384	4	1	3	0	512	27166	117352	273797	34256	6571324	77914	23	0	0	100.0	0.000
run2_A_sweep	pool	off	warm	sweep	16384	16384	4	1	3	1	512	2777	3323	4016	3730	594834	860744	5	0	0	0.0	0.000
run2_A_sweep	uring	off	warm	sweep	16384	16384	4	1	3	2	512	21129	24882	44260	7226	3015835	169771	5	0	0	100.0	0.000
run2_A_sweep	hybrid	off	warm	sweep	16384	16384	4	1	3	3	512	1851	2467	7132	2797	1359774	376533	5	0	0	0.0	0.000
run2_A_sweep	pool	off	warm	sweep	16384	16384	4	1	4	0	512	2367	2800	3401	3373	610698	838385	5	0	0	0.0	0.000
run2_A_sweep	uring	off	warm	sweep	16384	16384	4	1	4	1	512	20311	21214	42197	6626	2860739	178975	5	0	0	100.0	0.000
run2_A_sweep	hybrid	off	warm	sweep	16384	16384	4	1	4	2	512	2354	2722	3247	3303	1608407	318327	5	0	0	0.0	0.000
run2_A_sweep	pooled_pread	off	warm	sweep	16384	16384	4	1	4	3	512	21329	98082	273480	29382	5661975	90428	22	0	0	100.0	0.000
run2_A_sweep	uring	off	warm	sweep	16384	16384	4	1	5	0	512	20641	22232	36864	7000	3013622	169895	5	0	0	100.0	0.000
run2_A_sweep	hybrid	off	warm	sweep	16384	16384	4	1	5	1	512	1876	2162	3062	2604	1264161	405012	5	0	0	0.0	0.000
run2_A_sweep	pooled_pread	off	warm	sweep	16384	16384	4	1	5	2	512	31665	102466	203239	31396	5919652	86492	17	0	0	100.0	0.000
run2_A_sweep	pool	off	warm	sweep	16384	16384	4	1	5	3	512	2767	3394	5727	3612	655416	781183	5	0	0	0.0	0.000
run2_A_sweep	pool	off	warm	sweep	16384	16384	8	1	0	0	512	2518	3045	5176	3403	524813	975586	5	0	0	0.0	0.000
run2_A_sweep	uring	off	warm	sweep	16384	16384	8	1	0	1	512	28366	30236	67664	4895	2182371	234607	5	0	0	100.0	0.000
run2_A_sweep	hybrid	off	warm	sweep	16384	16384	8	1	0	2	512	1940	2235	2720	2708	1301046	393530	5	0	0	0.0	0.000
run2_A_sweep	pooled_pread	off	warm	sweep	16384	16384	8	1	0	3	512	30710	234293	748286	29763	5605778	91334	43	0	0	100.0	0.000
run2_A_sweep	uring	off	warm	sweep	16384	16384	8	1	1	0	512	28641	31017	123930	5259	2248604	227697	5	0	0	100.0	0.000
run2_A_sweep	hybrid	off	warm	sweep	16384	16384	8	1	1	1	512	1991	2251	3732	2865	1416776	361384	5	0	0	0.0	0.000
run2_A_sweep	pooled_pread	off	warm	sweep	16384	16384	8	1	1	2	512	31664	203301	481594	28330	4770205	107333	38	0	0	100.0	0.000
run2_A_sweep	pool	off	warm	sweep	16384	16384	8	1	1	3	512	2380	2636	4533	3362	504517	1014832	5	0	0	0.0	0.000
run2_A_sweep	hybrid	off	warm	sweep	16384	16384	8	1	2	0	512	2177	2541	4797	3054	1495545	342350	5	0	0	0.0	0.000
run2_A_sweep	pooled_pread	off	warm	sweep	16384	16384	8	1	2	1	512	40254	209380	616158	30837	5643724	90720	42	0	0	100.0	0.000
run2_A_sweep	pool	off	warm	sweep	16384	16384	8	1	2	2	512	2404	2670	4221	3209	491871	1040923	5	0	0	0.0	0.000
run2_A_sweep	uring	off	warm	sweep	16384	16384	8	1	2	3	512	26863	32298	97537	4619	2120907	241406	5	0	0	100.0	0.000
run2_A_sweep	pooled_pread	off	warm	sweep	16384	16384	8	1	3	0	512	30060	176676	521019	26896	4614360	110958	35	0	0	100.0	0.000
run2_A_sweep	pool	off	warm	sweep	16384	16384	8	1	3	1	512	1789	2051	2420	2258	1089123	470103	5	0	0	0.0	0.000
run2_A_sweep	uring	off	warm	sweep	16384	16384	8	1	3	2	512	27995	31207	55345	4861	2148464	238310	5	0	0	100.0	0.000
run2_A_sweep	hybrid	off	warm	sweep	16384	16384	8	1	3	3	512	1995	2193	3322	2857	1376553	371944	5	0	0	0.0	0.000
run2_A_sweep	pool	off	warm	sweep	16384	16384	8	1	4	0	512	2461	3103	6969	3463	538448	950881	5	0	0	0.0	0.000
run2_A_sweep	uring	off	warm	sweep	16384	16384	8	1	4	1	512	27659	32866	89610	4910	2184449	234384	5	0	0	100.0	0.000
run2_A_sweep	hybrid	off	warm	sweep	16384	16384	8	1	4	2	512	1874	2138	2592	2619	1261856	405752	5	0	0	0.0	0.000
run2_A_sweep	pooled_pread	off	warm	sweep	16384	16384	8	1	4	3	512	33986	145215	487650	27107	4589869	111550	31	0	0	100.0	0.000
run2_A_sweep	uring	off	warm	sweep	16384	16384	8	1	5	0	512	26894	32277	143564	4770	2192587	233514	5	0	0	100.0	0.000
run2_A_sweep	hybrid	off	warm	sweep	16384	16384	8	1	5	1	512	1746	2058	3745	2677	1319288	388088	5	0	0	0.0	0.000
run2_A_sweep	pooled_pread	off	warm	sweep	16384	16384	8	1	5	2	512	39553	189181	533893	29901	5045415	101478	36	0	0	100.0	0.000
run2_A_sweep	pool	off	warm	sweep	16384	16384	8	1	5	3	512	2383	2640	3872	3361	598636	855278	5	0	0	0.0	0.000
run2_A_sweep	pool	off	warm	sweep	16384	16384	16	1	0	0	512	2362	2601	8397	3506	624950	819266	5	0	0	0.0	0.000
run2_A_sweep	uring	off	warm	sweep	16384	16384	16	1	0	1	512	43218	50618	138733	4049	1909430	268143	5	0	0	100.0	0.000
run2_A_sweep	hybrid	off	warm	sweep	16384	16384	16	1	0	2	512	1870	2127	3701	2892	1331112	384641	5	0	0	0.0	0.000
run2_A_sweep	pooled_pread	off	warm	sweep	16384	16384	16	1	0	3	512	60136	559204	1146048	34013	6521061	78515	64	0	0	100.0	0.000
run2_A_sweep	uring	off	warm	sweep	16384	16384	16	1	1	0	512	45828	61704	130765	4324	1969953	259905	5	0	0	100.0	0.000
run2_A_sweep	hybrid	off	warm	sweep	16384	16384	16	1	1	1	512	1846	2121	2759	2832	1355337	377766	5	0	0	0.0	0.000
run2_A_sweep	pooled_pread	off	warm	sweep	16384	16384	16	1	1	2	512	47400	510401	1109390	28848	5445562	94022	58	0	0	100.0	0.000
run2_A_sweep	pool	off	warm	sweep	16384	16384	16	1	1	3	512	2467	2824	3879	3371	538262	951210	5	0	0	0.0	0.000
run2_A_sweep	hybrid	off	warm	sweep	16384	16384	16	1	2	0	512	1855	2137	2836	2849	1400327	365629	5	0	0	0.0	0.000
run2_A_sweep	pooled_pread	off	warm	sweep	16384	16384	16	1	2	1	512	70088	565226	1152602	34225	6691620	76514	71	0	0	100.0	0.000
run2_A_sweep	pool	off	warm	sweep	16384	16384	16	1	2	2	512	2515	3024	5709	3809	530269	965548	5	0	0	0.0	0.000
run2_A_sweep	uring	off	warm	sweep	16384	16384	16	1	2	3	512	44740	65185	137263	4390	2012156	254453	5	0	0	100.0	0.000
run2_A_sweep	pooled_pread	off	warm	sweep	16384	16384	16	1	3	0	512	69212	536855	1362884	32357	6306599	81185	57	0	0	100.0	0.000
run2_A_sweep	pool	off	warm	sweep	16384	16384	16	1	3	1	512	2302	2574	3058	3019	439326	1165422	5	0	0	0.0	0.000
run2_A_sweep	uring	off	warm	sweep	16384	16384	16	1	3	2	512	41724	44713	57514	3761	1715196	298508	5	0	0	100.0	0.000
run2_A_sweep	hybrid	off	warm	sweep	16384	16384	16	1	3	3	512	1893	2147	3057	2787	1364777	375153	5	0	0	0.0	0.000
run2_A_sweep	pool	off	warm	sweep	16384	16384	16	1	4	0	512	2222	2426	3202	2905	547238	935608	5	0	0	0.0	0.000
run2_A_sweep	uring	off	warm	sweep	16384	16384	16	1	4	1	512	43163	57143	70496	3909	1790703	285921	5	0	0	100.0	0.000
run2_A_sweep	hybrid	off	warm	sweep	16384	16384	16	1	4	2	512	1847	2103	2572	2751	1328881	385287	5	0	0	0.0	0.000
run2_A_sweep	pooled_pread	off	warm	sweep	16384	16384	16	1	4	3	512	86021	584968	1773408	37813	7639639	67019	78	0	0	100.0	0.000
run2_A_sweep	uring	off	warm	sweep	16384	16384	16	1	5	0	512	46311	65669	122357	4348	1975748	259142	5	0	0	100.0	0.000
run2_A_sweep	hybrid	off	warm	sweep	16384	16384	16	1	5	1	512	1933	2181	2587	2907	1399807	365765	5	0	0	0.0	0.000
run2_A_sweep	pooled_pread	off	warm	sweep	16384	16384	16	1	5	2	512	58574	500137	1520370	31613	6352028	80604	62	0	0	100.0	0.000
run2_A_sweep	pool	off	warm	sweep	16384	16384	16	1	5	3	512	2402	2729	5084	3302	596444	858421	5	0	0	0.0	0.000
run2_A_sweep	pool	off	warm	sweep	16384	16384	32	1	0	0	512	2285	2716	30986	3520	643175	796051	5	0	0	0.0	0.000
run2_A_sweep	uring	off	warm	sweep	16384	16384	32	1	0	1	512	83380	110806	118468	4064	1963875	260709	5	0	0	100.0	0.000
run2_A_sweep	hybrid	off	warm	sweep	16384	16384	32	1	0	2	512	1844	2135	2360	3136	1525849	335551	5	0	0	0.0	0.000
run2_A_sweep	pooled_pread	off	warm	sweep	16384	16384	32	1	0	3	512	137838	842505	1755867	31122	6029432	84917	54	0	0	100.0	0.000
run2_A_sweep	uring	off	warm	sweep	16384	16384	32	1	1	0	512	89091	108708	122129	4115	1941665	263691	5	0	0	100.0	0.000
run2_A_sweep	hybrid	off	warm	sweep	16384	16384	32	1	1	1	512	1807	2090	2477	3263	1592071	321594	5	0	0	0.0	0.000
run2_A_sweep	pooled_pread	off	warm	sweep	16384	16384	32	1	1	2	512	134178	542973	1649876	25687	4321989	118464	39	0	0	100.0	0.000
run2_A_sweep	pool	off	warm	sweep	16384	16384	32	1	1	3	512	2257	2475	4706	3375	688779	743344	5	0	0	0.0	0.000
run2_A_sweep	hybrid	off	warm	sweep	16384	16384	32	1	2	0	512	1832	2107	2325	2989	1463356	349881	5	0	0	0.0	0.000
run2_A_sweep	pooled_pread	off	warm	sweep	16384	16384	32	1	2	1	512	129040	1290602	2289660	32103	6649543	76998	74	0	0	100.0	0.000
run2_A_sweep	pool	off	warm	sweep	16384	16384	32	1	2	2	512	2426	2677	3130	3466	522668	979589	5	0	0	0.0	0.000
run2_A_sweep	uring	off	warm	sweep	16384	16384	32	1	2	3	512	86742	118239	233395	4254	2102928	243470	5	0	0	100.0	0.000
run2_A_sweep	pooled_pread	off	warm	sweep	16384	16384	32	1	3	0	512	134281	851429	2366861	33987	6446563	79422	67	0	0	100.0	0.000
run2_A_sweep	pool	off	warm	sweep	16384	16384	32	1	3	1	512	2242	2565	7981	3286	840306	609302	5	0	0	0.0	0.000
run2_A_sweep	uring	off	warm	sweep	16384	16384	32	1	3	2	512	59842	79794	100043	3231	1537729	332959	5	0	0	100.0	0.000
run2_A_sweep	hybrid	off	warm	sweep	16384	16384	32	1	3	3	512	1848	2103	2548	3027	1454501	352011	5	0	0	0.0	0.000
run2_A_sweep	pool	off	warm	sweep	16384	16384	32	1	4	0	512	2284	2519	3878	3543	545177	939145	5	0	0	0.0	0.000
run2_A_sweep	uring	off	warm	sweep	16384	16384	32	1	4	1	512	59794	76319	102918	3058	1490757	343450	5	0	0	100.0	0.000
run2_A_sweep	hybrid	off	warm	sweep	16384	16384	32	1	4	2	512	1864	2130	2825	2998	1468330	348695	5	0	0	0.0	0.000
run2_A_sweep	pooled_pread	off	warm	sweep	16384	16384	32	1	4	3	512	158936	580565	1911163	28252	5133962	99728	45	0	0	100.0	0.000
run2_A_sweep	uring	off	warm	sweep	16384	16384	32	1	5	0	512	85221	113385	126348	4393	2025392	252791	5	0	0	100.0	0.000
run2_A_sweep	hybrid	off	warm	sweep	16384	16384	32	1	5	1	512	1832	2096	2496	3123	1528237	335027	5	0	0	0.0	0.000
run2_A_sweep	pooled_pread	off	warm	sweep	16384	16384	32	1	5	2	512	139106	820825	1853511	28497	5581981	91724	61	0	0	100.0	0.000
run2_A_sweep	pool	off	warm	sweep	16384	16384	32	1	5	3	512	2424	2727	3275	3308	508943	1006007	5	0	0	0.0	0.000
run2_A_sweep	pool	off	warm	sweep	16384	16384	64	1	0	0	512	2289	2508	2767	3302	500622	1022728	5	0	0	0.0	0.000
run2_A_sweep	uring	off	warm	sweep	16384	16384	64	1	0	1	512	159077	201023	202800	4401	2118695	241658	5	0	0	100.0	0.000
run2_A_sweep	hybrid	off	warm	sweep	16384	16384	64	1	0	2	512	1882	2195	2685	3709	1838363	278509	5	0	0	0.0	0.000
run2_A_sweep	pooled_pread	off	warm	sweep	16384	16384	64	1	0	3	512	358097	1083592	2574126	32200	5902591	86742	53	0	0	100.0	0.000
run2_A_sweep	uring	off	warm	sweep	16384	16384	64	1	1	0	512	176428	205829	207581	4950	2298911	222714	5	0	0	100.0	0.000
run2_A_sweep	hybrid	off	warm	sweep	16384	16384	64	1	1	1	512	2044	2417	2925	4043	1959552	261284	5	0	0	0.0	0.000
run2_A_sweep	pooled_pread	off	warm	sweep	16384	16384	64	1	1	2	512	438886	1579660	2050316	36999	7367384	69495	80	0	0	100.0	0.000
run2_A_sweep	pool	off	warm	sweep	16384	16384	64	1	1	3	512	2403	2782	5143	3614	692378	739480	5	0	0	0.0	0.000
run2_A_sweep	hybrid	off	warm	sweep	16384	16384	64	1	2	0	512	1977	2323	6868	4178	1945708	263143	5	0	0	0.0	0.000
run2_A_sweep	pooled_pread	off	warm	sweep	16384	16384	64	1	2	1	512	294231	1049107	2080675	31242	5952692	86012	51	0	0	100.0	0.000
run2_A_sweep	pool	off	warm	sweep	16384	16384	64	1	2	2	512	2377	2657	3199	3539	658530	777489	5	0	0	0.0	0.000
run2_A_sweep	uring	off	warm	sweep	16384	16384	64	1	2	3	512	161281	212620	214395	4535	2201995	232516	5	0	0	100.0	0.000
run2_A_sweep	pooled_pread	off	warm	sweep	16384	16384	64	1	3	0	512	433909	1652051	2702949	38192	7223279	70882	74	0	0	100.0	0.000
run2_A_sweep	pool	off	warm	sweep	16384	16384	64	1	3	1	512	2515	2955	10105	3895	606213	844588	5	0	0	0.0	0.000
run2_A_sweep	uring	off	warm	sweep	16384	16384	64	1	3	2	512	182583	204536	206262	4662	2215575	231091	5	0	0	100.0	0.000
run2_A_sweep	hybrid	off	warm	sweep	16384	16384	64	1	3	3	512	1888	2317	4099	4020	2008138	254963	5	0	0	0.0	0.000
run2_A_sweep	pool	off	warm	sweep	16384	16384	64	1	4	0	512	2338	2786	5410	3632	562384	910410	5	0	0	0.0	0.000
run2_A_sweep	uring	off	warm	sweep	16384	16384	64	1	4	1	512	152467	186651	188384	4151	2037387	251302	5	0	0	100.0	0.000
run2_A_sweep	hybrid	off	warm	sweep	16384	16384	64	1	4	2	512	1878	2177	2758	3617	1775415	288383	5	0	0	0.0	0.000
run2_A_sweep	pooled_pread	off	warm	sweep	16384	16384	64	1	4	3	512	644263	1601998	2722642	41922	8080299	63364	90	0	0	100.0	0.000
run2_A_sweep	uring	off	warm	sweep	16384	16384	64	1	5	0	512	179631	252968	254722	4842	2348502	218011	5	0	0	100.0	0.000
run2_A_sweep	hybrid	off	warm	sweep	16384	16384	64	1	5	1	512	1955	2298	3078	3845	1887503	271258	5	0	0	0.0	0.000
run2_A_sweep	pooled_pread	off	warm	sweep	16384	16384	64	1	5	2	512	444814	1096115	2973284	35351	6201382	82562	64	0	0	100.0	0.000
run2_A_sweep	pool	off	warm	sweep	16384	16384	64	1	5	3	512	2335	2621	7760	3784	649563	788222	5	0	0	0.0	0.000
run2_B_prefetch_stride	pool	off	cold	stride	16384	250000	1	1	0	0	512	106352	135433	697697	93064	55960845	9149	7	0	0	87.7	0.000
run2_B_prefetch_stride	hybrid	off	cold	stride	16384	250000	1	1	0	1	512	60052	77230	545108	35559	34443009	14865	5	0	0	87.9	0.000
run2_B_prefetch_stride	uring	off	cold	stride	16384	250000	1	1	0	2	512	67739	80475	417409	35030	36980038	13845	5	0	0	100.0	0.000
run2_B_prefetch_stride	hybrid	off	cold	stride	16384	250000	1	1	1	0	512	68117	77887	187526	36162	37296059	13728	5	0	0	87.5	0.000
run2_B_prefetch_stride	uring	off	cold	stride	16384	250000	1	1	1	1	512	70445	91034	378779	36961	40138346	12756	5	0	0	100.0	0.000
run2_B_prefetch_stride	pool	off	cold	stride	16384	250000	1	1	1	2	512	104171	125526	495942	80583	54653601	9368	7	0	0	87.7	0.000
run2_B_prefetch_stride	uring	off	cold	stride	16384	250000	1	1	2	0	512	66790	77191	385504	34344	36497108	14029	5	0	0	100.0	0.000
run2_B_prefetch_stride	pool	off	cold	stride	16384	250000	1	1	2	1	512	92251	109510	556332	76248	48666451	10521	6	0	0	88.1	0.000
run2_B_prefetch_stride	hybrid	off	cold	stride	16384	250000	1	1	2	2	512	67850	79785	489243	36284	37486089	13658	5	0	0	87.7	0.000
run2_B_prefetch_stride	pool	off	cold	stride	16384	250000	1	1	3	0	512	91891	107929	622353	76114	48713856	10510	6	0	0	87.7	0.000
run2_B_prefetch_stride	hybrid	off	cold	stride	16384	250000	1	1	3	1	512	67115	76988	487056	36068	36723012	13942	5	0	0	87.5	0.000
run2_B_prefetch_stride	uring	off	cold	stride	16384	250000	1	1	3	2	512	67628	79595	307789	36064	37520692	13646	5	0	0	100.0	0.000
run2_B_prefetch_stride	hybrid	off	cold	stride	16384	250000	1	1	4	0	512	66811	76875	722853	35645	36691124	13954	5	0	0	88.1	0.000
run2_B_prefetch_stride	uring	off	cold	stride	16384	250000	1	1	4	1	512	66983	77123	349608	35389	36486030	14033	5	0	0	100.0	0.000
run2_B_prefetch_stride	pool	off	cold	stride	16384	250000	1	1	4	2	512	94693	125779	191482	83385	50455744	10148	6	0	0	87.7	0.000
run2_B_prefetch_stride	uring	off	cold	stride	16384	250000	1	1	5	0	512	66520	77606	718884	34382	36515900	14021	5	0	0	100.0	0.000
run2_B_prefetch_stride	pool	off	cold	stride	16384	250000	1	1	5	1	512	94655	120071	631311	77055	51738298	9896	6	0	0	88.1	0.000
run2_B_prefetch_stride	hybrid	off	cold	stride	16384	250000	1	1	5	2	512	74426	92826	516903	39679	41374570	12375	5	0	0	88.1	0.000
run2_B_prefetch_stride	pool	on	cold	stride	16384	250000	1	1	0	0	512	31599	103611	561919	46152	31982538	16009	6	0	0	41.6	0.000
run2_B_prefetch_stride	hybrid	on	cold	stride	16384	250000	1	1	0	1	512	30150	77759	812025	24598	28731147	17820	5	0	0	43.0	0.000
run2_B_prefetch_stride	uring	on	cold	stride	16384	250000	1	1	0	2	512	39189	51452	352994	37224	24677972	20747	5	0	0	100.0	0.000
run2_B_prefetch_stride	hybrid	on	cold	stride	16384	250000	1	1	1	0	512	31122	64106	162183	24714	24415731	20970	5	0	0	40.4	0.000
run2_B_prefetch_stride	uring	on	cold	stride	16384	250000	1	1	1	1	512	29042	56860	420733	23900	23945095	21382	5	0	0	100.0	0.000
run2_B_prefetch_stride	pool	on	cold	stride	16384	250000	1	1	1	2	512	28607	86298	702972	41815	28226640	18139	6	0	0	37.3	0.000
run2_B_prefetch_stride	uring	on	cold	stride	16384	250000	1	1	2	0	512	29991	67676	568961	24766	25985293	19703	5	0	0	100.0	0.000
run2_B_prefetch_stride	pool	on	cold	stride	16384	250000	1	1	2	1	512	28731	84679	762277	41989	28584587	17912	6	0	0	36.7	0.000
run2_B_prefetch_stride	hybrid	on	cold	stride	16384	250000	1	1	2	2	512	27643	58961	723746	23049	23976052	21355	5	0	0	43.4	0.000
run2_B_prefetch_stride	pool	on	cold	stride	16384	250000	1	1	3	0	512	31293	96922	455929	47048	30072215	17026	6	0	0	38.5	0.000
run2_B_prefetch_stride	hybrid	on	cold	stride	16384	250000	1	1	3	1	512	31044	56631	328999	25236	23332610	21944	5	0	0	37.1	0.000
run2_B_prefetch_stride	uring	on	cold	stride	16384	250000	1	1	3	2	512	32768	58462	679414	25526	24664454	20759	5	0	0	100.0	0.000
run2_B_prefetch_stride	hybrid	on	cold	stride	16384	250000	1	1	4	0	512	32625	60384	370565	26619	23253656	22018	5	0	0	31.1	0.000
run2_B_prefetch_stride	uring	on	cold	stride	16384	250000	1	1	4	1	512	36033	62450	739946	30599	24756371	20682	5	0	0	100.0	0.000
run2_B_prefetch_stride	pool	on	cold	stride	16384	250000	1	1	4	2	512	30333	84922	573003	43825	29528951	17339	6	0	0	39.8	0.000
run2_B_prefetch_stride	uring	on	cold	stride	16384	250000	1	1	5	0	512	28288	56185	705771	25181	22547165	22708	5	0	0	100.0	0.000
run2_B_prefetch_stride	pool	on	cold	stride	16384	250000	1	1	5	1	512	30186	88703	728071	43959	30208749	16949	6	0	0	41.4	0.000
run2_B_prefetch_stride	hybrid	on	cold	stride	16384	250000	1	1	5	2	512	27398	55247	692805	22655	23115374	22150	5	0	0	42.8	0.000
run2_B_prefetch_stride	pool	off	cold	stride	16384	250000	4	1	0	0	512	147220	224530	809699	58690	22520898	22734	11	0	0	91.4	0.000
run2_B_prefetch_stride	hybrid	off	cold	stride	16384	250000	4	1	0	1	512	86060	119622	840288	16359	18853541	27157	5	0	0	90.0	0.000
run2_B_prefetch_stride	uring	off	cold	stride	16384	250000	4	1	0	2	512	131128	160201	1089520	15346	20054977	25530	5	0	0	100.0	0.000
run2_B_prefetch_stride	hybrid	off	cold	stride	16384	250000	4	1	1	0	512	98355	151725	772736	24011	21073253	24296	5	0	0	90.0	0.000
run2_B_prefetch_stride	uring	off	cold	stride	16384	250000	4	1	1	1	512	136850	176939	872141	16174	21456889	23862	5	0	0	100.0	0.000
run2_B_prefetch_stride	pool	off	cold	stride	16384	250000	4	1	1	2	512	158198	240988	903209	63962	24118458	21229	12	0	0	91.6	0.000
run2_B_prefetch_stride	uring	off	cold	stride	16384	250000	4	1	2	0	512	131557	163076	856017	15689	20703958	24730	5	0	0	100.0	0.000
run2_B_prefetch_stride	pool	off	cold	stride	16384	250000	4	1	2	1	512	173243	244632	878983	60967	25389651	20166	13	0	0	91.4	0.000
run2_B_prefetch_stride	hybrid	off	cold	stride	16384	250000	4	1	2	2	512	88956	122450	801157	17223	19059151	26864	5	0	0	88.9	0.000
run2_B_prefetch_stride	pool	off	cold	stride	16384	250000	4	1	3	0	512	152502	230718	913178	64363	23172869	22095	13	0	0	91.4	0.000
run2_B_prefetch_stride	hybrid	off	cold	stride	16384	250000	4	1	3	1	512	94035	143574	884883	20990	20097785	25475	5	0	0	90.2	0.000
run2_B_prefetch_stride	uring	off	cold	stride	16384	250000	4	1	3	2	512	136007	173727	855185	16457	21423686	23899	5	0	0	100.0	0.000
run2_B_prefetch_stride	hybrid	off	cold	stride	16384	250000	4	1	4	0	512	98337	162645	727767	25389	20921411	24473	5	0	0	91.0	0.000
run2_B_prefetch_stride	uring	off	cold	stride	16384	250000	4	1	4	1	512	138232	181153	790983	16299	21812983	23472	5	0	0	100.0	0.000
run2_B_prefetch_stride	pool	off	cold	stride	16384	250000	4	1	4	2	512	161319	291151	937958	72375	25575925	20019	13	0	0	91.8	0.000
run2_B_prefetch_stride	uring	off	cold	stride	16384	250000	4	1	5	0	512	164708	223081	937565	22159	24891040	20570	5	0	0	100.0	0.000
run2_B_prefetch_stride	pool	off	cold	stride	16384	250000	4	1	5	1	512	156957	245688	862741	65146	24082959	21260	12	0	0	91.4	0.000
run2_B_prefetch_stride	hybrid	off	cold	stride	16384	250000	4	1	5	2	512	95021	131762	829267	17802	19933815	25685	5	0	0	90.6	0.000
run2_B_prefetch_stride	pool	on	cold	stride	16384	250000	4	1	0	0	512	33379	251634	870685	37152	17065174	30003	11	0	0	46.7	0.000
run2_B_prefetch_stride	hybrid	on	cold	stride	16384	250000	4	1	0	1	512	27413	145286	752650	15053	16383121	31252	5	0	0	39.6	0.000
run2_B_prefetch_stride	uring	on	cold	stride	16384	250000	4	1	0	2	512	61004	136660	887324	13838	15711571	32587	5	0	0	100.0	0.000
run2_B_prefetch_stride	hybrid	on	cold	stride	16384	250000	4	1	1	0	512	29922	122192	915321	19320	16890879	30312	5	0	0	29.9	0.000
run2_B_prefetch_stride	uring	on	cold	stride	16384	250000	4	1	1	1	512	73376	139181	830092	24264	17016974	30088	5	0	0	100.0	0.000
run2_B_prefetch_stride	pool	on	cold	stride	16384	250000	4	1	1	2	512	35665	253642	877198	41626	17964513	28501	10	0	0	41.6	0.000
run2_B_prefetch_stride	uring	on	cold	stride	16384	250000	4	1	2	0	512	78275	143101	1014231	28615	19032006	26902	5	0	0	100.0	0.000
run2_B_prefetch_stride	pool	on	cold	stride	16384	250000	4	1	2	1	512	33741	236790	1787481	38749	18743351	27316	10	0	0	30.9	0.000
run2_B_prefetch_stride	hybrid	on	cold	stride	16384	250000	4	1	2	2	512	26818	115021	776913	13640	15203386	33677	5	0	0	40.8	0.000
run2_B_prefetch_stride	pool	on	cold	stride	16384	250000	4	1	3	0	512	42962	237883	973080	40712	16624344	30798	10	0	0	47.1	0.000
run2_B_prefetch_stride	hybrid	on	cold	stride	16384	250000	4	1	3	1	512	26818	162165	921553	15698	16774355	30523	5	0	0	38.1	0.000
run2_B_prefetch_stride	uring	on	cold	stride	16384	250000	4	1	3	2	512	57563	117373	809232	12776	14512623	35280	5	0	0	100.0	0.000
run2_B_prefetch_stride	hybrid	on	cold	stride	16384	250000	4	1	4	0	512	26926	136580	754735	14377	15692346	32627	5	0	0	40.0	0.000
run2_B_prefetch_stride	uring	on	cold	stride	16384	250000	4	1	4	1	512	55789	141673	908069	13287	15124724	33852	5	0	0	100.0	0.000
run2_B_prefetch_stride	pool	on	cold	stride	16384	250000	4	1	4	2	512	50133	246731	874082	40814	17143241	29866	10	0	0	48.0	0.000
run2_B_prefetch_stride	uring	on	cold	stride	16384	250000	4	1	5	0	512	62819	133564	829430	14158	15330551	33397	5	0	0	100.0	0.000
run2_B_prefetch_stride	pool	on	cold	stride	16384	250000	4	1	5	1	512	33190	268595	1283310	33483	16437569	31148	12	0	0	41.6	0.000
run2_B_prefetch_stride	hybrid	on	cold	stride	16384	250000	4	1	5	2	512	27823	136040	794640	14032	15603618	32813	5	0	0	41.2	0.000
run2_B_prefetch_stride	pool	off	cold	stride	16384	250000	16	1	0	0	512	322699	566539	3428791	48566	14384434	35594	27	0	0	92.6	0.000
run2_B_prefetch_stride	hybrid	off	cold	stride	16384	250000	16	1	0	1	512	258354	339404	2810385	12171	14339311	35706	5	0	0	92.8	0.000
run2_B_prefetch_stride	uring	off	cold	stride	16384	250000	16	1	0	2	512	430696	503216	2315318	11182	15043595	34034	5	0	0	100.0	0.000
run2_B_prefetch_stride	hybrid	off	cold	stride	16384	250000	16	1	1	0	512	270820	349813	3208529	12509	14621492	35017	5	0	0	92.6	0.000
run2_B_prefetch_stride	uring	off	cold	stride	16384	250000	16	1	1	1	512	434148	472773	2900756	11208	17278305	29633	5	0	0	100.0	0.000
run2_B_prefetch_stride	pool	off	cold	stride	16384	250000	16	1	1	2	512	340736	586428	3208861	46998	15506234	33019	28	0	0	92.6	0.000
run2_B_prefetch_stride	uring	off	cold	stride	16384	250000	16	1	2	0	512	432912	502302	3229636	11213	16969592	30172	5	0	0	100.0	0.000
run2_B_prefetch_stride	pool	off	cold	stride	16384	250000	16	1	2	1	512	330845	576683	3592977	46244	14868153	34436	26	0	0	92.4	0.000
run2_B_prefetch_stride	hybrid	off	cold	stride	16384	250000	16	1	2	2	512	262320	365203	3195041	12258	14796647	34602	5	0	0	92.8	0.000
run2_B_prefetch_stride	pool	off	cold	stride	16384	250000	16	1	3	0	512	352965	666416	3745372	47979	15708600	32594	26	0	0	92.2	0.000
run2_B_prefetch_stride	hybrid	off	cold	stride	16384	250000	16	1	3	1	512	287718	400368	2832982	12881	15330910	33397	5	0	0	92.6	0.000
run2_B_prefetch_stride	uring	off	cold	stride	16384	250000	16	1	3	2	512	432281	507402	3252109	11526	17951107	28522	5	0	0	100.0	0.000
run2_B_prefetch_stride	hybrid	off	cold	stride	16384	250000	16	1	4	0	512	235861	330035	3128140	12257	14204982	36044	5	0	0	92.8	0.000
run2_B_prefetch_stride	uring	off	cold	stride	16384	250000	16	1	4	1	512	437231	515280	2985323	11264	17117144	29912	5	0	0	100.0	0.000
run2_B_prefetch_stride	pool	off	cold	stride	16384	250000	16	1	4	2	512	344804	598838	2902304	48149	14949903	34248	29	0	0	92.8	0.000
run2_B_prefetch_stride	uring	off	cold	stride	16384	250000	16	1	5	0	512	427999	481940	2809247	11228	15831093	32341	5	0	0	100.0	0.000
run2_B_prefetch_stride	pool	off	cold	stride	16384	250000	16	1	5	1	512	367432	686439	3776286	50014	16672285	30710	29	0	0	92.6	0.000
run2_B_prefetch_stride	hybrid	off	cold	stride	16384	250000	16	1	5	2	512	273984	380585	2794894	13033	15115164	33873	5	0	0	92.6	0.000
run2_B_prefetch_stride	pool	on	cold	stride	16384	250000	16	1	0	0	512	215572	802922	3124983	35638	14267320	35886	26	0	0	53.1	0.000
run2_B_prefetch_stride	hybrid	on	cold	stride	16384	250000	16	1	0	1	512	29947	448755	2578560	12048	13785053	37142	5	0	0	46.1	0.000
run2_B_prefetch_stride	uring	on	cold	stride	16384	250000	16	1	0	2	512	169783	508997	3080846	10649	13492157	37948	5	0	0	100.0	0.000
run2_B_prefetch_stride	hybrid	on	cold	stride	16384	250000	16	1	1	0	512	10945	471508	3606288	11684	13660168	37481	5	0	0	42.4	0.000
run2_B_prefetch_stride	uring	on	cold	stride	16384	250000	16	1	1	1	512	233191	493997	3085239	13083	14816616	34556	5	0	0	100.0	0.000
run2_B_prefetch_stride	pool	on	cold	stride	16384	250000	16	1	1	2	512	319244	776375	3132099	35261	14269412	35881	25	0	0	52.9	0.000
run2_B_prefetch_stride	uring	on	cold	stride	16384	250000	16	1	2	0	512	222461	515659	3298100	11884	14807154	34578	5	0	0	100.0	0.000
run2_B_prefetch_stride	pool	on	cold	stride	16384	250000	16	1	2	1	512	34568	1534708	3479483	38879	16098120	31805	26	0	0	43.9	0.000
run2_B_prefetch_stride	hybrid	on	cold	stride	16384	250000	16	1	2	2	512	14253	449678	3090094	12085	13847516	36974	5	0	0	43.0	0.000
run2_B_prefetch_stride	pool	on	cold	stride	16384	250000	16	1	3	0	512	71125	907576	3403598	32611	15585771	32850	22	0	0	48.8	0.000
run2_B_prefetch_stride	hybrid	on	cold	stride	16384	250000	16	1	3	1	512	26192	408150	3580440	11556	13384256	38254	5	0	0	44.7	0.000
run2_B_prefetch_stride	uring	on	cold	stride	16384	250000	16	1	3	2	512	216730	552867	3406588	21380	17075186	29985	5	0	0	100.0	0.000
run2_B_prefetch_stride	hybrid	on	cold	stride	16384	250000	16	1	4	0	512	43140	452843	3175818	14537	15074711	33964	5	0	0	46.5	0.000
run2_B_prefetch_stride	uring	on	cold	stride	16384	250000	16	1	4	1	512	227495	507946	3068860	12096	14128676	36238	5	0	0	100.0	0.000
run2_B_prefetch_stride	pool	on	cold	stride	16384	250000	16	1	4	2	512	127459	835574	3417096	33614	13037788	39270	26	0	0	50.8	0.000
run2_B_prefetch_stride	uring	on	cold	stride	16384	250000	16	1	5	0	512	216792	512104	2880710	11138	13671869	37449	5	0	0	100.0	0.000
run2_B_prefetch_stride	pool	on	cold	stride	16384	250000	16	1	5	1	512	158666	809963	3936325	36150	14084230	36353	25	0	0	51.0	0.000
run2_B_prefetch_stride	hybrid	on	cold	stride	16384	250000	16	1	5	2	512	32999	439044	3262231	11855	13947440	36709	5	0	0	46.3	0.000
run2_B_prefetch_sweep	pool	off	cold	sweep	16384	16384	1	1	0	0	512	2416	2878	521024	5667	6935756	73820	6	0	0	1.4	0.000
run2_B_prefetch_sweep	hybrid	off	cold	sweep	16384	16384	1	1	0	1	512	2354	2828	292569	4206	6672609	76732	5	0	0	1.2	0.000
run2_B_prefetch_sweep	uring	off	cold	sweep	16384	16384	1	1	0	2	512	3825	16035	37166	10932	8761702	58436	5	0	0	100.0	0.000
run2_B_prefetch_sweep	hybrid	off	cold	sweep	16384	16384	1	1	1	0	512	2535	3097	372793	4776	8174253	62636	5	0	0	1.2	0.000
run2_B_prefetch_sweep	uring	off	cold	sweep	16384	16384	1	1	1	1	512	3205	15588	29516	8813	8287422	61780	5	0	0	100.0	0.000
run2_B_prefetch_sweep	pool	off	cold	sweep	16384	16384	1	1	1	2	512	2568	3087	386346	5496	11811997	43346	6	0	0	1.2	0.000
run2_B_prefetch_sweep	uring	off	cold	sweep	16384	16384	1	1	2	0	512	3003	15051	283824	7215	10446772	49010	5	0	0	100.0	0.000
run2_B_prefetch_sweep	pool	off	cold	sweep	16384	16384	1	1	2	1	512	2489	2910	720649	5572	12216094	41912	6	0	0	1.4	0.000
run2_B_prefetch_sweep	hybrid	off	cold	sweep	16384	16384	1	1	2	2	512	2502	2945	533773	4746	11259364	45473	5	0	0	1.4	0.000
run2_B_prefetch_sweep	pool	off	cold	sweep	16384	16384	1	1	3	0	512	2606	3112	561590	5594	6769439	75634	6	0	0	1.4	0.000
run2_B_prefetch_sweep	hybrid	off	cold	sweep	16384	16384	1	1	3	1	512	2626	3271	310808	4592	7042087	72706	5	0	0	1.2	0.000
run2_B_prefetch_sweep	uring	off	cold	sweep	16384	16384	1	1	3	2	512	2821	10935	193372	5902	6654355	76942	5	0	0	100.0	0.000
run2_B_prefetch_sweep	hybrid	off	cold	sweep	16384	16384	1	1	4	0	512	2518	2949	473077	5311	7030602	72824	5	0	0	1.4	0.000
run2_B_prefetch_sweep	uring	off	cold	sweep	16384	16384	1	1	4	1	512	3134	15691	54371	8859	6513064	78611	5	0	0	100.0	0.000
run2_B_prefetch_sweep	pool	off	cold	sweep	16384	16384	1	1	4	2	512	2703	3167	515705	6146	6697453	76447	6	0	0	1.4	0.000
run2_B_prefetch_sweep	uring	off	cold	sweep	16384	16384	1	1	5	0	512	3792	16216	46443	11568	7546871	67843	5	0	0	100.0	0.000
run2_B_prefetch_sweep	pool	off	cold	sweep	16384	16384	1	1	5	1	512	2945	3488	599017	6556	7747857	66083	6	0	0	1.4	0.000
run2_B_prefetch_sweep	hybrid	off	cold	sweep	16384	16384	1	1	5	2	512	2638	3266	585750	4899	7412946	69068	5	0	0	1.4	0.000
run2_B_prefetch_sweep	pool	on	cold	sweep	16384	16384	1	1	0	0	512	3057	3571	267477	5825	6842188	74830	6	0	0	1.2	0.000
run2_B_prefetch_sweep	hybrid	on	cold	sweep	16384	16384	1	1	0	1	512	2965	3498	520882	4995	8587881	59619	5	0	0	1.4	0.000
run2_B_prefetch_sweep	uring	on	cold	sweep	16384	16384	1	1	0	2	512	3465	16541	136143	9057	7067702	72442	5	0	0	100.0	0.000
run2_B_prefetch_sweep	hybrid	on	cold	sweep	16384	16384	1	1	1	0	512	3010	3557	564863	5659	7194623	71164	5	0	0	1.4	0.000
run2_B_prefetch_sweep	uring	on	cold	sweep	16384	16384	1	1	1	1	512	5648	17346	39418	13590	10244302	49979	5	0	0	100.0	0.000
run2_B_prefetch_sweep	pool	on	cold	sweep	16384	16384	1	1	1	2	512	3120	3632	607409	6303	7537725	67925	6	0	0	1.4	0.000
run2_B_prefetch_sweep	uring	on	cold	sweep	16384	16384	1	1	2	0	512	3360	9727	533897	6772	8081141	63357	5	0	0	100.0	0.000
run2_B_prefetch_sweep	pool	on	cold	sweep	16384	16384	1	1	2	1	512	3033	3445	509561	5945	11654396	43932	6	0	0	1.4	0.000
run2_B_prefetch_sweep	hybrid	on	cold	sweep	16384	16384	1	1	2	2	512	3027	3630	598454	5141	12113201	42268	5	0	0	1.4	0.000
run2_B_prefetch_sweep	pool	on	cold	sweep	16384	16384	1	1	3	0	512	2993	3417	540694	6005	9403402	54448	6	0	0	1.4	0.000
run2_B_prefetch_sweep	hybrid	on	cold	sweep	16384	16384	1	1	3	1	512	3023	3507	498247	5096	8614593	59434	5	0	0	1.4	0.000
run2_B_prefetch_sweep	uring	on	cold	sweep	16384	16384	1	1	3	2	512	3263	15185	163323	6445	9400977	54462	5	0	0	100.0	0.000
run2_B_prefetch_sweep	hybrid	on	cold	sweep	16384	16384	1	1	4	0	512	2905	3402	535915	5085	7155565	71553	5	0	0	1.4	0.000
run2_B_prefetch_sweep	uring	on	cold	sweep	16384	16384	1	1	4	1	512	3518	5097	244128	6619	7413370	69064	5	0	0	100.0	0.000
run2_B_prefetch_sweep	pool	on	cold	sweep	16384	16384	1	1	4	2	512	3115	3898	513979	6283	11666556	43886	6	0	0	1.4	0.000
run2_B_prefetch_sweep	uring	on	cold	sweep	16384	16384	1	1	5	0	512	3252	15734	200073	6894	7012075	73017	5	0	0	100.0	0.000
run2_B_prefetch_sweep	pool	on	cold	sweep	16384	16384	1	1	5	1	512	3084	3568	454557	6639	6688371	76551	6	0	0	1.4	0.000
run2_B_prefetch_sweep	hybrid	on	cold	sweep	16384	16384	1	1	5	2	512	3135	3857	564624	5629	10104002	50673	5	0	0	1.4	0.000
run2_B_prefetch_sweep	pool	off	cold	sweep	16384	16384	4	1	0	0	512	3242	5599	1434210	10523	10694376	47876	11	0	0	5.7	0.000
run2_B_prefetch_sweep	hybrid	off	cold	sweep	16384	16384	4	1	0	1	512	2557	3127	754994	5026	8907350	57481	5	0	0	3.5	0.000
run2_B_prefetch_sweep	uring	off	cold	sweep	16384	16384	4	1	0	2	512	11361	26099	943219	5991	8334210	61434	5	0	0	100.0	0.000
run2_B_prefetch_sweep	hybrid	off	cold	sweep	16384	16384	4	1	1	0	512	2542	3495	832897	4862	9497964	53906	5	0	0	3.7	0.000
run2_B_prefetch_sweep	uring	off	cold	sweep	16384	16384	4	1	1	1	512	10401	27018	959295	5139	8037022	63705	5	0	0	100.0	0.000
run2_B_prefetch_sweep	pool	off	cold	sweep	16384	16384	4	1	1	2	512	2966	5769	980231	9369	6887752	74335	10	0	0	5.5	0.000
run2_B_prefetch_sweep	uring	off	cold	sweep	16384	16384	4	1	2	0	512	10897	24561	1000246	5582	8191590	62503	5	0	0	100.0	0.000
run2_B_prefetch_sweep	pool	off	cold	sweep	16384	16384	4	1	2	1	512	3258	5856	1437365	9320	12063472	42442	9	0	0	5.7	0.000
run2_B_prefetch_sweep	hybrid	off	cold	sweep	16384	16384	4	1	2	2	512	2574	3248	676248	4855	8614521	59435	5	0	0	3.3	0.000
run2_B_prefetch_sweep	pool	off	cold	sweep	16384	16384	4	1	3	0	512	3087	4990	1739632	8706	8662132	59108	10	0	0	5.7	0.000
run2_B_prefetch_sweep	hybrid	off	cold	sweep	16384	16384	4	1	3	1	512	2740	4572	765894	5300	8908448	57474	5	0	0	3.3	0.000
run2_B_prefetch_sweep	uring	off	cold	sweep	16384	16384	4	1	3	2	512	11158	24315	1072379	5501	8135170	62937	5	0	0	100.0	0.000
run2_B_prefetch_sweep	hybrid	off	cold	sweep	16384	16384	4	1	4	0	512	2531	3080	678314	4774	11167849	45846	5	0	0	3.3	0.000
run2_B_prefetch_sweep	uring	off	cold	sweep	16384	16384	4	1	4	1	512	11106	23692	1051410	5088	9712327	52717	5	0	0	100.0	0.000
run2_B_prefetch_sweep	pool	off	cold	sweep	16384	16384	4	1	4	2	512	3174	4968	1290719	9250	8264805	61949	10	0	0	5.5	0.000
run2_B_prefetch_sweep	uring	off	cold	sweep	16384	16384	4	1	5	0	512	11501	24528	1096142	5467	7625544	67143	5	0	0	100.0	0.000
run2_B_prefetch_sweep	pool	off	cold	sweep	16384	16384	4	1	5	1	512	3078	5665	1288872	8766	10914423	46910	9	0	0	5.5	0.000
run2_B_prefetch_sweep	hybrid	off	cold	sweep	16384	16384	4	1	5	2	512	3099	4097	632450	5900	7594706	67415	5	0	0	4.1	0.000
run2_B_prefetch_sweep	pool	on	cold	sweep	16384	16384	4	1	0	0	512	3837	5906	982122	9094	7357090	69593	10	0	0	4.9	0.000
run2_B_prefetch_sweep	hybrid	on	cold	sweep	16384	16384	4	1	0	1	512	2943	3408	673605	5097	8365387	61205	5	0	0	3.9	0.000
run2_B_prefetch_sweep	uring	on	cold	sweep	16384	16384	4	1	0	2	512	11705	24910	1057559	5875	8114389	63098	5	0	0	100.0	0.000
run2_B_prefetch_sweep	hybrid	on	cold	sweep	16384	16384	4	1	1	0	512	3077	3945	649669	6278	11820674	43314	5	0	0	4.1	0.000
run2_B_prefetch_sweep	uring	on	cold	sweep	16384	16384	4	1	1	1	512	14804	37217	993836	7540	9728901	52627	5	0	0	100.0	0.000
run2_B_prefetch_sweep	pool	on	cold	sweep	16384	16384	4	1	1	2	512	3879	7520	1372816	10297	11588051	44183	9	0	0	5.7	0.000
run2_B_prefetch_sweep	uring	on	cold	sweep	16384	16384	4	1	2	0	512	11575	29973	986001	5458	10068297	50853	5	0	0	100.0	0.000
run2_B_prefetch_sweep	pool	on	cold	sweep	16384	16384	4	1	2	1	512	3911	7051	1481810	11380	11693855	43784	10	0	0	5.7	0.000
run2_B_prefetch_sweep	hybrid	on	cold	sweep	16384	16384	4	1	2	2	512	3076	3742	718283	5690	11700987	43757	5	0	0	4.3	0.000
run2_B_prefetch_sweep	pool	on	cold	sweep	16384	16384	4	1	3	0	512	3678	6006	1358772	8784	11219118	45636	9	0	0	5.5	0.000
run2_B_prefetch_sweep	hybrid	on	cold	sweep	16384	16384	4	1	3	1	512	3114	4263	831770	5494	8860320	57786	5	0	0	4.3	0.000
run2_B_prefetch_sweep	uring	on	cold	sweep	16384	16384	4	1	3	2	512	13230	34053	1045085	6116	8339300	61396	5	0	0	100.0	0.000
run2_B_prefetch_sweep	hybrid	on	cold	sweep	16384	16384	4	1	4	0	512	2964	3814	828901	5394	8794112	58221	5	0	0	4.7	0.000
run2_B_prefetch_sweep	uring	on	cold	sweep	16384	16384	4	1	4	1	512	12994	26553	982686	6141	8221061	62279	5	0	0	100.0	0.000
run2_B_prefetch_sweep	pool	on	cold	sweep	16384	16384	4	1	4	2	512	3384	5631	1528902	9240	10674128	47966	9	0	0	5.5	0.000
run2_B_prefetch_sweep	uring	on	cold	sweep	16384	16384	4	1	5	0	512	11530	26691	1948192	6266	9545342	53639	5	0	0	100.0	0.000
run2_B_prefetch_sweep	pool	on	cold	sweep	16384	16384	4	1	5	1	512	3547	5788	989224	10302	11681772	43829	10	0	0	6.4	0.000
run2_B_prefetch_sweep	hybrid	on	cold	sweep	16384	16384	4	1	5	2	512	2799	3616	1467594	5590	6937497	73802	5	0	0	2.1	0.000
run2_B_prefetch_sweep	pool	off	cold	sweep	16384	16384	16	1	0	0	512	3420	908434	1559221	19576	8444500	60631	29	0	0	22.7	0.000
run2_B_prefetch_sweep	hybrid	off	cold	sweep	16384	16384	16	1	0	1	512	2691	268268	1488704	5868	11767519	43510	5	0	0	10.0	0.000
run2_B_prefetch_sweep	uring	off	cold	sweep	16384	16384	16	1	0	2	512	44324	662530	2150643	5396	7303038	70108	5	0	0	100.0	0.000
run2_B_prefetch_sweep	hybrid	off	cold	sweep	16384	16384	16	1	1	0	512	2707	385530	1409010	6344	6966992	73489	5	0	0	10.2	0.000
run2_B_prefetch_sweep	uring	off	cold	sweep	16384	16384	16	1	1	1	512	48081	701115	2462278	5043	7203829	71073	5	0	0	100.0	0.000
run2_B_prefetch_sweep	pool	off	cold	sweep	16384	16384	16	1	1	2	512	3290	796080	2959762	16409	7953364	64375	28	0	0	18.8	0.000
run2_B_prefetch_sweep	uring	off	cold	sweep	16384	16384	16	1	2	0	512	46183	636889	1117920	5267	9867438	51888	5	0	0	100.0	0.000
run2_B_prefetch_sweep	pool	off	cold	sweep	16384	16384	16	1	2	1	512	3084	790362	2613360	16673	10497556	48773	28	0	0	19.7	0.000
run2_B_prefetch_sweep	hybrid	off	cold	sweep	16384	16384	16	1	2	2	512	2599	3801	813841	5174	7147959	71629	5	0	0	6.8	0.000
run2_B_prefetch_sweep	pool	off	cold	sweep	16384	16384	16	1	3	0	512	3039	811899	2270592	14378	6588676	77709	24	0	0	15.8	0.000
run2_B_prefetch_sweep	hybrid	off	cold	sweep	16384	16384	16	1	3	1	512	2581	3674	904416	5302	9136625	56038	5	0	0	6.8	0.000
run2_B_prefetch_sweep	uring	off	cold	sweep	16384	16384	16	1	3	2	512	52051	645491	1349936	5358	7861194	65130	5	0	0	100.0	0.000
run2_B_prefetch_sweep	hybrid	off	cold	sweep	16384	16384	16	1	4	0	512	2523	3384	713848	5340	7018896	72946	5	0	0	6.8	0.000
run2_B_prefetch_sweep	uring	off	cold	sweep	16384	16384	16	1	4	1	512	39980	716485	1483124	4591	6940158	73774	5	0	0	100.0	0.000
run2_B_prefetch_sweep	pool	off	cold	sweep	16384	16384	16	1	4	2	512	3049	797425	1387887	16588	8229413	62216	30	0	0	18.9	0.000
run2_B_prefetch_sweep	uring	off	cold	sweep	16384	16384	16	1	5	0	512	44165	657693	1433519	5596	10026497	51065	5	0	0	100.0	0.000
run2_B_prefetch_sweep	pool	off	cold	sweep	16384	16384	16	1	5	1	512	3202	942224	1861966	14365	8965044	57111	23	0	0	18.8	0.000
run2_B_prefetch_sweep	hybrid	off	cold	sweep	16384	16384	16	1	5	2	512	2664	24580	883786	5179	8280413	61833	5	0	0	9.6	0.000
run2_B_prefetch_sweep	pool	on	cold	sweep	16384	16384	16	1	0	0	512	3843	872450	1856698	17474	11649109	43952	39	0	0	18.2	0.000
run2_B_prefetch_sweep	hybrid	on	cold	sweep	16384	16384	16	1	0	1	512	3230	38748	749881	6224	10599536	48304	5	0	0	9.6	0.000
run2_B_prefetch_sweep	uring	on	cold	sweep	16384	16384	16	1	0	2	512	48514	684804	987171	5581	10095878	50714	5	0	0	100.0	0.000
run2_B_prefetch_sweep	hybrid	on	cold	sweep	16384	16384	16	1	1	0	512	3183	5237	851938	5726	12005342	42648	5	0	0	8.8	0.000
run2_B_prefetch_sweep	uring	on	cold	sweep	16384	16384	16	1	1	1	512	62257	673495	1373481	6501	10941949	46792	5	0	0	100.0	0.000
run2_B_prefetch_sweep	pool	on	cold	sweep	16384	16384	16	1	1	2	512	4178	870959	4599988	18044	9403991	54445	27	0	0	19.1	0.000
run2_B_prefetch_sweep	uring	on	cold	sweep	16384	16384	16	1	2	0	512	57501	638423	1151375	6009	10015104	51123	5	0	0	100.0	0.000
run2_B_prefetch_sweep	pool	on	cold	sweep	16384	16384	16	1	2	1	512	3973	912163	1483543	17075	11855260	43188	26	0	0	18.9	0.000
run2_B_prefetch_sweep	hybrid	on	cold	sweep	16384	16384	16	1	2	2	512	3377	564026	836938	6617	7322639	69920	5	0	0	12.9	0.000
run2_B_prefetch_sweep	pool	on	cold	sweep	16384	16384	16	1	3	0	512	4004	886476	2402238	18362	7416699	69033	30	0	0	19.7	0.000
run2_B_prefetch_sweep	hybrid	on	cold	sweep	16384	16384	16	1	3	1	512	3157	664384	846121	6302	12178594	42041	5	0	0	16.0	0.000
run2_B_prefetch_sweep	uring	on	cold	sweep	16384	16384	16	1	3	2	512	58557	670527	1086330	6062	10305576	49682	5	0	0	100.0	0.000
run2_B_prefetch_sweep	hybrid	on	cold	sweep	16384	16384	16	1	4	0	512	3268	593051	2385135	6035	8580332	59671	5	0	0	16.0	0.000
run2_B_prefetch_sweep	uring	on	cold	sweep	16384	16384	16	1	4	1	512	56317	612122	2440975	6002	7394264	69243	5	0	0	100.0	0.000
run2_B_prefetch_sweep	pool	on	cold	sweep	16384	16384	16	1	4	2	512	3852	973424	1401179	15754	12430413	41189	24	0	0	19.3	0.000
run2_B_prefetch_sweep	uring	on	cold	sweep	16384	16384	16	1	5	0	512	64558	612037	1447586	7103	10404988	49207	5	0	0	100.0	0.000
run2_B_prefetch_sweep	pool	on	cold	sweep	16384	16384	16	1	5	1	512	3855	914675	1182478	16835	11709770	43724	29	0	0	19.5	0.000
run2_B_prefetch_sweep	hybrid	on	cold	sweep	16384	16384	16	1	5	2	512	3039	4267	1507011	5976	11784867	43446	5	0	0	7.6	0.000
run2_C_readers	pool	off	cold	stride	16384	250000	1	1	0	0	512	107695	129170	250591	82768	56877460	9002	6	0	0	88.1	0.000
run2_C_readers	uring	off	cold	stride	16384	250000	1	1	0	1	512	80992	100321	533130	38385	44153143	11596	5	0	0	100.0	0.000
run2_C_readers	hybrid	off	cold	stride	16384	250000	1	1	0	2	512	80907	102877	709942	39765	44479871	11511	5	0	0	87.9	0.000
run2_C_readers	uring	off	cold	stride	16384	250000	1	1	1	0	512	77002	101309	484547	36050	43103388	11878	5	0	0	100.0	0.000
run2_C_readers	hybrid	off	cold	stride	16384	250000	1	1	1	1	512	77419	96912	656479	37037	42885091	11939	5	0	0	88.1	0.000
run2_C_readers	pool	off	cold	stride	16384	250000	1	1	1	2	512	94674	120720	738813	80496	50605263	10118	6	0	0	87.7	0.000
run2_C_readers	hybrid	off	cold	stride	16384	250000	1	1	2	0	512	67263	80472	453818	35555	37281509	13733	5	0	0	87.7	0.000
run2_C_readers	pool	off	cold	stride	16384	250000	1	1	2	1	512	97748	118516	597913	85570	51241915	9992	6	0	0	87.9	0.000
run2_C_readers	uring	off	cold	stride	16384	250000	1	1	2	2	512	73723	96415	430465	38119	40812654	12545	5	0	0	100.0	0.000
run2_C_readers	pool	off	cold	stride	16384	250000	1	1	3	0	512	116007	139783	794156	79788	59974115	8537	6	0	0	88.1	0.000
run2_C_readers	uring	off	cold	stride	16384	250000	1	1	3	1	512	76616	92227	638431	35335	41903446	12219	5	0	0	100.0	0.000
run2_C_readers	hybrid	off	cold	stride	16384	250000	1	1	3	2	512	78202	107800	258712	42235	44226635	11577	5	0	0	87.7	0.000
run2_C_readers	uring	off	cold	stride	16384	250000	1	1	4	0	512	78082	98103	549404	35771	43575625	11750	5	0	0	100.0	0.000
run2_C_readers	hybrid	off	cold	stride	16384	250000	1	1	4	1	512	77982	102426	611927	40769	43410946	11794	5	0	0	88.1	0.000
run2_C_readers	pool	off	cold	stride	16384	250000	1	1	4	2	512	110519	131554	784536	80039	56271314	9099	6	0	0	88.1	0.000
run2_C_readers	hybrid	off	cold	stride	16384	250000	1	1	5	0	512	70195	85415	198466	40038	37993828	13476	5	0	0	87.5	0.000
run2_C_readers	pool	off	cold	stride	16384	250000	1	1	5	1	512	104973	123354	503254	84752	52863672	9685	6	0	0	88.1	0.000
run2_C_readers	uring	off	cold	stride	16384	250000	1	1	5	2	512	77690	92587	178115	35682	41094759	12459	5	0	0	100.0	0.000
run2_C_readers	pool	off	cold	stride	16384	250000	4	1	0	0	512	189886	263599	982081	67557	28298206	18093	11	0	0	92.4	0.000
run2_C_readers	uring	off	cold	stride	16384	250000	4	1	0	1	512	163512	213130	855268	16739	24496683	20901	5	0	0	100.0	0.000
run2_C_readers	hybrid	off	cold	stride	16384	250000	4	1	0	2	512	114116	158198	871052	16912	22591447	22663	5	0	0	91.0	0.000
run2_C_readers	uring	off	cold	stride	16384	250000	4	1	1	0	512	158355	200714	933389	16181	24278901	21088	5	0	0	100.0	0.000
run2_C_readers	hybrid	off	cold	stride	16384	250000	4	1	1	1	512	116208	164635	988438	19151	22503631	22752	5	0	0	89.3	0.000
run2_C_readers	pool	off	cold	stride	16384	250000	4	1	1	2	512	196680	279276	1096357	66131	29206701	17530	11	0	0	91.6	0.000
run2_C_readers	hybrid	off	cold	stride	16384	250000	4	1	2	0	512	112213	152774	965797	17364	21826739	23457	5	0	0	90.0	0.000
run2_C_readers	pool	off	cold	stride	16384	250000	4	1	2	1	512	188723	277761	969833	65577	27943613	18323	11	0	0	91.4	0.000
run2_C_readers	uring	off	cold	stride	16384	250000	4	1	2	2	512	157944	231904	917354	16612	23990604	21342	5	0	0	100.0	0.000
run2_C_readers	pool	off	cold	stride	16384	250000	4	1	3	0	512	194712	261367	908736	65005	28221885	18142	10	0	0	92.4	0.000
run2_C_readers	uring	off	cold	stride	16384	250000	4	1	3	1	512	148043	167812	911009	15092	22332163	22927	5	0	0	100.0	0.000
run2_C_readers	hybrid	off	cold	stride	16384	250000	4	1	3	2	512	130142	168942	925198	17683	24638601	20780	5	0	0	90.6	0.000
run2_C_readers	uring	off	cold	stride	16384	250000	4	1	4	0	512	197242	222837	982308	22394	28377365	18043	5	0	0	100.0	0.000
run2_C_readers	hybrid	off	cold	stride	16384	250000	4	1	4	1	512	129655	168604	970229	16931	24693944	20734	5	0	0	90.4	0.000
run2_C_readers	pool	off	cold	stride	16384	250000	4	1	4	2	512	182580	262877	1168312	62853	27429870	18666	13	0	0	91.0	0.000
run2_C_readers	hybrid	off	cold	stride	16384	250000	4	1	5	0	512	121380	161400	934108	17601	23673480	21628	5	0	0	90.4	0.000
run2_C_readers	pool	off	cold	stride	16384	250000	4	1	5	1	512	194823	283016	985294	67492	29042907	17629	11	0	0	92.4	0.000
run2_C_readers	uring	off	cold	stride	16384	250000	4	1	5	2	512	138466	178568	964010	17282	21782562	23505	5	0	0	100.0	0.000
run2_C_readers	pool	off	cold	stride	16384	250000	1	4	0	0	512	111528	244278	817094	324166	128138586	3996	13	0	0	19.9	0.000
run2_C_readers	uring	off	cold	stride	16384	250000	1	4	0	1	2048	119876	215039	390497	42552	64172428	31914	5	0	0	100.0	0.000
run2_C_readers	hybrid	off	cold	stride	16384	250000	1	4	0	2	2048	123221	222744	303337	41120	64074936	31963	5	0	0	78.4	0.000
run2_C_readers	uring	off	cold	stride	16384	250000	1	4	1	0	2048	132852	223564	347241	41848	68431812	29928	5	0	0	100.0	0.000
run2_C_readers	hybrid	off	cold	stride	16384	250000	1	4	1	1	2048	134432	221938	296111	43508	69905411	29297	5	0	0	83.9	0.000
run2_C_readers	pool	off	cold	stride	16384	250000	1	4	1	2	512	120393	241367	662715	186575	72277503	7084	13	0	0	21.4	0.000
run2_C_readers	hybrid	off	cold	stride	16384	250000	1	4	2	0	2048	134124	229727	389258	43619	70152008	29194	5	0	0	82.4	0.000
run2_C_readers	pool	off	cold	stride	16384	250000	1	4	2	1	512	123100	252366	615030	190056	73054393	7008	12	0	0	21.3	0.000
run2_C_readers	uring	off	cold	stride	16384	250000	1	4	2	2	2048	129686	224938	327219	41998	68066530	30088	5	0	0	100.0	0.000
run2_C_readers	pool	off	cold	stride	16384	250000	1	4	3	0	512	130526	251091	794900	191074	76498112	6693	14	0	0	21.4	0.000
run2_C_readers	uring	off	cold	stride	16384	250000	1	4	3	1	2048	131775	221705	377451	43443	69546616	29448	5	0	0	100.0	0.000
run2_C_readers	hybrid	off	cold	stride	16384	250000	1	4	3	2	2048	135477	223242	326927	44091	70322036	29123	5	0	0	83.6	0.000
run2_C_readers	uring	off	cold	stride	16384	250000	1	4	4	0	2048	112915	193870	502720	29452	62609450	32711	5	0	0	100.0	0.000
run2_C_readers	hybrid	off	cold	stride	16384	250000	1	4	4	1	2048	132591	229333	374277	41926	69381527	29518	5	0	0	81.5	0.000
run2_C_readers	pool	off	cold	stride	16384	250000	1	4	4	2	512	154223	318827	510195	220295	90669274	5647	13	0	0	21.4	0.000
run2_C_readers	hybrid	off	cold	stride	16384	250000	1	4	5	0	2048	132172	222017	284973	43069	69541363	29450	5	0	0	83.7	0.000
run2_C_readers	pool	off	cold	stride	16384	250000	1	4	5	1	512	114342	249510	802880	159116	71305426	7180	14	0	0	20.9	0.000
run2_C_readers	uring	off	cold	stride	16384	250000	1	4	5	2	2048	134907	230829	326375	44581	71389471	28688	5	0	0	100.0	0.000
run2_C_readers	pool	off	cold	stride	16384	250000	4	4	0	0	512	174164	533729	1867458	121405	33613985	15232	35	0	0	20.7	0.000
run2_C_readers	uring	off	cold	stride	16384	250000	4	4	0	1	2048	210091	370862	983651	19480	32275345	63454	5	0	0	100.0	0.000
run2_C_readers	hybrid	off	cold	stride	16384	250000	4	4	0	2	2048	192934	463762	974985	21728	36251934	56494	5	0	0	73.5	0.000
run2_C_readers	uring	off	cold	stride	16384	250000	4	4	1	0	2048	228467	383023	1170992	18895	33372021	61369	5	0	0	100.0	0.000
run2_C_readers	hybrid	off	cold	stride	16384	250000	4	4	1	1	2048	223153	515081	995960	23643	38318099	53447	5	0	0	80.4	0.000
run2_C_readers	pool	off	cold	stride	16384	250000	4	4	1	2	512	192339	440778	1657256	125886	31245448	16386	35	0	0	20.8	0.000
run2_C_readers	hybrid	off	cold	stride	16384	250000	4	4	2	0	2048	217502	595088	1409853	23859	40078680	51099	5	0	0	77.2	0.000
run2_C_readers	pool	off	cold	stride	16384	250000	4	4	2	1	512	183453	416106	2023999	119834	31076705	16475	36	0	0	19.7	0.000
run2_C_readers	uring	off	cold	stride	16384	250000	4	4	2	2	2048	238004	563809	1351259	27884	39060680	52431	5	0	0	100.0	0.000
run2_C_readers	pool	off	cold	stride	16384	250000	4	4	3	0	512	205188	498058	1419268	145064	34054338	15035	34	0	0	20.3	0.000
run2_C_readers	uring	off	cold	stride	16384	250000	4	4	3	1	2048	215315	451599	1253509	21850	33066829	61935	5	0	0	100.0	0.000
run2_C_readers	hybrid	off	cold	stride	16384	250000	4	4	3	2	2048	224247	604145	1044351	24431	39989743	51213	5	0	0	77.3	0.000
run2_C_readers	uring	off	cold	stride	16384	250000	4	4	4	0	2048	240903	443302	1348538	23520	35727176	57323	5	0	0	100.0	0.000
run2_C_readers	hybrid	off	cold	stride	16384	250000	4	4	4	1	2048	200975	545344	1037834	26275	37994636	53902	5	0	0	73.5	0.000
run2_C_readers	pool	off	cold	stride	16384	250000	4	4	4	2	512	207060	543967	1605129	165779	36798027	13914	36	0	0	20.8	0.000
run2_C_readers	hybrid	off	cold	stride	16384	250000	4	4	5	0	2048	225344	557041	1083204	33033	41642296	49181	5	0	0	71.8	0.000
run2_C_readers	pool	off	cold	stride	16384	250000	4	4	5	1	512	211016	502750	1363565	166171	35488282	14427	30	0	0	20.9	0.000
run2_C_readers	uring	off	cold	stride	16384	250000	4	4	5	2	2048	250235	628263	1689297	26138	39876407	51359	5	0	0	100.0	0.000
run2_C_readers	pool	off	cold	stride	16384	250000	1	16	0	0	512	96866	315186	973839	304564	66951287	7647	39	0	0	3.5	0.000
run2_C_readers	uring	off	cold	stride	16384	250000	1	16	0	1	8192	109320	558921	819959	25906	114054660	71825	5	0	0	100.0	0.000
run2_C_readers	hybrid	off	cold	stride	16384	250000	1	16	0	2	8192	96597	684992	963805	28556	132197391	61968	5	0	0	66.7	0.000
run2_C_readers	uring	off	cold	stride	16384	250000	1	16	1	0	8192	108684	557393	828551	25977	116098092	70561	5	0	0	100.0	0.000
run2_C_readers	hybrid	off	cold	stride	16384	250000	1	16	1	1	8192	77513	550944	846998	24233	105057653	77976	5	0	0	63.2	0.000
run2_C_readers	pool	off	cold	stride	16384	250000	1	16	1	2	512	96371	332391	1035320	294832	69659523	7350	36	0	0	3.3	0.000
run2_C_readers	hybrid	off	cold	stride	16384	250000	1	16	2	0	8192	10548	562810	803643	21026	95471459	85806	5	0	0	57.5	0.000
run2_C_readers	pool	off	cold	stride	16384	250000	1	16	2	1	512	98902	394824	988747	319695	71976771	7113	37	0	0	3.4	0.000
run2_C_readers	uring	off	cold	stride	16384	250000	1	16	2	2	8192	49897	542119	897060	23016	101884568	80405	5	0	0	100.0	0.000
run2_C_readers	pool	off	cold	stride	16384	250000	1	16	3	0	512	61778	297827	1258123	273824	65254694	7846	41	0	0	3.1	0.000
run2_C_readers	uring	off	cold	stride	16384	250000	1	16	3	1	8192	67151	529811	938413	24522	105614270	77565	5	0	0	100.0	0.000
run2_C_readers	hybrid	off	cold	stride	16384	250000	1	16	3	2	8192	94412	633068	885715	29164	127493050	64254	5	0	0	65.9	0.000
run2_C_readers	uring	off	cold	stride	16384	250000	1	16	4	0	8192	109803	592022	802134	27121	118273704	69263	5	0	0	100.0	0.000
run2_C_readers	hybrid	off	cold	stride	16384	250000	1	16	4	1	8192	77549	630553	899506	27448	117557810	69685	5	0	0	63.8	0.000
run2_C_readers	pool	off	cold	stride	16384	250000	1	16	4	2	512	103278	339875	1003697	295055	67944042	7536	40	0	0	3.3	0.000
run2_C_readers	hybrid	off	cold	stride	16384	250000	1	16	5	0	8192	85039	623157	869635	27369	118178560	69319	5	0	0	64.3	0.000
run2_C_readers	pool	off	cold	stride	16384	250000	1	16	5	1	512	96338	355000	940977	344889	72261699	7085	37	0	0	3.7	0.000
run2_C_readers	uring	off	cold	stride	16384	250000	1	16	5	2	8192	104321	591730	897705	27192	120741036	67848	5	0	0	100.0	0.000
run2_C_readers	pool	off	cold	stride	16384	250000	4	16	0	0	512	216990	1638715	7015968	414810	91790350	5578	95	0	0	4.2	0.000
run2_C_readers	uring	off	cold	stride	16384	250000	4	16	0	1	8192	114582	926222	2966217	13295	56291508	145528	5	0	0	100.0	0.000
run2_C_readers	hybrid	off	cold	stride	16384	250000	4	16	0	2	8192	5957	748840	1990395	12514	46134918	177566	5	0	0	47.7	0.000
run2_C_readers	uring	off	cold	stride	16384	250000	4	16	1	0	8192	164625	854652	3424945	13366	53432223	153316	5	0	0	100.0	0.000
run2_C_readers	hybrid	off	cold	stride	16384	250000	4	16	1	1	8192	6828	580663	2227773	12262	43748400	187253	5	0	0	47.5	0.000
run2_C_readers	pool	off	cold	stride	16384	250000	4	16	1	2	512	211461	1669122	7057398	410429	85108042	6016	88	0	0	3.9	0.000
run2_C_readers	hybrid	off	cold	stride	16384	250000	4	16	2	0	8192	13246	890412	4499844	15071	60647864	135075	5	0	0	58.1	0.000
run2_C_readers	pool	off	cold	stride	16384	250000	4	16	2	1	512	177381	1478822	6517595	317960	74058938	6913	96	0	0	3.5	0.000
run2_C_readers	uring	off	cold	stride	16384	250000	4	16	2	2	8192	217674	870632	3079410	12578	55954174	146406	5	0	0	100.0	0.000
run2_C_readers	pool	off	cold	stride	16384	250000	4	16	3	0	512	102913	1166459	5515317	287999	59541823	8599	81	0	0	3.1	0.000
run2_C_readers	uring	off	cold	stride	16384	250000	4	16	3	1	8192	118889	849897	2708876	12916	51074357	160394	5	0	0	100.0	0.000
run2_C_readers	hybrid	off	cold	stride	16384	250000	4	16	3	2	8192	5483	465878	1554545	10846	35070326	233588	5	0	0	44.6	0.000
run2_C_readers	uring	off	cold	stride	16384	250000	4	16	4	0	8192	194365	897508	2465995	13242	55423650	147807	5	0	0	100.0	0.000
run2_C_readers	hybrid	off	cold	stride	16384	250000	4	16	4	1	8192	5147	567969	1380542	10094	34990590	234120	5	0	0	41.9	0.000
run2_C_readers	pool	off	cold	stride	16384	250000	4	16	4	2	512	77009	1226537	3665034	290145	61801056	8285	77	0	0	3.1	0.000
run2_C_readers	hybrid	off	cold	stride	16384	250000	4	16	5	0	8192	6053	731815	1447206	12117	40843614	200570	5	0	0	48.4	0.000
run2_C_readers	pool	off	cold	stride	16384	250000	4	16	5	1	512	88268	1178988	6377532	270992	61562236	8317	74	0	0	3.2	0.000
run2_C_readers	uring	off	cold	stride	16384	250000	4	16	5	2	8192	237572	941814	3790714	14438	61109327	134055	5	0	0	100.0	0.000
run2_D_size4096	pool	off	cold	stride	4096	250000	1	1	0	0	512	83509	97496	408776	83280	45155990	11338	6	0	0	87.9	0.000
run2_D_size4096	hybrid	off	cold	stride	4096	250000	1	1	0	1	512	62595	70084	613269	34262	35288401	14509	5	0	0	87.9	0.000
run2_D_size4096	uring	off	cold	stride	4096	250000	1	1	0	2	512	62978	70713	519173	33747	35316917	14497	5	0	0	100.0	0.000
run2_D_size4096	hybrid	off	cold	stride	4096	250000	1	1	1	0	512	63913	72762	481043	34789	35716922	14335	5	0	0	87.3	0.000
run2_D_size4096	uring	off	cold	stride	4096	250000	1	1	1	1	512	63388	71491	380662	33471	35670722	14354	5	0	0	100.0	0.000
run2_D_size4096	pool	off	cold	stride	4096	250000	1	1	1	2	512	82141	98949	481577	80988	44685831	11458	6	0	0	88.1	0.000
run2_D_size4096	uring	off	cold	stride	4096	250000	1	1	2	0	512	64371	74348	573936	34670	35955247	14240	5	0	0	100.0	0.000
run2_D_size4096	pool	off	cold	stride	4096	250000	1	1	2	1	512	111604	125876	542338	102873	55060981	9299	6	0	0	87.3	0.000
run2_D_size4096	hybrid	off	cold	stride	4096	250000	1	1	2	2	512	63101	76796	517767	36272	35960757	14238	5	0	0	87.7	0.000
run2_D_size4096	pool	off	cold	stride	4096	250000	1	1	3	0	512	78169	101378	409928	78614	44143188	11599	6	0	0	87.7	0.000
run2_D_size4096	hybrid	off	cold	stride	4096	250000	1	1	3	1	512	56948	73932	508556	35225	33669757	15207	5	0	0	87.9	0.000
run2_D_size4096	uring	off	cold	stride	4096	250000	1	1	3	2	512	66643	76830	530113	36014	37153097	13781	5	0	0	100.0	0.000
run2_D_size4096	hybrid	off	cold	stride	4096	250000	1	1	4	0	512	56707	67231	591597	33643	33059336	15487	5	0	0	88.1	0.000
run2_D_size4096	uring	off	cold	stride	4096	250000	1	1	4	1	512	67543	78403	526281	39615	37594289	13619	5	0	0	100.0	0.000
run2_D_size4096	pool	off	cold	stride	4096	250000	1	1	4	2	512	89299	108573	876534	88579	50041032	10232	6	0	0	87.1	0.000
run2_D_size4096	uring	off	cold	stride	4096	250000	1	1	5	0	512	64752	190752	878190	42763	52629062	9728	5	0	0	100.0	0.000
run2_D_size4096	pool	off	cold	stride	4096	250000	1	1	5	1	512	73636	108912	713990	76607	43695339	11717	6	0	0	88.1	0.000
run2_D_size4096	hybrid	off	cold	stride	4096	250000	1	1	5	2	512	59036	75122	295178	39376	34849859	14692	5	0	0	86.7	0.000
run2_D_size4096	pool	off	cold	stride	4096	250000	16	1	0	0	512	247161	726654	3277396	51646	13853214	36959	28	0	0	92.4	0.000
run2_D_size4096	hybrid	off	cold	stride	4096	250000	16	1	0	1	512	185806	370764	3154053	19501	15014456	34100	5	0	0	92.4	0.000
run2_D_size4096	uring	off	cold	stride	4096	250000	16	1	0	2	512	248195	317457	3097303	7567	12474404	41044	5	0	0	100.0	0.000
run2_D_size4096	hybrid	off	cold	stride	4096	250000	16	1	1	0	512	152146	352950	3286527	13442	12846770	39854	5	0	0	92.8	0.000
run2_D_size4096	uring	off	cold	stride	4096	250000	16	1	1	1	512	247533	321976	3067627	7078	12491469	40988	5	0	0	100.0	0.000
run2_D_size4096	pool	off	cold	stride	4096	250000	16	1	1	2	512	235860	795208	3418998	45246	14000614	36570	34	0	0	92.6	0.000
run2_D_size4096	uring	off	cold	stride	4096	250000	16	1	2	0	512	250708	323067	3270127	7458	12801535	39995	5	0	0	100.0	0.000
run2_D_size4096	pool	off	cold	stride	4096	250000	16	1	2	1	512	236996	696091	3315975	44655	13265476	38596	29	0	0	92.8	0.000
run2_D_size4096	hybrid	off	cold	stride	4096	250000	16	1	2	2	512	150131	285818	3392474	12547	12430669	41188	5	0	0	92.6	0.000
run2_D_size4096	pool	off	cold	stride	4096	250000	16	1	3	0	512	279552	675081	3300208	48485	14045253	36454	33	0	0	92.2	0.000
run2_D_size4096	hybrid	off	cold	stride	4096	250000	16	1	3	1	512	140529	203611	3265805	8635	11022437	46451	5	0	0	92.6	0.000
run2_D_size4096	uring	off	cold	stride	4096	250000	16	1	3	2	512	248038	350372	3170831	7232	12301581	41621	5	0	0	100.0	0.000
run2_D_size4096	hybrid	off	cold	stride	4096	250000	16	1	4	0	512	146411	205925	3097992	8899	10969590	46674	5	0	0	92.8	0.000
run2_D_size4096	uring	off	cold	stride	4096	250000	16	1	4	1	512	249319	355006	3137745	8422	12433062	41181	5	0	0	100.0	0.000
run2_D_size4096	pool	off	cold	stride	4096	250000	16	1	4	2	512	235178	501687	3626066	42292	13281769	38549	27	0	0	92.8	0.000
run2_D_size4096	uring	off	cold	stride	4096	250000	16	1	5	0	512	252114	344574	3342687	7599	12652747	40466	5	0	0	100.0	0.000
run2_D_size4096	pool	off	cold	stride	4096	250000	16	1	5	1	512	268452	706601	3607449	46252	14137298	36216	36	0	0	92.8	0.000
run2_D_size4096	hybrid	off	cold	stride	4096	250000	16	1	5	2	512	140957	194932	3545149	9362	11798638	43395	5	0	0	92.8	0.000
run2_D_size4096	pool	off	warm	stride	4096	250000	1	1	0	0	512	1154	1400	1652	1734	737555	694186	5	0	0	0.0	0.000
run2_D_size4096	hybrid	off	warm	stride	4096	250000	1	1	0	1	512	1098	1331	1651	1788	819654	624654	5	0	0	0.0	0.000
run2_D_size4096	uring	off	warm	stride	4096	250000	1	1	0	2	512	2651	14728	22292	8876	3585962	142779	5	0	0	100.0	0.000
run2_D_size4096	hybrid	off	warm	stride	4096	250000	1	1	1	0	512	1161	1379	1780	1958	898194	570033	5	0	0	0.0	0.000
run2_D_size4096	uring	off	warm	stride	4096	250000	1	1	1	1	512	2578	14312	19511	8038	3380704	151448	5	0	0	100.0	0.000
run2_D_size4096	pool	off	warm	stride	4096	250000	1	1	1	2	512	1072	1265	1643	1551	777469	658547	5	0	0	0.0	0.000
run2_D_size4096	uring	off	warm	stride	4096	250000	1	1	2	0	512	2523	13943	19890	7616	3132006	163474	5	0	0	100.0	0.000
run2_D_size4096	pool	off	warm	stride	4096	250000	1	1	2	1	512	1041	1176	1499	1638	736595	695090	5	0	0	0.0	0.000
run2_D_size4096	hybrid	off	warm	stride	4096	250000	1	1	2	2	512	1031	1174	1501	1741	799902	640078	5	0	0	0.0	0.000
run2_D_size4096	pool	off	warm	stride	4096	250000	1	1	3	0	512	1020	1129	1484	1449	691598	740314	5	0	0	0.0	0.000
run2_D_size4096	hybrid	off	warm	stride	4096	250000	1	1	3	1	512	1014	1139	1400	1643	755512	677686	5	0	0	0.0	0.000
run2_D_size4096	uring	off	warm	stride	4096	250000	1	1	3	2	512	2427	14012	17297	7168	2961552	172882	5	0	0	100.0	0.000
run2_D_size4096	hybrid	off	warm	stride	4096	250000	1	1	4	0	512	1005	1103	1245	1532	735160	696447	5	0	0	0.0	0.000
run2_D_size4096	uring	off	warm	stride	4096	250000	1	1	4	1	512	2361	14040	18138	7277	2955941	173210	5	0	0	100.0	0.000
run2_D_size4096	pool	off	warm	stride	4096	250000	1	1	4	2	512	994	1093	1314	1562	655554	781019	5	0	0	0.0	0.000
run2_D_size4096	uring	off	warm	stride	4096	250000	1	1	5	0	512	2327	14194	19020	7082	2838368	180385	5	0	0	100.0	0.000
run2_D_size4096	pool	off	warm	stride	4096	250000	1	1	5	1	512	985	1076	1611	1610	746883	685516	5	0	0	0.0	0.000
run2_D_size4096	hybrid	off	warm	stride	4096	250000	1	1	5	2	512	995	1173	1594	1576	775835	659934	5	0	0	0.0	0.000
run2_D_size4096	pool	off	warm	stride	4096	250000	16	1	0	0	512	1133	1467	1737	1860	310606	1648391	5	0	0	0.0	0.000
run2_D_size4096	hybrid	off	warm	stride	4096	250000	16	1	0	1	512	1023	1121	1270	1808	814848	628338	5	0	0	0.0	0.000
run2_D_size4096	uring	off	warm	stride	4096	250000	16	1	0	2	512	34899	38831	72763	3188	1393169	367507	5	0	0	100.0	0.000
run2_D_size4096	hybrid	off	warm	stride	4096	250000	16	1	1	0	512	1025	1119	1220	1839	845266	605726	5	0	0	0.0	0.000
run2_D_size4096	uring	off	warm	stride	4096	250000	16	1	1	1	512	26887	28169	41648	2562	1101325	464895	5	0	0	100.0	0.000
run2_D_size4096	pool	off	warm	stride	4096	250000	16	1	1	2	512	1071	1178	1442	1826	300220	1705416	5	0	0	0.0	0.000
run2_D_size4096	uring	off	warm	stride	4096	250000	16	1	2	0	512	27326	29464	53151	2767	1215969	421063	5	0	0	100.0	0.000
run2_D_size4096	pool	off	warm	stride	4096	250000	16	1	2	1	512	1167	1486	2117	1795	336947	1519527	5	0	0	0.0	0.000
run2_D_size4096	hybrid	off	warm	stride	4096	250000	16	1	2	2	512	1033	1184	1776	1857	938643	545468	5	0	0	0.0	0.000
run2_D_size4096	pool	off	warm	stride	4096	250000	16	1	3	0	512	1089	1207	1536	1699	271092	1888658	5	0	0	0.0	0.000
run2_D_size4096	hybrid	off	warm	stride	4096	250000	16	1	3	1	512	987	1084	1372	1661	748464	684068	5	0	0	0.0	0.000
run2_D_size4096	uring	off	warm	stride	4096	250000	16	1	3	2	512	26253	27254	51628	2510	1096152	467089	5	0	0	100.0	0.000
run2_D_size4096	hybrid	off	warm	stride	4096	250000	16	1	4	0	512	1006	1110	1332	1817	780385	656086	5	0	0	0.0	0.000
run2_D_size4096	uring	off	warm	stride	4096	250000	16	1	4	1	512	26220	27257	50787	2677	1148500	445799	5	0	0	100.0	0.000
run2_D_size4096	pool	off	warm	stride	4096	250000	16	1	4	2	512	1054	1153	1325	1706	349067	1466767	5	0	0	0.0	0.000
run2_D_size4096	uring	off	warm	stride	4096	250000	16	1	5	0	512	26078	26910	52864	2510	1090184	469645	5	0	0	100.0	0.000
run2_D_size4096	pool	off	warm	stride	4096	250000	16	1	5	1	512	1057	1165	2858	1670	326365	1568796	5	0	0	0.0	0.000
run2_D_size4096	hybrid	off	warm	stride	4096	250000	16	1	5	2	512	1002	1095	1184	1555	739997	691895	5	0	0	0.0	0.000
run2_D_size65536	pool	off	cold	stride	65536	250000	1	1	0	0	512	143725	169443	830647	86335	73129207	7001	6	0	0	77.0	0.000
run2_D_size65536	hybrid	off	cold	stride	65536	250000	1	1	0	1	512	119303	151191	1040668	53581	64380276	7953	5	0	0	76.4	0.000
run2_D_size65536	uring	off	cold	stride	65536	250000	1	1	0	2	512	121973	152773	794116	52111	65106076	7864	5	0	0	100.0	0.000
run2_D_size65536	hybrid	off	cold	stride	65536	250000	1	1	1	0	512	125114	165418	901602	58088	70451800	7267	5	0	0	77.1	0.000
run2_D_size65536	uring	off	cold	stride	65536	250000	1	1	1	1	512	110617	132973	512483	50753	58128577	8808	5	0	0	100.0	0.000
run2_D_size65536	pool	off	cold	stride	65536	250000	1	1	1	2	512	139550	166815	829285	83975	71276425	7183	6	0	0	77.1	0.000
run2_D_size65536	uring	off	cold	stride	65536	250000	1	1	2	0	512	118471	142860	728703	53430	61536402	8320	5	0	0	100.0	0.000
run2_D_size65536	pool	off	cold	stride	65536	250000	1	1	2	1	512	151106	201926	877735	88419	79059541	6476	6	0	0	77.3	0.000
run2_D_size65536	hybrid	off	cold	stride	65536	250000	1	1	2	2	512	124252	156585	873844	50484	67237178	7615	5	0	0	77.1	0.000
run2_D_size65536	pool	off	cold	stride	65536	250000	1	1	3	0	512	147610	182898	900551	94409	76705439	6675	6	0	0	76.8	0.000
run2_D_size65536	hybrid	off	cold	stride	65536	250000	1	1	3	1	512	119746	152964	948944	86463	81748891	6263	5	0	0	76.4	0.000
run2_D_size65536	uring	off	cold	stride	65536	250000	1	1	3	2	512	120875	144641	763591	52868	64395911	7951	5	0	0	100.0	0.000
run2_D_size65536	hybrid	off	cold	stride	65536	250000	1	1	4	0	512	119403	146146	944354	51834	63960205	8005	5	0	0	76.8	0.000
run2_D_size65536	uring	off	cold	stride	65536	250000	1	1	4	1	512	114201	140734	822071	50939	60435923	8472	5	0	0	100.0	0.000
run2_D_size65536	pool	off	cold	stride	65536	250000	1	1	4	2	512	137156	160064	844441	83111	70077725	7306	6	0	0	77.0	0.000
run2_D_size65536	uring	off	cold	stride	65536	250000	1	1	5	0	512	95813	125822	501594	54944	52483322	9755	5	0	0	100.0	0.000
run2_D_size65536	pool	off	cold	stride	65536	250000	1	1	5	1	512	142158	184778	841954	95897	74887034	6837	6	0	0	77.0	0.000
run2_D_size65536	hybrid	off	cold	stride	65536	250000	1	1	5	2	512	120943	147167	690111	51309	59780600	8565	5	0	0	76.2	0.000
run2_D_size65536	pool	off	cold	stride	65536	250000	16	1	0	0	512	1003276	2328019	4101232	82183	39087909	13099	25	0	0	92.4	0.000
run2_D_size65536	hybrid	off	cold	stride	65536	250000	16	1	0	1	512	909599	2037367	3681039	31987	39881768	12838	5	0	0	92.6	0.000
run2_D_size65536	uring	off	cold	stride	65536	250000	16	1	0	2	512	1195038	1378029	3562441	30279	40304241	12703	5	0	0	100.0	0.000
run2_D_size65536	hybrid	off	cold	stride	65536	250000	16	1	1	0	512	904970	1809040	3497488	36041	40463781	12653	5	0	0	88.5	0.000
run2_D_size65536	uring	off	cold	stride	65536	250000	16	1	1	1	512	1278166	1399497	3379365	29722	41263368	12408	5	0	0	100.0	0.000
run2_D_size65536	pool	off	cold	stride	65536	250000	16	1	1	2	512	922096	2520412	3748729	75128	38924235	13154	25	0	0	92.6	0.000
run2_D_size65536	uring	off	cold	stride	65536	250000	16	1	2	0	512	1305020	1698638	3253323	31744	42730130	11982	5	0	0	100.0	0.000
run2_D_size65536	pool	off	cold	stride	65536	250000	16	1	2	1	512	947142	2564555	4097875	79329	39914403	12827	26	0	0	92.8	0.000
run2_D_size65536	hybrid	off	cold	stride	65536	250000	16	1	2	2	512	970321	2034107	3742284	35001	42567607	12028	5	0	0	90.0	0.000
run2_D_size65536	pool	off	cold	stride	65536	250000	16	1	3	0	512	1057424	2598581	4008208	87263	41922193	12213	29	0	0	92.8	0.000
run2_D_size65536	hybrid	off	cold	stride	65536	250000	16	1	3	1	512	921820	1808474	3735641	34641	41414541	12363	5	0	0	89.6	0.000
run2_D_size65536	uring	off	cold	stride	65536	250000	16	1	3	2	512	1418177	1540059	3744701	41671	46778295	10945	5	0	0	100.0	0.000
run2_D_size65536	hybrid	off	cold	stride	65536	250000	16	1	4	0	512	910676	2131401	3936231	36660	41555867	12321	5	0	0	90.0	0.000
run2_D_size65536	uring	off	cold	stride	65536	250000	16	1	4	1	512	1222150	1382293	3030487	30009	40827874	12540	5	0	0	100.0	0.000
run2_D_size65536	pool	off	cold	stride	65536	250000	16	1	4	2	512	1021542	2185001	3601350	80731	38673828	13239	30	0	0	92.4	0.000
run2_D_size65536	uring	off	cold	stride	65536	250000	16	1	5	0	512	1123191	1387416	3624646	32841	39753082	12880	5	0	0	100.0	0.000
run2_D_size65536	pool	off	cold	stride	65536	250000	16	1	5	1	512	990555	2307754	4261333	90874	39169588	13071	31	0	0	92.4	0.000
run2_D_size65536	hybrid	off	cold	stride	65536	250000	16	1	5	2	512	872289	1614773	3390981	38076	40265079	12716	5	0	0	84.6	0.000
run2_D_size65536	pool	off	warm	stride	65536	250000	1	1	0	0	512	11513	14105	44895	12804	6425359	79684	5	0	0	0.0	0.000
run2_D_size65536	hybrid	off	warm	stride	65536	250000	1	1	0	1	512	10874	13203	44803	12317	6222867	82277	5	0	0	0.0	0.000
run2_D_size65536	uring	off	warm	stride	65536	250000	1	1	0	2	512	28887	39039	60553	35791	16239831	31527	5	0	0	100.0	0.000
run2_D_size65536	hybrid	off	warm	stride	65536	250000	1	1	1	0	512	11606	14106	43721	14051	6752103	75828	5	0	0	0.0	0.000
run2_D_size65536	uring	off	warm	stride	65536	250000	1	1	1	1	512	31790	38428	72756	38702	17174554	29812	5	0	0	100.0	0.000
run2_D_size65536	pool	off	warm	stride	65536	250000	1	1	1	2	512	12217	15211	44715	13970	7083539	72280	5	0	0	0.0	0.000
run2_D_size65536	uring	off	warm	stride	65536	250000	1	1	2	0	512	33327	43727	65828	40570	18307775	27966	5	0	0	100.0	0.000
run2_D_size65536	pool	off	warm	stride	65536	250000	1	1	2	1	512	12034	15659	49956	13928	6986199	73287	5	0	0	0.0	0.000
run2_D_size65536	hybrid	off	warm	stride	65536	250000	1	1	2	2	512	11353	13832	54033	13660	6689486	76538	5	0	0	0.0	0.000
run2_D_size65536	pool	off	warm	stride	65536	250000	1	1	3	0	512	12265	15861	52750	14924	7351930	69642	5	0	0	0.0	0.000
run2_D_size65536	hybrid	off	warm	stride	65536	250000	1	1	3	1	512	9281	11580	41127	11393	5525395	92663	5	0	0	0.0	0.000
run2_D_size65536	uring	off	warm	stride	65536	250000	1	1	3	2	512	28920	37855	69117	37022	16393162	31233	5	0	0	100.0	0.000
run2_D_size65536	hybrid	off	warm	stride	65536	250000	1	1	4	0	512	11566	14341	51056	13846	6832217	74939	5	0	0	0.0	0.000
run2_D_size65536	uring	off	warm	stride	65536	250000	1	1	4	1	512	27984	34234	59814	33667	15265027	33541	5	0	0	100.0	0.000
run2_D_size65536	pool	off	warm	stride	65536	250000	1	1	4	2	512	13425	17201	48457	15452	7675510	66706	5	0	0	0.0	0.000
run2_D_size65536	uring	off	warm	stride	65536	250000	1	1	5	0	512	27973	32857	61037	33962	15232003	33613	5	0	0	100.0	0.000
run2_D_size65536	pool	off	warm	stride	65536	250000	1	1	5	1	512	13360	16412	46104	15068	7529595	67998	5	0	0	0.0	0.000
run2_D_size65536	hybrid	off	warm	stride	65536	250000	1	1	5	2	512	12929	16132	46963	15076	7626743	67132	5	0	0	0.0	0.000
run2_D_size65536	pool	off	warm	stride	65536	250000	16	1	0	0	512	13971	16845	53915	16570	2796686	183074	5	0	0	0.0	0.000
run2_D_size65536	hybrid	off	warm	stride	65536	250000	16	1	0	1	512	12658	16258	51287	15960	8073535	63417	5	0	0	0.0	0.000
run2_D_size65536	uring	off	warm	stride	65536	250000	16	1	0	2	512	284554	328234	358106	20484	10333187	49549	5	0	0	100.0	0.000
run2_D_size65536	hybrid	off	warm	stride	65536	250000	16	1	1	0	512	12926	15327	55373	15941	8111418	63121	5	0	0	0.0	0.000
run2_D_size65536	uring	off	warm	stride	65536	250000	16	1	1	1	512	273368	301658	327849	19709	9805401	52216	5	0	0	100.0	0.000
run2_D_size65536	pool	off	warm	stride	65536	250000	16	1	1	2	512	12591	16379	47179	14817	2605558	196503	5	0	0	0.0	0.000
run2_D_size65536	uring	off	warm	stride	65536	250000	16	1	2	0	512	272719	303435	359219	19815	9870554	51871	5	0	0	100.0	0.000
run2_D_size65536	pool	off	warm	stride	65536	250000	16	1	2	1	512	12378	15607	47822	14369	2492267	205435	5	0	0	0.0	0.000
run2_D_size65536	hybrid	off	warm	stride	65536	250000	16	1	2	2	512	13544	16543	47009	16526	8383348	61073	5	0	0	0.0	0.000
run2_D_size65536	pool	off	warm	stride	65536	250000	16	1	3	0	512	12114	15717	49501	14099	1903254	269013	5	0	0	0.0	0.000
run2_D_size65536	hybrid	off	warm	stride	65536	250000	16	1	3	1	512	13035	15865	44847	16220	8205038	62401	5	0	0	0.0	0.000
run2_D_size65536	uring	off	warm	stride	65536	250000	16	1	3	2	512	284127	318462	360235	21073	10379739	49327	5	0	0	100.0	0.000
run2_D_size65536	hybrid	off	warm	stride	65536	250000	16	1	4	0	512	12835	15067	53303	16315	8004139	63967	5	0	0	0.0	0.000
run2_D_size65536	uring	off	warm	stride	65536	250000	16	1	4	1	512	278422	307506	390397	19943	9914910	51639	5	0	0	100.0	0.000
run2_D_size65536	pool	off	warm	stride	65536	250000	16	1	4	2	512	13216	16336	55355	15566	2090107	244964	5	0	0	0.0	0.000
run2_D_size65536	uring	off	warm	stride	65536	250000	16	1	5	0	512	302828	352005	416632	22606	11132981	45989	5	0	0	100.0	0.000
run2_D_size65536	pool	off	warm	stride	65536	250000	16	1	5	1	512	12592	16010	53380	15399	2008431	254925	5	0	0	0.0	0.000
run2_D_size65536	hybrid	off	warm	stride	65536	250000	16	1	5	2	512	11643	14374	54005	14602	7364293	69525	5	0	0	0.0	0.000
run2_D_size250000	pool	off	cold	sweep	250000	250000	1	1	0	0	512	385274	1149940	1804394	581016	308046317	1662	6	0	0	0.4	0.000
run2_D_size250000	hybrid	off	cold	sweep	250000	250000	1	1	0	1	512	24493	48295	1159409	48140	44745314	11443	5	0	0	1.8	0.000
run2_D_size250000	uring	off	cold	sweep	250000	250000	1	1	0	2	512	46598	1127898	2626968	450500	247915602	2065	5	0	0	100.0	0.000
run2_D_size250000	hybrid	off	cold	sweep	250000	250000	1	1	1	0	512	23713	48170	1509116	32614	40302984	12704	5	0	0	1.8	0.000
run2_D_size250000	uring	off	cold	sweep	250000	250000	1	1	1	1	512	53291	98422	2350858	124599	83679090	6119	5	0	0	100.0	0.000
run2_D_size250000	pool	off	cold	sweep	250000	250000	1	1	1	2	512	26365	52282	1746082	37707	45644539	11217	6	0	0	2.0	0.000
run2_D_size250000	uring	off	cold	sweep	250000	250000	1	1	2	0	512	50208	77422	2538937	56564	49169530	10413	5	0	0	100.0	0.000
run2_D_size250000	pool	off	cold	sweep	250000	250000	1	1	2	1	512	46714	1232166	2713111	446105	248609272	2059	6	0	0	1.6	0.000
run2_D_size250000	hybrid	off	cold	sweep	250000	250000	1	1	2	2	512	36964	62534	1257489	81488	59360881	8625	5	0	0	1.0	0.000
run2_D_size250000	pool	off	cold	sweep	250000	250000	1	1	3	0	512	37636	58597	1297497	52947	44014528	11633	6	0	0	2.0	0.000
run2_D_size250000	hybrid	off	cold	sweep	250000	250000	1	1	3	1	512	38488	55487	2488323	49756	44712488	11451	5	0	0	1.2	0.000
run2_D_size250000	uring	off	cold	sweep	250000	250000	1	1	3	2	512	51759	83900	1368314	58339	49832221	10274	5	0	0	100.0	0.000
run2_D_size250000	hybrid	off	cold	sweep	250000	250000	1	1	4	0	512	39393	58469	1277271	49951	44737505	11445	5	0	0	1.2	0.000
run2_D_size250000	uring	off	cold	sweep	250000	250000	1	1	4	1	512	51715	85370	1370232	58321	50723076	10094	5	0	0	100.0	0.000
run2_D_size250000	pool	off	cold	sweep	250000	250000	1	1	4	2	512	29207	56782	1800268	41304	42826510	11955	6	0	0	1.2	0.000
run2_D_size250000	uring	off	cold	sweep	250000	250000	1	1	5	0	512	34098	66940	1341028	42457	43906073	11661	5	0	0	100.0	0.000
run2_D_size250000	pool	off	cold	sweep	250000	250000	1	1	5	1	512	25143	39660	1940046	33465	40253666	12719	6	0	0	1.4	0.000
run2_D_size250000	hybrid	off	cold	sweep	250000	250000	1	1	5	2	512	27966	44889	1613152	35070	41078355	12464	5	0	0	2.1	0.000
run2_D_size250000	pool	off	cold	sweep	250000	250000	16	1	0	0	512	48476	5605782	23405806	124297	45395968	11279	27	0	0	20.3	0.000
run2_D_size250000	hybrid	off	cold	sweep	250000	250000	16	1	0	1	512	37824	3876567	8031261	49646	48988075	10452	5	0	0	16.6	0.000
run2_D_size250000	uring	off	cold	sweep	250000	250000	16	1	0	2	512	735852	4296933	6228898	49660	44064213	11619	5	0	0	100.0	0.000
run2_D_size250000	hybrid	off	cold	sweep	250000	250000	16	1	1	0	512	45959	482799	4750825	94241	66144256	7741	5	0	0	10.0	0.000
run2_D_size250000	uring	off	cold	sweep	250000	250000	16	1	1	1	512	689905	4339499	4617165	49760	44819761	11424	5	0	0	100.0	0.000
run2_D_size250000	pool	off	cold	sweep	250000	250000	16	1	1	2	512	34592	5777058	6841520	63576	40821624	12542	28	0	0	26.8	0.000
run2_D_size250000	uring	off	cold	sweep	250000	250000	16	1	2	0	512	799777	3606385	5997534	59954	45592952	11230	5	0	0	100.0	0.000
run2_D_size250000	pool	off	cold	sweep	250000	250000	16	1	2	1	512	32747	5558271	9342415	61375	39939384	12819	24	0	0	24.6	0.000
run2_D_size250000	hybrid	off	cold	sweep	250000	250000	16	1	2	2	512	34982	3272682	4913971	45402	43563935	11753	5	0	0	13.3	0.000
run2_D_size250000	pool	off	cold	sweep	250000	250000	16	1	3	0	512	34693	5416322	7252706	60901	37517418	13647	24	0	0	24.8	0.000
run2_D_size250000	hybrid	off	cold	sweep	250000	250000	16	1	3	1	512	35976	2868140	5303728	50620	43870734	11671	5	0	0	15.0	0.000
run2_D_size250000	uring	off	cold	sweep	250000	250000	16	1	3	2	512	695404	4145732	5183520	52085	45219808	11322	5	0	0	100.0	0.000
run2_D_size250000	hybrid	off	cold	sweep	250000	250000	16	1	4	0	512	35839	3605929	5345541	49463	46489910	11013	5	0	0	17.6	0.000
run2_D_size250000	uring	off	cold	sweep	250000	250000	16	1	4	1	512	643464	4363480	5257014	49316	46435066	11026	5	0	0	100.0	0.000
run2_D_size250000	pool	off	cold	sweep	250000	250000	16	1	4	2	512	67894	4000745	33775349	288317	79398814	6448	29	0	0	21.1	0.000
run2_D_size250000	uring	off	cold	sweep	250000	250000	16	1	5	0	512	825135	5795138	13759242	136910	86729730	5903	5	0	0	100.0	0.000
run2_D_size250000	pool	off	cold	sweep	250000	250000	16	1	5	1	512	45325	6941942	15301285	191787	51623180	9918	30	0	0	27.1	0.000
run2_D_size250000	hybrid	off	cold	sweep	250000	250000	16	1	5	2	512	34739	99967	4635422	60054	46598506	10987	5	0	0	8.2	0.000
run2_D_size250000	pool	off	warm	sweep	250000	250000	1	1	0	0	512	26364	37191	78217	30349	15412091	33221	5	0	0	0.0	0.000
run2_D_size250000	hybrid	off	warm	sweep	250000	250000	1	1	0	1	512	24927	35035	68397	29402	14883313	34401	5	0	0	0.0	0.000
run2_D_size250000	uring	off	warm	sweep	250000	250000	1	1	0	2	512	51612	66862	88990	57951	27483492	18629	5	0	0	100.0	0.000
run2_D_size250000	hybrid	off	warm	sweep	250000	250000	1	1	1	0	512	25943	37635	71766	30511	15418377	33207	5	0	0	0.0	0.000
run2_D_size250000	uring	off	warm	sweep	250000	250000	1	1	1	1	512	51567	67087	95618	57568	27400031	18686	5	0	0	100.0	0.000
run2_D_size250000	pool	off	warm	sweep	250000	250000	1	1	1	2	512	26791	39645	73990	31092	15838095	32327	5	0	0	0.0	0.000
run2_D_size250000	uring	off	warm	sweep	250000	250000	1	1	2	0	512	51477	73633	112772	60791	28626665	17885	5	0	0	100.0	0.000
run2_D_size250000	pool	off	warm	sweep	250000	250000	1	1	2	1	512	25461	36683	69358	30132	15125215	33851	5	0	0	0.0	0.000
run2_D_size250000	hybrid	off	warm	sweep	250000	250000	1	1	2	2	512	25285	34929	65550	29901	15026030	34074	5	0	0	0.0	0.000
run2_D_size250000	pool	off	warm	sweep	250000	250000	1	1	3	0	512	25704	36868	72661	29601	15080311	33952	5	0	0	0.0	0.000
run2_D_size250000	hybrid	off	warm	sweep	250000	250000	1	1	3	1	512	26626	36690	69120	30708	15538471	32950	5	0	0	0.0	0.000
run2_D_size250000	uring	off	warm	sweep	250000	250000	1	1	3	2	512	50090	66545	97239	57841	26902129	19032	5	0	0	100.0	0.000
run2_D_size250000	hybrid	off	warm	sweep	250000	250000	1	1	4	0	512	25588	35124	66654	29919	15025191	34076	5	0	0	0.0	0.000
run2_D_size250000	uring	off	warm	sweep	250000	250000	1	1	4	1	512	63791	81341	108728	70545	33781605	15156	5	0	0	100.0	0.000
run2_D_size250000	pool	off	warm	sweep	250000	250000	1	1	4	2	512	27038	38915	78886	31521	15958142	32084	5	0	0	0.0	0.000
run2_D_size250000	uring	off	warm	sweep	250000	250000	1	1	5	0	512	49297	65669	94594	55691	26543969	19289	5	0	0	100.0	0.000
run2_D_size250000	pool	off	warm	sweep	250000	250000	1	1	5	1	512	24123	31984	63479	27112	13787181	37136	5	0	0	0.0	0.000
run2_D_size250000	hybrid	off	warm	sweep	250000	250000	1	1	5	2	512	23834	32746	64392	27561	13947283	36710	5	0	0	0.0	0.000
run2_D_size250000	pool	off	warm	sweep	250000	250000	16	1	0	0	512	26088	34787	72196	29749	3898269	131340	5	0	0	0.0	0.000
run2_D_size250000	hybrid	off	warm	sweep	250000	250000	16	1	0	1	512	29307	41039	69643	37400	19010359	26933	5	0	0	0.0	0.000
run2_D_size250000	uring	off	warm	sweep	250000	250000	16	1	0	2	512	660506	756416	937272	48525	24260365	21104	5	0	0	100.0	0.000
run2_D_size250000	hybrid	off	warm	sweep	250000	250000	16	1	1	0	512	29661	39212	72770	35869	18294058	27987	5	0	0	0.0	0.000
run2_D_size250000	uring	off	warm	sweep	250000	250000	16	1	1	1	512	648279	762150	908765	47917	24281078	21086	5	0	0	100.0	0.000
run2_D_size250000	pool	off	warm	sweep	250000	250000	16	1	1	2	512	27267	37071	71368	30938	4044482	126592	5	0	0	0.0	0.000
run2_D_size250000	uring	off	warm	sweep	250000	250000	16	1	2	0	512	645477	754012	992233	45913	23029990	22232	5	0	0	100.0	0.000
run2_D_size250000	pool	off	warm	sweep	250000	250000	16	1	2	1	512	27509	37264	71519	31063	5388302	95021	5	0	0	0.0	0.000
run2_D_size250000	hybrid	off	warm	sweep	250000	250000	16	1	2	2	512	31920	39674	72245	37833	19299551	26529	5	0	0	0.0	0.000
run2_D_size250000	pool	off	warm	sweep	250000	250000	16	1	3	0	512	27319	36368	69038	30962	4173724	122672	5	0	0	0.0	0.000
run2_D_size250000	hybrid	off	warm	sweep	250000	250000	16	1	3	1	512	30923	41101	71717	37853	19275057	26563	5	0	0	0.0	0.000
run2_D_size250000	uring	off	warm	sweep	250000	250000	16	1	3	2	512	695686	822008	887100	49586	25031025	20455	5	0	0	100.0	0.000
run2_D_size250000	hybrid	off	warm	sweep	250000	250000	16	1	4	0	512	29599	39668	71599	36861	18705698	27371	5	0	0	0.0	0.000
run2_D_size250000	uring	off	warm	sweep	250000	250000	16	1	4	1	512	672486	756516	957427	51258	25865343	19795	5	0	0	100.0	0.000
run2_D_size250000	pool	off	warm	sweep	250000	250000	16	1	4	2	512	28372	37779	77308	32512	5616884	91154	5	0	0	0.0	0.000
run2_D_size250000	uring	off	warm	sweep	250000	250000	16	1	5	0	512	673392	764050	930613	50114	25242007	20284	5	0	0	100.0	0.000
run2_D_size250000	pool	off	warm	sweep	250000	250000	16	1	5	1	512	27461	38411	82819	31945	5566018	91987	5	0	0	0.0	0.000
run2_D_size250000	hybrid	off	warm	sweep	250000	250000	16	1	5	2	512	29510	40593	70266	38283	19928588	25692	5	0	0	0.0	0.000
run2_E_safety	pool	off	cold	stride	16384	250000	1	1	0	0	512	82747	118157	254019	107424	43020317	11901	6	49360	192447	87.5	0.000
run2_E_safety	uring	off	cold	stride	16384	250000	1	1	0	1	512	122648	150973	210507	183849	65397533	7829	5	66147	354315	100.0	0.000
run2_E_safety	hybrid	off	cold	stride	16384	250000	1	1	0	2	512	78886	105611	178083	122231	42503991	12046	5	39813	185359	87.7	0.000
run2_E_safety	pooled_pread	off	cold	stride	16384	250000	1	1	0	3	512	112338	168311	210789	184717	61752207	8291	7	26045	83528	100.0	0.000
run2_E_safety	uring	off	cold	stride	16384	250000	1	1	1	0	512	90845	117509	583449	137866	49104626	10427	5	39674	534603	100.0	0.000
run2_E_safety	hybrid	off	cold	stride	16384	250000	1	1	1	1	512	121700	149652	202544	158387	61787365	8286	5	30749	188227	87.7	0.000
run2_E_safety	pooled_pread	off	cold	stride	16384	250000	1	1	1	2	512	111031	137413	220750	174944	57886680	8845	7	28113	71929	100.0	0.000
run2_E_safety	pool	off	cold	stride	16384	250000	1	1	1	3	512	84354	124152	202097	117731	47307481	10823	6	49737	203611	87.7	0.000
run2_E_safety	hybrid	off	cold	stride	16384	250000	1	1	2	0	512	92421	116241	181147	148453	51149496	10010	5	49659	312580	87.7	0.000
run2_E_safety	pooled_pread	off	cold	stride	16384	250000	1	1	2	1	512	107496	134888	879703	169961	62027705	8254	7	49524	410565	100.0	0.000
run2_E_safety	pool	off	cold	stride	16384	250000	1	1	2	2	512	86632	101204	775878	112106	48404848	10577	6	90117	220460	87.9	0.000
run2_E_safety	uring	off	cold	stride	16384	250000	1	1	2	3	512	77952	153672	479135	155151	49011561	10447	5	35396	534168	100.0	0.000
run2_E_safety	pooled_pread	off	cold	stride	16384	250000	1	1	3	0	512	89942	131466	388887	155319	51310380	9978	7	27007	96559	100.0	0.000
run2_E_safety	pool	off	cold	stride	16384	250000	1	1	3	1	512	86853	104882	242685	109633	46624256	10981	6	92244	246186	87.9	0.000
run2_E_safety	uring	off	cold	stride	16384	250000	1	1	3	2	512	80910	111351	196803	126386	44783145	11433	5	31686	572322	100.0	0.000
run2_E_safety	hybrid	off	cold	stride	16384	250000	1	1	3	3	512	91497	126009	523526	129623	48042387	10657	5	20909	116574	87.9	0.000
run2_E_safety	pool	off	cold	stride	16384	250000	1	1	4	0	512	85970	101145	225622	96417	44362091	11541	6	92759	213751	87.9	0.000
run2_E_safety	uring	off	cold	stride	16384	250000	1	1	4	1	512	82273	113263	447071	126836	45170987	11335	5	30097	177499	100.0	0.000
run2_E_safety	hybrid	off	cold	stride	16384	250000	1	1	4	2	512	72437	92558	474317	113790	39918824	12826	5	40754	128238	87.9	0.000
run2_E_safety	pooled_pread	off	cold	stride	16384	250000	1	1	4	3	512	106682	128319	696746	163309	61030959	8389	7	49559	167712	100.0	0.000
run2_E_safety	uring	off	cold	stride	16384	250000	1	1	5	0	512	91068	111385	751241	146633	51049314	10030	5	49991	169359	100.0	0.000
run2_E_safety	hybrid	off	cold	stride	16384	250000	1	1	5	1	512	96943	117544	460885	124093	47434751	10794	5	18662	119410	87.9	0.000
run2_E_safety	pooled_pread	off	cold	stride	16384	250000	1	1	5	2	512	92838	129862	449673	152589	51421175	9957	7	26073	89229	100.0	0.000
run2_E_safety	pool	off	cold	stride	16384	250000	1	1	5	3	512	96785	122229	718359	123728	49101380	10427	6	50604	208802	88.1	0.000
run2_E_safety	pool	off	cold	stride	16384	250000	16	1	0	0	512	354655	574697	3071781	59178	15608932	32802	30	16556	2624468	92.6	0.000
run2_E_safety	uring	off	cold	stride	16384	250000	16	1	0	1	512	458742	541884	3369069	46732	18916551	27066	5	18973	215055	100.0	0.000
run2_E_safety	hybrid	off	cold	stride	16384	250000	16	1	0	2	512	293679	390590	6342442	54336	20546144	24920	5	15445	195867	92.6	0.000
run2_E_safety	pooled_pread	off	cold	stride	16384	250000	16	1	0	3	512	364762	851667	2355171	64448	15616892	32785	44	27153	1256072	100.0	0.000
run2_E_safety	uring	off	cold	stride	16384	250000	16	1	1	0	512	441582	544304	2978143	45226	17850038	28683	5	15721	142553	100.0	0.000
run2_E_safety	hybrid	off	cold	stride	16384	250000	16	1	1	1	512	288313	371076	2799175	38723	15140715	33816	5	18160	215473	92.6	0.000
run2_E_safety	pooled_pread	off	cold	stride	16384	250000	16	1	1	2	512	366109	843527	2790541	70276	17951334	28522	47	14652	1468094	100.0	0.000
run2_E_safety	pool	off	cold	stride	16384	250000	16	1	1	3	512	414660	620021	3864074	69277	18292707	27989	25	39137	1220244	92.6	0.000
run2_E_safety	hybrid	off	cold	stride	16384	250000	16	1	2	0	512	265853	344824	4552336	46524	18371300	27870	5	23985	296235	92.6	0.000
run2_E_safety	pooled_pread	off	cold	stride	16384	250000	16	1	2	1	512	410759	644947	2459230	65402	16715481	30630	30	22992	1460341	100.0	0.000
run2_E_safety	pool	off	cold	stride	16384	250000	16	1	2	2	512	337632	592272	5068119	69314	17487801	29278	27	32911	1124692	92.6	0.000
run2_E_safety	uring	off	cold	stride	16384	250000	16	1	2	3	512	460091	577523	3196429	48499	18014247	28422	5	16359	361796	100.0	0.000
run2_E_safety	pooled_pread	off	cold	stride	16384	250000	16	1	3	0	512	451023	1076868	4211796	82253	22092427	23175	66	14485	1490475	100.0	0.000
run2_E_safety	pool	off	cold	stride	16384	250000	16	1	3	1	512	362180	608947	3377696	63179	16150799	31701	26	39754	936159	92.8	0.000
run2_E_safety	uring	off	cold	stride	16384	250000	16	1	3	2	512	445297	531381	3842968	48270	19462989	26306	5	18965	217239	100.0	0.000
run2_E_safety	hybrid	off	cold	stride	16384	250000	16	1	3	3	512	281015	351080	2889756	42084	14970154	34201	5	17791	270412	92.6	0.000
run2_E_safety	pool	off	cold	stride	16384	250000	16	1	4	0	512	382349	627594	3133532	61446	16222500	31561	25	32428	1447927	92.8	0.000
run2_E_safety	uring	off	cold	stride	16384	250000	16	1	4	1	512	451655	504875	3091271	43979	17432748	29370	5	17543	194291	100.0	0.000
run2_E_safety	hybrid	off	cold	stride	16384	250000	16	1	4	2	512	283325	378555	3669346	43068	15049880	34020	5	18162	464329	92.6	0.000
run2_E_safety	pooled_pread	off	cold	stride	16384	250000	16	1	4	3	512	419185	818955	5205897	81515	21687292	23608	51	17537	1491153	100.0	0.000
run2_E_safety	uring	off	cold	stride	16384	250000	16	1	5	0	512	473911	560359	3337035	46302	18424988	27788	5	17868	408865	100.0	0.000
run2_E_safety	hybrid	off	cold	stride	16384	250000	16	1	5	1	512	299997	429452	3122182	45032	15768845	32469	5	15788	303680	92.6	0.000
run2_E_safety	pooled_pread	off	cold	stride	16384	250000	16	1	5	2	512	411687	817975	2868967	73682	16963568	30182	42	29325	1127791	100.0	0.000
run2_E_safety	pool	off	cold	stride	16384	250000	16	1	5	3	512	383764	847256	2903038	66473	16451138	31122	32	21592	1473918	92.4	0.000
run2_E_safety	pool	off	warm	stride	16384	250000	1	1	0	0	512	2521	3162	5377	5391	1583648	323304	5	4503	34070	0.0	0.000
run2_E_safety	uring	off	warm	stride	16384	250000	1	1	0	1	512	14744	17234	36049	13164	6060927	84476	5	15019	6011000	100.0	0.000
run2_E_safety	hybrid	off	warm	stride	16384	250000	1	1	0	2	512	2555	3151	5283	3026	1683439	304139	5	1639298	1639298	0.0	0.000
run2_E_safety	pooled_pread	off	warm	stride	16384	250000	1	1	0	3	512	26353	30144	52558	38868	14481609	35355	6	36558	103696	100.0	0.000
run2_E_safety	uring	off	warm	stride	16384	250000	1	1	1	0	512	15354	17314	28561	12410	6310574	81134	5	6263965	6263965	100.0	0.000
run2_E_safety	hybrid	off	warm	stride	16384	250000	1	1	1	1	512	2474	2989	5099	1775	1649773	310346	5	1611074	1611074	0.0	0.000
run2_E_safety	pooled_pread	off	warm	stride	16384	250000	1	1	1	2	512	27063	34636	67031	38090	15277703	33513	6	42613	118975	100.0	0.000
run2_E_safety	pool	off	warm	stride	16384	250000	1	1	1	3	512	2405	2917	5786	177	1461209	350395	5	16781	1419540	0.0	0.000
run2_E_safety	hybrid	off	warm	stride	16384	250000	1	1	2	0	512	2301	2713	3403	887	1553303	329620	5	1509821	1509821	0.0	0.000
run2_E_safety	pooled_pread	off	warm	stride	16384	250000	1	1	2	1	512	26469	28437	76932	37230	14390946	35578	7	41218	75965	100.0	0.000
run2_E_safety	pool	off	warm	stride	16384	250000	1	1	2	2	512	2196	2643	3790	1224	1382431	370362	5	16075	1346296	0.0	0.000
run2_E_safety	uring	off	warm	stride	16384	250000	1	1	2	3	512	4777	16823	27886	12536	5407094	94690	5	5361920	5361920	100.0	0.000
run2_E_safety	pooled_pread	off	warm	stride	16384	250000	1	1	3	0	512	26378	30188	80873	37276	13871020	36911	6	29750	388337	100.0	0.000
run2_E_safety	pool	off	warm	stride	16384	250000	1	1	3	1	512	2309	2824	4059	3607	1412978	362355	5	16529	22236	0.0	0.000
run2_E_safety	uring	off	warm	stride	16384	250000	1	1	3	2	512	13907	16220	24383	7702	5295569	96685	5	16640	5251711	100.0	0.000
run2_E_safety	hybrid	off	warm	stride	16384	250000	1	1	3	3	512	1978	2265	2694	321	1303365	392829	5	13512	1258113	0.0	0.000
run2_E_safety	pool	off	warm	stride	16384	250000	1	1	4	0	512	1962	2217	3666	1306	1234547	414727	5	14398	1197471	0.0	0.000
run2_E_safety	uring	off	warm	stride	16384	250000	1	1	4	1	512	13886	16280	25009	5607	5221672	98053	5	1009	5188992	100.0	0.000
run2_E_safety	hybrid	off	warm	stride	16384	250000	1	1	4	2	512	1962	2245	2699	203	1301000	393543	5	1250801	1250801	0.0	0.000
run2_E_safety	pooled_pread	off	warm	stride	16384	250000	1	1	4	3	512	26509	29722	67518	46048	18789746	27249	7	30235	87166	100.0	0.000
run2_E_safety	uring	off	warm	stride	16384	250000	1	1	5	0	512	15053	19030	27264	7561	6330317	80881	5	6299075	6299075	100.0	0.000
run2_E_safety	hybrid	off	warm	stride	16384	250000	1	1	5	1	512	2658	3250	5741	267	1724555	296888	5	15356	1668860	0.0	0.000
run2_E_safety	pooled_pread	off	warm	stride	16384	250000	1	1	5	2	512	26495	31470	65934	41103	14852333	34473	6	36718	71792	100.0	0.000
run2_E_safety	pool	off	warm	stride	16384	250000	1	1	5	3	512	2530	3029	8303	1878	1593021	321402	5	1560259	1560259	0.0	0.000
run2_E_safety	pool	off	warm	stride	16384	250000	16	1	0	0	512	2693	3303	10831	2931	789750	648306	5	481	682611	0.0	0.000
run2_E_safety	uring	off	warm	stride	16384	250000	16	1	0	1	512	38354	45083	83945	6459	1749337	292682	5	376	20002	100.0	0.000
run2_E_safety	hybrid	off	warm	stride	16384	250000	16	1	0	2	512	2187	2522	3433	3296	1620369	315977	5	550	26389	0.0	0.000
run2_E_safety	pooled_pread	off	warm	stride	16384	250000	16	1	0	3	512	77620	704507	1362612	36652	7487273	68383	74	4250818	4250818	100.0	0.000
run2_E_safety	uring	off	warm	stride	16384	250000	16	1	1	0	512	54730	60690	80679	468	2099489	243869	5	6810	2079722	100.0	0.000
run2_E_safety	hybrid	off	warm	stride	16384	250000	16	1	1	1	512	2216	2712	3492	212	1606993	318607	5	13526	1559108	0.0	0.000
run2_E_safety	pooled_pread	off	warm	stride	16384	250000	16	1	1	2	512	77629	480639	1217536	31775	5858390	87396	51	919864	2700265	100.0	0.000
run2_E_safety	pool	off	warm	stride	16384	250000	16	1	1	3	512	2616	3080	5258	3914	789266	648704	5	34994	616606	0.0	0.000
run2_E_safety	hybrid	off	warm	stride	16384	250000	16	1	2	0	512	2358	2936	3656	4239	1738967	294428	5	14604	56457	0.0	0.000
run2_E_safety	pooled_pread	off	warm	stride	16384	250000	16	1	2	1	512	56869	417885	1020433	40305	10635227	48142	39	17765	1889991	100.0	0.000
run2_E_safety	pool	off	warm	stride	16384	250000	16	1	2	2	512	2549	3348	8633	2845	566915	903134	5	27264	461028	0.0	0.000
run2_E_safety	uring	off	warm	stride	16384	250000	16	1	2	3	512	40247	65955	102888	5906	1961885	260974	5	31449	84120	100.0	0.000
run2_E_safety	pooled_pread	off	warm	stride	16384	250000	16	1	3	0	512	83204	747617	1716466	44476	9094001	56301	92	4851911	4851911	100.0	0.000
run2_E_safety	pool	off	warm	stride	16384	250000	16	1	3	1	512	3101	3720	10820	3026	616060	831088	5	14569	544038	0.0	0.000
run2_E_safety	uring	off	warm	stride	16384	250000	16	1	3	2	512	54738	73509	106492	885	2397213	213581	5	14573	2362399	100.0	0.000
run2_E_safety	hybrid	off	warm	stride	16384	250000	16	1	3	3	512	2119	2460	3594	233	1432259	357477	5	15230	1385663	0.0	0.000
run2_E_safety	pool	off	warm	stride	16384	250000	16	1	4	0	512	2105	2427	2766	2735	719372	711732	5	784715	784715	0.0	0.000
run2_E_safety	uring	off	warm	stride	16384	250000	16	1	4	1	512	49046	65585	70639	411	1981639	258372	5	972	1941395	100.0	0.000
run2_E_safety	hybrid	off	warm	stride	16384	250000	16	1	4	2	512	2136	2454	3044	196	1513580	338271	5	16307	1458286	0.0	0.000
run2_E_safety	pooled_pread	off	warm	stride	16384	250000	16	1	4	3	512	65947	378583	800772	28028	4992416	102556	43	3743325	3743325	100.0	0.000
run2_E_safety	uring	off	warm	stride	16384	250000	16	1	5	0	512	53749	72164	152577	3003	2272488	225304	5	2223883	2223883	100.0	0.000
run2_E_safety	hybrid	off	warm	stride	16384	250000	16	1	5	1	512	2154	2489	4526	5966	1581637	323715	5	14681	58579	0.0	0.000
run2_E_safety	pooled_pread	off	warm	stride	16384	250000	16	1	5	2	512	77259	557500	1385326	37503	7174043	71368	79	1069024	6074694	100.0	0.000
run2_E_safety	pool	off	warm	stride	16384	250000	16	1	5	3	512	2802	3355	4692	2890	624749	819529	5	502988	502988	0.0	0.000
run1_W_nowrap	pool	off	cold	stride	16384	250000	1	1	0	0	256	107319	139580	877754	92855	31457309	8138	6	0	0	88.7	0.000
run1_W_nowrap	uring	off	cold	stride	16384	250000	1	1	0	1	256	79004	112171	209955	47066	24674690	10375	5	0	0	100.0	0.000
run1_W_nowrap	hybrid	off	cold	stride	16384	250000	1	1	0	2	256	77865	96463	1050984	40944	24290890	10539	5	0	0	88.3	0.000
run1_W_nowrap	pooled_pread	off	cold	stride	16384	250000	1	1	0	3	256	127999	168811	647011	98597	37162646	6889	6	0	0	100.0	0.000
run1_W_nowrap	uring	off	cold	stride	16384	250000	1	1	1	0	256	79978	110012	823294	48478	25608133	9997	5	0	0	100.0	0.000
run1_W_nowrap	hybrid	off	cold	stride	16384	250000	1	1	1	1	256	77256	100463	784033	42881	23915476	10704	5	0	0	88.7	0.000
run1_W_nowrap	pooled_pread	off	cold	stride	16384	250000	1	1	1	2	256	115782	142440	580870	93673	33295282	7689	6	0	0	100.0	0.000
run1_W_nowrap	pool	off	cold	stride	16384	250000	1	1	1	3	256	111148	201619	808270	110840	35412254	7229	6	0	0	89.1	0.000
run1_W_nowrap	hybrid	off	cold	stride	16384	250000	1	1	2	0	256	77608	89191	765826	41300	23299841	10987	5	0	0	88.7	0.000
run1_W_nowrap	pooled_pread	off	cold	stride	16384	250000	1	1	2	1	256	124746	154195	527730	95120	35011645	7312	6	0	0	100.0	0.000
run1_W_nowrap	pool	off	cold	stride	16384	250000	1	1	2	2	256	99174	121082	805705	84191	28726586	8912	6	0	0	88.3	0.000
run1_W_nowrap	uring	off	cold	stride	16384	250000	1	1	2	3	256	77798	96003	679231	42872	23675727	10813	5	0	0	100.0	0.000
run1_W_nowrap	pooled_pread	off	cold	stride	16384	250000	1	1	3	0	256	124189	150776	576395	92661	34754808	7366	6	0	0	100.0	0.000
run1_W_nowrap	pool	off	cold	stride	16384	250000	1	1	3	1	256	119187	160864	737130	88506	33026160	7751	6	0	0	89.1	0.000
run1_W_nowrap	uring	off	cold	stride	16384	250000	1	1	3	2	256	85496	117311	600155	46403	27594057	9277	5	0	0	100.0	0.000
run1_W_nowrap	hybrid	off	cold	stride	16384	250000	1	1	3	3	256	82187	113111	890993	40033	25454933	10057	5	0	0	89.1	0.000
run1_W_nowrap	pool	off	cold	stride	16384	250000	1	1	4	0	256	107354	137516	1010526	94684	31561058	8111	7	0	0	88.7	0.000
run1_W_nowrap	uring	off	cold	stride	16384	250000	1	1	4	1	256	83221	105834	880762	40459	25696462	9962	5	0	0	100.0	0.000
run1_W_nowrap	hybrid	off	cold	stride	16384	250000	1	1	4	2	256	85234	103649	653065	39265	24562162	10423	5	0	0	88.7	0.000
run1_W_nowrap	pooled_pread	off	cold	stride	16384	250000	1	1	4	3	256	135061	179042	858275	103385	38514158	6647	6	0	0	100.0	0.000
run1_W_nowrap	uring	off	cold	stride	16384	250000	1	1	5	0	256	79677	95176	852615	39453	24457533	10467	5	0	0	100.0	0.000
run1_W_nowrap	hybrid	off	cold	stride	16384	250000	1	1	5	1	256	85046	110401	873362	41207	26462005	9674	5	0	0	89.5	0.000
run1_W_nowrap	pooled_pread	off	cold	stride	16384	250000	1	1	5	2	256	141061	181559	754732	99430	38833562	6592	7	0	0	100.0	0.000
run1_W_nowrap	pool	off	cold	stride	16384	250000	1	1	5	3	256	109525	138910	810252	87974	31630451	8093	6	0	0	88.7	0.000
run1_W_nowrap	pool	off	cold	stride	16384	250000	4	1	0	0	256	166580	286748	1612959	81149	15926220	16074	11	0	0	94.5	0.000
run1_W_nowrap	uring	off	cold	stride	16384	250000	4	1	0	1	256	175680	349100	1578308	21718	17132782	14942	5	0	0	100.0	0.000
run1_W_nowrap	hybrid	off	cold	stride	16384	250000	4	1	0	2	256	117422	194443	1725397	25425	15241461	16796	5	0	0	93.4	0.000
run1_W_nowrap	pooled_pread	off	cold	stride	16384	250000	4	1	0	3	256	189176	333754	1423968	82038	16444604	15567	12	0	0	100.0	0.000
run1_W_nowrap	uring	off	cold	stride	16384	250000	4	1	1	0	256	167305	237428	1317171	19610	14912217	17167	5	0	0	100.0	0.000
run1_W_nowrap	hybrid	off	cold	stride	16384	250000	4	1	1	1	256	117621	185299	823555	22026	13963737	18333	5	0	0	93.8	0.000
run1_W_nowrap	pooled_pread	off	cold	stride	16384	250000	4	1	1	2	256	227393	351788	1822656	83658	17990082	14230	14	0	0	100.0	0.000
run1_W_nowrap	pool	off	cold	stride	16384	250000	4	1	1	3	256	206739	352290	1664892	77395	17396412	14716	11	0	0	96.1	0.000
run1_W_nowrap	hybrid	off	cold	stride	16384	250000	4	1	2	0	256	144254	192417	1571199	23247	14998044	17069	5	0	0	93.0	0.000
run1_W_nowrap	pooled_pread	off	cold	stride	16384	250000	4	1	2	1	256	234614	372564	1819687	85231	19939638	12839	12	0	0	100.0	0.000
run1_W_nowrap	pool	off	cold	stride	16384	250000	4	1	2	2	256	173316	378234	1066402	79794	15406247	16617	12	0	0	96.5	0.000
run1_W_nowrap	uring	off	cold	stride	16384	250000	4	1	2	3	256	170524	391056	1539087	22340	16193474	15809	5	0	0	100.0	0.000
run1_W_nowrap	pooled_pread	off	cold	stride	16384	250000	4	1	3	0	256	178832	385223	1000894	78068	15463734	16555	12	0	0	100.0	0.000
run1_W_nowrap	pool	off	cold	stride	16384	250000	4	1	3	1	256	183743	314738	1323072	80770	15899315	16101	13	0	0	96.5	0.000
run1_W_nowrap	uring	off	cold	stride	16384	250000	4	1	3	2	256	184225	307761	1725863	21831	16761151	15273	5	0	0	100.0	0.000
run1_W_nowrap	hybrid	off	cold	stride	16384	250000	4	1	3	3	256	132412	180180	805271	21747	14368712	17816	5	0	0	91.8	0.000
run1_W_nowrap	pool	off	cold	stride	16384	250000	4	1	4	0	256	191382	350809	1697196	80991	16602497	15419	11	0	0	95.7	0.000
run1_W_nowrap	uring	off	cold	stride	16384	250000	4	1	4	1	256	171197	281749	1417181	20725	14934476	17142	5	0	0	100.0	0.000
run1_W_nowrap	hybrid	off	cold	stride	16384	250000	4	1	4	2	256	116838	196927	782058	23492	13751372	18616	5	0	0	94.1	0.000
run1_W_nowrap	pooled_pread	off	cold	stride	16384	250000	4	1	4	3	256	178152	321797	1529543	76283	15790348	16212	12	0	0	100.0	0.000
run1_W_nowrap	uring	off	cold	stride	16384	250000	4	1	5	0	256	169397	261096	1921014	19399	16282746	15722	5	0	0	100.0	0.000
run1_W_nowrap	hybrid	off	cold	stride	16384	250000	4	1	5	1	256	130236	201022	953430	21340	15322503	16707	5	0	0	94.1	0.000
run1_W_nowrap	pooled_pread	off	cold	stride	16384	250000	4	1	5	2	256	191882	319354	1449396	80638	16142332	15859	12	0	0	100.0	0.000
run1_W_nowrap	pool	off	cold	stride	16384	250000	4	1	5	3	256	175580	330631	1996428	80217	15673452	16333	14	0	0	95.7	0.000
run1_W_nowrap	pool	off	cold	stride	16384	250000	16	1	0	0	256	372610	1736799	3432402	77591	11431072	22395	29	0	0	97.7	0.000
run1_W_nowrap	uring	off	cold	stride	16384	250000	16	1	0	1	256	598856	2073921	4587334	17278	14419263	17754	5	0	0	100.0	0.000
run1_W_nowrap	hybrid	off	cold	stride	16384	250000	16	1	0	2	256	389994	1780705	3390935	17607	12363873	20705	5	0	0	98.4	0.000
run1_W_nowrap	pooled_pread	off	cold	stride	16384	250000	16	1	0	3	256	521003	1675803	3975296	79528	13771255	18589	41	0	0	100.0	0.000
run1_W_nowrap	uring	off	cold	stride	16384	250000	16	1	1	0	256	542476	1923329	3629440	15809	13600718	18823	5	0	0	100.0	0.000
run1_W_nowrap	hybrid	off	cold	stride	16384	250000	16	1	1	1	256	335149	1615300	3895143	16503	10928058	23426	5	0	0	98.4	0.000
run1_W_nowrap	pooled_pread	off	cold	stride	16384	250000	16	1	1	2	256	481003	1417300	3811518	73477	11709113	21863	30	0	0	100.0	0.000
run1_W_nowrap	pool	off	cold	stride	16384	250000	16	1	1	3	256	485950	1436020	3564674	69979	11995258	21342	27	0	0	98.4	0.000
run1_W_nowrap	hybrid	off	cold	stride	16384	250000	16	1	2	0	256	361485	1744501	3191931	17155	11427972	22401	5	0	0	98.4	0.000
run1_W_nowrap	pooled_pread	off	cold	stride	16384	250000	16	1	2	1	256	419559	1697429	2945425	72303	11077084	23111	34	0	0	100.0	0.000
run1_W_nowrap	pool	off	cold	stride	16384	250000	16	1	2	2	256	510701	1860157	3943552	79124	12956902	19758	29	0	0	98.4	0.000
run1_W_nowrap	uring	off	cold	stride	16384	250000	16	1	2	3	256	530419	1962567	3603396	16948	13547790	18896	5	0	0	100.0	0.000
run1_W_nowrap	pooled_pread	off	cold	stride	16384	250000	16	1	3	0	256	546069	1657267	3974630	76709	13081864	19569	30	0	0	100.0	0.000
run1_W_nowrap	pool	off	cold	stride	16384	250000	16	1	3	1	256	584695	1996239	3456065	93759	13772362	18588	40	0	0	98.0	0.000
run1_W_nowrap	uring	off	cold	stride	16384	250000	16	1	3	2	256	534695	1939251	3980799	15766	13005200	19684	5	0	0	100.0	0.000
run1_W_nowrap	hybrid	off	cold	stride	16384	250000	16	1	3	3	256	368657	1728041	3480719	18095	11995507	21341	5	0	0	98.4	0.000
run1_W_nowrap	pool	off	cold	stride	16384	250000	16	1	4	0	256	485968	1631618	3489091	74916	11513346	22235	30	0	0	98.4	0.000
run1_W_nowrap	uring	off	cold	stride	16384	250000	16	1	4	1	256	541271	1605226	3937929	16563	12693344	20168	5	0	0	100.0	0.000
run1_W_nowrap	hybrid	off	cold	stride	16384	250000	16	1	4	2	256	317522	1203113	3609550	17442	9898054	25864	5	0	0	97.7	0.000
run1_W_nowrap	pooled_pread	off	cold	stride	16384	250000	16	1	4	3	256	455893	1462998	3202921	72769	11235376	22785	32	0	0	100.0	0.000
run1_W_nowrap	uring	off	cold	stride	16384	250000	16	1	5	0	256	526215	1362989	3406163	16776	11915484	21485	5	0	0	100.0	0.000
run1_W_nowrap	hybrid	off	cold	stride	16384	250000	16	1	5	1	256	360967	1634094	3704689	17797	11227988	22800	5	0	0	98.4	0.000
run1_W_nowrap	pooled_pread	off	cold	stride	16384	250000	16	1	5	2	256	470920	1438630	3402371	74058	11137703	22985	31	0	0	100.0	0.000
run1_W_nowrap	pool	off	cold	stride	16384	250000	16	1	5	3	256	425789	1221967	3052508	78722	10326887	24790	27	0	0	96.9	0.000
run1_W_wrap	pool	off	cold	stride	16384	250000	1	1	0	0	1024	104567	132730	189202	91234	107257304	9547	7	0	0	89.0	0.000
run1_W_wrap	uring	off	cold	stride	16384	250000	1	1	0	1	1024	76947	93619	161988	39982	80692853	12690	5	0	0	100.0	0.000
run1_W_wrap	hybrid	off	cold	stride	16384	250000	1	1	0	2	1024	73829	97940	184801	41279	79651001	12856	5	0	0	88.5	0.000
run1_W_wrap	pooled_pread	off	cold	stride	16384	250000	1	1	0	3	1024	126521	157122	260950	97368	135029738	7584	7	0	0	100.0	0.000
run1_W_wrap	uring	off	cold	stride	16384	250000	1	1	1	0	1024	77850	98483	188170	40719	82157446	12464	5	0	0	100.0	0.000
run1_W_wrap	hybrid	off	cold	stride	16384	250000	1	1	1	1	1024	73251	85896	172281	39542	75998074	13474	5	0	0	88.8	0.000
run1_W_wrap	pooled_pread	off	cold	stride	16384	250000	1	1	1	2	1024	130452	155411	209522	99122	135322685	7567	6	0	0	100.0	0.000
run1_W_wrap	pool	off	cold	stride	16384	250000	1	1	1	3	1024	112493	139761	225434	95300	112874325	9072	7	0	0	88.9	0.000
run1_W_wrap	hybrid	off	cold	stride	16384	250000	1	1	2	0	1024	77614	95871	208361	40292	81493987	12565	5	0	0	89.1	0.000
run1_W_wrap	pooled_pread	off	cold	stride	16384	250000	1	1	2	1	1024	129593	155730	243254	98195	134610791	7607	6	0	0	100.0	0.000
run1_W_wrap	pool	off	cold	stride	16384	250000	1	1	2	2	1024	110224	132054	202614	89468	109227204	9375	6	0	0	88.8	0.000
run1_W_wrap	uring	off	cold	stride	16384	250000	1	1	2	3	1024	77391	93768	148991	40010	79423923	12893	5	0	0	100.0	0.000
run1_W_wrap	pooled_pread	off	cold	stride	16384	250000	1	1	3	0	1024	124871	150857	214715	94816	130770056	7831	6	0	0	100.0	0.000
run1_W_wrap	pool	off	cold	stride	16384	250000	1	1	3	1	1024	106662	132636	225007	93101	107609194	9516	7	0	0	89.0	0.000
run1_W_wrap	uring	off	cold	stride	16384	250000	1	1	3	2	1024	81741	93779	167487	42599	82965706	12342	5	0	0	100.0	0.000
run1_W_wrap	hybrid	off	cold	stride	16384	250000	1	1	3	3	1024	88537	105482	156894	48739	90060569	11370	5	0	0	89.2	0.000
run1_W_wrap	pool	off	cold	stride	16384	250000	1	1	4	0	1024	109673	133034	171625	91394	108872446	9406	6	0	0	88.6	0.000
run1_W_wrap	uring	off	cold	stride	16384	250000	1	1	4	1	1024	69505	87545	158133	37226	73270237	13976	5	0	0	100.0	0.000
run1_W_wrap	hybrid	off	cold	stride	16384	250000	1	1	4	2	1024	59446	86132	137228	39388	64872941	15785	5	0	0	88.6	0.000
run1_W_wrap	pooled_pread	off	cold	stride	16384	250000	1	1	4	3	1024	128400	171192	252594	97548	135810963	7540	7	0	0	100.0	0.000
run1_W_wrap	uring	off	cold	stride	16384	250000	1	1	5	0	1024	84744	101685	152999	45572	86314518	11864	5	0	0	100.0	0.000
run1_W_wrap	hybrid	off	cold	stride	16384	250000	1	1	5	1	1024	69451	85631	183483	38921	73604921	13912	5	0	0	88.7	0.000
run1_W_wrap	pooled_pread	off	cold	stride	16384	250000	1	1	5	2	1024	128839	152782	231578	94703	133265789	7684	7	0	0	100.0	0.000
run1_W_wrap	pool	off	cold	stride	16384	250000	1	1	5	3	1024	105063	126090	228196	90121	102049304	10034	7	0	0	88.4	0.000
run1_W_wrap	pool	off	cold	stride	16384	250000	4	1	0	0	1024	160613	243193	793684	72642	44367981	23080	14	0	0	90.3	0.000
run1_W_wrap	uring	off	cold	stride	16384	250000	4	1	0	1	1024	142212	179696	781196	16948	38925291	26307	5	0	0	100.0	0.000
run1_W_wrap	hybrid	off	cold	stride	16384	250000	4	1	0	2	1024	111991	154303	649493	23604	39660260	25819	5	0	0	90.1	0.000
run1_W_wrap	pooled_pread	off	cold	stride	16384	250000	4	1	0	3	1024	211337	312774	818307	88590	59104352	17325	14	0	0	100.0	0.000
run1_W_wrap	uring	off	cold	stride	16384	250000	4	1	1	0	1024	148218	212536	841067	18776	41415436	24725	5	0	0	100.0	0.000
run1_W_wrap	hybrid	off	cold	stride	16384	250000	4	1	1	1	1024	123274	174471	689140	23489	42723215	23968	5	0	0	90.5	0.000
run1_W_wrap	pooled_pread	off	cold	stride	16384	250000	4	1	1	2	1024	186318	274813	819479	79322	51712099	19802	18	0	0	100.0	0.000
run1_W_wrap	pool	off	cold	stride	16384	250000	4	1	1	3	1024	170078	231575	755798	71296	44872187	22820	12	0	0	90.5	0.000
run1_W_wrap	hybrid	off	cold	stride	16384	250000	4	1	2	0	1024	108392	157433	706162	19945	38883048	26335	5	0	0	89.9	0.000
run1_W_wrap	pooled_pread	off	cold	stride	16384	250000	4	1	2	1	1024	215342	301855	852417	76322	58603885	17473	15	0	0	100.0	0.000
run1_W_wrap	pool	off	cold	stride	16384	250000	4	1	2	2	1024	199348	271498	1032222	74623	53090289	19288	11	0	0	90.9	0.000
run1_W_wrap	uring	off	cold	stride	16384	250000	4	1	2	3	1024	198413	258022	925471	20867	53269902	19223	5	0	0	100.0	0.000
run1_W_wrap	pooled_pread	off	cold	stride	16384	250000	4	1	3	0	1024	215364	294127	876130	76298	57607080	17776	13	0	0	100.0	0.000
run1_W_wrap	pool	off	cold	stride	16384	250000	4	1	3	1	1024	196995	281069	973022	74490	53921814	18990	12	0	0	90.5	0.000
run1_W_wrap	uring	off	cold	stride	16384	250000	4	1	3	2	1024	205418	267437	947328	22992	56046206	18271	5	0	0	100.0	0.000
run1_W_wrap	hybrid	off	cold	stride	16384	250000	4	1	3	3	1024	150551	199762	888434	23866	50502863	20276	5	0	0	89.9	0.000
run1_W_wrap	pool	off	cold	stride	16384	250000	4	1	4	0	1024	198150	261740	995248	75039	52369861	19553	12	0	0	90.3	0.000
run1_W_wrap	uring	off	cold	stride	16384	250000	4	1	4	1	1024	144384	235215	978340	18270	46823013	21870	5	0	0	100.0	0.000
run1_W_wrap	hybrid	off	cold	stride	16384	250000	4	1	4	2	1024	115090	158515	805412	22464	40730802	25141	5	0	0	89.7	0.000
run1_W_wrap	pooled_pread	off	cold	stride	16384	250000	4	1	4	3	1024	191131	280015	761491	78225	52150187	19636	15	0	0	100.0	0.000
run1_W_wrap	uring	off	cold	stride	16384	250000	4	1	5	0	1024	139597	172770	733615	16706	38292335	26742	5	0	0	100.0	0.000
run1_W_wrap	hybrid	off	cold	stride	16384	250000	4	1	5	1	1024	82851	126169	597413	17951	32581330	31429	5	0	0	90.1	0.000
run1_W_wrap	pooled_pread	off	cold	stride	16384	250000	4	1	5	2	1024	170385	258147	713142	74882	47073158	21753	14	0	0	100.0	0.000
run1_W_wrap	pool	off	cold	stride	16384	250000	4	1	5	3	1024	163525	234879	770611	71321	43761224	23400	15	0	0	89.5	0.000
run1_W_wrap	pool	off	cold	stride	16384	250000	16	1	0	0	1024	422946	693390	2104032	67178	29959746	34179	35	0	0	90.8	0.000
run1_W_wrap	uring	off	cold	stride	16384	250000	16	1	0	1	1024	510742	672100	715643	16195	33152291	30888	5	0	0	100.0	0.000
run1_W_wrap	hybrid	off	cold	stride	16384	250000	16	1	0	2	1024	327954	418581	2311266	16766	29889813	34259	5	0	0	91.3	0.000
run1_W_wrap	pooled_pread	off	cold	stride	16384	250000	16	1	0	3	1024	437477	658015	2305332	58674	30576042	33490	36	0	0	100.0	0.000
run1_W_wrap	uring	off	cold	stride	16384	250000	16	1	1	0	1024	555126	662530	2794288	15298	37580370	27248	5	0	0	100.0	0.000
run1_W_wrap	hybrid	off	cold	stride	16384	250000	16	1	1	1	1024	314018	449820	2606534	17381	30306740	33788	5	0	0	91.3	0.000
run1_W_wrap	pooled_pread	off	cold	stride	16384	250000	16	1	1	2	1024	509967	749210	2427787	67316	34607024	29589	38	0	0	100.0	0.000
run1_W_wrap	pool	off	cold	stride	16384	250000	16	1	1	3	1024	463972	823909	2766863	69910	34077532	30049	29	0	0	90.6	0.000
run1_W_wrap	hybrid	off	cold	stride	16384	250000	16	1	2	0	1024	329389	420552	2785674	17724	30754441	33296	5	0	0	91.3	0.000
run1_W_wrap	pooled_pread	off	cold	stride	16384	250000	16	1	2	1	1024	446980	685638	2479496	58968	31732464	32270	45	0	0	100.0	0.000
run1_W_wrap	pool	off	cold	stride	16384	250000	16	1	2	2	1024	415043	669192	2681133	58589	30443334	33636	26	0	0	90.4	0.000
run1_W_wrap	uring	off	cold	stride	16384	250000	16	1	2	3	1024	512997	1540751	2831127	26818	49418264	20721	5	0	0	100.0	0.000
run1_W_wrap	pooled_pread	off	cold	stride	16384	250000	16	1	3	0	1024	809348	1457846	2713503	131807	56244209	18206	48	0	0	100.0	0.000
run1_W_wrap	pool	off	cold	stride	16384	250000	16	1	3	1	1024	864906	1534947	49439900	331979	107190466	9553	31	0	0	90.4	0.000
run1_W_wrap	uring	off	cold	stride	16384	250000	16	1	3	2	1024	1935867	2398411	3273891	84933	113580659	9016	5	0	0	100.0	0.000
run1_W_wrap	hybrid	off	cold	stride	16384	250000	16	1	3	3	1024	1748186	1894253	2636745	84896	106082271	9653	5	0	0	90.4	0.000
run1_W_wrap	pool	off	cold	stride	16384	250000	16	1	4	0	1024	693669	1147489	2227193	118763	46193507	22168	31	0	0	90.6	0.000
run1_W_wrap	uring	off	cold	stride	16384	250000	16	1	4	1	1024	1958452	2585740	3145639	88893	115500958	8866	5	0	0	100.0	0.000
run1_W_wrap	hybrid	off	cold	stride	16384	250000	16	1	4	2	1024	622354	744398	2183690	33846	45060004	22725	5	0	0	90.1	0.000
run1_W_wrap	pooled_pread	off	cold	stride	16384	250000	16	1	4	3	1024	644259	1149385	2101963	104730	44729410	22893	61	0	0	100.0	0.000
run1_W_wrap	uring	off	cold	stride	16384	250000	16	1	5	0	1024	708295	832304	2306549	28341	49651502	20624	5	0	0	100.0	0.000
run1_W_wrap	hybrid	off	cold	stride	16384	250000	16	1	5	1	1024	441632	598276	1708207	25841	36194042	28292	5	0	0	91.3	0.000
run1_W_wrap	pooled_pread	off	cold	stride	16384	250000	16	1	5	2	1024	481300	914004	1793517	74839	34292821	29860	36	0	0	100.0	0.000
run1_W_wrap	pool	off	cold	stride	16384	250000	16	1	5	3	1024	419685	671583	1973047	72510	29553087	34650	37	0	0	90.5	0.000
run1_P_partitioned	pool	off	cold	stride	16384	250000	1	1	0	0	256	104018	152670	694471	106805	29656640	8632	7	0	0	88.7	0.000
run1_P_partitioned	uring	off	cold	stride	16384	250000	1	1	0	1	256	70893	103427	753959	41880	22591920	11331	5	0	0	100.0	0.000
run1_P_partitioned	hybrid	off	cold	stride	16384	250000	1	1	0	2	256	79814	100777	691956	46451	23835824	10740	5	0	0	89.1	0.000
run1_P_partitioned	uring	off	cold	stride	16384	250000	1	1	1	0	256	79710	133440	680157	52428	25401868	10078	5	0	0	100.0	0.000
run1_P_partitioned	hybrid	off	cold	stride	16384	250000	1	1	1	1	256	89079	124917	644750	53399	25202242	10158	5	0	0	88.7	0.000
run1_P_partitioned	pool	off	cold	stride	16384	250000	1	1	1	2	256	110241	147636	673036	107250	31588708	8104	6	0	0	88.7	0.000
run1_P_partitioned	hybrid	off	cold	stride	16384	250000	1	1	2	0	256	83608	115279	758558	48305	25728924	9950	5	0	0	89.1	0.000
run1_P_partitioned	pool	off	cold	stride	16384	250000	1	1	2	1	256	104662	126432	767791	90768	29311824	8734	6	0	0	89.1	0.000
run1_P_partitioned	uring	off	cold	stride	16384	250000	1	1	2	2	256	80496	102879	753595	43860	24078805	10632	5	0	0	100.0	0.000
run1_P_partitioned	pool	off	cold	stride	16384	250000	1	1	3	0	256	96110	136971	753967	98173	29499061	8678	7	0	0	89.1	0.000
run1_P_partitioned	uring	off	cold	stride	16384	250000	1	1	3	1	256	81139	98611	692266	45583	23709555	10797	5	0	0	100.0	0.000
run1_P_partitioned	hybrid	off	cold	stride	16384	250000	1	1	3	2	256	78024	100756	195630	48478	23171197	11048	5	0	0	87.9	0.000
run1_P_partitioned	uring	off	cold	stride	16384	250000	1	1	4	0	256	81448	114329	705945	48484	24956120	10258	5	0	0	100.0	0.000
run1_P_partitioned	hybrid	off	cold	stride	16384	250000	1	1	4	1	256	80557	108704	793648	49627	24443810	10473	5	0	0	89.1	0.000
run1_P_partitioned	pool	off	cold	stride	16384	250000	1	1	4	2	256	112002	158951	799760	103372	32573284	7859	6	0	0	88.7	0.000
run1_P_partitioned	hybrid	off	cold	stride	16384	250000	1	1	5	0	256	77789	94944	882276	40084	24351612	10513	5	0	0	89.1	0.000
run1_P_partitioned	pool	off	cold	stride	16384	250000	1	1	5	1	256	108562	134674	818799	89814	30489689	8396	6	0	0	88.7	0.000
run1_P_partitioned	uring	off	cold	stride	16384	250000	1	1	5	2	256	78876	98506	834126	41346	23674435	10813	5	0	0	100.0	0.000
run1_P_partitioned	pool	off	cold	stride	16384	250000	4	1	0	0	256	192080	562396	949768	93551	16700522	15329	11	0	0	97.3	0.000
run1_P_partitioned	uring	off	cold	stride	16384	250000	4	1	0	1	256	186052	257457	1562946	20505	15693136	16313	5	0	0	100.0	0.000
run1_P_partitioned	hybrid	off	cold	stride	16384	250000	4	1	0	2	256	114221	177192	825011	22357	13463250	19015	5	0	0	93.4	0.000
run1_P_partitioned	uring	off	cold	stride	16384	250000	4	1	1	0	256	164725	221125	1344411	20286	14892558	17190	5	0	0	100.0	0.000
run1_P_partitioned	hybrid	off	cold	stride	16384	250000	4	1	1	1	256	121444	215147	856963	22447	14580795	17557	5	0	0	94.9	0.000
run1_P_partitioned	pool	off	cold	stride	16384	250000	4	1	1	2	256	185888	383854	1414110	94394	16472528	15541	12	0	0	96.1	0.000
run1_P_partitioned	hybrid	off	cold	stride	16384	250000	4	1	2	0	256	113536	172383	861713	23642	13651339	18753	5	0	0	93.0	0.000
run1_P_partitioned	pool	off	cold	stride	16384	250000	4	1	2	1	256	194564	350903	1343587	94830	16834423	15207	12	0	0	94.1	0.000
run1_P_partitioned	uring	off	cold	stride	16384	250000	4	1	2	2	256	168241	235375	1622473	21155	15657729	16350	5	0	0	100.0	0.000
run1_P_partitioned	pool	off	cold	stride	16384	250000	4	1	3	0	256	192047	334858	1472724	91783	16739442	15293	11	0	0	94.5	0.000
run1_P_partitioned	uring	off	cold	stride	16384	250000	4	1	3	1	256	170492	303942	1577604	23795	16190850	15811	5	0	0	100.0	0.000
run1_P_partitioned	hybrid	off	cold	stride	16384	250000	4	1	3	2	256	128635	205611	1113927	27349	15311206	16720	5	0	0	92.6	0.000
run1_P_partitioned	uring	off	cold	stride	16384	250000	4	1	4	0	256	165686	235348	1519492	20671	14894519	17188	5	0	0	100.0	0.000
run1_P_partitioned	hybrid	off	cold	stride	16384	250000	4	1	4	1	256	145306	268462	1184170	26089	17590701	14553	5	0	0	94.1	0.000
run1_P_partitioned	pool	off	cold	stride	16384	250000	4	1	4	2	256	187933	403976	1590776	91097	16654458	15371	12	0	0	96.1	0.000
run1_P_partitioned	hybrid	off	cold	stride	16384	250000	4	1	5	0	256	121255	170824	1604304	23295	14182888	18050	5	0	0	91.4	0.000
run1_P_partitioned	pool	off	cold	stride	16384	250000	4	1	5	1	256	235047	762165	1006090	90473	19206606	13329	11	0	0	97.7	0.000
run1_P_partitioned	uring	off	cold	stride	16384	250000	4	1	5	2	256	167843	245881	2381811	21564	15158410	16888	5	0	0	100.0	0.000
run1_P_partitioned	pool	off	cold	stride	16384	250000	1	4	0	0	1024	194865	258296	1045080	83903	63569942	16108	11	0	0	87.5	0.000
run1_P_partitioned	uring	off	cold	stride	16384	250000	1	4	0	1	1024	171479	258657	949085	60441	58817617	17410	5	0	0	100.0	0.000
run1_P_partitioned	hybrid	off	cold	stride	16384	250000	1	4	0	2	1024	163042	239598	1229809	60551	56463325	18136	5	0	0	87.3	0.000
run1_P_partitioned	uring	off	cold	stride	16384	250000	1	4	1	0	1024	163881	258914	1522862	64323	57717426	17742	5	0	0	100.0	0.000
run1_P_partitioned	hybrid	off	cold	stride	16384	250000	1	4	1	1	1024	157620	247125	958156	58607	54172526	18903	5	0	0	87.4	0.000
run1_P_partitioned	pool	off	cold	stride	16384	250000	1	4	1	2	1024	168117	229616	913173	79339	54911945	18648	13	0	0	87.2	0.000
run1_P_partitioned	hybrid	off	cold	stride	16384	250000	1	4	2	0	1024	141990	219869	933506	56628	49623138	20636	5	0	0	87.1	0.000
run1_P_partitioned	pool	off	cold	stride	16384	250000	1	4	2	1	1024	152013	229471	1324330	75718	52092340	19657	11	0	0	87.1	0.000
run1_P_partitioned	uring	off	cold	stride	16384	250000	1	4	2	2	1024	143244	222175	951371	56784	48787165	20989	5	0	0	100.0	0.000
run1_P_partitioned	pool	off	cold	stride	16384	250000	1	4	3	0	1024	154633	228545	877801	72850	52927103	19347	13	0	0	86.9	0.000
run1_P_partitioned	uring	off	cold	stride	16384	250000	1	4	3	1	1024	142679	223846	888903	55358	50329530	20346	5	0	0	100.0	0.000
run1_P_partitioned	hybrid	off	cold	stride	16384	250000	1	4	3	2	1024	162899	250137	1204564	60037	55461621	18463	5	0	0	87.3	0.000
run1_P_partitioned	uring	off	cold	stride	16384	250000	1	4	4	0	1024	162516	245275	970537	61015	56078674	18260	5	0	0	100.0	0.000
run1_P_partitioned	hybrid	off	cold	stride	16384	250000	1	4	4	1	1024	153057	236037	1068364	57645	52513856	19500	5	0	0	86.9	0.000
run1_P_partitioned	pool	off	cold	stride	16384	250000	1	4	4	2	1024	184867	241663	1011423	81022	60680439	16875	11	0	0	87.4	0.000
run1_P_partitioned	hybrid	off	cold	stride	16384	250000	1	4	5	0	1024	159287	241574	1370420	61274	53861545	19012	5	0	0	87.2	0.000
run1_P_partitioned	pool	off	cold	stride	16384	250000	1	4	5	1	1024	192883	248308	916289	80418	62233889	16454	12	0	0	87.4	0.000
run1_P_partitioned	uring	off	cold	stride	16384	250000	1	4	5	2	1024	166256	253889	1183503	62432	60037823	17056	5	0	0	100.0	0.000
run1_P_partitioned	pool	off	cold	stride	16384	250000	4	4	0	0	1024	393187	976811	4237655	76879	39973011	25617	37	0	0	90.7	0.000
run1_P_partitioned	uring	off	cold	stride	16384	250000	4	4	0	1	1024	413857	612130	5484206	33124	37354969	27413	5	0	0	100.0	0.000
run1_P_partitioned	hybrid	off	cold	stride	16384	250000	4	4	0	2	1024	318482	586806	4917908	36440	35405313	28922	5	0	0	88.6	0.000
run1_P_partitioned	uring	off	cold	stride	16384	250000	4	4	1	0	1024	407941	558856	5680818	29994	36281539	28224	5	0	0	100.0	0.000
run1_P_partitioned	hybrid	off	cold	stride	16384	250000	4	4	1	1	1024	317449	494153	5175832	33945	33570140	30503	5	0	0	89.6	0.000
run1_P_partitioned	pool	off	cold	stride	16384	250000	4	4	1	2	1024	409324	924022	4677215	73510	38172025	26826	34	0	0	90.8	0.000
run1_P_partitioned	hybrid	off	cold	stride	16384	250000	4	4	2	0	1024	359866	509053	4868443	35848	33850318	30251	5	0	0	88.2	0.000
run1_P_partitioned	pool	off	cold	stride	16384	250000	4	4	2	1	1024	354208	851595	4825593	67150	35380578	28942	32	0	0	89.3	0.000
run1_P_partitioned	uring	off	cold	stride	16384	250000	4	4	2	2	1024	375823	585997	4969743	30294	34300153	29854	5	0	0	100.0	0.000
run1_P_partitioned	pool	off	cold	stride	16384	250000	4	4	3	0	1024	384555	908404	5147348	71193	38536199	26572	35	0	0	90.9	0.000
run1_P_partitioned	uring	off	cold	stride	16384	250000	4	4	3	1	1024	399691	587131	5185881	30372	35764109	28632	5	0	0	100.0	0.000
run1_P_partitioned	hybrid	off	cold	stride	16384	250000	4	4	3	2	1024	332433	644119	5029752	36587	34404484	29764	5	0	0	89.7	0.000
run1_P_partitioned	uring	off	cold	stride	16384	250000	4	4	4	0	1024	401475	566977	7119929	33382	37614080	27224	5	0	0	100.0	0.000
run1_P_partitioned	hybrid	off	cold	stride	16384	250000	4	4	4	1	1024	345559	615036	5357180	34906	34631686	29568	5	0	0	89.2	0.000
run1_P_partitioned	pool	off	cold	stride	16384	250000	4	4	4	2	1024	394248	933195	4913491	73407	37880756	27032	35	0	0	90.9	0.000
run1_P_partitioned	hybrid	off	cold	stride	16384	250000	4	4	5	0	1024	336279	612201	5468568	36293	36857742	27782	5	0	0	88.0	0.000
run1_P_partitioned	pool	off	cold	stride	16384	250000	4	4	5	1	1024	405354	824274	4855462	68980	38026663	26928	30	0	0	90.5	0.000
run1_P_partitioned	uring	off	cold	stride	16384	250000	4	4	5	2	1024	387322	545538	5330238	27071	34821540	29407	5	0	0	100.0	0.000
run1_P_partitioned	pool	off	cold	stride	16384	250000	1	16	0	0	4096	4029	401251	5566323	18747	74376027	55072	26	0	0	12.5	0.000
run1_P_partitioned	uring	off	cold	stride	16384	250000	1	16	0	1	4096	4220	388778	4313360	16625	59996028	68271	5	0	0	100.0	0.000
run1_P_partitioned	hybrid	off	cold	stride	16384	250000	1	16	0	2	4096	2769	369997	5025010	13896	65364400	62664	5	0	0	12.5	0.000
run1_P_partitioned	uring	off	cold	stride	16384	250000	1	16	1	0	4096	6793	453282	4524762	21137	66802159	61315	5	0	0	100.0	0.000
run1_P_partitioned	hybrid	off	cold	stride	16384	250000	1	16	1	1	4096	4189	448721	5516523	17101	67233166	60922	5	0	0	14.1	0.000
run1_P_partitioned	pool	off	cold	stride	16384	250000	1	16	1	2	4096	3280	441615	5340326	17190	69353712	59060	26	0	0	12.9	0.000
run1_P_partitioned	hybrid	off	cold	stride	16384	250000	1	16	2	0	4096	3268	424012	5086344	14323	65449732	62582	5	0	0	12.3	0.000
run1_P_partitioned	pool	off	cold	stride	16384	250000	1	16	2	1	4096	3893	445515	4415924	18832	64541913	63463	27	0	0	13.4	0.000
run1_P_partitioned	uring	off	cold	stride	16384	250000	1	16	2	2	4096	6067	436428	5286922	20151	68948280	59407	5	0	0	100.0	0.000
run1_P_partitioned	pool	off	cold	stride	16384	250000	1	16	3	0	4096	3581	435510	4908914	17758	65209678	62813	26	0	0	12.5	0.000
run1_P_partitioned	uring	off	cold	stride	16384	250000	1	16	3	1	4096	6217	464853	3801707	22199	63359215	64647	5	0	0	100.0	0.000
run1_P_partitioned	hybrid	off	cold	stride	16384	250000	1	16	3	2	4096	3214	444927	5374493	14422	68107601	60140	5	0	0	12.6	0.000
run1_P_partitioned	uring	off	cold	stride	16384	250000	1	16	4	0	4096	6232	456721	5393442	19027	69929686	58573	5	0	0	100.0	0.000
run1_P_partitioned	hybrid	off	cold	stride	16384	250000	1	16	4	1	4096	3729	420970	4989122	14726	63359175	64647	5	0	0	13.0	0.000
run1_P_partitioned	pool	off	cold	stride	16384	250000	1	16	4	2	4096	3104	396987	5367858	16529	66855375	61267	34	0	0	13.0	0.000
run1_P_partitioned	hybrid	off	cold	stride	16384	250000	1	16	5	0	4096	2965	402103	4524564	13151	57595382	71117	5	0	0	13.0	0.000
run1_P_partitioned	pool	off	cold	stride	16384	250000	1	16	5	1	4096	3307	371105	4947693	17482	58001575	70619	30	0	0	14.2	0.000
run1_P_partitioned	uring	off	cold	stride	16384	250000	1	16	5	2	4096	4062	392786	5057064	14593	63429733	64575	5	0	0	100.0	0.000
run1_P_partitioned	pool	off	cold	stride	16384	250000	4	16	0	0	4096	4788	1734857	9600916	23947	61530391	66569	73	0	0	19.5	0.000
run1_P_partitioned	uring	off	cold	stride	16384	250000	4	16	0	1	4096	25154	1352417	9173408	16969	54218280	75546	5	0	0	100.0	0.000
run1_P_partitioned	hybrid	off	cold	stride	16384	250000	4	16	0	2	4096	3706	1326514	13126399	16866	56055575	73070	5	0	0	19.4	0.000
run1_P_partitioned	uring	off	cold	stride	16384	250000	4	16	1	0	4096	23349	1557502	9096621	17932	60994387	67154	5	0	0	100.0	0.000
run1_P_partitioned	hybrid	off	cold	stride	16384	250000	4	16	1	1	4096	4283	1394567	11985988	17742	60105291	68147	5	0	0	19.3	0.000
run1_P_partitioned	pool	off	cold	stride	16384	250000	4	16	1	2	4096	4852	1703315	12032138	24683	63591564	64411	69	0	0	16.8	0.000
run1_P_partitioned	hybrid	off	cold	stride	16384	250000	4	16	2	0	4096	3929	1393646	8198809	18805	58734026	69738	5	0	0	18.9	0.000
run1_P_partitioned	pool	off	cold	stride	16384	250000	4	16	2	1	4096	4386	1729321	8454674	26359	60961921	67189	64	0	0	17.4	0.000
run1_P_partitioned	uring	off	cold	stride	16384	250000	4	16	2	2	4096	18962	1581638	9560273	14178	58045990	70565	5	0	0	100.0	0.000
run1_P_partitioned	pool	off	cold	stride	16384	250000	4	16	3	0	4096	5429	1551677	10654106	27964	61364683	66748	68	0	0	19.0	0.000
run1_P_partitioned	uring	off	cold	stride	16384	250000	4	16	3	1	4096	21850	1583402	8874615	15375	54871795	74647	5	0	0	100.0	0.000
run1_P_partitioned	hybrid	off	cold	stride	16384	250000	4	16	3	2	4096	3320	1388162	9469271	14936	56993379	71868	5	0	0	19.3	0.000
run1_P_partitioned	uring	off	cold	stride	16384	250000	4	16	4	0	4096	20076	1558336	9318057	14663	49992889	81932	5	0	0	100.0	0.000
run1_P_partitioned	hybrid	off	cold	stride	16384	250000	4	16	4	1	4096	5000	1112158	9559597	21804	60232166	68004	5	0	0	19.1	0.000
run1_P_partitioned	pool	off	cold	stride	16384	250000	4	16	4	2	4096	4896	1937817	8470002	27129	63968825	64031	65	0	0	17.7	0.000
run1_P_partitioned	hybrid	off	cold	stride	16384	250000	4	16	5	0	4096	7596	1386611	7549852	26769	61891120	66181	5	0	0	18.7	0.000
run1_P_partitioned	pool	off	cold	stride	16384	250000	4	16	5	1	4096	7690	1983786	10439722	40232	64499747	63504	62	0	0	16.8	0.000
run1_P_partitioned	uring	off	cold	stride	16384	250000	4	16	5	2	4096	35186	1431761	10731104	19215	59670073	68644	5	0	0	100.0	0.000
run1_P4	pool	off	cold	stride	16384	250000	1	4	0	0	320	168132	240395	1735512	83973	18987965	16853	11	0	0	90.6	0.000
run1_P4	uring	off	cold	stride	16384	250000	1	4	0	1	320	156543	230476	1142942	60030	18622843	17183	5	0	0	100.0	0.000
run1_P4	hybrid	off	cold	stride	16384	250000	1	4	0	2	320	146371	228313	1544724	58851	18601272	17203	5	0	0	90.9	0.000
run1_P4	uring	off	cold	stride	16384	250000	1	4	1	0	320	152796	237722	1460069	58323	18594647	17209	5	0	0	100.0	0.000
run1_P4	hybrid	off	cold	stride	16384	250000	1	4	1	1	320	148395	232233	1257312	58016	18249493	17535	5	0	0	91.2	0.000
run1_P4	pool	off	cold	stride	16384	250000	1	4	1	2	320	167468	253301	1163803	81614	19331063	16554	12	0	0	90.9	0.000
run1_P4	hybrid	off	cold	stride	16384	250000	1	4	2	0	320	161432	250701	1105113	61962	19175446	16688	5	0	0	90.9	0.000
run1_P4	pool	off	cold	stride	16384	250000	1	4	2	1	320	161653	236308	1515467	82775	19565153	16356	12	0	0	91.2	0.000
run1_P4	uring	off	cold	stride	16384	250000	1	4	2	2	320	149985	235005	1355320	61335	18516257	17282	5	0	0	100.0	0.000
run1_P4	pool	off	cold	stride	16384	250000	1	4	3	0	320	163130	243331	1412196	83143	19483634	16424	12	0	0	91.2	0.000
run1_P4	uring	off	cold	stride	16384	250000	1	4	3	1	320	153338	235134	1631631	59892	18635547	17171	5	0	0	100.0	0.000
run1_P4	hybrid	off	cold	stride	16384	250000	1	4	3	2	320	146403	225926	1519199	56045	18179240	17602	5	0	0	90.9	0.000
run1_P4	uring	off	cold	stride	16384	250000	1	4	4	0	320	150909	228199	874492	55599	18674154	17136	5	0	0	100.0	0.000
run1_P4	hybrid	off	cold	stride	16384	250000	1	4	4	1	320	152364	236638	1549422	58077	18854932	16972	5	0	0	91.2	0.000
run1_P4	pool	off	cold	stride	16384	250000	1	4	4	2	320	159540	235774	926421	75943	19236415	16635	12	0	0	91.6	0.000
run1_P4	hybrid	off	cold	stride	16384	250000	1	4	5	0	320	142321	219348	1543431	55555	17814521	17963	5	0	0	90.9	0.000
run1_P4	pool	off	cold	stride	16384	250000	1	4	5	1	320	154706	229393	974238	79344	19552911	16366	11	0	0	90.6	0.000
run1_P4	uring	off	cold	stride	16384	250000	1	4	5	2	320	152497	241872	1617547	61463	18807434	17015	5	0	0	100.0	0.000
run1_P4	pool	off	cold	stride	16384	250000	4	4	0	0	320	389677	914191	4790153	69189	12981583	24650	27	0	0	97.2	0.000
run1_P4	uring	off	cold	stride	16384	250000	4	4	0	1	320	400090	754564	5759563	28423	13433185	23822	5	0	0	100.0	0.000
run1_P4	hybrid	off	cold	stride	16384	250000	4	4	0	2	320	336549	513329	5714409	30748	12676559	25243	5	0	0	95.9	0.000
run1_P4	uring	off	cold	stride	16384	250000	4	4	1	0	320	403471	809177	5906660	29710	13591022	23545	5	0	0	100.0	0.000
run1_P4	hybrid	off	cold	stride	16384	250000	4	4	1	1	320	350499	667022	6310513	31343	13705144	23349	5	0	0	95.9	0.000
run1_P4	pool	off	cold	stride	16384	250000	4	4	1	2	320	439463	898197	5903763	63567	14946210	21410	30	0	0	98.1	0.000
run1_P4	hybrid	off	cold	stride	16384	250000	4	4	2	0	320	393527	667834	6483711	34004	14627636	21876	5	0	0	95.9	0.000
run1_P4	pool	off	cold	stride	16384	250000	4	4	2	1	320	431986	834969	6480100	64031	15053423	21258	28	0	0	98.1	0.000
run1_P4	uring	off	cold	stride	16384	250000	4	4	2	2	320	425156	805953	6282197	27149	14130383	22646	5	0	0	100.0	0.000
run1_P4	pool	off	cold	stride	16384	250000	4	4	3	0	320	387264	882215	6501462	63430	14111469	22677	25	0	0	97.8	0.000
run1_P4	uring	off	cold	stride	16384	250000	4	4	3	1	320	439899	802422	5879067	30406	14680487	21798	5	0	0	100.0	0.000
run1_P4	hybrid	off	cold	stride	16384	250000	4	4	3	2	320	370775	563585	5874590	31088	13289318	24079	5	0	0	95.9	0.000
run1_P4	uring	off	cold	stride	16384	250000	4	4	4	0	320	443916	849809	6197020	27222	14684129	21792	5	0	0	100.0	0.000
run1_P4	hybrid	off	cold	stride	16384	250000	4	4	4	1	320	405371	645695	6521132	28879	14688454	21786	5	0	0	95.9	0.000
run1_P4	pool	off	cold	stride	16384	250000	4	4	4	2	320	450589	905011	6943722	59603	15681373	20406	27	0	0	98.1	0.000
run1_P4	hybrid	off	cold	stride	16384	250000	4	4	5	0	320	383133	620248	6026576	30291	13936738	22961	5	0	0	95.3	0.000
run1_P4	pool	off	cold	stride	16384	250000	4	4	5	1	320	412582	651896	5974994	56513	13725142	23315	27	0	0	94.1	0.000
run1_P4	uring	off	cold	stride	16384	250000	4	4	5	2	320	412475	638801	5854815	26423	13686264	23381	5	0	0	100.0	0.000
run1_P16	pool	off	cold	stride	16384	250000	1	16	0	0	320	339126	565220	4469943	58117	12037027	26585	25	0	0	91.2	0.000
run1_P16	uring	off	cold	stride	16384	250000	1	16	0	1	320	370680	494394	5939711	44005	14185266	22559	5	0	0	100.0	0.000
run1_P16	hybrid	off	cold	stride	16384	250000	1	16	0	2	320	389831	533909	6009335	45396	14883970	21500	5	0	0	91.9	0.000
run1_P16	uring	off	cold	stride	16384	250000	1	16	1	0	320	403825	631901	5627515	44003	14462833	22126	5	0	0	100.0	0.000
run1_P16	hybrid	off	cold	stride	16384	250000	1	16	1	1	320	403982	598058	6076344	46131	14843343	21558	5	0	0	91.9	0.000
run1_P16	pool	off	cold	stride	16384	250000	1	16	1	2	320	423433	770853	5515094	66080	14390545	22237	33	0	0	91.9	0.000
run1_P16	hybrid	off	cold	stride	16384	250000	1	16	2	0	320	382297	554157	6002390	54124	14802758	21618	5	0	0	91.6	0.000
run1_P16	pool	off	cold	stride	16384	250000	1	16	2	1	320	363246	817502	5833349	57682	13732123	23303	31	0	0	91.6	0.000
run1_P16	uring	off	cold	stride	16384	250000	1	16	2	2	320	370464	533437	5795449	45041	13801269	23186	5	0	0	100.0	0.000
run1_P16	pool	off	cold	stride	16384	250000	1	16	3	0	320	355890	676929	4968587	58197	12844674	24913	29	0	0	91.9	0.000
run1_P16	uring	off	cold	stride	16384	250000	1	16	3	1	320	384206	509571	5860516	47814	14116129	22669	5	0	0	100.0	0.000
run1_P16	hybrid	off	cold	stride	16384	250000	1	16	3	2	320	360485	578130	5808964	49155	14266917	22430	5	0	0	91.9	0.000
run1_P16	uring	off	cold	stride	16384	250000	1	16	4	0	320	381919	528681	5932198	48228	14122625	22659	5	0	0	100.0	0.000
run1_P16	hybrid	off	cold	stride	16384	250000	1	16	4	1	320	394955	578780	6534007	46986	15290178	20928	5	0	0	91.9	0.000
run1_P16	pool	off	cold	stride	16384	250000	1	16	4	2	320	379417	668494	5814113	60627	13827002	23143	24	0	0	91.9	0.000
run1_P16	hybrid	off	cold	stride	16384	250000	1	16	5	0	320	371374	555224	5804270	45274	13955658	22930	5	0	0	91.9	0.000
run1_P16	pool	off	cold	stride	16384	250000	1	16	5	1	320	396923	570997	5770606	56539	13769761	23239	24	0	0	91.9	0.000
run1_P16	uring	off	cold	stride	16384	250000	1	16	5	2	320	415546	627693	5666038	50840	15052681	21259	5	0	0	100.0	0.000
run1_P16	pool	off	cold	stride	16384	250000	4	16	0	0	320	1139072	3910323	6230135	75132	10989012	29120	71	0	0	93.8	0.000
run1_P16	uring	off	cold	stride	16384	250000	4	16	0	1	320	1036519	5978451	6661452	36938	11821221	27070	5	0	0	100.0	0.000
run1_P16	hybrid	off	cold	stride	16384	250000	4	16	0	2	320	1089593	5279955	5580473	35633	11205991	28556	5	0	0	93.8	0.000
run1_P16	uring	off	cold	stride	16384	250000	4	16	1	0	320	1201397	6077236	6685410	33712	11635433	27502	5	0	0	100.0	0.000
run1_P16	hybrid	off	cold	stride	16384	250000	4	16	1	1	320	1279619	5085969	6088455	35870	11050596	28958	5	0	0	94.7	0.000
run1_P16	pool	off	cold	stride	16384	250000	4	16	1	2	320	1161380	3048708	4542955	72201	10915159	29317	69	0	0	95.0	0.000
run1_P16	hybrid	off	cold	stride	16384	250000	4	16	2	0	320	1280774	5369771	6251214	37329	11669040	27423	5	0	0	95.3	0.000
run1_P16	pool	off	cold	stride	16384	250000	4	16	2	1	320	1270606	3294107	4671636	72997	10786478	29667	74	0	0	95.0	0.000
run1_P16	uring	off	cold	stride	16384	250000	4	16	2	2	320	961653	5586477	6421776	36366	11229376	28497	5	0	0	100.0	0.000
run1_P16	pool	off	cold	stride	16384	250000	4	16	3	0	320	1246864	2475491	4153053	72801	10622984	30123	71	0	0	94.1	0.000
run1_P16	uring	off	cold	stride	16384	250000	4	16	3	1	320	1188770	5806345	6433344	32309	10961216	29194	5	0	0	100.0	0.000
run1_P16	hybrid	off	cold	stride	16384	250000	4	16	3	2	320	1031312	5315856	6727223	36700	11061175	28930	5	0	0	95.6	0.000
run1_P16	uring	off	cold	stride	16384	250000	4	16	4	0	320	1280802	6623998	6883649	31279	12089788	26469	5	0	0	100.0	0.000
run1_P16	hybrid	off	cold	stride	16384	250000	4	16	4	1	320	1078380	6230886	6811390	33201	11587500	27616	5	0	0	95.9	0.000
run1_P16	pool	off	cold	stride	16384	250000	4	16	4	2	320	1045697	3814116	5065325	71576	10402439	30762	70	0	0	94.7	0.000
run1_P16	hybrid	off	cold	stride	16384	250000	4	16	5	0	320	1081701	5489454	6085222	34823	11246037	28454	5	0	0	95.3	0.000
run1_P16	pool	off	cold	stride	16384	250000	4	16	5	1	320	1011172	3526247	5654066	69095	10684805	29949	70	0	0	93.8	0.000
run1_P16	uring	off	cold	stride	16384	250000	4	16	5	2	320	1214976	5805515	6305686	36516	11420721	28019	5	0	0	100.0	0.000
