label	arm	prefetch	temp	shape	size	stride	depth	readers	repeat	pos	asks	p50_ns	p90_ns	p99_ns	cpu_ns_per_ask	wall_ns	asks_per_s	threads	gap_p99_ns	gap_max_ns	miss_pct	resident_pct
run1_A_stride	pool	off	cold	stride	16384	250000	1	1	0	0	512	74322	91232	466205	63406	40216312	12731	7	0	0	88.1	0.000
run1_A_stride	uring	off	cold	stride	16384	250000	1	1	0	1	512	48056	61427	160136	25544	26449991	19357	5	0	0	100.0	0.000
run1_A_stride	hybrid	off	cold	stride	16384	250000	1	1	0	2	512	44731	55852	168596	23609	24245965	21117	5	0	0	88.1	0.000
run1_A_stride	pooled_pread	off	cold	stride	16384	250000	1	1	0	3	512	77134	88974	143537	56977	39914516	12827	6	0	0	100.0	0.000
run1_A_stride	uring	off	cold	stride	16384	250000	1	1	1	0	512	44310	55397	132886	21558	23993452	21339	5	0	0	100.0	0.000
run1_A_stride	hybrid	off	cold	stride	16384	250000	1	1	1	1	512	42236	48293	168727	20495	22321322	22938	5	0	0	88.1	0.000
run1_A_stride	pooled_pread	off	cold	stride	16384	250000	1	1	1	2	512	69389	85265	192962	54774	36556495	14006	6	0	0	100.0	0.000
run1_A_stride	pool	off	cold	stride	16384	250000	1	1	1	3	512	66426	81364	374318	60236	35012242	14623	6	0	0	88.1	0.000
run1_A_stride	hybrid	off	cold	stride	16384	250000	1	1	2	0	512	46299	57000	291762	25507	25407322	20152	5	0	0	87.9	0.000
run1_A_stride	pooled_pread	off	cold	stride	16384	250000	1	1	2	1	512	67349	87779	173701	57795	37537824	13640	6	0	0	100.0	0.000
run1_A_stride	pool	off	cold	stride	16384	250000	1	1	2	2	512	66466	79327	237449	55859	34557743	14816	6	0	0	88.1	0.000
run1_A_stride	uring	off	cold	stride	16384	250000	1	1	2	3	512	43932	54723	332902	23594	24251126	21112	5	0	0	100.0	0.000
run1_A_stride	pooled_pread	off	cold	stride	16384	250000	1	1	3	0	512	76614	89238	174557	59209	38295536	13370	7	0	0	100.0	0.000
run1_A_stride	pool	off	cold	stride	16384	250000	1	1	3	1	512	67285	79109	146344	55476	34387074	14889	6	0	0	88.1	0.000
run1_A_stride	uring	off	cold	stride	16384	250000	1	1	3	2	512	44045	54814	230374	24783	24138095	21211	5	0	0	100.0	0.000
run1_A_stride	hybrid	off	cold	stride	16384	250000	1	1	3	3	512	41533	49991	140123	22409	22150021	23115	5	0	0	88.1	0.000
run1_A_stride	pool	off	cold	stride	16384	250000	1	1	4	0	512	51357	64887	180240	51704	27382754	18698	6	0	0	88.1	0.000
run1_A_stride	uring	off	cold	stride	16384	250000	1	1	4	1	512	41824	53087	278532	22148	22578805	22676	5	0	0	100.0	0.000
run1_A_stride	hybrid	off	cold	stride	16384	250000	1	1	4	2	512	40822	51051	149287	22268	22141184	23124	5	0	0	87.9	0.000
run1_A_stride	pooled_pread	off	cold	stride	16384	250000	1	1	4	3	512	71440	88204	147979	54066	37669378	13592	8	0	0	100.0	0.000
run1_A_stride	uring	off	cold	stride	16384	250000	1	1	5	0	512	40670	48681	280334	20078	21440227	23880	5	0	0	100.0	0.000
run1_A_stride	hybrid	off	cold	stride	16384	250000	1	1	5	1	512	43197	52739	163545	23248	23285752	21988	5	0	0	88.1	0.000
run1_A_stride	pooled_pread	off	cold	stride	16384	250000	1	1	5	2	512	64722	85256	177484	55988	35516000	14416	6	0	0	100.0	0.000
run1_A_stride	pool	off	cold	stride	16384	250000	1	1	5	3	512	63801	75568	184854	53358	32334826	15834	6	0	0	88.1	0.000
run1_A_stride	pool	off	cold	stride	16384	250000	2	1	0	0	512	78496	99943	339371	57751	20708817	24724	9	0	0	89.5	0.000
run1_A_stride	uring	off	cold	stride	16384	250000	2	1	0	1	512	37033	54680	371549	19002	12033181	42549	5	0	0	100.0	0.000
run1_A_stride	hybrid	off	cold	stride	16384	250000	2	1	0	2	512	43424	64625	222656	18164	15338001	33381	5	0	0	88.3	0.000
run1_A_stride	pooled_pread	off	cold	stride	16384	250000	2	1	0	3	512	88624	112174	329540	53773	24124946	21223	10	0	0	100.0	0.000
run1_A_stride	uring	off	cold	stride	16384	250000	2	1	1	0	512	52309	66298	383064	16144	15057978	34002	5	0	0	100.0	0.000
run1_A_stride	hybrid	off	cold	stride	16384	250000	2	1	1	1	512	39686	62316	323769	16106	14787815	34623	5	0	0	88.7	0.000
run1_A_stride	pooled_pread	off	cold	stride	16384	250000	2	1	1	2	512	87147	108679	348055	52843	23552558	21739	10	0	0	100.0	0.000
run1_A_stride	pool	off	cold	stride	16384	250000	2	1	1	3	512	76971	105887	439149	54704	21255830	24088	9	0	0	88.5	0.000
run1_A_stride	hybrid	off	cold	stride	16384	250000	2	1	2	0	512	40524	59880	376802	17432	14467524	35390	5	0	0	88.5	0.000
run1_A_stride	pooled_pread	off	cold	stride	16384	250000	2	1	2	1	512	90524	118819	346196	54957	24274316	21092	9	0	0	100.0	0.000
run1_A_stride	pool	off	cold	stride	16384	250000	2	1	2	2	512	82143	105724	373568	56169	21769558	23519	11	0	0	88.7	0.000
run1_A_stride	uring	off	cold	stride	16384	250000	2	1	2	3	512	54925	80058	389631	18686	16106004	31789	5	0	0	100.0	0.000
run1_A_stride	pooled_pread	off	cold	stride	16384	250000	2	1	3	0	512	94000	119706	348438	55957	25295016	20241	10	0	0	100.0	0.000
run1_A_stride	pool	off	cold	stride	16384	250000	2	1	3	1	512	84685	114591	371649	63477	22435772	22821	8	0	0	88.9	0.000
run1_A_stride	uring	off	cold	stride	16384	250000	2	1	3	2	512	38586	56437	384261	18027	12821968	39931	5	0	0	100.0	0.000
run1_A_stride	hybrid	off	cold	stride	16384	250000	2	1	3	3	512	39002	63286	280457	17479	14163952	36148	5	0	0	88.5	0.000
run1_A_stride	pool	off	cold	stride	16384	250000	2	1	4	0	512	77532	99490	366157	57098	20621951	24828	8	0	0	89.3	0.000
run1_A_stride	uring	off	cold	stride	16384	250000	2	1	4	1	512	49830	63157	335472	14613	14314502	35768	5	0	0	100.0	0.000
run1_A_stride	hybrid	off	cold	stride	16384	250000	2	1	4	2	512	38110	58913	337436	17689	13413202	38171	5	0	0	88.7	0.000
run1_A_stride	pooled_pread	off	cold	stride	16384	250000	2	1	4	3	512	92622	120436	299827	56248	24327905	21046	9	0	0	100.0	0.000
run1_A_stride	uring	off	cold	stride	16384	250000	2	1	5	0	512	37624	63050	340254	18439	12698440	40320	5	0	0	100.0	0.000
run1_A_stride	hybrid	off	cold	stride	16384	250000	2	1	5	1	512	42747	59215	186282	16013	15109993	33885	5	0	0	87.7	0.000
run1_A_stride	pooled_pread	off	cold	stride	16384	250000	2	1	5	2	512	90305	112892	299708	56099	23890983	21431	9	0	0	100.0	0.000
run1_A_stride	pool	off	cold	stride	16384	250000	2	1	5	3	512	81917	116405	203134	62100	21088254	24279	9	0	0	88.1	0.000
run1_A_stride	pool	off	cold	stride	16384	250000	4	1	0	0	512	102079	179249	447122	48483	14949710	34248	12	0	0	91.4	0.000
run1_A_stride	uring	off	cold	stride	16384	250000	4	1	0	1	512	78091	103324	361443	11114	11547655	44338	5	0	0	100.0	0.000
run1_A_stride	hybrid	off	cold	stride	16384	250000	4	1	0	2	512	52084	80480	320943	15809	10598708	48308	5	0	0	90.8	0.000
run1_A_stride	pooled_pread	off	cold	stride	16384	250000	4	1	0	3	512	109011	196832	403692	52770	15946788	32107	14	0	0	100.0	0.000
run1_A_stride	uring	off	cold	stride	16384	250000	4	1	1	0	512	71261	93305	391847	10066	10428725	49095	5	0	0	100.0	0.000
run1_A_stride	hybrid	off	cold	stride	16384	250000	4	1	1	1	512	52718	74051	328182	9768	10205133	50171	5	0	0	89.3	0.000
run1_A_stride	pooled_pread	off	cold	stride	16384	250000	4	1	1	2	512	108363	150217	465329	48168	15191100	33704	17	0	0	100.0	0.000
run1_A_stride	pool	off	cold	stride	16384	250000	4	1	1	3	512	108758	222845	479332	49674	16572399	30895	13	0	0	91.2	0.000
run1_A_stride	hybrid	off	cold	stride	16384	250000	4	1	2	0	512	54153	75928	412413	11460	10741055	47668	5	0	0	90.0	0.000
run1_A_stride	pooled_pread	off	cold	stride	16384	250000	4	1	2	1	512	108446	212415	438370	47253	17071332	29992	17	0	0	100.0	0.000
run1_A_stride	pool	off	cold	stride	16384	250000	4	1	2	2	512	99839	154738	411247	47303	14221050	36003	12	0	0	91.0	0.000
run1_A_stride	uring	off	cold	stride	16384	250000	4	1	2	3	512	70385	99029	366964	10010	10583837	48376	5	0	0	100.0	0.000
run1_A_stride	pooled_pread	off	cold	stride	16384	250000	4	1	3	0	512	124154	191279	362322	48709	17002945	30112	13	0	0	100.0	0.000
run1_A_stride	pool	off	cold	stride	16384	250000	4	1	3	1	512	103168	193674	552202	53755	16498353	31033	13	0	0	91.2	0.000
run1_A_stride	uring	off	cold	stride	16384	250000	4	1	3	2	512	80532	98746	599991	10431	12276497	41706	5	0	0	100.0	0.000
run1_A_stride	hybrid	off	cold	stride	16384	250000	4	1	3	3	512	61863	82339	368360	11118	11746338	43588	5	0	0	91.0	0.000
run1_A_stride	pool	off	cold	stride	16384	250000	4	1	4	0	512	101534	146349	444993	50144	14139159	36211	11	0	0	89.5	0.000
run1_A_stride	uring	off	cold	stride	16384	250000	4	1	4	1	512	90594	114089	532475	12005	13331369	38406	5	0	0	100.0	0.000
run1_A_stride	hybrid	off	cold	stride	16384	250000	4	1	4	2	512	61809	85130	417003	12579	11688978	43802	5	0	0	88.5	0.000
run1_A_stride	pooled_pread	off	cold	stride	16384	250000	4	1	4	3	512	118879	187013	509057	50152	17332323	29540	12	0	0	100.0	0.000
run1_A_stride	uring	off	cold	stride	16384	250000	4	1	5	0	512	92709	357848	447893	11907	16502746	31025	5	0	0	100.0	0.000
run1_A_stride	hybrid	off	cold	stride	16384	250000	4	1	5	1	512	54296	149749	577641	11075	13410470	38179	5	0	0	90.6	0.000
run1_A_stride	pooled_pread	off	cold	stride	16384	250000	4	1	5	2	512	105662	171288	634770	45620	16333424	31347	16	0	0	100.0	0.000
run1_A_stride	pool	off	cold	stride	16384	250000	4	1	5	3	512	105081	166776	543408	48907	15201749	33680	14	0	0	90.6	0.000
run1_A_stride	pool	off	cold	stride	16384	250000	8	1	0	0	512	135742	296044	917114	43406	11293071	45338	19	0	0	92.6	0.000
run1_A_stride	uring	off	cold	stride	16384	250000	8	1	0	1	512	169138	249301	893375	10947	12958158	39512	5	0	0	100.0	0.000
run1_A_stride	hybrid	off	cold	stride	16384	250000	8	1	0	2	512	96076	136630	928864	10293	10150915	50439	5	0	0	92.4	0.000
run1_A_stride	pooled_pread	off	cold	stride	16384	250000	8	1	0	3	512	173641	355305	815536	49652	13839073	36997	32	0	0	100.0	0.000
run1_A_stride	uring	off	cold	stride	16384	250000	8	1	1	0	512	134651	233511	1081367	9720	11200171	45714	5	0	0	100.0	0.000
run1_A_stride	hybrid	off	cold	stride	16384	250000	8	1	1	1	512	91928	168110	927169	11826	10064161	50874	5	0	0	91.8	0.000
run1_A_stride	pooled_pread	off	cold	stride	16384	250000	8	1	1	2	512	142031	394984	749482	45342	12255070	41779	21	0	0	100.0	0.000
run1_A_stride	pool	off	cold	stride	16384	250000	8	1	1	3	512	126783	240431	844668	45834	10208430	50155	22	0	0	91.8	0.000
run1_A_stride	hybrid	off	cold	stride	16384	250000	8	1	2	0	512	96886	148106	766646	11885	10522880	48656	5	0	0	92.6	0.000
run1_A_stride	pooled_pread	off	cold	stride	16384	250000	8	1	2	1	512	168392	276594	920213	52597	12928088	39604	24	0	0	100.0	0.000
run1_A_stride	pool	off	cold	stride	16384	250000	8	1	2	2	512	131903	250765	1049141	45067	11014200	46485	17	0	0	92.6	0.000
run1_A_stride	uring	off	cold	stride	16384	250000	8	1	2	3	512	134580	209039	732309	10250	10218088	50107	5	0	0	100.0	0.000
run1_A_stride	pooled_pread	off	cold	stride	16384	250000	8	1	3	0	512	163627	300227	981893	51768	12910823	39657	21	0	0	100.0	0.000
run1_A_stride	pool	off	cold	stride	16384	250000	8	1	3	1	512	158817	264416	1021622	50049	12155889	42120	16	0	0	92.4	0.000
run1_A_stride	uring	off	cold	stride	16384	250000	8	1	3	2	512	106059	221159	840758	9058	9804223	52222	5	0	0	100.0	0.000
run1_A_stride	hybrid	off	cold	stride	16384	250000	8	1	3	3	512	83845	130904	790397	10336	9199291	55656	5	0	0	92.6	0.000
run1_A_stride	pool	off	cold	stride	16384	250000	8	1	4	0	512	142443	320032	831099	47378	12145092	42157	18	0	0	92.2	0.000
run1_A_stride	uring	off	cold	stride	16384	250000	8	1	4	1	512	125193	192091	708863	9143	10279563	49808	5	0	0	100.0	0.000
run1_A_stride	hybrid	off	cold	stride	16384	250000	8	1	4	2	512	76165	109402	750290	9641	8539019	59960	5	0	0	92.4	0.000
run1_A_stride	pooled_pread	off	cold	stride	16384	250000	8	1	4	3	512	128998	307978	815614	43080	11094720	46148	28	0	0	100.0	0.000
run1_A_stride	uring	off	cold	stride	16384	250000	8	1	5	0	512	128256	169194	798332	8847	9842743	52018	5	0	0	100.0	0.000
run1_A_stride	hybrid	off	cold	stride	16384	250000	8	1	5	1	512	78992	146377	716907	12579	9488952	53957	5	0	0	91.8	0.000
run1_A_stride	pooled_pread	off	cold	stride	16384	250000	8	1	5	2	512	130305	252606	892540	43323	10643220	48106	19	0	0	100.0	0.000
run1_A_stride	pool	off	cold	stride	16384	250000	8	1	5	3	512	146732	266744	767944	45609	11227023	45604	19	0	0	92.4	0.000
run1_A_stride	pool	off	cold	stride	16384	250000	16	1	0	0	512	228719	678500	1387192	46656	10051727	50937	40	0	0	92.0	0.000
run1_A_stride	uring	off	cold	stride	16384	250000	16	1	0	1	512	266883	343782	1567482	8232	10423517	49120	5	0	0	100.0	0.000
run1_A_stride	hybrid	off	cold	stride	16384	250000	16	1	0	2	512	141661	207248	1531032	8905	8276037	61865	5	0	0	92.8	0.000
run1_A_stride	pooled_pread	off	cold	stride	16384	250000	16	1	0	3	512	244540	523796	1515219	43769	10252578	49939	47	0	0	100.0	0.000
run1_A_stride	uring	off	cold	stride	16384	250000	16	1	1	0	512	254974	323010	1491685	8242	9816354	52158	5	0	0	100.0	0.000
run1_A_stride	hybrid	off	cold	stride	16384	250000	16	1	1	1	512	141092	216154	1539078	8939	8034339	63726	5	0	0	92.8	0.000
run1_A_stride	pooled_pread	off	cold	stride	16384	250000	16	1	1	2	512	238033	537294	1551639	47048	10496516	48778	46	0	0	100.0	0.000
run1_A_stride	pool	off	cold	stride	16384	250000	16	1	1	3	512	253613	519543	1693179	49146	10825848	47294	34	0	0	92.4	0.000
run1_A_stride	hybrid	off	cold	stride	16384	250000	16	1	2	0	512	157743	215109	1645788	9518	8694410	58888	5	0	0	91.8	0.000
run1_A_stride	pooled_pread	off	cold	stride	16384	250000	16	1	2	1	512	227856	428462	1434037	45403	9358538	54709	33	0	0	100.0	0.000
run1_A_stride	pool	off	cold	stride	16384	250000	16	1	2	2	512	196324	481352	1606416	44552	8867050	57742	33	0	0	92.6	0.000
run1_A_stride	uring	off	cold	stride	16384	250000	16	1	2	3	512	205433	320771	1478272	7495	8968247	57090	5	0	0	100.0	0.000
run1_A_stride	pooled_pread	off	cold	stride	16384	250000	16	1	3	0	512	242941	400389	1403697	40744	9739034	52572	37	0	0	100.0	0.000
run1_A_stride	pool	off	cold	stride	16384	250000	16	1	3	1	512	196527	509179	1533102	39231	9046532	56596	28	0	0	92.6	0.000
run1_A_stride	uring	off	cold	stride	16384	250000	16	1	3	2	512	209695	340637	1427919	7999	8660827	59117	5	0	0	100.0	0.000
run1_A_stride	hybrid	off	cold	stride	16384	250000	16	1	3	3	512	134038	190956	1236740	9085	7280999	70320	5	0	0	91.8	0.000
run1_A_stride	pool	off	cold	stride	16384	250000	16	1	4	0	512	174727	481958	1238618	38768	8579327	59678	29	0	0	92.2	0.000
run1_A_stride	uring	off	cold	stride	16384	250000	16	1	4	1	512	237728	307906	1447638	8384	9227543	55486	5	0	0	100.0	0.000
run1_A_stride	hybrid	off	cold	stride	16384	250000	16	1	4	2	512	145952	287793	352745	11173	7033356	72796	5	0	0	86.9	0.000
run1_A_stride	pooled_pread	off	cold	stride	16384	250000	16	1	4	3	512	213561	590894	1565283	45235	9919101	51618	42	0	0	100.0	0.000
run1_A_stride	uring	off	cold	stride	16384	250000	16	1	5	0	512	245831	378313	1606783	7915	10157006	50409	5	0	0	100.0	0.000
run1_A_stride	hybrid	off	cold	stride	16384	250000	16	1	5	1	512	123937	164767	529224	8401	6579771	77814	5	0	0	89.1	0.000
run1_A_stride	pooled_pread	off	cold	stride	16384	250000	16	1	5	2	512	212417	450370	1384085	45762	9288108	55124	38	0	0	100.0	0.000
run1_A_stride	pool	off	cold	stride	16384	250000	16	1	5	3	512	186810	520931	1113733	46436	8559814	59814	30	0	0	92.4	0.000
run1_A_stride	pool	off	cold	stride	16384	250000	32	1	0	0	512	382079	866234	1644050	47501	8632707	59309	42	0	0	90.4	0.000
run1_A_stride	uring	off	cold	stride	16384	250000	32	1	0	1	512	438298	549202	1141036	7772	7909534	64732	5	0	0	100.0	0.000
run1_A_stride	hybrid	off	cold	stride	16384	250000	32	1	0	2	512	223301	553588	1967620	9809	6820932	75063	5	0	0	92.6	0.000
run1_A_stride	pooled_pread	off	cold	stride	16384	250000	32	1	0	3	512	369271	1211005	2588877	47698	9688123	52848	90	0	0	100.0	0.000
run1_A_stride	uring	off	cold	stride	16384	250000	32	1	1	0	512	498420	769279	2601286	9100	10043121	50980	5	0	0	100.0	0.000
run1_A_stride	hybrid	off	cold	stride	16384	250000	32	1	1	1	512	319634	546281	1813275	10244	8428094	60749	5	0	0	91.4	0.000
run1_A_stride	pooled_pread	off	cold	stride	16384	250000	32	1	1	2	512	481964	1135779	2119240	47427	9852648	51966	81	0	0	100.0	0.000
run1_A_stride	pool	off	cold	stride	16384	250000	32	1	1	3	512	389364	841615	2740729	51666	8658989	59129	41	0	0	92.0	0.000
run1_A_stride	hybrid	off	cold	stride	16384	250000	32	1	2	0	512	328212	489677	2009036	8823	8190639	62510	5	0	0	92.4	0.000
run1_A_stride	pooled_pread	off	cold	stride	16384	250000	32	1	2	1	512	356929	1143159	1806644	48038	9171961	55822	73	0	0	100.0	0.000
run1_A_stride	pool	off	cold	stride	16384	250000	32	1	2	2	512	413702	1062578	1831980	47609	9207270	55608	42	0	0	92.4	0.000
run1_A_stride	uring	off	cold	stride	16384	250000	32	1	2	3	512	522318	685931	2269504	8575	9953113	51441	5	0	0	100.0	0.000
run1_A_stride	pooled_pread	off	cold	stride	16384	250000	32	1	3	0	512	416070	1167138	2187286	50548	10084162	50773	76	0	0	100.0	0.000
run1_A_stride	pool	off	cold	stride	16384	250000	32	1	3	1	512	687901	989158	3142204	60382	13252368	38635	41	0	0	92.4	0.000
run1_A_stride	uring	off	cold	stride	16384	250000	32	1	3	2	512	510155	716477	2533290	8341	9712599	52715	5	0	0	100.0	0.000
run1_A_stride	hybrid	off	cold	stride	16384	250000	32	1	3	3	512	318565	459103	2436435	8552	8524856	60060	5	0	0	91.8	0.000
run1_A_stride	pool	off	cold	stride	16384	250000	32	1	4	0	512	400075	997917	2020490	48013	8942391	57255	47	0	0	92.2	0.000
run1_A_stride	uring	off	cold	stride	16384	250000	32	1	4	1	512	538937	678165	2634614	9698	10411031	49179	5	0	0	100.0	0.000
run1_A_stride	hybrid	off	cold	stride	16384	250000	32	1	4	2	512	2186356	2628351	2730021	52065	32229264	15886	5	0	0	91.8	0.000
run1_A_stride	pooled_pread	off	cold	stride	16384	250000	32	1	4	3	512	531667	1428304	2728030	65241	12661657	40437	89	0	0	100.0	0.000
run1_A_stride	uring	off	cold	stride	16384	250000	32	1	5	0	512	449004	571281	2856186	7946	9406647	54430	5	0	0	100.0	0.000
run1_A_stride	hybrid	off	cold	stride	16384	250000	32	1	5	1	512	225530	503466	2432828	10330	7613531	67249	5	0	0	92.8	0.000
run1_A_stride	pooled_pread	off	cold	stride	16384	250000	32	1	5	2	512	454303	1181711	2004644	51031	10104442	50671	71	0	0	100.0	0.000
run1_A_stride	pool	off	cold	stride	16384	250000	32	1	5	3	512	369447	1006684	2071489	43502	8398944	60960	44	0	0	92.4	0.000
run1_A_stride	pool	off	cold	stride	16384	250000	64	1	0	0	512	859623	1719019	2610188	48500	9058942	56519	60	0	0	92.6	0.000
run1_A_stride	uring	off	cold	stride	16384	250000	64	1	0	1	512	578568	1865814	2487499	8888	6448649	79396	5	0	0	100.0	0.000
run1_A_stride	hybrid	off	cold	stride	16384	250000	64	1	0	2	512	387839	1557365	1736312	8871	6051485	84607	5	0	0	91.8	0.000
run1_A_stride	pooled_pread	off	cold	stride	16384	250000	64	1	0	3	512	699781	1612076	2052514	46926	8337834	61407	86	0	0	100.0	0.000
run1_A_stride	uring	off	cold	stride	16384	250000	64	1	1	0	512	660548	1813217	2300726	9573	7098366	72129	5	0	0	100.0	0.000
run1_A_stride	hybrid	off	cold	stride	16384	250000	64	1	1	1	512	485534	2056911	2483747	9529	6863515	74597	5	0	0	91.0	0.000
run1_A_stride	pooled_pread	off	cold	stride	16384	250000	64	1	1	2	512	676553	2037470	4385333	56954	10299185	49713	127	0	0	100.0	0.000
run1_A_stride	pool	off	cold	stride	16384	250000	64	1	1	3	512	640131	1597722	2439749	43226	7782351	65790	62	0	0	92.4	0.000
run1_A_stride	hybrid	off	cold	stride	16384	250000	64	1	2	0	512	395929	1904535	2673181	8581	6976186	73393	5	0	0	92.6	0.000
run1_A_stride	pooled_pread	off	cold	stride	16384	250000	64	1	2	1	512	686925	1443275	2358885	48514	8450044	60591	95	0	0	100.0	0.000
run1_A_stride	pool	off	cold	stride	16384	250000	64	1	2	2	512	819182	1883779	2607046	49543	8935538	57299	67	0	0	92.4	0.000
run1_A_stride	uring	off	cold	stride	16384	250000	64	1	2	3	512	563307	2094421	2791657	9681	6886791	74345	5	0	0	100.0	0.000
run1_A_stride	pooled_pread	off	cold	stride	16384	250000	64	1	3	0	512	680971	1763109	2518524	51642	9120181	56139	109	0	0	100.0	0.000
run1_A_stride	pool	off	cold	stride	16384	250000	64	1	3	1	512	875133	1995291	2682863	50489	9812889	52176	63	0	0	92.4	0.000
run1_A_stride	uring	off	cold	stride	16384	250000	64	1	3	2	512	650956	2174258	2686524	9977	7791114	65716	5	0	0	100.0	0.000
run1_A_stride	hybrid	off	cold	stride	16384	250000	64	1	3	3	512	591707	1821645	2056493	10034	6932156	73859	5	0	0	91.4	0.000
run1_A_stride	pool	off	cold	stride	16384	250000	64	1	4	0	512	707546	1453992	2314081	43575	7848909	65232	50	0	0	91.4	0.000
run1_A_stride	uring	off	cold	stride	16384	250000	64	1	4	1	512	610715	1900933	2478283	9366	6828997	74974	5	0	0	100.0	0.000
run1_A_stride	hybrid	off	cold	stride	16384	250000	64	1	4	2	512	522449	1820179	2555671	11504	7701016	66485	5	0	0	91.0	0.000
run1_A_stride	pooled_pread	off	cold	stride	16384	250000	64	1	4	3	512	749109	1842737	3156735	54206	9718854	52681	108	0	0	100.0	0.000
run1_A_stride	uring	off	cold	stride	16384	250000	64	1	5	0	512	579718	1943542	2741806	10096	7436608	68849	5	0	0	100.0	0.000
run1_A_stride	hybrid	off	cold	stride	16384	250000	64	1	5	1	512	511491	2248290	2733039	10068	7776606	65838	5	0	0	92.8	0.000
run1_A_stride	pooled_pread	off	cold	stride	16384	250000	64	1	5	2	512	943329	2286065	3396037	59189	11052962	46322	118	0	0	100.0	0.000
run1_A_stride	pool	off	cold	stride	16384	250000	64	1	5	3	512	1024753	2096404	2937202	50453	10149967	50444	72	0	0	92.6	0.000
run1_A_stride	pool	off	warm	stride	16384	250000	1	1	0	0	512	1618	1970	2558	2443	1045137	489888	5	0	0	0.0	0.000
run1_A_stride	uring	off	warm	stride	16384	250000	1	1	0	1	512	1870	9194	14839	5690	2206407	232051	5	0	0	100.0	0.000
run1_A_stride	hybrid	off	warm	stride	16384	250000	1	1	0	2	512	1646	1988	2576	2354	1100898	465075	5	0	0	0.0	0.000
run1_A_stride	pooled_pread	off	warm	stride	16384	250000	1	1	0	3	512	36367	40695	86683	42122	19735449	25943	6	0	0	100.0	0.000
run1_A_stride	uring	off	warm	stride	16384	250000	1	1	1	0	512	2882	10241	18463	8997	3496056	146451	5	0	0	100.0	0.000
run1_A_stride	hybrid	off	warm	stride	16384	250000	1	1	1	1	512	1861	2218	2775	2927	1262770	405458	5	0	0	0.0	0.000
run1_A_stride	pooled_pread	off	warm	stride	16384	250000	1	1	1	2	512	34297	39644	70343	38612	18024929	28405	7	0	0	100.0	0.000
run1_A_stride	pool	off	warm	stride	16384	250000	1	1	1	3	512	1750	2081	3136	2838	1151624	444590	5	0	0	0.0	0.000
run1_A_stride	hybrid	off	warm	stride	16384	250000	1	1	2	0	512	1776	2082	3308	2748	1214539	421559	5	0	0	0.0	0.000
run1_A_stride	pooled_pread	off	warm	stride	16384	250000	1	1	2	1	512	37082	40072	63482	41707	19766679	25902	6	0	0	100.0	0.000
run1_A_stride	pool	off	warm	stride	16384	250000	1	1	2	2	512	1495	1747	2103	2495	966554	529717	5	0	0	0.0	0.000
run1_A_stride	uring	off	warm	stride	16384	250000	1	1	2	3	512	9389	10190	17518	8990	3530665	145015	5	0	0	100.0	0.000
run1_A_stride	pooled_pread	off	warm	stride	16384	250000	1	1	3	0	512	37749	41130	73500	43481	20389085	25111	6	0	0	100.0	0.000
run1_A_stride	pool	off	warm	stride	16384	250000	1	1	3	1	512	1842	2195	3185	2653	1186419	431551	5	0	0	0.0	0.000
run1_A_stride	uring	off	warm	stride	16384	250000	1	1	3	2	512	2377	10486	19326	7775	3087407	165835	5	0	0	100.0	0.000
run1_A_stride	hybrid	off	warm	stride	16384	250000	1	1	3	3	512	1875	2224	3481	3238	1314770	389422	5	0	0	0.0	0.000
run1_A_stride	pool	off	warm	stride	16384	250000	1	1	4	0	512	1925	2364	4247	2563	1176765	435091	5	0	0	0.0	0.000
run1_A_stride	uring	off	warm	stride	16384	250000	1	1	4	1	512	2469	10808	19046	8407	3177967	161109	5	0	0	100.0	0.000
run1_A_stride	hybrid	off	warm	stride	16384	250000	1	1	4	2	512	1869	2260	3442	2732	1256242	407565	5	0	0	0.0	0.000
run1_A_stride	pooled_pread	off	warm	stride	16384	250000	1	1	4	3	512	37075	41252	71193	42458	19703017	25986	6	0	0	100.0	0.000
run1_A_stride	uring	off	warm	stride	16384	250000	1	1	5	0	512	1881	9013	13480	6192	2342917	218531	5	0	0	100.0	0.000
run1_A_stride	hybrid	off	warm	stride	16384	250000	1	1	5	1	512	1918	2520	3339	2710	1356054	377566	5	0	0	0.0	0.000
run1_A_stride	pooled_pread	off	warm	stride	16384	250000	1	1	5	2	512	34359	39350	74639	40150	18828000	27194	6	0	0	100.0	0.000
run1_A_stride	pool	off	warm	stride	16384	250000	1	1	5	3	512	1490	1752	2073	2149	993285	515461	5	0	0	0.0	0.000
run1_A_stride	pool	off	warm	stride	16384	250000	2	1	0	0	512	1833	2356	4167	2658	694692	737017	5	0	0	0.0	0.000
run1_A_stride	uring	off	warm	stride	16384	250000	2	1	0	1	512	10790	13696	30140	6895	2454986	208555	5	0	0	100.0	0.000
run1_A_stride	hybrid	off	warm	stride	16384	250000	2	1	0	2	512	1792	2137	3792	2934	1358908	376773	5	0	0	0.0	0.000
run1_A_stride	pooled_pread	off	warm	stride	16384	250000	2	1	0	3	512	27763	54835	108756	29664	7937014	64508	10	0	0	100.0	0.000
run1_A_stride	uring	off	warm	stride	16384	250000	2	1	1	0	512	9796	11215	21665	5432	2241389	228430	5	0	0	100.0	0.000
run1_A_stride	hybrid	off	warm	stride	16384	250000	2	1	1	1	512	1893	2231	2876	3127	1344464	380821	5	0	0	0.0	0.000
run1_A_stride	pooled_pread	off	warm	stride	16384	250000	2	1	1	2	512	29082	53933	82570	28926	8006487	63948	10	0	0	100.0	0.000
run1_A_stride	pool	off	warm	stride	16384	250000	2	1	1	3	512	2053	2440	3149	3390	811204	631161	5	0	0	0.0	0.000
run1_A_stride	hybrid	off	warm	stride	16384	250000	2	1	2	0	512	1778	2116	2522	2467	1196103	428057	5	0	0	0.0	0.000
run1_A_stride	pooled_pread	off	warm	stride	16384	250000	2	1	2	1	512	26436	48514	87164	29264	7504668	68224	10	0	0	100.0	0.000
run1_A_stride	pool	off	warm	stride	16384	250000	2	1	2	2	512	2072	2471	3166	3052	753092	679864	5	0	0	0.0	0.000
run1_A_stride	uring	off	warm	stride	16384	250000	2	1	2	3	512	10755	11796	30672	5805	2333837	219381	5	0	0	100.0	0.000
run1_A_stride	pooled_pread	off	warm	stride	16384	250000	2	1	3	0	512	29926	54766	88608	30353	8372378	61153	11	0	0	100.0	0.000
run1_A_stride	pool	off	warm	stride	16384	250000	2	1	3	1	512	2044	2450	3091	2800	739027	692803	5	0	0	0.0	0.000
run1_A_stride	uring	off	warm	stride	16384	250000	2	1	3	2	512	11080	12157	22675	5908	2353732	217527	5	0	0	100.0	0.000
run1_A_stride	hybrid	off	warm	stride	16384	250000	2	1	3	3	512	1808	2134	2924	2522	1216281	420955	5	0	0	0.0	0.000
run1_A_stride	pool	off	warm	stride	16384	250000	2	1	4	0	512	1882	2438	14707	3201	753519	679479	5	0	0	0.0	0.000
run1_A_stride	uring	off	warm	stride	16384	250000	2	1	4	1	512	9496	10511	18910	5269	2074181	246844	5	0	0	100.0	0.000
run1_A_stride	hybrid	off	warm	stride	16384	250000	2	1	4	2	512	1799	2115	2942	2548	1248561	410072	5	0	0	0.0	0.000
run1_A_stride	pooled_pread	off	warm	stride	16384	250000	2	1	4	3	512	25513	51732	77302	31205	7596558	67399	10	0	0	100.0	0.000
run1_A_stride	uring	off	warm	stride	16384	250000	2	1	5	0	512	11351	12297	32363	6387	2656981	192700	5	0	0	100.0	0.000
run1_A_stride	hybrid	off	warm	stride	16384	250000	2	1	5	1	512	1836	2175	2861	2586	1217070	420682	5	0	0	0.0	0.000
run1_A_stride	pooled_pread	off	warm	stride	16384	250000	2	1	5	2	512	27326	48289	86927	28592	7485651	68398	10	0	0	100.0	0.000
run1_A_stride	pool	off	warm	stride	16384	250000	2	1	5	3	512	1873	2322	3617	3235	678386	754733	5	0	0	0.0	0.000
run1_A_stride	pool	off	warm	stride	16384	250000	4	1	0	0	512	2080	2477	2973	2975	485638	1054283	5	0	0	0.0	0.000
run1_A_stride	uring	off	warm	stride	16384	250000	4	1	0	1	512	14360	15561	32448	5232	2101599	243624	5	0	0	100.0	0.000
run1_A_stride	hybrid	off	warm	stride	16384	250000	4	1	0	2	512	1769	2100	3142	3065	1317113	388729	5	0	0	0.0	0.000
run1_A_stride	pooled_pread	off	warm	stride	16384	250000	4	1	0	3	512	25229	69613	175075	24876	4546625	112611	17	0	0	100.0	0.000
run1_A_stride	uring	off	warm	stride	16384	250000	4	1	1	0	512	14546	15467	33209	5420	2160893	236939	5	0	0	100.0	0.000
run1_A_stride	hybrid	off	warm	stride	16384	250000	4	1	1	1	512	1516	1775	2413	2315	1060685	482707	5	0	0	0.0	0.000
run1_A_stride	pooled_pread	off	warm	stride	16384	250000	4	1	1	2	512	18615	80616	432635	25441	5254367	97443	18	0	0	100.0	0.000
run1_A_stride	pool	off	warm	stride	16384	250000	4	1	1	3	512	2037	2477	4473	2875	538478	950828	5	0	0	0.0	0.000
run1_A_stride	hybrid	off	warm	stride	16384	250000	4	1	2	0	512	1891	2266	3169	2740	1266754	404183	5	0	0	0.0	0.000
run1_A_stride	pooled_pread	off	warm	stride	16384	250000	4	1	2	1	512	26770	72476	144463	24938	4649877	110110	16	0	0	100.0	0.000
run1_A_stride	pool	off	warm	stride	16384	250000	4	1	2	2	512	2206	2575	4315	3147	487130	1051054	5	0	0	0.0	0.000
run1_A_stride	uring	off	warm	stride	16384	250000	4	1	2	3	512	12571	13341	30143	4671	1831251	279590	5	0	0	100.0	0.000
run1_A_stride	pooled_pread	off	warm	stride	16384	250000	4	1	3	0	512	27227	74588	173116	24483	4779654	107121	17	0	0	100.0	0.000
run1_A_stride	pool	off	warm	stride	16384	250000	4	1	3	1	512	2020	2461	5373	2741	376086	1361391	5	0	0	0.0	0.000
run1_A_stride	uring	off	warm	stride	16384	250000	4	1	3	2	512	4880	5397	10914	1753	841909	608142	5	0	0	100.0	0.000
run1_A_stride	hybrid	off	warm	stride	16384	250000	4	1	3	3	512	1594	1912	2781	2239	1063806	481291	5	0	0	0.0	0.000
run1_A_stride	pool	off	warm	stride	16384	250000	4	1	4	0	512	1944	2473	7752	3249	556184	920559	5	0	0	0.0	0.000
run1_A_stride	uring	off	warm	stride	16384	250000	4	1	4	1	512	12564	15817	29176	4657	1940309	263875	5	0	0	100.0	0.000
run1_A_stride	hybrid	off	warm	stride	16384	250000	4	1	4	2	512	1787	2113	2489	2581	1292770	396049	5	0	0	0.0	0.000
run1_A_stride	pooled_pread	off	warm	stride	16384	250000	4	1	4	3	512	27048	62598	138688	26720	4524815	113154	17	0	0	100.0	0.000
run1_A_stride	uring	off	warm	stride	16384	250000	4	1	5	0	512	14331	15977	33789	5948	2253214	227231	5	0	0	100.0	0.000
run1_A_stride	hybrid	off	warm	stride	16384	250000	4	1	5	1	512	1738	2062	2451	3035	1229514	416425	5	0	0	0.0	0.000
run1_A_stride	pooled_pread	off	warm	stride	16384	250000	4	1	5	2	512	19142	71175	227624	24891	4808613	106476	20	0	0	100.0	0.000
run1_A_stride	pool	off	warm	stride	16384	250000	4	1	5	3	512	1924	2343	27952	3486	473262	1081853	5	0	0	0.0	0.000
run1_A_stride	pool	off	warm	stride	16384	250000	8	1	0	0	512	1891	2249	4798	2829	517059	990216	5	0	0	0.0	0.000
run1_A_stride	uring	off	warm	stride	16384	250000	8	1	0	1	512	17518	21977	47440	3385	1390792	368136	5	0	0	100.0	0.000
run1_A_stride	hybrid	off	warm	stride	16384	250000	8	1	0	2	512	1486	1747	2790	2246	1010304	506778	5	0	0	0.0	0.000
run1_A_stride	pooled_pread	off	warm	stride	16384	250000	8	1	0	3	512	40726	164735	457471	28071	4755221	107671	42	0	0	100.0	0.000
run1_A_stride	uring	off	warm	stride	16384	250000	8	1	1	0	512	19774	25812	41421	3631	1579120	324231	5	0	0	100.0	0.000
run1_A_stride	hybrid	off	warm	stride	16384	250000	8	1	1	1	512	1702	2026	3051	2477	1280338	399894	5	0	0	0.0	0.000
run1_A_stride	pooled_pread	off	warm	stride	16384	250000	8	1	1	2	512	35183	162317	409190	26714	4462571	114732	32	0	0	100.0	0.000
run1_A_stride	pool	off	warm	stride	16384	250000	8	1	1	3	512	2058	2388	3289	2809	528321	969108	5	0	0	0.0	0.000
run1_A_stride	hybrid	off	warm	stride	16384	250000	8	1	2	0	512	1878	2405	5713	2963	1381345	370653	5	0	0	0.0	0.000
run1_A_stride	pooled_pread	off	warm	stride	16384	250000	8	1	2	1	512	43173	181587	418536	30454	5144785	99518	40	0	0	100.0	0.000
run1_A_stride	pool	off	warm	stride	16384	250000	8	1	2	2	512	1973	2499	6067	3215	452695	1131004	5	0	0	0.0	0.000
run1_A_stride	uring	off	warm	stride	16384	250000	8	1	2	3	512	20505	27240	49294	4309	1731063	295772	5	0	0	100.0	0.000
run1_A_stride	pooled_pread	off	warm	stride	16384	250000	8	1	3	0	512	47828	186731	409574	30059	5313123	96365	37	0	0	100.0	0.000
run1_A_stride	pool	off	warm	stride	16384	250000	8	1	3	1	512	2014	2365	4030	2725	385009	1329839	5	0	0	0.0	0.000
run1_A_stride	uring	off	warm	stride	16384	250000	8	1	3	2	512	18209	22617	40549	3879	1509376	339213	5	0	0	100.0	0.000
run1_A_stride	hybrid	off	warm	stride	16384	250000	8	1	3	3	512	1628	1984	2514	2453	1160954	441017	5	0	0	0.0	0.000
run1_A_stride	pool	off	warm	stride	16384	250000	8	1	4	0	512	2083	2528	4395	3191	486997	1051341	5	0	0	0.0	0.000
run1_A_stride	uring	off	warm	stride	16384	250000	8	1	4	1	512	19945	27356	83703	3766	1669858	306613	5	0	0	100.0	0.000
run1_A_stride	hybrid	off	warm	stride	16384	250000	8	1	4	2	512	1717	2018	3674	2996	1223759	418383	5	0	0	0.0	0.000
run1_A_stride	pooled_pread	off	warm	stride	16384	250000	8	1	4	3	512	33547	141925	444425	25032	4237468	120827	30	0	0	100.0	0.000
run1_A_stride	uring	off	warm	stride	16384	250000	8	1	5	0	512	19834	27361	44784	4246	1700628	301065	5	0	0	100.0	0.000
run1_A_stride	hybrid	off	warm	stride	16384	250000	8	1	5	1	512	1707	2056	2590	2944	1507666	339598	5	0	0	0.0	0.000
run1_A_stride	pooled_pread	off	warm	stride	16384	250000	8	1	5	2	512	38587	177364	432981	27095	4910801	104260	42	0	0	100.0	0.000
run1_A_stride	pool	off	warm	stride	16384	250000	8	1	5	3	512	2178	2538	5405	3198	625272	818844	5	0	0	0.0	0.000
run1_A_stride	pool	off	warm	stride	16384	250000	16	1	0	0	512	2193	2604	4917	3285	479267	1068298	5	0	0	0.0	0.000
run1_A_stride	uring	off	warm	stride	16384	250000	16	1	0	1	512	31058	33845	53522	3351	1336997	382948	5	0	0	100.0	0.000
run1_A_stride	hybrid	off	warm	stride	16384	250000	16	1	0	2	512	1647	1986	3839	2972	1217763	420443	5	0	0	0.0	0.000
run1_A_stride	pooled_pread	off	warm	stride	16384	250000	16	1	0	3	512	80238	382989	1000652	27370	5149981	99418	53	0	0	100.0	0.000
run1_A_stride	uring	off	warm	stride	16384	250000	16	1	1	0	512	31929	40070	55446	3761	1419837	360605	5	0	0	100.0	0.000
run1_A_stride	hybrid	off	warm	stride	16384	250000	16	1	1	1	512	2021	2410	4628	3397	1548049	330739	5	0	0	0.0	0.000
run1_A_stride	pooled_pread	off	warm	stride	16384	250000	16	1	1	2	512	66047	403353	847815	28722	5116542	100068	45	0	0	100.0	0.000
run1_A_stride	pool	off	warm	stride	16384	250000	16	1	1	3	512	2139	2477	2860	3799	726862	704398	5	0	0	0.0	0.000
run1_A_stride	hybrid	off	warm	stride	16384	250000	16	1	2	0	512	1741	2038	2395	2662	1284769	398515	5	0	0	0.0	0.000
run1_A_stride	pooled_pread	off	warm	stride	16384	250000	16	1	2	1	512	89199	394635	740847	29765	5172644	98982	48	0	0	100.0	0.000
run1_A_stride	pool	off	warm	stride	16384	250000	16	1	2	2	512	1985	2352	4672	3250	638671	801665	5	0	0	0.0	0.000
run1_A_stride	uring	off	warm	stride	16384	250000	16	1	2	3	512	31904	39471	57732	3745	1450001	353103	5	0	0	100.0	0.000
run1_A_stride	pooled_pread	off	warm	stride	16384	250000	16	1	3	0	512	74984	300972	847349	28067	4748119	107832	46	0	0	100.0	0.000
run1_A_stride	pool	off	warm	stride	16384	250000	16	1	3	1	512	2016	2437	5513	3220	473198	1082000	5	0	0	0.0	0.000
run1_A_stride	uring	off	warm	stride	16384	250000	16	1	3	2	512	23129	29253	92533	2428	1155751	443002	5	0	0	100.0	0.000
run1_A_stride	hybrid	off	warm	stride	16384	250000	16	1	3	3	512	1884	2254	3190	2880	1369042	373984	5	0	0	0.0	0.000
run1_A_stride	pool	off	warm	stride	16384	250000	16	1	4	0	512	2053	2439	6810	3332	587938	870840	5	0	0	0.0	0.000
run1_A_stride	uring	off	warm	stride	16384	250000	16	1	4	1	512	36113	48765	78784	4374	1628625	314376	5	0	0	100.0	0.000
run1_A_stride	hybrid	off	warm	stride	16384	250000	16	1	4	2	512	1549	1822	2225	3014	1214840	421455	5	0	0	0.0	0.000
run1_A_stride	pooled_pread	off	warm	stride	16384	250000	16	1	4	3	512	78536	337724	690191	28101	4825742	106098	42	0	0	100.0	0.000
run1_A_stride	uring	off	warm	stride	16384	250000	16	1	5	0	512	28308	38117	45213	3029	1255855	407690	5	0	0	100.0	0.000
run1_A_stride	hybrid	off	warm	stride	16384	250000	16	1	5	1	512	1796	2162	3565	3101	1340135	382051	5	0	0	0.0	0.000
run1_A_stride	pooled_pread	off	warm	stride	16384	250000	16	1	5	2	512	96409	477069	1174410	33723	6365186	80438	60	0	0	100.0	0.000
run1_A_stride	pool	off	warm	stride	16384	250000	16	1	5	3	512	1915	2397	7528	3116	391590	1307490	5	0	0	0.0	0.000
run1_A_stride	pool	off	warm	stride	16384	250000	32	1	0	0	512	1899	2315	3059	2901	412507	1241191	5	0	0	0.0	0.000
run1_A_stride	uring	off	warm	stride	16384	250000	32	1	0	1	512	49610	73659	79880	2545	1200468	426500	5	0	0	100.0	0.000
run1_A_stride	hybrid	off	warm	stride	16384	250000	32	1	0	2	512	1510	1789	2867	2852	1235696	414341	5	0	0	0.0	0.000
run1_A_stride	pooled_pread	off	warm	stride	16384	250000	32	1	0	3	512	185741	688755	1547491	28534	4899702	104496	55	0	0	100.0	0.000
run1_A_stride	uring	off	warm	stride	16384	250000	32	1	1	0	512	64327	81496	82640	3537	1487779	344137	5	0	0	100.0	0.000
run1_A_stride	hybrid	off	warm	stride	16384	250000	32	1	1	1	512	1878	2230	3576	3311	1480858	345746	5	0	0	0.0	0.000
run1_A_stride	pooled_pread	off	warm	stride	16384	250000	32	1	1	2	512	163629	550511	1079812	27427	4505555	113637	40	0	0	100.0	0.000
run1_A_stride	pool	off	warm	stride	16384	250000	32	1	1	3	512	2089	2717	6043	3954	548795	932953	5	0	0	0.0	0.000
run1_A_stride	hybrid	off	warm	stride	16384	250000	32	1	2	0	512	1538	1802	4546	3323	1266555	404246	5	0	0	0.0	0.000
run1_A_stride	pooled_pread	off	warm	stride	16384	250000	32	1	2	1	512	198352	758563	2299514	33527	6230534	82176	78	0	0	100.0	0.000
run1_A_stride	pool	off	warm	stride	16384	250000	32	1	2	2	512	2190	2640	3869	3383	513801	996495	5	0	0	0.0	0.000
run1_A_stride	uring	off	warm	stride	16384	250000	32	1	2	3	512	61781	82952	85671	3944	1606518	318702	5	0	0	100.0	0.000
run1_A_stride	pooled_pread	off	warm	stride	16384	250000	32	1	3	0	512	176327	536295	1035358	27235	4694806	109057	39	0	0	100.0	0.000
run1_A_stride	pool	off	warm	stride	16384	250000	32	1	3	1	512	2183	2663	5229	3348	543068	942792	5	0	0	0.0	0.000
run1_A_stride	uring	off	warm	stride	16384	250000	32	1	3	2	512	51986	70979	91356	2764	1259364	406554	5	0	0	100.0	0.000
run1_A_stride	hybrid	off	warm	stride	16384	250000	32	1	3	3	512	1512	1857	2553	2548	1236521	414065	5	0	0	0.0	0.000
run1_A_stride	pool	off	warm	stride	16384	250000	32	1	4	0	512	2140	2543	5752	3225	509264	1005372	5	0	0	0.0	0.000
run1_A_stride	uring	off	warm	stride	16384	250000	32	1	4	1	512	62910	86319	87954	3273	1500710	341172	5	0	0	100.0	0.000
run1_A_stride	hybrid	off	warm	stride	16384	250000	32	1	4	2	512	1523	1838	2841	2664	1344744	380742	5	0	0	0.0	0.000
run1_A_stride	pooled_pread	off	warm	stride	16384	250000	32	1	4	3	512	215354	631270	1066027	32679	5464704	93692	51	0	0	100.0	0.000
run1_A_stride	uring	off	warm	stride	16384	250000	32	1	5	0	512	57243	73019	82677	3131	1365121	375058	5	0	0	100.0	0.000
run1_A_stride	hybrid	off	warm	stride	16384	250000	32	1	5	1	512	1880	2231	3126	2948	1427900	358569	5	0	0	0.0	0.000
run1_A_stride	pooled_pread	off	warm	stride	16384	250000	32	1	5	2	512	153835	509126	1319949	26406	4546387	112617	49	0	0	100.0	0.000
run1_A_stride	pool	off	warm	stride	16384	250000	32	1	5	3	512	2038	2426	5929	3282	440478	1162374	5	0	0	0.0	0.000
run1_A_stride	pool	off	warm	stride	16384	250000	64	1	0	0	512	2013	2381	3003	3021	751307	681479	5	0	0	0.0	0.000
run1_A_stride	uring	off	warm	stride	16384	250000	64	1	0	1	512	165240	243775	245429	4736	1992574	256954	5	0	0	100.0	0.000
run1_A_stride	hybrid	off	warm	stride	16384	250000	64	1	0	2	512	1819	2147	2846	3826	1605215	318960	5	0	0	0.0	0.000
run1_A_stride	pooled_pread	off	warm	stride	16384	250000	64	1	0	3	512	375198	816867	1461513	27758	4773460	107260	42	0	0	100.0	0.000
run1_A_stride	uring	off	warm	stride	16384	250000	64	1	1	0	512	148550	203231	204561	4058	1816697	281830	5	0	0	100.0	0.000
run1_A_stride	hybrid	off	warm	stride	16384	250000	64	1	1	1	512	1879	2230	3099	3505	1746653	293132	5	0	0	0.0	0.000
run1_A_stride	pooled_pread	off	warm	stride	16384	250000	64	1	1	2	512	537778	1152282	1846750	32098	5648367	90646	51	0	0	100.0	0.000
run1_A_stride	pool	off	warm	stride	16384	250000	64	1	1	3	512	1948	2355	7255	3246	508491	1006901	5	0	0	0.0	0.000
run1_A_stride	hybrid	off	warm	stride	16384	250000	64	1	2	0	512	1889	2340	3533	4512	1986537	257735	5	0	0	0.0	0.000
run1_A_stride	pooled_pread	off	warm	stride	16384	250000	64	1	2	1	512	410749	870869	1326445	28283	4855101	105456	43	0	0	100.0	0.000
run1_A_stride	pool	off	warm	stride	16384	250000	64	1	2	2	512	2047	2401	2847	3244	541211	946027	5	0	0	0.0	0.000
run1_A_stride	uring	off	warm	stride	16384	250000	64	1	2	3	512	145905	195350	196825	3820	1777147	288102	5	0	0	100.0	0.000
run1_A_stride	pooled_pread	off	warm	stride	16384	250000	64	1	3	0	512	428153	1190515	1695140	33267	5961801	85880	63	0	0	100.0	0.000
run1_A_stride	pool	off	warm	stride	16384	250000	64	1	3	1	512	2140	2567	6930	3945	612835	835461	5	0	0	0.0	0.000
run1_A_stride	uring	off	warm	stride	16384	250000	64	1	3	2	512	162244	235256	236951	4538	2122415	241235	5	0	0	100.0	0.000
run1_A_stride	hybrid	off	warm	stride	16384	250000	64	1	3	3	512	2021	2397	4350	3631	1786626	286574	5	0	0	0.0	0.000
run1_A_stride	pool	off	warm	stride	16384	250000	64	1	4	0	512	2006	2452	14339	3923	664981	769947	5	0	0	0.0	0.000
run1_A_stride	uring	off	warm	stride	16384	250000	64	1	4	1	512	155992	194145	195275	4298	1976920	258989	5	0	0	100.0	0.000
run1_A_stride	hybrid	off	warm	stride	16384	250000	64	1	4	2	512	1714	2155	3331	3556	1753004	292070	5	0	0	0.0	0.000
run1_A_stride	pooled_pread	off	warm	stride	16384	250000	64	1	4	3	512	382180	1296812	2202505	34317	6281337	81511	82	0	0	100.0	0.000
run1_A_stride	uring	off	warm	stride	16384	250000	64	1	5	0	512	171563	192734	194468	4175	1893058	270462	5	0	0	100.0	0.000
run1_A_stride	hybrid	off	warm	stride	16384	250000	64	1	5	1	512	1723	2183	2839	3278	1630434	314027	5	0	0	0.0	0.000
run1_A_stride	pooled_pread	off	warm	stride	16384	250000	64	1	5	2	512	373110	817246	1970799	28064	5172980	98976	55	0	0	100.0	0.000
run1_A_stride	pool	off	warm	stride	16384	250000	64	1	5	3	512	2023	2441	23134	4272	738019	693749	5	0	0	0.0	0.000
run1_A_sweep	pool	off	cold	sweep	16384	16384	1	1	0	0	512	2121	2452	317002	5851	4898999	104511	6	0	0	1.2	0.000
run1_A_sweep	uring	off	cold	sweep	16384	16384	1	1	0	1	512	9447	10576	26243	10243	5806488	88177	5	0	0	100.0	0.000
run1_A_sweep	hybrid	off	cold	sweep	16384	16384	1	1	0	2	512	3008	3470	279027	5386	4800551	106654	5	0	0	1.4	0.000
run1_A_sweep	pooled_pread	off	cold	sweep	16384	16384	1	1	0	3	512	39268	44759	95906	46820	21632166	23668	7	0	0	100.0	0.000
run1_A_sweep	uring	off	cold	sweep	16384	16384	1	1	1	0	512	2283	2871	196279	4660	4027422	127128	5	0	0	100.0	0.000
run1_A_sweep	hybrid	off	cold	sweep	16384	16384	1	1	1	1	512	2596	3174	232281	4711	3875333	132118	5	0	0	1.2	0.000
run1_A_sweep	pooled_pread	off	cold	sweep	16384	16384	1	1	1	2	512	39289	44312	115406	47781	22182707	23081	6	0	0	100.0	0.000
run1_A_sweep	pool	off	cold	sweep	16384	16384	1	1	1	3	512	2359	3029	173370	5462	4233730	120934	6	0	0	1.4	0.000
run1_A_sweep	hybrid	off	cold	sweep	16384	16384	1	1	2	0	512	2327	2815	133540	4145	5504749	93011	5	0	0	1.0	0.000
run1_A_sweep	pooled_pread	off	cold	sweep	16384	16384	1	1	2	1	512	38801	42683	105046	46185	21916392	23362	6	0	0	100.0	0.000
run1_A_sweep	pool	off	cold	sweep	16384	16384	1	1	2	2	512	2240	2797	183329	6814	7913132	64703	6	0	0	1.2	0.000
run1_A_sweep	uring	off	cold	sweep	16384	16384	1	1	2	3	512	2526	11967	63353	11175	4481519	114247	5	0	0	100.0	0.000
run1_A_sweep	pooled_pread	off	cold	sweep	16384	16384	1	1	3	0	512	42050	51179	133879	50544	23691861	21611	7	0	0	100.0	0.000
run1_A_sweep	pool	off	cold	sweep	16384	16384	1	1	3	1	512	1894	2424	223305	6291	5366181	95412	6	0	0	1.2	0.000
run1_A_sweep	uring	off	cold	sweep	16384	16384	1	1	3	2	512	1997	9187	80294	6650	6541243	78273	5	0	0	100.0	0.000
run1_A_sweep	hybrid	off	cold	sweep	16384	16384	1	1	3	3	512	2011	2662	198010	4921	4776234	107197	5	0	0	1.0	0.000
run1_A_sweep	pool	off	cold	sweep	16384	16384	1	1	4	0	512	2005	2699	264113	8615	4842449	105732	6	0	0	0.8	0.000
run1_A_sweep	uring	off	cold	sweep	16384	16384	1	1	4	1	512	1914	2716	85556	4302	3756542	136296	5	0	0	100.0	0.000
run1_A_sweep	hybrid	off	cold	sweep	16384	16384	1	1	4	2	512	2091	2527	123733	4054	3293323	155466	5	0	0	1.0	0.000
run1_A_sweep	pooled_pread	off	cold	sweep	16384	16384	1	1	4	3	512	36069	40786	81128	43246	19964508	25646	7	0	0	100.0	0.000
run1_A_sweep	uring	off	cold	sweep	16384	16384	1	1	5	0	512	1811	11916	202934	5142	5320458	96232	5	0	0	100.0	0.000
run1_A_sweep	hybrid	off	cold	sweep	16384	16384	1	1	5	1	512	2226	2722	185240	4517	5666082	90362	5	0	0	1.0	0.000
run1_A_sweep	pooled_pread	off	cold	sweep	16384	16384	1	1	5	2	512	40157	51968	160620	48797	22956121	22303	8	0	0	100.0	0.000
run1_A_sweep	pool	off	cold	sweep	16384	16384	1	1	5	3	512	2208	2655	236361	6445	7132208	71787	6	0	0	1.2	0.000
run1_A_sweep	pool	off	cold	sweep	16384	16384	2	1	0	0	512	2703	3573	396257	8290	7785764	65761	7	0	0	2.3	0.000
run1_A_sweep	uring	off	cold	sweep	16384	16384	2	1	0	1	512	4183	15033	158938	7859	6795210	75347	5	0	0	100.0	0.000
run1_A_sweep	hybrid	off	cold	sweep	16384	16384	2	1	0	2	512	1955	2427	252274	6287	7812983	65532	5	0	0	2.1	0.000
run1_A_sweep	pooled_pread	off	cold	sweep	16384	16384	2	1	0	3	512	21766	62247	269333	33339	13187456	38825	11	0	0	100.0	0.000
run1_A_sweep	uring	off	cold	sweep	16384	16384	2	1	1	0	512	3718	11909	392563	5575	7141412	71695	5	0	0	100.0	0.000
run1_A_sweep	hybrid	off	cold	sweep	16384	16384	2	1	1	1	512	2225	2833	249178	6247	7896692	64837	5	0	0	1.6	0.000
run1_A_sweep	pooled_pread	off	cold	sweep	16384	16384	2	1	1	2	512	32655	60376	200992	34950	10674938	47963	11	0	0	100.0	0.000
run1_A_sweep	pool	off	cold	sweep	16384	16384	2	1	1	3	512	2597	3690	336302	9374	8911605	57453	7	0	0	2.0	0.000
run1_A_sweep	hybrid	off	cold	sweep	16384	16384	2	1	2	0	512	2020	2534	278669	5270	4056765	126209	5	0	0	1.8	0.000
run1_A_sweep	pooled_pread	off	cold	sweep	16384	16384	2	1	2	1	512	30613	62650	161943	35559	9645526	53082	12	0	0	100.0	0.000
run1_A_sweep	pool	off	cold	sweep	16384	16384	2	1	2	2	512	2861	3900	363758	7324	3702385	138289	7	0	0	2.7	0.000
run1_A_sweep	uring	off	cold	sweep	16384	16384	2	1	2	3	512	3655	4807	361004	4321	4118474	124318	5	0	0	100.0	0.000
run1_A_sweep	pooled_pread	off	cold	sweep	16384	16384	2	1	3	0	512	26335	61931	216977	33141	8791587	58237	11	0	0	100.0	0.000
run1_A_sweep	pool	off	cold	sweep	16384	16384	2	1	3	1	512	2565	3467	269713	7255	3839210	133361	7	0	0	2.3	0.000
run1_A_sweep	uring	off	cold	sweep	16384	16384	2	1	3	2	512	3914	12412	227484	3968	3431133	149222	5	0	0	100.0	0.000
run1_A_sweep	hybrid	off	cold	sweep	16384	16384	2	1	3	3	512	2170	2648	170740	4029	3491405	146646	5	0	0	1.4	0.000
run1_A_sweep	pool	off	cold	sweep	16384	16384	2	1	4	0	512	2685	3780	287943	7125	3575508	143196	7	0	0	2.3	0.000
run1_A_sweep	uring	off	cold	sweep	16384	16384	2	1	4	1	512	4621	13265	150683	7004	4421624	115795	5	0	0	100.0	0.000
run1_A_sweep	hybrid	off	cold	sweep	16384	16384	2	1	4	2	512	2311	2812	255999	3944	3554436	144045	5	0	0	2.1	0.000
run1_A_sweep	pooled_pread	off	cold	sweep	16384	16384	2	1	4	3	512	23242	59300	154126	31261	8062567	63503	10	0	0	100.0	0.000
run1_A_sweep	uring	off	cold	sweep	16384	16384	2	1	5	0	512	12391	13894	102959	9094	3634994	140853	5	0	0	100.0	0.000
run1_A_sweep	hybrid	off	cold	sweep	16384	16384	2	1	5	1	512	2100	2587	190982	4532	5356289	95589	5	0	0	1.6	0.000
run1_A_sweep	pooled_pread	off	cold	sweep	16384	16384	2	1	5	2	512	23770	53768	165939	32614	8802060	58168	10	0	0	100.0	0.000
run1_A_sweep	pool	off	cold	sweep	16384	16384	2	1	5	3	512	2608	3887	333677	6347	4327388	118316	7	0	0	2.0	0.000
run1_A_sweep	pool	off	cold	sweep	16384	16384	4	1	0	0	512	3025	5652	470677	14659	4157623	123147	10	0	0	5.7	0.000
run1_A_sweep	uring	off	cold	sweep	16384	16384	4	1	0	1	512	7029	14212	229868	4393	4697645	108991	5	0	0	100.0	0.000
run1_A_sweep	hybrid	off	cold	sweep	16384	16384	4	1	0	2	512	3109	3658	257588	6082	4500672	113761	5	0	0	3.9	0.000
run1_A_sweep	pooled_pread	off	cold	sweep	16384	16384	4	1	0	3	512	33146	93528	298855	30598	7577148	67572	16	0	0	100.0	0.000
run1_A_sweep	uring	off	cold	sweep	16384	16384	4	1	1	0	512	9666	19411	249505	5192	4295660	119190	5	0	0	100.0	0.000
run1_A_sweep	hybrid	off	cold	sweep	16384	16384	4	1	1	1	512	2667	3244	203462	4851	4415791	115948	5	0	0	3.9	0.000
run1_A_sweep	pooled_pread	off	cold	sweep	16384	16384	4	1	1	2	512	29734	98648	257582	30989	5998745	85351	20	0	0	100.0	0.000
run1_A_sweep	pool	off	cold	sweep	16384	16384	4	1	1	3	512	3303	7540	642792	9611	5384193	95093	10	0	0	5.5	0.000
run1_A_sweep	hybrid	off	cold	sweep	16384	16384	4	1	2	0	512	2389	3237	406690	5400	4576077	111886	5	0	0	2.9	0.000
run1_A_sweep	pooled_pread	off	cold	sweep	16384	16384	4	1	2	1	512	31458	91479	214838	30286	5946548	86100	16	0	0	100.0	0.000
run1_A_sweep	pool	off	cold	sweep	16384	16384	4	1	2	2	512	3296	5455	381381	8899	3700649	138354	9	0	0	4.9	0.000
run1_A_sweep	uring	off	cold	sweep	16384	16384	4	1	2	3	512	8118	21675	410638	5083	3968470	129017	5	0	0	100.0	0.000
run1_A_sweep	pooled_pread	off	cold	sweep	16384	16384	4	1	3	0	512	31506	111077	343200	32489	6833702	74923	18	0	0	100.0	0.000
run1_A_sweep	pool	off	cold	sweep	16384	16384	4	1	3	1	512	3254	6467	1605069	9514	6073466	84301	10	0	0	5.5	0.000
run1_A_sweep	uring	off	cold	sweep	16384	16384	4	1	3	2	512	9016	18128	451479	4520	3467391	147661	5	0	0	100.0	0.000
run1_A_sweep	hybrid	off	cold	sweep	16384	16384	4	1	3	3	512	2111	2578	372232	5433	3693999	138603	5	0	0	2.5	0.000
run1_A_sweep	pool	off	cold	sweep	16384	16384	4	1	4	0	512	3188	8929	434231	9170	3839013	133368	10	0	0	4.7	0.000
run1_A_sweep	uring	off	cold	sweep	16384	16384	4	1	4	1	512	5687	14879	698998	4846	4421521	115797	5	0	0	100.0	0.000
run1_A_sweep	hybrid	off	cold	sweep	16384	16384	4	1	4	2	512	2084	2496	278729	4642	4388670	116664	5	0	0	2.1	0.000
run1_A_sweep	pooled_pread	off	cold	sweep	16384	16384	4	1	4	3	512	24360	104199	375132	27849	6036566	84816	16	0	0	100.0	0.000
run1_A_sweep	uring	off	cold	sweep	16384	16384	4	1	5	0	512	6819	18322	246532	4097	3745619	136693	5	0	0	100.0	0.000
run1_A_sweep	hybrid	off	cold	sweep	16384	16384	4	1	5	1	512	1956	2604	735376	4989	3933391	130168	5	0	0	2.9	0.000
run1_A_sweep	pooled_pread	off	cold	sweep	16384	16384	4	1	5	2	512	28986	87310	286655	28839	7036173	72767	17	0	0	100.0	0.000
run1_A_sweep	pool	off	cold	sweep	16384	16384	4	1	5	3	512	2948	4773	620563	7975	3902305	131205	10	0	0	5.5	0.000
run1_A_sweep	pool	off	cold	sweep	16384	16384	8	1	0	0	512	3314	6277	924739	9055	3497487	146391	15	0	0	6.4	0.000
run1_A_sweep	uring	off	cold	sweep	16384	16384	8	1	0	1	512	16187	40643	555699	4296	4802818	106604	5	0	0	100.0	0.000
run1_A_sweep	hybrid	off	cold	sweep	16384	16384	8	1	0	2	512	1972	3026	476866	4173	3694915	138569	5	0	0	6.2	0.000
run1_A_sweep	pooled_pread	off	cold	sweep	16384	16384	8	1	0	3	512	63692	257968	622372	42448	7365988	69509	38	0	0	100.0	0.000
run1_A_sweep	uring	off	cold	sweep	16384	16384	8	1	1	0	512	17171	41570	996174	4725	3481347	147070	5	0	0	100.0	0.000
run1_A_sweep	hybrid	off	cold	sweep	16384	16384	8	1	1	1	512	1698	2089	19491	3658	2270306	225520	5	0	0	0.8	0.000
run1_A_sweep	pooled_pread	off	cold	sweep	16384	16384	8	1	1	2	512	45758	206715	714645	30326	6023795	84996	36	0	0	100.0	0.000
run1_A_sweep	pool	off	cold	sweep	16384	16384	8	1	1	3	512	2999	4713	1246737	9345	5446511	94005	14	0	0	4.7	0.000
run1_A_sweep	hybrid	off	cold	sweep	16384	16384	8	1	2	0	512	2236	3077	272533	4514	3501353	146229	5	0	0	4.7	0.000
run1_A_sweep	pooled_pread	off	cold	sweep	16384	16384	8	1	2	1	512	51697	187160	460983	29557	5679608	90147	27	0	0	100.0	0.000
run1_A_sweep	pool	off	cold	sweep	16384	16384	8	1	2	2	512	3484	18802	733169	10683	4904026	104404	17	0	0	9.4	0.000
run1_A_sweep	uring	off	cold	sweep	16384	16384	8	1	2	3	512	10667	28922	916971	3513	4184696	122351	5	0	0	100.0	0.000
run1_A_sweep	pooled_pread	off	cold	sweep	16384	16384	8	1	3	0	512	47045	194775	492717	29854	5908234	86659	37	0	0	100.0	0.000
run1_A_sweep	pool	off	cold	sweep	16384	16384	8	1	3	1	512	2514	5037	1468389	8194	4885230	104806	15	0	0	4.7	0.000
run1_A_sweep	uring	off	cold	sweep	16384	16384	8	1	3	2	512	18108	41383	590464	4198	4450416	115045	5	0	0	100.0	0.000
run1_A_sweep	hybrid	off	cold	sweep	16384	16384	8	1	3	3	512	1983	2912	1004685	4289	4236143	120865	5	0	0	3.1	0.000
run1_A_sweep	pool	off	cold	sweep	16384	16384	8	1	4	0	512	3278	11102	645352	9072	3908183	131007	15	0	0	8.8	0.000
run1_A_sweep	uring	off	cold	sweep	16384	16384	8	1	4	1	512	11338	31319	878051	3492	4261647	120141	5	0	0	100.0	0.000
run1_A_sweep	hybrid	off	cold	sweep	16384	16384	8	1	4	2	512	2215	2928	342454	4222	3256483	157225	5	0	0	4.7	0.000
run1_A_sweep	pooled_pread	off	cold	sweep	16384	16384	8	1	4	3	512	41208	278855	817392	33749	6800419	75289	37	0	0	100.0	0.000
run1_A_sweep	uring	off	cold	sweep	16384	16384	8	1	5	0	512	13676	37502	664100	3438	4602809	111236	5	0	0	100.0	0.000
run1_A_sweep	hybrid	off	cold	sweep	16384	16384	8	1	5	1	512	1964	2717	779077	6472	4408826	116131	5	0	0	1.6	0.000
run1_A_sweep	pooled_pread	off	cold	sweep	16384	16384	8	1	5	2	512	35688	199699	755023	27317	5878027	87104	40	0	0	100.0	0.000
run1_A_sweep	pool	off	cold	sweep	16384	16384	8	1	5	3	512	2823	4403	1700107	11645	4164569	122942	13	0	0	4.5	0.000
run1_A_sweep	pool	off	cold	sweep	16384	16384	16	1	0	0	512	3594	456632	1151103	14572	6302017	81244	24	0	0	17.4	0.000
run1_A_sweep	uring	off	cold	sweep	16384	16384	16	1	0	1	512	35834	64548	257722	4267	4246987	120556	5	0	0	100.0	0.000
run1_A_sweep	hybrid	off	cold	sweep	16384	16384	16	1	0	2	512	2087	2830	324386	5172	5386158	95058	5	0	0	2.0	0.000
run1_A_sweep	pooled_pread	off	cold	sweep	16384	16384	16	1	0	3	512	117645	463926	970927	35166	8216987	62310	51	0	0	100.0	0.000
run1_A_sweep	uring	off	cold	sweep	16384	16384	16	1	1	0	512	35891	249302	419041	4075	5126117	99881	5	0	0	100.0	0.000
run1_A_sweep	hybrid	off	cold	sweep	16384	16384	16	1	1	1	512	1669	2571	1017422	4037	4598939	111330	5	0	0	3.9	0.000
run1_A_sweep	pooled_pread	off	cold	sweep	16384	16384	16	1	1	2	512	110340	556078	1021467	38069	7785095	65767	77	0	0	100.0	0.000
run1_A_sweep	pool	off	cold	sweep	16384	16384	16	1	1	3	512	2947	13199	2183199	11549	3605374	142010	28	0	0	8.8	0.000
run1_A_sweep	hybrid	off	cold	sweep	16384	16384	16	1	2	0	512	2111	2802	271258	4357	5241592	97680	5	0	0	2.7	0.000
run1_A_sweep	pooled_pread	off	cold	sweep	16384	16384	16	1	2	1	512	111883	497395	1743789	34830	9051390	56566	43	0	0	100.0	0.000
run1_A_sweep	pool	off	cold	sweep	16384	16384	16	1	2	2	512	3338	347504	1329638	13217	6267883	81686	25	0	0	15.0	0.000
run1_A_sweep	uring	off	cold	sweep	16384	16384	16	1	2	3	512	30433	140675	1154739	4886	3281260	156038	5	0	0	100.0	0.000
run1_A_sweep	pooled_pread	off	cold	sweep	16384	16384	16	1	3	0	512	100566	340459	871394	29171	5797899	88308	34	0	0	100.0	0.000
run1_A_sweep	pool	off	cold	sweep	16384	16384	16	1	3	1	512	3016	10033	1226031	11999	5992234	85444	29	0	0	8.4	0.000
run1_A_sweep	uring	off	cold	sweep	16384	16384	16	1	3	2	512	34376	297372	503212	5584	5485523	93337	5	0	0	100.0	0.000
run1_A_sweep	hybrid	off	cold	sweep	16384	16384	16	1	3	3	512	1953	3294	309100	6699	6831745	74944	5	0	0	5.5	0.000
run1_A_sweep	pool	off	cold	sweep	16384	16384	16	1	4	0	512	2906	340163	853873	13443	3443115	148703	32	0	0	11.9	0.000
run1_A_sweep	uring	off	cold	sweep	16384	16384	16	1	4	1	512	26625	172558	308648	3469	2780030	184171	5	0	0	100.0	0.000
run1_A_sweep	hybrid	off	cold	sweep	16384	16384	16	1	4	2	512	1882	2915	581065	3970	3931288	130237	5	0	0	4.7	0.000
run1_A_sweep	pooled_pread	off	cold	sweep	16384	16384	16	1	4	3	512	121701	384235	904772	33967	6779396	75523	39	0	0	100.0	0.000
run1_A_sweep	uring	off	cold	sweep	16384	16384	16	1	5	0	512	31380	287334	444188	4422	5113528	100127	5	0	0	100.0	0.000
run1_A_sweep	hybrid	off	cold	sweep	16384	16384	16	1	5	1	512	1979	2943	720943	4061	3319697	154231	5	0	0	5.1	0.000
run1_A_sweep	pooled_pread	off	cold	sweep	16384	16384	16	1	5	2	512	114517	525753	1212573	36823	7856610	65168	64	0	0	100.0	0.000
run1_A_sweep	pool	off	cold	sweep	16384	16384	16	1	5	3	512	3594	439961	1272875	14278	4594783	111431	28	0	0	17.8	0.000
run1_A_sweep	pool	off	cold	sweep	16384	16384	32	1	0	0	512	3249	476754	1491520	14520	4435736	115426	36	0	0	17.4	0.000
run1_A_sweep	uring	off	cold	sweep	16384	16384	32	1	0	1	512	91907	275857	954989	5685	3536022	144795	5	0	0	100.0	0.000
run1_A_sweep	hybrid	off	cold	sweep	16384	16384	32	1	0	2	512	2528	195142	282428	5556	5081276	100762	5	0	0	14.3	0.000
run1_A_sweep	pooled_pread	off	cold	sweep	16384	16384	32	1	0	3	512	249758	609400	1277746	30491	7106008	72052	52	0	0	100.0	0.000
run1_A_sweep	uring	off	cold	sweep	16384	16384	32	1	1	0	512	91455	375626	449936	3984	4835170	105891	5	0	0	100.0	0.000
run1_A_sweep	hybrid	off	cold	sweep	16384	16384	32	1	1	1	512	2476	195269	983821	4957	3795232	134906	5	0	0	14.1	0.000
run1_A_sweep	pooled_pread	off	cold	sweep	16384	16384	32	1	1	2	512	247103	877850	2525102	38538	10936631	46815	53	0	0	100.0	0.000
run1_A_sweep	pool	off	cold	sweep	16384	16384	32	1	1	3	512	3356	504949	1111913	16423	4022981	127269	32	0	0	18.0	0.000
run1_A_sweep	hybrid	off	cold	sweep	16384	16384	32	1	2	0	512	2666	239714	519644	6786	4093806	125067	5	0	0	17.2	0.000
run1_A_sweep	pooled_pread	off	cold	sweep	16384	16384	32	1	2	1	512	248684	778897	2224115	33664	9090402	56323	54	0	0	100.0	0.000
run1_A_sweep	pool	off	cold	sweep	16384	16384	32	1	2	2	512	3297	694756	2069573	17390	4310446	118781	46	0	0	17.8	0.000
run1_A_sweep	uring	off	cold	sweep	16384	16384	32	1	2	3	512	82362	331677	1136400	4796	3939640	129961	5	0	0	100.0	0.000
run1_A_sweep	pooled_pread	off	cold	sweep	16384	16384	32	1	3	0	512	248132	893340	2252831	48058	9822033	52128	70	0	0	100.0	0.000
run1_A_sweep	pool	off	cold	sweep	16384	16384	32	1	3	1	512	3622	782569	1159451	17071	3950314	129610	36	0	0	19.7	0.000
run1_A_sweep	uring	off	cold	sweep	16384	16384	32	1	3	2	512	98280	343837	670257	6228	4643815	110254	5	0	0	100.0	0.000
run1_A_sweep	hybrid	off	cold	sweep	16384	16384	32	1	3	3	512	2760	238325	335196	7557	7328496	69864	5	0	0	12.5	0.000
run1_A_sweep	pool	off	cold	sweep	16384	16384	32	1	4	0	512	3398	836923	3062930	21152	6160193	83114	42	0	0	26.2	0.000
run1_A_sweep	uring	off	cold	sweep	16384	16384	32	1	4	1	512	121539	453133	483641	5410	5289573	96794	5	0	0	100.0	0.000
run1_A_sweep	hybrid	off	cold	sweep	16384	16384	32	1	4	2	512	3371	332238	365635	6489	6438746	79519	5	0	0	19.1	0.000
run1_A_sweep	pooled_pread	off	cold	sweep	16384	16384	32	1	4	3	512	273987	781457	1506214	35442	6697489	76447	56	0	0	100.0	0.000
run1_A_sweep	uring	off	cold	sweep	16384	16384	32	1	5	0	512	141399	454232	507899	7254	6720926	76180	5	0	0	100.0	0.000
run1_A_sweep	hybrid	off	cold	sweep	16384	16384	32	1	5	1	512	3300	5858	333661	7238	7061456	72506	5	0	0	8.2	0.000
run1_A_sweep	pooled_pread	off	cold	sweep	16384	16384	32	1	5	2	512	223947	857522	1774093	34956	8615477	59428	53	0	0	100.0	0.000
run1_A_sweep	pool	off	cold	sweep	16384	16384	32	1	5	3	512	3323	1196326	2499916	20456	5191870	98616	45	0	0	17.2	0.000
run1_A_sweep	pool	off	cold	sweep	16384	16384	64	1	0	0	512	2902	750236	1304702	14481	4224198	121206	27	0	0	12.9	0.000
run1_A_sweep	uring	off	cold	sweep	16384	16384	64	1	0	1	512	196715	1019499	1021015	7100	4469074	114565	5	0	0	100.0	0.000
run1_A_sweep	hybrid	off	cold	sweep	16384	16384	64	1	0	2	512	2476	3077	49580	6708	3473927	147384	5	0	0	0.8	0.000
run1_A_sweep	pooled_pread	off	cold	sweep	16384	16384	64	1	0	3	512	531638	1160720	2391130	34683	6431268	79611	55	0	0	100.0	0.000
run1_A_sweep	uring	off	cold	sweep	16384	16384	64	1	1	0	512	189493	528405	530031	6230	4597769	111358	5	0	0	100.0	0.000
run1_A_sweep	hybrid	off	cold	sweep	16384	16384	64	1	1	1	512	3259	464633	887741	6761	4287211	119425	5	0	0	41.8	0.000
run1_A_sweep	pooled_pread	off	cold	sweep	16384	16384	64	1	1	2	512	406241	992367	2262497	34153	6220959	82302	56	0	0	100.0	0.000
run1_A_sweep	pool	off	cold	sweep	16384	16384	64	1	1	3	512	3011	661853	1411292	14142	3496845	146418	32	0	0	16.0	0.000
run1_A_sweep	hybrid	off	cold	sweep	16384	16384	64	1	2	0	512	2351	995115	1009676	4323	3159383	162057	5	0	0	30.7	0.000
run1_A_sweep	pooled_pread	off	cold	sweep	16384	16384	64	1	2	1	512	408969	1402754	2213000	31142	8014290	63886	56	0	0	100.0	0.000
run1_A_sweep	pool	off	cold	sweep	16384	16384	64	1	2	2	512	4149	1230260	2450982	21788	4968734	103044	41	0	0	29.3	0.000
run1_A_sweep	uring	off	cold	sweep	16384	16384	64	1	2	3	512	173398	711596	907936	5139	4189418	122213	5	0	0	100.0	0.000
run1_A_sweep	pooled_pread	off	cold	sweep	16384	16384	64	1	3	0	512	423702	1373322	1926743	35636	7027284	72859	66	0	0	100.0	0.000
run1_A_sweep	pool	off	cold	sweep	16384	16384	64	1	3	1	512	2659	530976	2127230	16233	5062025	101145	33	0	0	10.2	0.000
run1_A_sweep	uring	off	cold	sweep	16384	16384	64	1	3	2	512	213565	465434	467045	5612	4572738	111968	5	0	0	100.0	0.000
run1_A_sweep	hybrid	off	cold	sweep	16384	16384	64	1	3	3	512	2883	857198	874286	6132	3728769	137311	5	0	0	34.2	0.000
run1_A_sweep	pool	off	cold	sweep	16384	16384	64	1	4	0	512	3079	641031	1312196	15229	3234644	158286	27	0	0	18.0	0.000
run1_A_sweep	uring	off	cold	sweep	16384	16384	64	1	4	1	512	185893	350712	352567	5764	4317829	118578	5	0	0	100.0	0.000
run1_A_sweep	hybrid	off	cold	sweep	16384	16384	64	1	4	2	512	3030	51740	119859	22102	11782135	43456	5	0	0	0.8	0.000
run1_A_sweep	pooled_pread	off	cold	sweep	16384	16384	64	1	4	3	512	451022	944466	1557012	30791	6167844	83011	38	0	0	100.0	0.000
run1_A_sweep	uring	off	cold	sweep	16384	16384	64	1	5	0	512	191892	756977	946368	4803	4709894	108707	5	0	0	100.0	0.000
run1_A_sweep	hybrid	off	cold	sweep	16384	16384	64	1	5	1	512	2527	206344	702459	6254	5088916	100611	5	0	0	11.9	0.000
run1_A_sweep	pooled_pread	off	cold	sweep	16384	16384	64	1	5	2	512	479452	1225977	1952705	33775	7862253	65121	50	0	0	100.0	0.000
run1_A_sweep	pool	off	cold	sweep	16384	16384	64	1	5	3	512	2879	602551	1335894	13024	5010810	102179	32	0	0	11.5	0.000
run1_A_sweep	pool	off	warm	sweep	16384	16384	1	1	0	0	512	1612	2157	3004	2319	1019359	502276	5	0	0	0.0	0.000
run1_A_sweep	uring	off	warm	sweep	16384	16384	1	1	0	1	512	10366	11833	19337	10295	4051936	126359	5	0	0	100.0	0.000
run1_A_sweep	hybrid	off	warm	sweep	16384	16384	1	1	0	2	512	1503	1927	14500	2555	1245822	410974	5	0	0	0.0	0.000
run1_A_sweep	pooled_pread	off	warm	sweep	16384	16384	1	1	0	3	512	37792	43973	99557	44603	20816206	24596	6	0	0	100.0	0.000
run1_A_sweep	uring	off	warm	sweep	16384	16384	1	1	1	0	512	1818	10229	15284	5932	2239664	228606	5	0	0	100.0	0.000
run1_A_sweep	hybrid	off	warm	sweep	16384	16384	1	1	1	1	512	1503	1905	2804	2682	1129211	453414	5	0	0	0.0	0.000
run1_A_sweep	pooled_pread	off	warm	sweep	16384	16384	1	1	1	2	512	41114	46100	85896	47746	21778163	23510	6	0	0	100.0	0.000
run1_A_sweep	pool	off	warm	sweep	16384	16384	1	1	1	3	512	1587	1959	3502	2716	1032267	495996	5	0	0	0.0	0.000
run1_A_sweep	hybrid	off	warm	sweep	16384	16384	1	1	2	0	512	1451	1859	3742	2207	1048166	488472	5	0	0	0.0	0.000
run1_A_sweep	pooled_pread	off	warm	sweep	16384	16384	1	1	2	1	512	41119	47118	81114	47375	21768630	23520	7	0	0	100.0	0.000
run1_A_sweep	pool	off	warm	sweep	16384	16384	1	1	2	2	512	1483	1854	2319	2394	928292	551551	5	0	0	0.0	0.000
run1_A_sweep	uring	off	warm	sweep	16384	16384	1	1	2	3	512	1777	9808	14193	5596	2058072	248777	5	0	0	100.0	0.000
run1_A_sweep	pooled_pread	off	warm	sweep	16384	16384	1	1	3	0	512	40525	46558	84962	47574	21948772	23327	6	0	0	100.0	0.000
run1_A_sweep	pool	off	warm	sweep	16384	16384	1	1	3	1	512	1420	1773	2230	2207	987151	518664	5	0	0	0.0	0.000
run1_A_sweep	uring	off	warm	sweep	16384	16384	1	1	3	2	512	1768	10083	11986	5519	2182373	234607	5	0	0	100.0	0.000
run1_A_sweep	hybrid	off	warm	sweep	16384	16384	1	1	3	3	512	1754	2274	6526	3329	1324472	386569	5	0	0	0.0	0.000
run1_A_sweep	pool	off	warm	sweep	16384	16384	1	1	4	0	512	1774	2315	2873	2473	1122319	456198	5	0	0	0.0	0.000
run1_A_sweep	uring	off	warm	sweep	16384	16384	1	1	4	1	512	1521	9098	15407	4947	1853501	276234	5	0	0	100.0	0.000
run1_A_sweep	hybrid	off	warm	sweep	16384	16384	1	1	4	2	512	1406	1781	3002	2613	1073120	477113	5	0	0	0.0	0.000
run1_A_sweep	pooled_pread	off	warm	sweep	16384	16384	1	1	4	3	512	34907	39691	77001	41362	19112276	26789	7	0	0	100.0	0.000
run1_A_sweep	uring	off	warm	sweep	16384	16384	1	1	5	0	512	1899	9788	17609	6615	2529431	202417	5	0	0	100.0	0.000
run1_A_sweep	hybrid	off	warm	sweep	16384	16384	1	1	5	1	512	1448	1829	2909	2147	1002380	510784	5	0	0	0.0	0.000
run1_A_sweep	pooled_pread	off	warm	sweep	16384	16384	1	1	5	2	512	35580	40346	64096	41649	19101991	26803	7	0	0	100.0	0.000
run1_A_sweep	pool	off	warm	sweep	16384	16384	1	1	5	3	512	1237	1578	2193	1844	904966	565767	5	0	0	0.0	0.000
run1_A_sweep	pool	off	warm	sweep	16384	16384	2	1	0	0	512	2071	2530	3165	2873	792481	646072	5	0	0	0.0	0.000
run1_A_sweep	uring	off	warm	sweep	16384	16384	2	1	0	1	512	9666	10919	20765	5210	2108686	242805	5	0	0	100.0	0.000
run1_A_sweep	hybrid	off	warm	sweep	16384	16384	2	1	0	2	512	1428	1808	2266	2212	1011581	506138	5	0	0	0.0	0.000
run1_A_sweep	pooled_pread	off	warm	sweep	16384	16384	2	1	0	3	512	26686	49733	87185	28405	7525689	68034	12	0	0	100.0	0.000
run1_A_sweep	uring	off	warm	sweep	16384	16384	2	1	1	0	512	4065	10354	18110	4824	1964624	260610	5	0	0	100.0	0.000
run1_A_sweep	hybrid	off	warm	sweep	16384	16384	2	1	1	1	512	1417	1759	2580	2015	964810	530674	5	0	0	0.0	0.000
run1_A_sweep	pooled_pread	off	warm	sweep	16384	16384	2	1	1	2	512	12349	50180	132304	25658	6804234	75247	10	0	0	100.0	0.000
run1_A_sweep	pool	off	warm	sweep	16384	16384	2	1	1	3	512	2108	2522	6942	3035	754595	678510	5	0	0	0.0	0.000
run1_A_sweep	hybrid	off	warm	sweep	16384	16384	2	1	2	0	512	1480	1874	2689	2226	1072864	477227	5	0	0	0.0	0.000
run1_A_sweep	pooled_pread	off	warm	sweep	16384	16384	2	1	2	1	512	21257	47260	131130	28253	6793751	75363	11	0	0	100.0	0.000
run1_A_sweep	pool	off	warm	sweep	16384	16384	2	1	2	2	512	2032	2370	3471	2676	700920	730469	5	0	0	0.0	0.000
run1_A_sweep	uring	off	warm	sweep	16384	16384	2	1	2	3	512	10228	11274	20545	5525	2162454	236768	5	0	0	100.0	0.000
run1_A_sweep	pooled_pread	off	warm	sweep	16384	16384	2	1	3	0	512	26426	51195	85533	30105	7543301	67875	11	0	0	100.0	0.000
run1_A_sweep	pool	off	warm	sweep	16384	16384	2	1	3	1	512	2063	2408	2883	2894	728293	703014	5	0	0	0.0	0.000
run1_A_sweep	uring	off	warm	sweep	16384	16384	2	1	3	2	512	10248	12176	19677	5616	2280907	224472	5	0	0	100.0	0.000
run1_A_sweep	hybrid	off	warm	sweep	16384	16384	2	1	3	3	512	1576	1973	2397	2310	1097305	466598	5	0	0	0.0	0.000
run1_A_sweep	pool	off	warm	sweep	16384	16384	2	1	4	0	512	2039	2430	4410	2696	679324	753690	5	0	0	0.0	0.000
run1_A_sweep	uring	off	warm	sweep	16384	16384	2	1	4	1	512	10814	13134	31838	6722	2755200	185830	5	0	0	100.0	0.000
run1_A_sweep	hybrid	off	warm	sweep	16384	16384	2	1	4	2	512	1530	1896	2535	2255	1093309	468303	5	0	0	0.0	0.000
run1_A_sweep	pooled_pread	off	warm	sweep	16384	16384	2	1	4	3	512	25916	47292	73871	29139	7155185	71557	10	0	0	100.0	0.000
run1_A_sweep	uring	off	warm	sweep	16384	16384	2	1	5	0	512	10083	11301	21520	5818	2359530	216992	5	0	0	100.0	0.000
run1_A_sweep	hybrid	off	warm	sweep	16384	16384	2	1	5	1	512	1302	1583	2219	1922	924742	553668	5	0	0	0.0	0.000
run1_A_sweep	pooled_pread	off	warm	sweep	16384	16384	2	1	5	2	512	24064	50981	88698	28420	7139501	71714	11	0	0	100.0	0.000
run1_A_sweep	pool	off	warm	sweep	16384	16384	2	1	5	3	512	2008	2502	4455	2909	760762	673009	5	0	0	0.0	0.000
run1_A_sweep	pool	off	warm	sweep	16384	16384	4	1	0	0	512	2058	2513	2987	2646	463024	1105774	5	0	0	0.0	0.000
run1_A_sweep	uring	off	warm	sweep	16384	16384	4	1	0	1	512	11680	12851	38697	4587	1664113	307671	5	0	0	100.0	0.000
run1_A_sweep	hybrid	off	warm	sweep	16384	16384	4	1	0	2	512	1440	1805	2572	2345	1022759	500607	5	0	0	0.0	0.000
run1_A_sweep	pooled_pread	off	warm	sweep	16384	16384	4	1	0	3	512	25322	70587	188282	25489	4528971	113050	19	0	0	100.0	0.000
run1_A_sweep	uring	off	warm	sweep	16384	16384	4	1	1	0	512	12698	16150	30006	4682	1921715	266429	5	0	0	100.0	0.000
run1_A_sweep	hybrid	off	warm	sweep	16384	16384	4	1	1	1	512	1248	1577	2284	1955	926947	552351	5	0	0	0.0	0.000
run1_A_sweep	pooled_pread	off	warm	sweep	16384	16384	4	1	1	2	512	25993	77531	225252	27244	4970348	103011	26	0	0	100.0	0.000
run1_A_sweep	pool	off	warm	sweep	16384	16384	4	1	1	3	512	2139	2623	9275	3478	499235	1025569	5	0	0	0.0	0.000
run1_A_sweep	hybrid	off	warm	sweep	16384	16384	4	1	2	0	512	1341	1683	2528	2064	986977	518756	5	0	0	0.0	0.000
run1_A_sweep	pooled_pread	off	warm	sweep	16384	16384	4	1	2	1	512	26384	80386	190626	27408	5030962	101770	22	0	0	100.0	0.000
run1_A_sweep	pool	off	warm	sweep	16384	16384	4	1	2	2	512	2212	2640	4510	3128	487035	1051259	5	0	0	0.0	0.000
run1_A_sweep	uring	off	warm	sweep	16384	16384	4	1	2	3	512	13781	15563	36430	5398	2165310	236456	5	0	0	100.0	0.000
run1_A_sweep	pooled_pread	off	warm	sweep	16384	16384	4	1	3	0	512	25141	72938	160231	26551	4613448	110980	18	0	0	100.0	0.000
run1_A_sweep	pool	off	warm	sweep	16384	16384	4	1	3	1	512	2055	2531	3559	2823	437478	1170345	5	0	0	0.0	0.000
run1_A_sweep	uring	off	warm	sweep	16384	16384	4	1	3	2	512	13741	15313	31472	5045	2065969	247826	5	0	0	100.0	0.000
run1_A_sweep	hybrid	off	warm	sweep	16384	16384	4	1	3	3	512	1354	1706	2492	1991	959509	533606	5	0	0	0.0	0.000
run1_A_sweep	pool	off	warm	sweep	16384	16384	4	1	4	0	512	1952	2373	3918	2996	613197	834968	5	0	0	0.0	0.000
run1_A_sweep	uring	off	warm	sweep	16384	16384	4	1	4	1	512	12113	13178	21634	4306	1843316	277760	5	0	0	100.0	0.000
run1_A_sweep	hybrid	off	warm	sweep	16384	16384	4	1	4	2	512	1319	1682	2652	1940	930903	550004	5	0	0	0.0	0.000
run1_A_sweep	pooled_pread	off	warm	sweep	16384	16384	4	1	4	3	512	22172	68841	190855	23697	4405876	116208	17	0	0	100.0	0.000
run1_A_sweep	uring	off	warm	sweep	16384	16384	4	1	5	0	512	12726	13789	26116	4998	1825019	280545	5	0	0	100.0	0.000
run1_A_sweep	hybrid	off	warm	sweep	16384	16384	4	1	5	1	512	1458	1840	2844	2909	1134344	451362	5	0	0	0.0	0.000
run1_A_sweep	pooled_pread	off	warm	sweep	16384	16384	4	1	5	2	512	22099	70655	179767	25838	4710598	108691	17	0	0	100.0	0.000
run1_A_sweep	pool	off	warm	sweep	16384	16384	4	1	5	3	512	1386	1796	2772	1954	931340	549746	5	0	0	0.0	0.000
run1_A_sweep	pool	off	warm	sweep	16384	16384	8	1	0	0	512	2106	2542	5230	3172	539017	949877	5	0	0	0.0	0.000
run1_A_sweep	uring	off	warm	sweep	16384	16384	8	1	0	1	512	17807	20901	39591	3666	1478341	346334	5	0	0	100.0	0.000
run1_A_sweep	hybrid	off	warm	sweep	16384	16384	8	1	0	2	512	1458	1838	2177	2688	1131956	452314	5	0	0	0.0	0.000
run1_A_sweep	pooled_pread	off	warm	sweep	16384	16384	8	1	0	3	512	37051	172792	459985	28493	4876441	104995	43	0	0	100.0	0.000
run1_A_sweep	uring	off	warm	sweep	16384	16384	8	1	1	0	512	17915	20109	31877	3701	1436737	356363	5	0	0	100.0	0.000
run1_A_sweep	hybrid	off	warm	sweep	16384	16384	8	1	1	1	512	1436	1802	2018	2206	1052322	486543	5	0	0	0.0	0.000
run1_A_sweep	pooled_pread	off	warm	sweep	16384	16384	8	1	1	2	512	45945	158989	420022	26656	4935251	103743	29	0	0	100.0	0.000
run1_A_sweep	pool	off	warm	sweep	16384	16384	8	1	1	3	512	1380	1797	2306	1847	886867	577313	5	0	0	0.0	0.000
run1_A_sweep	hybrid	off	warm	sweep	16384	16384	8	1	2	0	512	1301	1627	1844	2176	1019844	502038	5	0	0	0.0	0.000
run1_A_sweep	pooled_pread	off	warm	sweep	16384	16384	8	1	2	1	512	43759	161479	411167	27900	4803480	106589	35	0	0	100.0	0.000
run1_A_sweep	pool	off	warm	sweep	16384	16384	8	1	2	2	512	2106	2678	3527	3086	453111	1129966	5	0	0	0.0	0.000
run1_A_sweep	uring	off	warm	sweep	16384	16384	8	1	2	3	512	17806	21375	46915	3637	1465489	349371	5	0	0	100.0	0.000
run1_A_sweep	pooled_pread	off	warm	sweep	16384	16384	8	1	3	0	512	46042	168305	428609	26939	4978251	102847	42	0	0	100.0	0.000
run1_A_sweep	pool	off	warm	sweep	16384	16384	8	1	3	1	512	2160	2649	3101	3662	668493	765902	5	0	0	0.0	0.000
run1_A_sweep	uring	off	warm	sweep	16384	16384	8	1	3	2	512	17715	23230	44256	3473	1400018	365710	5	0	0	100.0	0.000
run1_A_sweep	hybrid	off	warm	sweep	16384	16384	8	1	3	3	512	1501	1957	5491	2655	1164576	439645	5	0	0	0.0	0.000
run1_A_sweep	pool	off	warm	sweep	16384	16384	8	1	4	0	512	2186	2592	3351	3038	461085	1110424	5	0	0	0.0	0.000
run1_A_sweep	uring	off	warm	sweep	16384	16384	8	1	4	1	512	18015	23514	60088	3606	1494678	342549	5	0	0	100.0	0.000
run1_A_sweep	hybrid	off	warm	sweep	16384	16384	8	1	4	2	512	1446	1876	3307	2234	1060400	482837	5	0	0	0.0	0.000
run1_A_sweep	pooled_pread	off	warm	sweep	16384	16384	8	1	4	3	512	40979	196017	501121	28702	5404616	94734	45	0	0	100.0	0.000
run1_A_sweep	uring	off	warm	sweep	16384	16384	8	1	5	0	512	8634	14359	19114	2191	955467	535864	5	0	0	100.0	0.000
run1_A_sweep	hybrid	off	warm	sweep	16384	16384	8	1	5	1	512	1460	1880	6122	2777	1206370	424414	5	0	0	0.0	0.000
run1_A_sweep	pooled_pread	off	warm	sweep	16384	16384	8	1	5	2	512	41057	158531	374866	26839	4514572	113411	28	0	0	100.0	0.000
run1_A_sweep	pool	off	warm	sweep	16384	16384	8	1	5	3	512	1860	2304	2911	2885	745252	687016	5	0	0	0.0	0.000
run1_A_sweep	pool	off	warm	sweep	16384	16384	16	1	0	0	512	2161	2646	6178	3285	532896	960788	5	0	0	0.0	0.000
run1_A_sweep	uring	off	warm	sweep	16384	16384	16	1	0	1	512	27113	31799	49110	2756	1244684	411349	5	0	0	100.0	0.000
run1_A_sweep	hybrid	off	warm	sweep	16384	16384	16	1	0	2	512	1278	1602	1910	2150	1004811	509549	5	0	0	0.0	0.000
run1_A_sweep	pooled_pread	off	warm	sweep	16384	16384	16	1	0	3	512	107327	417585	823622	32981	5791464	88406	58	0	0	100.0	0.000
run1_A_sweep	uring	off	warm	sweep	16384	16384	16	1	1	0	512	28161	37782	137490	3232	1378924	371304	5	0	0	100.0	0.000
run1_A_sweep	hybrid	off	warm	sweep	16384	16384	16	1	1	1	512	1709	2096	3050	2845	1370797	373505	5	0	0	0.0	0.000
run1_A_sweep	pooled_pread	off	warm	sweep	16384	16384	16	1	1	2	512	120809	438825	847751	34563	6343907	80707	62	0	0	100.0	0.000
run1_A_sweep	pool	off	warm	sweep	16384	16384	16	1	1	3	512	2211	2792	5444	3599	666211	768525	5	0	0	0.0	0.000
run1_A_sweep	hybrid	off	warm	sweep	16384	16384	16	1	2	0	512	1441	1840	5859	2473	1133709	451615	5	0	0	0.0	0.000
run1_A_sweep	pooled_pread	off	warm	sweep	16384	16384	16	1	2	1	512	100133	373214	884423	31176	5381967	95133	42	0	0	100.0	0.000
run1_A_sweep	pool	off	warm	sweep	16384	16384	16	1	2	2	512	2143	2709	22707	3706	516552	991188	5	0	0	0.0	0.000
run1_A_sweep	uring	off	warm	sweep	16384	16384	16	1	2	3	512	28199	36824	55723	2768	1222593	418782	5	0	0	100.0	0.000
run1_A_sweep	pooled_pread	off	warm	sweep	16384	16384	16	1	3	0	512	111201	418148	1031073	33526	6385474	80182	53	0	0	100.0	0.000
run1_A_sweep	pool	off	warm	sweep	16384	16384	16	1	3	1	512	2251	2937	5116	3781	526074	973247	5	0	0	0.0	0.000
run1_A_sweep	uring	off	warm	sweep	16384	16384	16	1	3	2	512	27937	35383	73181	3330	1293104	395946	5	0	0	100.0	0.000
run1_A_sweep	hybrid	off	warm	sweep	16384	16384	16	1	3	3	512	1518	1917	2822	2898	1159659	441509	5	0	0	0.0	0.000
run1_A_sweep	pool	off	warm	sweep	16384	16384	16	1	4	0	512	2259	2933	22134	4128	569479	899067	5	0	0	0.0	0.000
run1_A_sweep	uring	off	warm	sweep	16384	16384	16	1	4	1	512	30007	39108	68020	3635	1390321	368260	5	0	0	100.0	0.000
run1_A_sweep	hybrid	off	warm	sweep	16384	16384	16	1	4	2	512	1440	1862	2344	2833	1160570	441163	5	0	0	0.0	0.000
run1_A_sweep	pooled_pread	off	warm	sweep	16384	16384	16	1	4	3	512	115481	400952	781882	33872	6053238	84583	39	0	0	100.0	0.000
run1_A_sweep	uring	off	warm	sweep	16384	16384	16	1	5	0	512	27227	37444	74561	2976	1293527	395817	5	0	0	100.0	0.000
run1_A_sweep	hybrid	off	warm	sweep	16384	16384	16	1	5	1	512	1429	1800	2095	2452	1115890	458827	5	0	0	0.0	0.000
run1_A_sweep	pooled_pread	off	warm	sweep	16384	16384	16	1	5	2	512	108277	371311	668759	31177	5578939	91774	40	0	0	100.0	0.000
run1_A_sweep	pool	off	warm	sweep	16384	16384	16	1	5	3	512	2276	2719	5584	3389	634295	807195	5	0	0	0.0	0.000
run1_A_sweep	pool	off	warm	sweep	16384	16384	32	1	0	0	512	2312	2828	4291	3324	582596	878825	5	0	0	0.0	0.000
run1_A_sweep	uring	off	warm	sweep	16384	16384	32	1	0	1	512	50986	73312	88330	4138	2009075	254844	5	0	0	100.0	0.000
run1_A_sweep	hybrid	off	warm	sweep	16384	16384	32	1	0	2	512	1485	1829	5476	2920	1355618	377688	5	0	0	0.0	0.000
run1_A_sweep	pooled_pread	off	warm	sweep	16384	16384	32	1	0	3	512	230684	596579	1506472	32474	6169525	82989	51	0	0	100.0	0.000
run1_A_sweep	uring	off	warm	sweep	16384	16384	32	1	1	0	512	68023	95131	99613	3466	1502713	340717	5	0	0	100.0	0.000
run1_A_sweep	hybrid	off	warm	sweep	16384	16384	32	1	1	1	512	1490	1894	2395	3643	1805316	283607	5	0	0	0.0	0.000
run1_A_sweep	pooled_pread	off	warm	sweep	16384	16384	32	1	1	2	512	205702	571405	1322060	30768	5361626	95493	41	0	0	100.0	0.000
run1_A_sweep	pool	off	warm	sweep	16384	16384	32	1	1	3	512	2210	2701	6157	3622	550368	930287	5	0	0	0.0	0.000
run1_A_sweep	hybrid	off	warm	sweep	16384	16384	32	1	2	0	512	1509	1876	2575	2508	1213980	421753	5	0	0	0.0	0.000
run1_A_sweep	pooled_pread	off	warm	sweep	16384	16384	32	1	2	1	512	219900	510974	873190	29914	4839997	105785	34	0	0	100.0	0.000
run1_A_sweep	pool	off	warm	sweep	16384	16384	32	1	2	2	512	2274	2755	4696	3576	530073	965905	5	0	0	0.0	0.000
run1_A_sweep	uring	off	warm	sweep	16384	16384	32	1	2	3	512	54161	74816	83371	2776	1274628	401686	5	0	0	100.0	0.000
run1_A_sweep	pooled_pread	off	warm	sweep	16384	16384	32	1	3	0	512	216463	615600	1476697	30903	5326726	96119	52	0	0	100.0	0.000
run1_A_sweep	pool	off	warm	sweep	16384	16384	32	1	3	1	512	2264	2752	8334	3597	507216	1009432	5	0	0	0.0	0.000
run1_A_sweep	uring	off	warm	sweep	16384	16384	32	1	3	2	512	57349	73585	75518	2768	1283766	398827	5	0	0	100.0	0.000
run1_A_sweep	hybrid	off	warm	sweep	16384	16384	32	1	3	3	512	1521	1962	2925	2916	1339295	382291	5	0	0	0.0	0.000
run1_A_sweep	pool	off	warm	sweep	16384	16384	32	1	4	0	512	2360	2776	9182	3643	542383	943982	5	0	0	0.0	0.000
run1_A_sweep	uring	off	warm	sweep	16384	16384	32	1	4	1	512	48876	73070	91056	2626	1204651	425019	5	0	0	100.0	0.000
run1_A_sweep	hybrid	off	warm	sweep	16384	16384	32	1	4	2	512	1507	1918	2841	6486	3305702	154884	5	0	0	0.0	0.000
run1_A_sweep	pooled_pread	off	warm	sweep	16384	16384	32	1	4	3	512	239662	917994	2178834	34894	6955851	73607	82	0	0	100.0	0.000
run1_A_sweep	uring	off	warm	sweep	16384	16384	32	1	5	0	512	52881	68922	69794	3073	1236497	414073	5	0	0	100.0	0.000
run1_A_sweep	hybrid	off	warm	sweep	16384	16384	32	1	5	1	512	1278	1600	1887	2191	1060158	482947	5	0	0	0.0	0.000
run1_A_sweep	pooled_pread	off	warm	sweep	16384	16384	32	1	5	2	512	255232	671810	1603230	32726	5915703	86549	44	0	0	100.0	0.000
run1_A_sweep	pool	off	warm	sweep	16384	16384	32	1	5	3	512	2230	2972	5903	3916	598277	855791	5	0	0	0.0	0.000
run1_A_sweep	pool	off	warm	sweep	16384	16384	64	1	0	0	512	1990	2467	7017	3399	783265	653674	5	0	0	0.0	0.000
run1_A_sweep	uring	off	warm	sweep	16384	16384	64	1	0	1	512	135431	167800	169200	4596	2092649	244666	5	0	0	100.0	0.000
run1_A_sweep	hybrid	off	warm	sweep	16384	16384	64	1	0	2	512	1853	2557	4386	3841	1765858	289944	5	0	0	0.0	0.000
run1_A_sweep	pooled_pread	off	warm	sweep	16384	16384	64	1	0	3	512	475053	1515419	3146799	35399	6585736	77744	72	0	0	100.0	0.000
run1_A_sweep	uring	off	warm	sweep	16384	16384	64	1	1	0	512	122193	184541	185893	3739	1701802	300858	5	0	0	100.0	0.000
run1_A_sweep	hybrid	off	warm	sweep	16384	16384	64	1	1	1	512	1670	2051	3478	3363	1573019	325489	5	0	0	0.0	0.000
run1_A_sweep	pooled_pread	off	warm	sweep	16384	16384	64	1	1	2	512	559760	1317803	2098668	32966	6023659	84998	65	0	0	100.0	0.000
run1_A_sweep	pool	off	warm	sweep	16384	16384	64	1	1	3	512	2272	2742	3611	3532	509540	1004828	5	0	0	0.0	0.000
run1_A_sweep	hybrid	off	warm	sweep	16384	16384	64	1	2	0	512	1823	2233	3321	3912	1712715	298941	5	0	0	0.0	0.000
run1_A_sweep	pooled_pread	off	warm	sweep	16384	16384	64	1	2	1	512	354133	879384	1449408	27837	4892918	104641	53	0	0	100.0	0.000
run1_A_sweep	pool	off	warm	sweep	16384	16384	64	1	2	2	512	2236	2666	28171	3983	765771	668607	5	0	0	0.0	0.000
run1_A_sweep	uring	off	warm	sweep	16384	16384	64	1	2	3	512	135093	142592	144074	3343	1576330	324805	5	0	0	100.0	0.000
run1_A_sweep	pooled_pread	off	warm	sweep	16384	16384	64	1	3	0	512	466130	965484	1664163	30507	5150034	99417	39	0	0	100.0	0.000
run1_A_sweep	pool	off	warm	sweep	16384	16384	64	1	3	1	512	2376	2911	10179	4360	585492	874478	5	0	0	0.0	0.000
run1_A_sweep	uring	off	warm	sweep	16384	16384	64	1	3	2	512	140832	210390	211787	4267	1837517	278637	5	0	0	100.0	0.000
run1_A_sweep	hybrid	off	warm	sweep	16384	16384	64	1	3	3	512	1965	2412	3318	4612	2023569	253018	5	0	0	0.0	0.000
run1_A_sweep	pool	off	warm	sweep	16384	16384	64	1	4	0	512	2353	2875	9733	4040	572571	894212	5	0	0	0.0	0.000
run1_A_sweep	uring	off	warm	sweep	16384	16384	64	1	4	1	512	131448	150665	152289	3823	1596620	320677	5	0	0	100.0	0.000
run1_A_sweep	hybrid	off	warm	sweep	16384	16384	64	1	4	2	512	1787	2410	3635	5269	2620431	195388	5	0	0	0.0	0.000
run1_A_sweep	pooled_pread	off	warm	sweep	16384	16384	64	1	4	3	512	529044	1090358	1876099	33953	5932738	86301	43	0	0	100.0	0.000
run1_A_sweep	uring	off	warm	sweep	16384	16384	64	1	5	0	512	134135	153880	155260	4023	1652674	309801	5	0	0	100.0	0.000
run1_A_sweep	hybrid	off	warm	sweep	16384	16384	64	1	5	1	512	1739	2130	3453	3540	1505025	340194	5	0	0	0.0	0.000
run1_A_sweep	pooled_pread	off	warm	sweep	16384	16384	64	1	5	2	512	536747	1153515	1806953	31873	5588535	91616	44	0	0	100.0	0.000
run1_A_sweep	pool	off	warm	sweep	16384	16384	64	1	5	3	512	2181	2646	3849	3527	530150	965764	5	0	0	0.0	0.000
run1_B_prefetch_stride	pool	off	cold	stride	16384	250000	1	1	0	0	512	63917	77476	288524	55435	33989187	15064	6	0	0	87.7	0.000
run1_B_prefetch_stride	hybrid	off	cold	stride	16384	250000	1	1	0	1	512	45354	55053	248194	22379	25377468	20175	5	0	0	88.1	0.000
run1_B_prefetch_stride	uring	off	cold	stride	16384	250000	1	1	0	2	512	41534	63066	367906	23755	24512170	20888	5	0	0	100.0	0.000
run1_B_prefetch_stride	hybrid	off	cold	stride	16384	250000	1	1	1	0	512	101559	116955	327647	72612	49318278	10382	5	0	0	88.3	0.000
run1_B_prefetch_stride	uring	off	cold	stride	16384	250000	1	1	1	1	512	48819	59229	325338	24037	25692733	19928	5	0	0	100.0	0.000
run1_B_prefetch_stride	pool	off	cold	stride	16384	250000	1	1	1	2	512	58045	69853	274594	50137	29885477	17132	6	0	0	87.9	0.000
run1_B_prefetch_stride	uring	off	cold	stride	16384	250000	1	1	2	0	512	93834	111057	404539	61386	44526260	11499	5	0	0	100.0	0.000
run1_B_prefetch_stride	pool	off	cold	stride	16384	250000	1	1	2	1	512	64445	115840	307598	65865	38291386	13371	6	0	0	88.3	0.000
run1_B_prefetch_stride	hybrid	off	cold	stride	16384	250000	1	1	2	2	512	119601	189184	714291	75288	64255608	7968	5	0	0	88.1	0.000
run1_B_prefetch_stride	pool	off	cold	stride	16384	250000	1	1	3	0	512	79634	171428	420427	81181	46966822	10901	7	0	0	88.1	0.000
run1_B_prefetch_stride	hybrid	off	cold	stride	16384	250000	1	1	3	1	512	58573	75052	273527	30356	31291505	16362	5	0	0	87.7	0.000
run1_B_prefetch_stride	uring	off	cold	stride	16384	250000	1	1	3	2	512	53842	74837	264626	27765	31934932	16033	5	0	0	100.0	0.000
run1_B_prefetch_stride	hybrid	off	cold	stride	16384	250000	1	1	4	0	512	51386	62484	143618	25568	27147618	18860	5	0	0	87.7	0.000
run1_B_prefetch_stride	uring	off	cold	stride	16384	250000	1	1	4	1	512	56681	67493	172615	27767	29040717	17630	5	0	0	100.0	0.000
run1_B_prefetch_stride	pool	off	cold	stride	16384	250000	1	1	4	2	512	68992	84880	355206	58442	35516535	14416	6	0	0	88.1	0.000
run1_B_prefetch_stride	uring	off	cold	stride	16384	250000	1	1	5	0	512	53774	64892	373893	27842	29049818	17625	5	0	0	100.0	0.000
run1_B_prefetch_stride	pool	off	cold	stride	16384	250000	1	1	5	1	512	72629	89421	275729	63670	36311863	14100	6	0	0	88.1	0.000
run1_B_prefetch_stride	hybrid	off	cold	stride	16384	250000	1	1	5	2	512	44328	51229	153338	24286	23382362	21897	5	0	0	87.9	0.000
run1_B_prefetch_stride	pool	on	cold	stride	16384	250000	1	1	0	0	512	18643	58552	174087	24692	14360621	35653	6	0	0	16.2	0.000
run1_B_prefetch_stride	hybrid	on	cold	stride	16384	250000	1	1	0	1	512	17990	31197	227041	17723	11819772	43317	5	0	0	9.4	0.000
run1_B_prefetch_stride	uring	on	cold	stride	16384	250000	1	1	0	2	512	18732	38684	128039	16710	14637582	34978	5	0	0	100.0	0.000
run1_B_prefetch_stride	hybrid	on	cold	stride	16384	250000	1	1	1	0	512	16271	34636	170462	13767	13140469	38964	5	0	0	36.9	0.000
run1_B_prefetch_stride	uring	on	cold	stride	16384	250000	1	1	1	1	512	16551	36985	124716	13637	14059427	36417	5	0	0	100.0	0.000
run1_B_prefetch_stride	pool	on	cold	stride	16384	250000	1	1	1	2	512	17645	31970	162081	21550	12989114	39418	6	0	0	8.8	0.000
run1_B_prefetch_stride	uring	on	cold	stride	16384	250000	1	1	2	0	512	18926	38138	149054	15862	14473047	35376	5	0	0	100.0	0.000
run1_B_prefetch_stride	pool	on	cold	stride	16384	250000	1	1	2	1	512	18714	54277	242260	24619	14752841	34705	6	0	0	18.2	0.000
run1_B_prefetch_stride	hybrid	on	cold	stride	16384	250000	1	1	2	2	512	18235	37261	112546	18088	12754010	40144	5	0	0	13.5	0.000
run1_B_prefetch_stride	pool	on	cold	stride	16384	250000	1	1	3	0	512	18101	56223	258063	28763	17115184	29915	6	0	0	31.8	0.000
run1_B_prefetch_stride	hybrid	on	cold	stride	16384	250000	1	1	3	1	512	18786	36268	271638	18409	12647561	40482	5	0	0	10.4	0.000
run1_B_prefetch_stride	uring	on	cold	stride	16384	250000	1	1	3	2	512	18363	36994	133363	18187	12644331	40492	5	0	0	100.0	0.000
run1_B_prefetch_stride	hybrid	on	cold	stride	16384	250000	1	1	4	0	512	17708	22278	144015	17948	11647595	43958	5	0	0	6.4	0.000
run1_B_prefetch_stride	uring	on	cold	stride	16384	250000	1	1	4	1	512	17361	40399	95918	16745	12747579	40164	5	0	0	100.0	0.000
run1_B_prefetch_stride	pool	on	cold	stride	16384	250000	1	1	4	2	512	22757	64066	306816	30942	18578653	27559	6	0	0	24.2	0.000
run1_B_prefetch_stride	uring	on	cold	stride	16384	250000	1	1	5	0	512	16946	37373	72957	15278	14353491	35671	5	0	0	100.0	0.000
run1_B_prefetch_stride	pool	on	cold	stride	16384	250000	1	1	5	1	512	18326	57816	190534	26095	15277903	33512	6	0	0	21.9	0.000
run1_B_prefetch_stride	hybrid	on	cold	stride	16384	250000	1	1	5	2	512	19370	41921	152386	16454	15285509	33496	5	0	0	39.6	0.000
run1_B_prefetch_stride	pool	off	cold	stride	16384	250000	4	1	0	0	512	98928	132129	412740	47888	14079181	36366	12	0	0	91.4	0.000
run1_B_prefetch_stride	hybrid	off	cold	stride	16384	250000	4	1	0	1	512	50469	75943	449834	10383	10221187	50092	5	0	0	89.8	0.000
run1_B_prefetch_stride	uring	off	cold	stride	16384	250000	4	1	0	2	512	84424	115907	437583	11483	12490346	40992	5	0	0	100.0	0.000
run1_B_prefetch_stride	hybrid	off	cold	stride	16384	250000	4	1	1	0	512	53735	74749	376702	10792	10888986	47020	5	0	0	91.0	0.000
run1_B_prefetch_stride	uring	off	cold	stride	16384	250000	4	1	1	1	512	77126	99656	342115	9968	11375840	45008	5	0	0	100.0	0.000
run1_B_prefetch_stride	pool	off	cold	stride	16384	250000	4	1	1	2	512	94296	160123	383169	45884	13894790	36848	14	0	0	92.2	0.000
run1_B_prefetch_stride	uring	off	cold	stride	16384	250000	4	1	2	0	512	84320	101825	417021	10658	12163888	42092	5	0	0	100.0	0.000
run1_B_prefetch_stride	pool	off	cold	stride	16384	250000	4	1	2	1	512	87299	138379	427433	43495	12767787	40101	12	0	0	91.4	0.000
run1_B_prefetch_stride	hybrid	off	cold	stride	16384	250000	4	1	2	2	512	53506	74733	383325	11880	11088211	46175	5	0	0	89.8	0.000
run1_B_prefetch_stride	pool	off	cold	stride	16384	250000	4	1	3	0	512	102185	138867	457753	44347	13802012	37096	13	0	0	90.4	0.000
run1_B_prefetch_stride	hybrid	off	cold	stride	16384	250000	4	1	3	1	512	54983	73572	334957	11114	10773716	47523	5	0	0	88.9	0.000
run1_B_prefetch_stride	uring	off	cold	stride	16384	250000	4	1	3	2	512	87012	100787	502939	10566	12579450	40701	5	0	0	100.0	0.000
run1_B_prefetch_stride	hybrid	off	cold	stride	16384	250000	4	1	4	0	512	63261	115453	602153	12574	14056870	36423	5	0	0	90.2	0.000
run1_B_prefetch_stride	uring	off	cold	stride	16384	250000	4	1	4	1	512	91891	128023	537941	12055	14190040	36082	5	0	0	100.0	0.000
run1_B_prefetch_stride	pool	off	cold	stride	16384	250000	4	1	4	2	512	115343	194130	902020	52773	17369466	29477	13	0	0	90.4	0.000
run1_B_prefetch_stride	uring	off	cold	stride	16384	250000	4	1	5	0	512	101925	136492	430515	13907	15008701	34114	5	0	0	100.0	0.000
run1_B_prefetch_stride	pool	off	cold	stride	16384	250000	4	1	5	1	512	115650	188026	448345	54917	16934107	30235	13	0	0	90.8	0.000
run1_B_prefetch_stride	hybrid	off	cold	stride	16384	250000	4	1	5	2	512	58656	88658	405820	16877	11996579	42679	5	0	0	90.6	0.000
run1_B_prefetch_stride	pool	on	cold	stride	16384	250000	4	1	0	0	512	28707	189513	743283	35757	11826190	43294	11	0	0	41.2	0.000
run1_B_prefetch_stride	hybrid	on	cold	stride	16384	250000	4	1	0	1	512	16360	71177	471333	9402	9083099	56368	5	0	0	42.0	0.000
run1_B_prefetch_stride	uring	on	cold	stride	16384	250000	4	1	0	2	512	38079	86175	385646	11687	9288795	55120	5	0	0	100.0	0.000
run1_B_prefetch_stride	hybrid	on	cold	stride	16384	250000	4	1	1	0	512	19003	63957	389940	16776	11156669	45892	5	0	0	16.4	0.000
run1_B_prefetch_stride	uring	on	cold	stride	16384	250000	4	1	1	1	512	36647	83050	456300	10922	9399192	54473	5	0	0	100.0	0.000
run1_B_prefetch_stride	pool	on	cold	stride	16384	250000	4	1	1	2	512	21591	202753	527378	31668	11093932	46151	11	0	0	36.3	0.000
run1_B_prefetch_stride	uring	on	cold	stride	16384	250000	4	1	2	0	512	37083	79691	474966	10017	9191158	55706	5	0	0	100.0	0.000
run1_B_prefetch_stride	pool	on	cold	stride	16384	250000	4	1	2	1	512	38066	162586	508658	34942	10518787	48675	14	0	0	42.8	0.000
run1_B_prefetch_stride	hybrid	on	cold	stride	16384	250000	4	1	2	2	512	18314	41702	359845	17115	10972877	46661	5	0	0	9.8	0.000
run1_B_prefetch_stride	pool	on	cold	stride	16384	250000	4	1	3	0	512	23625	173756	533087	31259	10099093	50698	11	0	0	36.3	0.000
run1_B_prefetch_stride	hybrid	on	cold	stride	16384	250000	4	1	3	1	512	17653	53586	387580	16131	11019029	46465	5	0	0	10.9	0.000
run1_B_prefetch_stride	uring	on	cold	stride	16384	250000	4	1	3	2	512	23764	68337	370901	10616	7937615	64503	5	0	0	100.0	0.000
run1_B_prefetch_stride	hybrid	on	cold	stride	16384	250000	4	1	4	0	512	18047	32551	333486	16795	10792881	47439	5	0	0	9.2	0.000
run1_B_prefetch_stride	uring	on	cold	stride	16384	250000	4	1	4	1	512	24040	77934	377789	12069	8189634	62518	5	0	0	100.0	0.000
run1_B_prefetch_stride	pool	on	cold	stride	16384	250000	4	1	4	2	512	20996	174446	643175	31205	10380667	49322	10	0	0	34.4	0.000
run1_B_prefetch_stride	uring	on	cold	stride	16384	250000	4	1	5	0	512	38923	86789	522514	10873	9884703	51797	5	0	0	100.0	0.000
run1_B_prefetch_stride	pool	on	cold	stride	16384	250000	4	1	5	1	512	18938	179119	830019	28218	10588513	48354	11	0	0	31.4	0.000
run1_B_prefetch_stride	hybrid	on	cold	stride	16384	250000	4	1	5	2	512	17795	24519	452560	16510	10823466	47305	5	0	0	7.6	0.000
run1_B_prefetch_stride	pool	off	cold	stride	16384	250000	16	1	0	0	512	225803	561925	1674514	53814	9990905	51247	33	0	0	92.0	0.000
run1_B_prefetch_stride	hybrid	off	cold	stride	16384	250000	16	1	0	1	512	148755	298444	1081460	14782	9408188	54421	5	0	0	90.4	0.000
run1_B_prefetch_stride	uring	off	cold	stride	16384	250000	16	1	0	2	512	263574	340304	1530009	8879	10612641	48244	5	0	0	100.0	0.000
run1_B_prefetch_stride	hybrid	off	cold	stride	16384	250000	16	1	1	0	512	136493	213502	1624222	10553	8427129	60756	5	0	0	91.8	0.000
run1_B_prefetch_stride	uring	off	cold	stride	16384	250000	16	1	1	1	512	255266	416303	1427980	8587	10352760	49455	5	0	0	100.0	0.000
run1_B_prefetch_stride	pool	off	cold	stride	16384	250000	16	1	1	2	512	208565	575874	1414325	45520	9599475	53336	30	0	0	92.6	0.000
run1_B_prefetch_stride	uring	off	cold	stride	16384	250000	16	1	2	0	512	263244	335414	1489756	10898	10370323	49372	5	0	0	100.0	0.000
run1_B_prefetch_stride	pool	off	cold	stride	16384	250000	16	1	2	1	512	211995	591019	1293613	47202	9931862	51551	35	0	0	92.4	0.000
run1_B_prefetch_stride	hybrid	off	cold	stride	16384	250000	16	1	2	2	512	161791	264629	1458595	11487	9072795	56432	5	0	0	91.8	0.000
run1_B_prefetch_stride	pool	off	cold	stride	16384	250000	16	1	3	0	512	242714	590787	2129677	52542	11119648	46045	33	0	0	92.4	0.000
run1_B_prefetch_stride	hybrid	off	cold	stride	16384	250000	16	1	3	1	512	144015	294602	1488295	9894	8379532	61101	5	0	0	91.8	0.000
run1_B_prefetch_stride	uring	off	cold	stride	16384	250000	16	1	3	2	512	304801	383499	1515591	11551	11170656	45834	5	0	0	100.0	0.000
run1_B_prefetch_stride	hybrid	off	cold	stride	16384	250000	16	1	4	0	512	156531	216639	1504739	8950	8668002	59068	5	0	0	91.8	0.000
run1_B_prefetch_stride	uring	off	cold	stride	16384	250000	16	1	4	1	512	266002	344834	1038488	9324	9673328	52929	5	0	0	100.0	0.000
run1_B_prefetch_stride	pool	off	cold	stride	16384	250000	16	1	4	2	512	223126	452303	1414278	41717	9112451	56187	32	0	0	92.0	0.000
run1_B_prefetch_stride	uring	off	cold	stride	16384	250000	16	1	5	0	512	222920	257964	1084236	8243	8165294	62704	5	0	0	100.0	0.000
run1_B_prefetch_stride	pool	off	cold	stride	16384	250000	16	1	5	1	512	196150	495299	1430066	42355	9333051	54859	34	0	0	92.4	0.000
run1_B_prefetch_stride	hybrid	off	cold	stride	16384	250000	16	1	5	2	512	145556	218437	1538206	7777	7658718	66852	5	0	0	92.6	0.000
run1_B_prefetch_stride	pool	on	cold	stride	16384	250000	16	1	0	0	512	23747	759942	1394027	31778	8180257	62590	31	0	0	40.6	0.000
run1_B_prefetch_stride	hybrid	on	cold	stride	16384	250000	16	1	0	1	512	25522	319096	1500782	9439	8741141	58574	5	0	0	48.2	0.000
run1_B_prefetch_stride	uring	on	cold	stride	16384	250000	16	1	0	2	512	100074	251374	1870606	7618	7803161	65614	5	0	0	100.0	0.000
run1_B_prefetch_stride	hybrid	on	cold	stride	16384	250000	16	1	1	0	512	18026	248128	1605312	13577	9344502	54792	5	0	0	27.9	0.000
run1_B_prefetch_stride	uring	on	cold	stride	16384	250000	16	1	1	1	512	103856	287004	1813584	11941	8885925	57619	5	0	0	100.0	0.000
run1_B_prefetch_stride	pool	on	cold	stride	16384	250000	16	1	1	2	512	24550	572279	1868660	26917	8206993	62386	29	0	0	41.6	0.000
run1_B_prefetch_stride	uring	on	cold	stride	16384	250000	16	1	2	0	512	102343	287383	1617555	8880	7899974	64810	5	0	0	100.0	0.000
run1_B_prefetch_stride	pool	on	cold	stride	16384	250000	16	1	2	1	512	29995	553038	1334041	33756	7094938	72164	26	0	0	42.0	0.000
run1_B_prefetch_stride	hybrid	on	cold	stride	16384	250000	16	1	2	2	512	17919	253550	1515497	11938	8591532	59594	5	0	0	31.4	0.000
run1_B_prefetch_stride	pool	on	cold	stride	16384	250000	16	1	3	0	512	33079	665193	1742314	32178	7927092	64589	26	0	0	45.7	0.000
run1_B_prefetch_stride	hybrid	on	cold	stride	16384	250000	16	1	3	1	512	20168	235460	2047226	13725	10156162	50413	5	0	0	27.9	0.000
run1_B_prefetch_stride	uring	on	cold	stride	16384	250000	16	1	3	2	512	101615	258573	1355863	8007	7202274	71089	5	0	0	100.0	0.000
run1_B_prefetch_stride	hybrid	on	cold	stride	16384	250000	16	1	4	0	512	18211	205566	1423292	14050	9371499	54634	5	0	0	20.1	0.000
run1_B_prefetch_stride	uring	on	cold	stride	16384	250000	16	1	4	1	512	87644	225831	1481240	7829	6696245	76461	5	0	0	100.0	0.000
run1_B_prefetch_stride	pool	on	cold	stride	16384	250000	16	1	4	2	512	30854	694487	1664039	34953	8005316	63958	32	0	0	44.1	0.000
run1_B_prefetch_stride	uring	on	cold	stride	16384	250000	16	1	5	0	512	88173	263991	1764508	8111	7545171	67858	5	0	0	100.0	0.000
run1_B_prefetch_stride	pool	on	cold	stride	16384	250000	16	1	5	1	512	14237	803240	2019836	24968	7981244	64150	31	0	0	32.2	0.000
run1_B_prefetch_stride	hybrid	on	cold	stride	16384	250000	16	1	5	2	512	14898	224244	1570448	7853	6947578	73695	5	0	0	44.9	0.000
run1_B_prefetch_sweep	pool	off	cold	sweep	16384	16384	1	1	0	0	512	1567	1977	236464	5101	6906914	74129	6	0	0	1.2	0.000
run1_B_prefetch_sweep	hybrid	off	cold	sweep	16384	16384	1	1	0	1	512	1485	1896	53438	4069	3508789	145919	5	0	0	0.4	0.000
run1_B_prefetch_sweep	uring	off	cold	sweep	16384	16384	1	1	0	2	512	2556	10448	45114	9627	4788946	106913	5	0	0	100.0	0.000
run1_B_prefetch_sweep	hybrid	off	cold	sweep	16384	16384	1	1	1	0	512	1503	1926	6773	3592	4142942	123584	5	0	0	0.4	0.000
run1_B_prefetch_sweep	uring	off	cold	sweep	16384	16384	1	1	1	1	512	1620	2448	199150	4933	5552398	92212	5	0	0	100.0	0.000
run1_B_prefetch_sweep	pool	off	cold	sweep	16384	16384	1	1	1	2	512	1424	1965	13765	4057	3951048	129586	6	0	0	0.4	0.000
run1_B_prefetch_sweep	uring	off	cold	sweep	16384	16384	1	1	2	0	512	1579	2412	201095	3995	5324662	96156	5	0	0	100.0	0.000
run1_B_prefetch_sweep	pool	off	cold	sweep	16384	16384	1	1	2	1	512	1546	2087	52461	4276	3735929	137048	6	0	0	0.4	0.000
run1_B_prefetch_sweep	hybrid	off	cold	sweep	16384	16384	1	1	2	2	512	1954	2362	193860	4666	4394184	116518	5	0	0	1.4	0.000
run1_B_prefetch_sweep	pool	off	cold	sweep	16384	16384	1	1	3	0	512	1371	1649	6225	3283	4514773	113405	6	0	0	0.4	0.000
run1_B_prefetch_sweep	hybrid	off	cold	sweep	16384	16384	1	1	3	1	512	1866	2293	180352	4956	5127213	99859	5	0	0	1.2	0.000
run1_B_prefetch_sweep	uring	off	cold	sweep	16384	16384	1	1	3	2	512	1490	9546	56079	5657	4475308	114406	5	0	0	100.0	0.000
run1_B_prefetch_sweep	hybrid	off	cold	sweep	16384	16384	1	1	4	0	512	1693	2094	201268	3517	5162672	99173	5	0	0	1.4	0.000
run1_B_prefetch_sweep	uring	off	cold	sweep	16384	16384	1	1	4	1	512	1250	8302	47538	4628	3803826	134601	5	0	0	100.0	0.000
run1_B_prefetch_sweep	pool	off	cold	sweep	16384	16384	1	1	4	2	512	1651	2079	168144	4636	4527780	113080	6	0	0	1.2	0.000
run1_B_prefetch_sweep	uring	off	cold	sweep	16384	16384	1	1	5	0	512	2200	10224	30605	8511	4918930	104088	5	0	0	100.0	0.000
run1_B_prefetch_sweep	pool	off	cold	sweep	16384	16384	1	1	5	1	512	1747	2281	222353	4528	3965929	129100	6	0	0	1.4	0.000
run1_B_prefetch_sweep	hybrid	off	cold	sweep	16384	16384	1	1	5	2	512	1467	1938	8903	3699	3451625	148336	5	0	0	0.4	0.000
run1_B_prefetch_sweep	pool	on	cold	sweep	16384	16384	1	1	0	0	512	1918	2471	163596	5608	9356292	54723	6	0	0	1.2	0.000
run1_B_prefetch_sweep	hybrid	on	cold	sweep	16384	16384	1	1	0	1	512	1882	2744	61144	5058	4358603	117469	5	0	0	0.4	0.000
run1_B_prefetch_sweep	uring	on	cold	sweep	16384	16384	1	1	0	2	512	1970	3045	124408	4853	3751340	136485	5	0	0	100.0	0.000
run1_B_prefetch_sweep	hybrid	on	cold	sweep	16384	16384	1	1	1	0	512	1803	2354	53875	4876	3855104	132811	5	0	0	0.4	0.000
run1_B_prefetch_sweep	uring	on	cold	sweep	16384	16384	1	1	1	1	512	1976	8990	126386	5842	5162624	99174	5	0	0	100.0	0.000
run1_B_prefetch_sweep	pool	on	cold	sweep	16384	16384	1	1	1	2	512	1726	2203	7776	4026	4413219	116015	6	0	0	0.2	0.000
run1_B_prefetch_sweep	uring	on	cold	sweep	16384	16384	1	1	2	0	512	3060	11194	62942	9871	3947145	129714	5	0	0	100.0	0.000
run1_B_prefetch_sweep	pool	on	cold	sweep	16384	16384	1	1	2	1	512	1634	2015	48595	4267	3458962	148021	6	0	0	0.2	0.000
run1_B_prefetch_sweep	hybrid	on	cold	sweep	16384	16384	1	1	2	2	512	2013	2452	197017	4631	4625045	110702	5	0	0	1.4	0.000
run1_B_prefetch_sweep	pool	on	cold	sweep	16384	16384	1	1	3	0	512	1685	2137	10504	4025	3165892	161724	6	0	0	0.2	0.000
run1_B_prefetch_sweep	hybrid	on	cold	sweep	16384	16384	1	1	3	1	512	1948	2430	184486	4026	4495490	113892	5	0	0	1.4	0.000
run1_B_prefetch_sweep	uring	on	cold	sweep	16384	16384	1	1	3	2	512	2677	11197	25566	9278	3705881	138159	5	0	0	100.0	0.000
run1_B_prefetch_sweep	hybrid	on	cold	sweep	16384	16384	1	1	4	0	512	1970	2467	182122	4356	3564399	143643	5	0	0	1.2	0.000
run1_B_prefetch_sweep	uring	on	cold	sweep	16384	16384	1	1	4	1	512	10739	14467	30768	12425	4956518	103298	5	0	0	100.0	0.000
run1_B_prefetch_sweep	pool	on	cold	sweep	16384	16384	1	1	4	2	512	2641	3381	157453	5480	3841574	133279	6	0	0	1.0	0.000
run1_B_prefetch_sweep	uring	on	cold	sweep	16384	16384	1	1	5	0	512	3203	11274	23487	9708	4752166	107740	5	0	0	100.0	0.000
run1_B_prefetch_sweep	pool	on	cold	sweep	16384	16384	1	1	5	1	512	2085	2914	69604	4963	4168218	122834	6	0	0	0.8	0.000
run1_B_prefetch_sweep	hybrid	on	cold	sweep	16384	16384	1	1	5	2	512	2262	2880	107551	4885	4414386	115984	5	0	0	1.2	0.000
run1_B_prefetch_sweep	pool	off	cold	sweep	16384	16384	4	1	0	0	512	2725	4237	807432	7318	3936311	130071	9	0	0	4.1	0.000
run1_B_prefetch_sweep	hybrid	off	cold	sweep	16384	16384	4	1	0	1	512	1950	2911	203720	4003	3117814	164218	5	0	0	3.5	0.000
run1_B_prefetch_sweep	uring	off	cold	sweep	16384	16384	4	1	0	2	512	15475	19386	274718	7037	4048258	126474	5	0	0	100.0	0.000
run1_B_prefetch_sweep	hybrid	off	cold	sweep	16384	16384	4	1	1	0	512	2453	3335	253420	4718	3807417	134474	5	0	0	3.3	0.000
run1_B_prefetch_sweep	uring	off	cold	sweep	16384	16384	4	1	1	1	512	9050	15731	794742	5411	5049485	101396	5	0	0	100.0	0.000
run1_B_prefetch_sweep	pool	off	cold	sweep	16384	16384	4	1	1	2	512	3925	7856	723091	10360	6379743	80254	10	0	0	5.5	0.000
run1_B_prefetch_sweep	uring	off	cold	sweep	16384	16384	4	1	2	0	512	7855	9911	814564	4609	4952829	103375	5	0	0	100.0	0.000
run1_B_prefetch_sweep	pool	off	cold	sweep	16384	16384	4	1	2	1	512	3208	5038	400621	7957	3106811	164799	11	0	0	4.9	0.000
run1_B_prefetch_sweep	hybrid	off	cold	sweep	16384	16384	4	1	2	2	512	2379	3022	213216	4538	3691500	138697	5	0	0	2.7	0.000
run1_B_prefetch_sweep	pool	off	cold	sweep	16384	16384	4	1	3	0	512	3222	5529	879293	8589	3936167	130076	10	0	0	4.7	0.000
run1_B_prefetch_sweep	hybrid	off	cold	sweep	16384	16384	4	1	3	1	512	2340	2953	272734	4211	4522505	113212	5	0	0	3.3	0.000
run1_B_prefetch_sweep	uring	off	cold	sweep	16384	16384	4	1	3	2	512	8281	14795	264863	5164	3756269	136305	5	0	0	100.0	0.000
run1_B_prefetch_sweep	hybrid	off	cold	sweep	16384	16384	4	1	4	0	512	2101	2850	333320	4521	4513120	113447	5	0	0	3.3	0.000
run1_B_prefetch_sweep	uring	off	cold	sweep	16384	16384	4	1	4	1	512	8110	18378	238878	4065	3535443	144819	5	0	0	100.0	0.000
run1_B_prefetch_sweep	pool	off	cold	sweep	16384	16384	4	1	4	2	512	3308	5895	647866	7965	4381960	116843	10	0	0	5.5	0.000
run1_B_prefetch_sweep	uring	off	cold	sweep	16384	16384	4	1	5	0	512	7589	20274	220191	4011	2919420	175377	5	0	0	100.0	0.000
run1_B_prefetch_sweep	pool	off	cold	sweep	16384	16384	4	1	5	1	512	3435	4753	1398424	9412	4060806	126083	9	0	0	2.3	0.000
run1_B_prefetch_sweep	hybrid	off	cold	sweep	16384	16384	4	1	5	2	512	2734	3559	296951	4699	4096570	124983	5	0	0	6.2	0.000
run1_B_prefetch_sweep	pool	on	cold	sweep	16384	16384	4	1	0	0	512	4183	7096	1167307	10004	5566011	91987	9	0	0	3.1	0.000
run1_B_prefetch_sweep	hybrid	on	cold	sweep	16384	16384	4	1	0	1	512	2385	3170	538815	4497	3817639	134114	5	0	0	3.9	0.000
run1_B_prefetch_sweep	uring	on	cold	sweep	16384	16384	4	1	0	2	512	10498	24788	396155	5526	5015071	102092	5	0	0	100.0	0.000
run1_B_prefetch_sweep	hybrid	on	cold	sweep	16384	16384	4	1	1	0	512	3087	3725	309146	5178	5382499	95123	5	0	0	3.1	0.000
run1_B_prefetch_sweep	uring	on	cold	sweep	16384	16384	4	1	1	1	512	9763	19595	292249	4588	3836446	133457	5	0	0	100.0	0.000
run1_B_prefetch_sweep	pool	on	cold	sweep	16384	16384	4	1	1	2	512	4472	8658	1039312	9684	6270492	81652	9	0	0	5.5	0.000
run1_B_prefetch_sweep	uring	on	cold	sweep	16384	16384	4	1	2	0	512	17311	21522	160887	6116	3539805	144641	5	0	0	100.0	0.000
run1_B_prefetch_sweep	pool	on	cold	sweep	16384	16384	4	1	2	1	512	4039	6734	513333	9570	4460796	114778	10	0	0	5.5	0.000
run1_B_prefetch_sweep	hybrid	on	cold	sweep	16384	16384	4	1	2	2	512	2427	47749	80650	10988	6727051	76111	5	0	0	0.8	0.000
run1_B_prefetch_sweep	pool	on	cold	sweep	16384	16384	4	1	3	0	512	4060	6068	945436	8259	2882395	177630	9	0	0	2.1	0.000
run1_B_prefetch_sweep	hybrid	on	cold	sweep	16384	16384	4	1	3	1	512	2325	2960	510371	5446	4210852	121591	5	0	0	3.7	0.000
run1_B_prefetch_sweep	uring	on	cold	sweep	16384	16384	4	1	3	2	512	6474	17310	502015	4286	3110438	164607	5	0	0	100.0	0.000
run1_B_prefetch_sweep	hybrid	on	cold	sweep	16384	16384	4	1	4	0	512	2264	2857	263871	4689	4878299	104955	5	0	0	3.7	0.000
run1_B_prefetch_sweep	uring	on	cold	sweep	16384	16384	4	1	4	1	512	7008	17452	698412	4968	4741893	107974	5	0	0	100.0	0.000
run1_B_prefetch_sweep	pool	on	cold	sweep	16384	16384	4	1	4	2	512	4122	6934	424960	9717	3555186	144015	11	0	0	5.5	0.000
run1_B_prefetch_sweep	uring	on	cold	sweep	16384	16384	4	1	5	0	512	7128	16036	730504	4099	4202457	121833	5	0	0	100.0	0.000
run1_B_prefetch_sweep	pool	on	cold	sweep	16384	16384	4	1	5	1	512	3963	6553	1028779	10493	5544109	92350	11	0	0	5.7	0.000
run1_B_prefetch_sweep	hybrid	on	cold	sweep	16384	16384	4	1	5	2	512	2236	3029	630132	4197	5413803	94573	5	0	0	1.4	0.000
run1_B_prefetch_sweep	pool	off	cold	sweep	16384	16384	16	1	0	0	512	2927	403549	1025776	13305	5257467	97385	24	0	0	12.5	0.000
run1_B_prefetch_sweep	hybrid	off	cold	sweep	16384	16384	16	1	0	1	512	2034	3016	785560	4794	5402993	94762	5	0	0	3.7	0.000
run1_B_prefetch_sweep	uring	off	cold	sweep	16384	16384	16	1	0	2	512	29241	270203	1274648	4485	4072871	125710	5	0	0	100.0	0.000
run1_B_prefetch_sweep	hybrid	off	cold	sweep	16384	16384	16	1	1	0	512	1862	3084	808376	5198	3270901	156532	5	0	0	4.5	0.000
run1_B_prefetch_sweep	uring	off	cold	sweep	16384	16384	16	1	1	1	512	30546	277920	828579	4756	5239201	97725	5	0	0	100.0	0.000
run1_B_prefetch_sweep	pool	off	cold	sweep	16384	16384	16	1	1	2	512	2635	7443	1376336	11211	3367429	152045	25	0	0	7.6	0.000
run1_B_prefetch_sweep	uring	off	cold	sweep	16384	16384	16	1	2	0	512	29288	309244	397961	4525	4736594	108095	5	0	0	100.0	0.000
run1_B_prefetch_sweep	pool	off	cold	sweep	16384	16384	16	1	2	1	512	3292	10743	1067112	11578	4447248	115127	23	0	0	8.0	0.000
run1_B_prefetch_sweep	hybrid	off	cold	sweep	16384	16384	16	1	2	2	512	1870	2832	311102	4924	4964460	103133	5	0	0	4.5	0.000
run1_B_prefetch_sweep	pool	off	cold	sweep	16384	16384	16	1	3	0	512	3044	5278	1857674	12471	4412247	116041	24	0	0	5.7	0.000
run1_B_prefetch_sweep	hybrid	off	cold	sweep	16384	16384	16	1	3	1	512	1698	2706	131561	7425	5458952	93791	5	0	0	0.8	0.000
run1_B_prefetch_sweep	uring	off	cold	sweep	16384	16384	16	1	3	2	512	29266	53001	231015	4207	3310114	154677	5	0	0	100.0	0.000
run1_B_prefetch_sweep	hybrid	off	cold	sweep	16384	16384	16	1	4	0	512	2276	2825	71230	5614	4083811	125373	5	0	0	0.8	0.000
run1_B_prefetch_sweep	uring	off	cold	sweep	16384	16384	16	1	4	1	512	37483	345330	407459	4104	5454859	93861	5	0	0	100.0	0.000
run1_B_prefetch_sweep	pool	off	cold	sweep	16384	16384	16	1	4	2	512	2934	6301	34052	8754	4415742	115949	9	0	0	0.8	0.000
run1_B_prefetch_sweep	uring	off	cold	sweep	16384	16384	16	1	5	0	512	31034	248763	940203	4127	3367308	152050	5	0	0	100.0	0.000
run1_B_prefetch_sweep	pool	off	cold	sweep	16384	16384	16	1	5	1	512	2787	3774	447908	7099	2414316	212068	12	0	0	1.6	0.000
run1_B_prefetch_sweep	hybrid	off	cold	sweep	16384	16384	16	1	5	2	512	1985	2884	479698	4737	4899064	104510	5	0	0	4.7	0.000
run1_B_prefetch_sweep	pool	on	cold	sweep	16384	16384	16	1	0	0	512	3593	5014	32871	8790	3791495	135039	9	0	0	0.8	0.000
run1_B_prefetch_sweep	hybrid	on	cold	sweep	16384	16384	16	1	0	1	512	2312	3295	367160	4733	4602445	111245	5	0	0	3.9	0.000
run1_B_prefetch_sweep	uring	on	cold	sweep	16384	16384	16	1	0	2	512	32114	38020	231604	4097	2976129	172036	5	0	0	100.0	0.000
run1_B_prefetch_sweep	hybrid	on	cold	sweep	16384	16384	16	1	1	0	512	2127	2711	278770	4761	4999783	102404	5	0	0	4.7	0.000
run1_B_prefetch_sweep	uring	on	cold	sweep	16384	16384	16	1	1	1	512	27361	42636	140681	4005	3668032	139584	5	0	0	100.0	0.000
run1_B_prefetch_sweep	pool	on	cold	sweep	16384	16384	16	1	1	2	512	3614	376195	1853033	12694	4398235	116410	24	0	0	17.0	0.000
run1_B_prefetch_sweep	uring	on	cold	sweep	16384	16384	16	1	2	0	512	35369	56489	891295	4753	4442790	115243	5	0	0	100.0	0.000
run1_B_prefetch_sweep	pool	on	cold	sweep	16384	16384	16	1	2	1	512	3560	442154	840212	14124	3624859	141247	30	0	0	13.3	0.000
run1_B_prefetch_sweep	hybrid	on	cold	sweep	16384	16384	16	1	2	2	512	1727	2481	10893	4897	4689619	109177	5	0	0	0.8	0.000
run1_B_prefetch_sweep	pool	on	cold	sweep	16384	16384	16	1	3	0	512	3644	365179	2509135	14201	4759168	107582	23	0	0	15.8	0.000
run1_B_prefetch_sweep	hybrid	on	cold	sweep	16384	16384	16	1	3	1	512	1741	2614	188800	4721	4443806	115217	5	0	0	0.8	0.000
run1_B_prefetch_sweep	uring	on	cold	sweep	16384	16384	16	1	3	2	512	29442	252616	387270	4797	5181082	98821	5	0	0	100.0	0.000
run1_B_prefetch_sweep	hybrid	on	cold	sweep	16384	16384	16	1	4	0	512	1986	2789	57510	4499	4139719	123680	5	0	0	0.8	0.000
run1_B_prefetch_sweep	uring	on	cold	sweep	16384	16384	16	1	4	1	512	47897	270765	841056	5458	5144262	99528	5	0	0	100.0	0.000
run1_B_prefetch_sweep	pool	on	cold	sweep	16384	16384	16	1	4	2	512	4197	10962	1213846	13197	3200740	159963	34	0	0	8.4	0.000
run1_B_prefetch_sweep	uring	on	cold	sweep	16384	16384	16	1	5	0	512	40735	260842	691642	4872	4916348	104142	5	0	0	100.0	0.000
run1_B_prefetch_sweep	pool	on	cold	sweep	16384	16384	16	1	5	1	512	3545	61822	1510906	14070	4085352	125326	34	0	0	9.6	0.000
run1_B_prefetch_sweep	hybrid	on	cold	sweep	16384	16384	16	1	5	2	512	2519	3220	900944	5399	4849134	105586	5	0	0	3.1	0.000
run1_C_readers	pool	off	cold	stride	16384	250000	1	1	0	0	512	69328	78367	150757	56231	34419878	14875	6	0	0	87.5	0.000
run1_C_readers	uring	off	cold	stride	16384	250000	1	1	0	1	512	42526	146871	243503	54833	36853100	13893	5	0	0	100.0	0.000
run1_C_readers	hybrid	off	cold	stride	16384	250000	1	1	0	2	512	123400	173379	258861	100726	66701239	7676	5	0	0	86.9	0.000
run1_C_readers	uring	off	cold	stride	16384	250000	1	1	1	0	512	91956	110814	191452	53890	41687867	12282	5	0	0	100.0	0.000
run1_C_readers	hybrid	off	cold	stride	16384	250000	1	1	1	1	512	47832	57208	78116	24506	23338263	21938	5	0	0	86.7	0.000
run1_C_readers	pool	off	cold	stride	16384	250000	1	1	1	2	512	83065	98333	141128	69285	43059876	11890	6	0	0	86.9	0.000
run1_C_readers	hybrid	off	cold	stride	16384	250000	1	1	2	0	512	45897	55404	263323	23771	24804006	20642	5	0	0	87.7	0.000
run1_C_readers	pool	off	cold	stride	16384	250000	1	1	2	1	512	68564	89000	136807	54438	34390859	14888	6	0	0	86.9	0.000
run1_C_readers	uring	off	cold	stride	16384	250000	1	1	2	2	512	44531	52550	105605	22810	23161993	22105	5	0	0	100.0	0.000
run1_C_readers	pool	off	cold	stride	16384	250000	1	1	3	0	512	63802	73925	108790	52964	30815191	16615	6	0	0	86.9	0.000
run1_C_readers	uring	off	cold	stride	16384	250000	1	1	3	1	512	44683	53275	109655	22725	23105928	22159	5	0	0	100.0	0.000
run1_C_readers	hybrid	off	cold	stride	16384	250000	1	1	3	2	512	44556	55585	133582	21770	23055274	22208	5	0	0	87.3	0.000
run1_C_readers	uring	off	cold	stride	16384	250000	1	1	4	0	512	45080	103361	273841	39614	33058950	15487	5	0	0	100.0	0.000
run1_C_readers	hybrid	off	cold	stride	16384	250000	1	1	4	1	512	46984	55497	135275	23661	24521721	20879	5	0	0	87.9	0.000
run1_C_readers	pool	off	cold	stride	16384	250000	1	1	4	2	512	68039	105655	353421	63449	37378941	13698	6	0	0	87.7	0.000
run1_C_readers	hybrid	off	cold	stride	16384	250000	1	1	5	0	512	45941	57132	166973	24462	24682267	20744	5	0	0	87.7	0.000
run1_C_readers	pool	off	cold	stride	16384	250000	1	1	5	1	512	78203	141590	369365	80864	47064571	10879	6	0	0	88.1	0.000
run1_C_readers	uring	off	cold	stride	16384	250000	1	1	5	2	512	43014	52482	84615	21328	22423102	22834	5	0	0	100.0	0.000
run1_C_readers	pool	off	cold	stride	16384	250000	4	1	0	0	512	95547	147022	515409	47742	13883640	36878	13	0	0	90.0	0.000
run1_C_readers	uring	off	cold	stride	16384	250000	4	1	0	1	512	70035	96630	430283	10538	11009198	46507	5	0	0	100.0	0.000
run1_C_readers	hybrid	off	cold	stride	16384	250000	4	1	0	2	512	69926	303484	403976	22688	18132838	28236	5	0	0	91.0	0.000
run1_C_readers	uring	off	cold	stride	16384	250000	4	1	1	0	512	76060	103340	436948	10770	11326214	45205	5	0	0	100.0	0.000
run1_C_readers	hybrid	off	cold	stride	16384	250000	4	1	1	1	512	53952	309020	465391	19306	16256632	31495	5	0	0	90.6	0.000
run1_C_readers	pool	off	cold	stride	16384	250000	4	1	1	2	512	105793	194925	445382	58327	15599360	32822	11	0	0	91.2	0.000
run1_C_readers	hybrid	off	cold	stride	16384	250000	4	1	2	0	512	49196	76173	437790	13165	10721591	47754	5	0	0	90.0	0.000
run1_C_readers	pool	off	cold	stride	16384	250000	4	1	2	1	512	102658	206251	403323	54268	15673140	32667	13	0	0	91.0	0.000
run1_C_readers	uring	off	cold	stride	16384	250000	4	1	2	2	512	91247	139403	599584	14312	14357384	35661	5	0	0	100.0	0.000
run1_C_readers	pool	off	cold	stride	16384	250000	4	1	3	0	512	98389	163349	469260	51100	14563037	35158	11	0	0	91.0	0.000
run1_C_readers	uring	off	cold	stride	16384	250000	4	1	3	1	512	79815	327660	434928	19119	16745595	30575	5	0	0	100.0	0.000
run1_C_readers	hybrid	off	cold	stride	16384	250000	4	1	3	2	512	340891	405389	538562	62016	44543927	11494	5	0	0	91.0	0.000
run1_C_readers	uring	off	cold	stride	16384	250000	4	1	4	0	512	189376	427414	742532	38172	29883040	17133	5	0	0	100.0	0.000
run1_C_readers	hybrid	off	cold	stride	16384	250000	4	1	4	1	512	49159	69699	416123	13187	9637064	53128	5	0	0	88.7	0.000
run1_C_readers	pool	off	cold	stride	16384	250000	4	1	4	2	512	93093	146903	402679	46981	13158319	38911	12	0	0	90.8	0.000
run1_C_readers	hybrid	off	cold	stride	16384	250000	4	1	5	0	512	53660	73495	359371	12005	10612773	48244	5	0	0	89.3	0.000
run1_C_readers	pool	off	cold	stride	16384	250000	4	1	5	1	512	110927	201474	582118	50457	17105764	29931	11	0	0	91.0	0.000
run1_C_readers	uring	off	cold	stride	16384	250000	4	1	5	2	512	91206	121729	425786	11585	13059196	39206	5	0	0	100.0	0.000
run1_C_readers	pool	off	cold	stride	16384	250000	1	4	0	0	2048	84091	157363	429882	33826	42940999	47693	13	0	0	59.3	0.000
run1_C_readers	uring	off	cold	stride	16384	250000	1	4	0	1	2048	78444	255262	447022	38066	58269118	35147	5	0	0	100.0	0.000
run1_C_readers	hybrid	off	cold	stride	16384	250000	1	4	0	2	2048	72868	216576	426876	34289	50090257	40886	5	0	0	60.2	0.000
run1_C_readers	uring	off	cold	stride	16384	250000	1	4	1	0	2048	76958	265187	448383	38164	57278741	35755	5	0	0	100.0	0.000
run1_C_readers	hybrid	off	cold	stride	16384	250000	1	4	1	1	2048	75608	223870	472441	35978	51830216	39514	5	0	0	60.6	0.000
run1_C_readers	pool	off	cold	stride	16384	250000	1	4	1	2	2048	87034	172096	477964	45089	50304793	40712	15	0	0	59.5	0.000
run1_C_readers	hybrid	off	cold	stride	16384	250000	1	4	2	0	2048	75041	217526	433833	32823	49694700	41212	5	0	0	60.1	0.000
run1_C_readers	pool	off	cold	stride	16384	250000	1	4	2	1	2048	85581	179416	578942	45436	50647183	40437	13	0	0	59.8	0.000
run1_C_readers	uring	off	cold	stride	16384	250000	1	4	2	2	2048	74889	255015	486491	36627	54389853	37654	5	0	0	100.0	0.000
run1_C_readers	pool	off	cold	stride	16384	250000	1	4	3	0	2048	89282	171489	412319	43511	48072868	42602	12	0	0	59.5	0.000
run1_C_readers	uring	off	cold	stride	16384	250000	1	4	3	1	2048	73247	242624	616907	38859	56424774	36296	5	0	0	100.0	0.000
run1_C_readers	hybrid	off	cold	stride	16384	250000	1	4	3	2	2048	76276	265744	670222	35738	54814047	37363	5	0	0	60.5	0.000
run1_C_readers	uring	off	cold	stride	16384	250000	1	4	4	0	2048	68556	138214	255019	27817	37056506	55267	5	0	0	100.0	0.000
run1_C_readers	hybrid	off	cold	stride	16384	250000	1	4	4	1	2048	73095	151991	446752	27876	39247685	52181	5	0	0	59.9	0.000
run1_C_readers	pool	off	cold	stride	16384	250000	1	4	4	2	2048	83577	150114	482098	33117	42297530	48419	12	0	0	59.7	0.000
run1_C_readers	hybrid	off	cold	stride	16384	250000	1	4	5	0	2048	70985	141083	223935	26514	35794038	57216	5	0	0	59.9	0.000
run1_C_readers	pool	off	cold	stride	16384	250000	1	4	5	1	2048	80378	137607	215805	33954	37090210	55217	16	0	0	57.9	0.000
run1_C_readers	uring	off	cold	stride	16384	250000	1	4	5	2	2048	71619	153365	436553	29517	43024730	47601	5	0	0	100.0	0.000
run1_C_readers	pool	off	cold	stride	16384	250000	4	4	0	0	2048	154963	403000	1148919	33019	24690431	82947	35	0	0	61.1	0.000
run1_C_readers	uring	off	cold	stride	16384	250000	4	4	0	1	2048	209352	343284	1057688	15120	24373875	84024	5	0	0	100.0	0.000
run1_C_readers	hybrid	off	cold	stride	16384	250000	4	4	0	2	2048	135410	467878	918848	23785	29409206	69638	5	0	0	59.4	0.000
run1_C_readers	uring	off	cold	stride	16384	250000	4	4	1	0	2048	199547	324658	1003062	15848	24142718	84829	5	0	0	100.0	0.000
run1_C_readers	hybrid	off	cold	stride	16384	250000	4	4	1	1	2048	155097	322625	1300884	20673	26645610	76861	5	0	0	62.7	0.000
run1_C_readers	pool	off	cold	stride	16384	250000	4	4	1	2	2048	149447	447624	1075011	28846	25627109	79915	28	0	0	60.7	0.000
run1_C_readers	hybrid	off	cold	stride	16384	250000	4	4	2	0	2048	83192	436333	1389786	21175	28679232	71411	5	0	0	62.0	0.000
run1_C_readers	pool	off	cold	stride	16384	250000	4	4	2	1	2048	184711	554053	1244063	35953	31180358	65682	30	0	0	60.3	0.000
run1_C_readers	uring	off	cold	stride	16384	250000	4	4	2	2	2048	181808	745027	1243787	25030	38788401	52799	5	0	0	100.0	0.000
run1_C_readers	pool	off	cold	stride	16384	250000	4	4	3	0	2048	176016	515802	1614153	35309	31072633	65910	32	0	0	60.3	0.000
run1_C_readers	uring	off	cold	stride	16384	250000	4	4	3	1	2048	208955	687667	1296258	25285	38093636	53762	5	0	0	100.0	0.000
run1_C_readers	hybrid	off	cold	stride	16384	250000	4	4	3	2	2048	163125	646387	1667613	27430	38239546	53557	5	0	0	63.1	0.000
run1_C_readers	uring	off	cold	stride	16384	250000	4	4	4	0	2048	265608	824605	1696812	32372	48722027	42034	5	0	0	100.0	0.000
run1_C_readers	hybrid	off	cold	stride	16384	250000	4	4	4	1	2048	150028	527333	1415289	24202	33698973	60773	5	0	0	63.0	0.000
run1_C_readers	pool	off	cold	stride	16384	250000	4	4	4	2	2048	250354	681277	1751369	46109	41902202	48876	37	0	0	60.9	0.000
run1_C_readers	hybrid	off	cold	stride	16384	250000	4	4	5	0	2048	130723	514448	990987	27404	32097739	63805	5	0	0	62.1	0.000
run1_C_readers	pool	off	cold	stride	16384	250000	4	4	5	1	2048	152867	369104	1074951	29383	23155301	88446	31	0	0	59.6	0.000
run1_C_readers	uring	off	cold	stride	16384	250000	4	4	5	2	2048	186326	758912	1576551	28221	42400551	48301	5	0	0	100.0	0.000
run1_C_readers	pool	off	cold	stride	16384	250000	1	16	0	0	8192	7821	331759	1808040	25966	82360055	99466	29	0	0	16.5	0.000
run1_C_readers	uring	off	cold	stride	16384	250000	1	16	0	1	8192	4697	311877	1473637	20089	75973360	107827	5	0	0	100.0	0.000
run1_C_readers	hybrid	off	cold	stride	16384	250000	1	16	0	2	8192	4337	262543	1534635	17542	68158971	120190	5	0	0	16.5	0.000
run1_C_readers	uring	off	cold	stride	16384	250000	1	16	1	0	8192	3737	274133	1394206	15561	53458916	153239	5	0	0	100.0	0.000
run1_C_readers	hybrid	off	cold	stride	16384	250000	1	16	1	1	8192	4022	295116	1360020	12166	53068440	154367	5	0	0	16.9	0.000
run1_C_readers	pool	off	cold	stride	16384	250000	1	16	1	2	8192	3718	290122	1392256	14604	53852700	152119	35	0	0	17.1	0.000
run1_C_readers	hybrid	off	cold	stride	16384	250000	1	16	2	0	8192	3976	234635	910980	14888	43923884	186504	5	0	0	15.8	0.000
run1_C_readers	pool	off	cold	stride	16384	250000	1	16	2	1	8192	3879	299902	1583327	14159	57329196	142894	32	0	0	16.8	0.000
run1_C_readers	uring	off	cold	stride	16384	250000	1	16	2	2	8192	5326	291472	1977850	20450	75583688	108383	5	0	0	100.0	0.000
run1_C_readers	pool	off	cold	stride	16384	250000	1	16	3	0	8192	6485	390731	1886493	27941	91885430	89155	28	0	0	16.8	0.000
run1_C_readers	uring	off	cold	stride	16384	250000	1	16	3	1	8192	3859	307584	1638946	14368	55540703	147495	5	0	0	100.0	0.000
run1_C_readers	hybrid	off	cold	stride	16384	250000	1	16	3	2	8192	3957	279574	1552248	11824	49261599	166296	5	0	0	17.0	0.000
run1_C_readers	uring	off	cold	stride	16384	250000	1	16	4	0	8192	3430	265367	1302239	14691	48699203	168216	5	0	0	100.0	0.000
run1_C_readers	hybrid	off	cold	stride	16384	250000	1	16	4	1	8192	3886	257488	1045878	11024	46915865	174610	5	0	0	16.6	0.000
run1_C_readers	pool	off	cold	stride	16384	250000	1	16	4	2	8192	4070	261529	1506643	15080	54249971	151005	31	0	0	16.6	0.000
run1_C_readers	hybrid	off	cold	stride	16384	250000	1	16	5	0	8192	4007	273682	1330144	15505	50117333	163456	5	0	0	16.3	0.000
run1_C_readers	pool	off	cold	stride	16384	250000	1	16	5	1	8192	3957	262498	1424029	13845	49060740	166977	36	0	0	16.9	0.000
run1_C_readers	uring	off	cold	stride	16384	250000	1	16	5	2	8192	3493	284958	1254071	14399	47949031	170848	5	0	0	100.0	0.000
run1_C_readers	pool	off	cold	stride	16384	250000	4	16	0	0	8192	3991	946177	7424317	14418	47542297	172310	73	0	0	18.0	0.000
run1_C_readers	uring	off	cold	stride	16384	250000	4	16	0	1	8192	16001	829385	4705438	11497	43054234	190272	5	0	0	100.0	0.000
run1_C_readers	hybrid	off	cold	stride	16384	250000	4	16	0	2	8192	4252	747739	2191185	14446	44981760	182118	5	0	0	16.2	0.000
run1_C_readers	uring	off	cold	stride	16384	250000	4	16	1	0	8192	13857	914785	4954488	11940	45130268	181519	5	0	0	100.0	0.000
run1_C_readers	hybrid	off	cold	stride	16384	250000	4	16	1	1	8192	4060	705129	3165750	11086	45545134	179866	5	0	0	16.7	0.000
run1_C_readers	pool	off	cold	stride	16384	250000	4	16	1	2	8192	4032	884273	6847628	17126	45089034	181685	67	0	0	16.2	0.000
run1_C_readers	hybrid	off	cold	stride	16384	250000	4	16	2	0	8192	4391	786321	2711697	11523	46413933	176499	5	0	0	17.2	0.000
run1_C_readers	pool	off	cold	stride	16384	250000	4	16	2	1	8192	4074	967791	6669452	17240	46064893	177836	74	0	0	18.0	0.000
run1_C_readers	uring	off	cold	stride	16384	250000	4	16	2	2	8192	14728	788362	6300457	10418	39913336	205245	5	0	0	100.0	0.000
run1_C_readers	pool	off	cold	stride	16384	250000	4	16	3	0	8192	3853	697322	5485486	14923	37882906	216245	63	0	0	16.3	0.000
run1_C_readers	uring	off	cold	stride	16384	250000	4	16	3	1	8192	13239	810116	4143866	12292	41480998	197488	5	0	0	100.0	0.000
run1_C_readers	hybrid	off	cold	stride	16384	250000	4	16	3	2	8192	4199	627365	2173378	14636	42325561	193547	5	0	0	17.0	0.000
run1_C_readers	uring	off	cold	stride	16384	250000	4	16	4	0	8192	15246	839589	4971161	12082	43878277	186698	5	0	0	100.0	0.000
run1_C_readers	hybrid	off	cold	stride	16384	250000	4	16	4	1	8192	4121	735892	2899816	14255	45696607	179269	5	0	0	16.6	0.000
run1_C_readers	pool	off	cold	stride	16384	250000	4	16	4	2	8192	3935	793235	2657573	15980	42557368	192493	76	0	0	16.0	0.000
run1_C_readers	hybrid	off	cold	stride	16384	250000	4	16	5	0	8192	3887	686469	2298221	12072	41803668	195964	5	0	0	16.9	0.000
run1_C_readers	pool	off	cold	stride	16384	250000	4	16	5	1	8192	3783	895371	6793097	14805	44292822	184951	76	0	0	17.9	0.000
run1_C_readers	uring	off	cold	stride	16384	250000	4	16	5	2	8192	13848	774015	3797258	10332	39350007	208183	5	0	0	100.0	0.000
run1_D_size4096	pool	off	cold	stride	4096	250000	1	1	0	0	512	50761	65105	212552	52999	27565543	18574	6	0	0	88.1	0.000
run1_D_size4096	hybrid	off	cold	stride	4096	250000	1	1	0	1	512	37846	42922	134369	19638	20276176	25251	5	0	0	88.1	0.000
run1_D_size4096	uring	off	cold	stride	4096	250000	1	1	0	2	512	38570	43324	269388	19404	21277300	24063	5	0	0	100.0	0.000
run1_D_size4096	hybrid	off	cold	stride	4096	250000	1	1	1	0	512	38313	41828	177900	20130	19923541	25698	5	0	0	87.9	0.000
run1_D_size4096	uring	off	cold	stride	4096	250000	1	1	1	1	512	38214	43335	155049	19123	20772542	24648	5	0	0	100.0	0.000
run1_D_size4096	pool	off	cold	stride	4096	250000	1	1	1	2	512	66121	75916	249779	57034	33706285	15190	6	0	0	88.1	0.000
run1_D_size4096	uring	off	cold	stride	4096	250000	1	1	2	0	512	38641	43694	159748	19932	20560144	24903	5	0	0	100.0	0.000
run1_D_size4096	pool	off	cold	stride	4096	250000	1	1	2	1	512	52706	65193	267893	53572	27751678	18449	6	0	0	88.1	0.000
run1_D_size4096	hybrid	off	cold	stride	4096	250000	1	1	2	2	512	40535	44550	222175	20426	21274712	24066	5	0	0	88.1	0.000
run1_D_size4096	pool	off	cold	stride	4096	250000	1	1	3	0	512	71744	77551	247677	72325	34849371	14692	6	0	0	87.7	0.000
run1_D_size4096	hybrid	off	cold	stride	4096	250000	1	1	3	1	512	35599	38626	200946	17839	18771544	27275	5	0	0	88.1	0.000
run1_D_size4096	uring	off	cold	stride	4096	250000	1	1	3	2	512	39766	44323	122056	19931	20734013	24694	5	0	0	100.0	0.000
run1_D_size4096	hybrid	off	cold	stride	4096	250000	1	1	4	0	512	39282	45875	242078	21026	21005656	24374	5	0	0	88.1	0.000
run1_D_size4096	uring	off	cold	stride	4096	250000	1	1	4	1	512	36878	41946	175436	17997	19570110	26162	5	0	0	100.0	0.000
run1_D_size4096	pool	off	cold	stride	4096	250000	1	1	4	2	512	70239	81339	255262	57143	35085029	14593	6	0	0	87.9	0.000
run1_D_size4096	uring	off	cold	stride	4096	250000	1	1	5	0	512	43000	54002	177059	22944	23144749	22122	5	0	0	100.0	0.000
run1_D_size4096	pool	off	cold	stride	4096	250000	1	1	5	1	512	55486	76502	368979	58184	32426402	15790	6	0	0	88.1	0.000
run1_D_size4096	hybrid	off	cold	stride	4096	250000	1	1	5	2	512	41713	54172	236735	23547	23483978	21802	5	0	0	87.9	0.000
run1_D_size4096	pool	off	cold	stride	4096	250000	16	1	0	0	512	154024	367533	1385982	42643	7755937	66014	30	0	0	91.2	0.000
run1_D_size4096	hybrid	off	cold	stride	4096	250000	16	1	0	1	512	95347	205010	1704980	8916	7403463	69157	5	0	0	92.6	0.000
run1_D_size4096	uring	off	cold	stride	4096	250000	16	1	0	2	512	149811	222617	1550262	6223	7037551	72753	5	0	0	100.0	0.000
run1_D_size4096	hybrid	off	cold	stride	4096	250000	16	1	1	0	512	98176	154621	1427337	6929	6521359	78511	5	0	0	91.8	0.000
run1_D_size4096	uring	off	cold	stride	4096	250000	16	1	1	1	512	161472	223232	1751134	6459	7874394	65021	5	0	0	100.0	0.000
run1_D_size4096	pool	off	cold	stride	4096	250000	16	1	1	2	512	202064	433181	1525063	46604	9145550	55984	31	0	0	92.0	0.000
run1_D_size4096	uring	off	cold	stride	4096	250000	16	1	2	0	512	162532	217311	1596866	6215	7216661	70947	5	0	0	100.0	0.000
run1_D_size4096	pool	off	cold	stride	4096	250000	16	1	2	1	512	218967	562883	1747279	53081	9928155	51571	31	0	0	92.2	0.000
run1_D_size4096	hybrid	off	cold	stride	4096	250000	16	1	2	2	512	90075	209291	1503990	8171	6841309	74839	5	0	0	92.6	0.000
run1_D_size4096	pool	off	cold	stride	4096	250000	16	1	3	0	512	194293	507520	1299419	44879	8820727	58045	37	0	0	91.2	0.000
run1_D_size4096	hybrid	off	cold	stride	4096	250000	16	1	3	1	512	86115	148116	1442145	6124	6005661	85253	5	0	0	92.8	0.000
run1_D_size4096	uring	off	cold	stride	4096	250000	16	1	3	2	512	168478	284189	1507946	5861	7589941	67458	5	0	0	100.0	0.000
run1_D_size4096	hybrid	off	cold	stride	4096	250000	16	1	4	0	512	87532	127643	1907895	6040	6506777	78687	5	0	0	92.6	0.000
run1_D_size4096	uring	off	cold	stride	4096	250000	16	1	4	1	512	155111	257726	1467381	6443	7228881	70827	5	0	0	100.0	0.000
run1_D_size4096	pool	off	cold	stride	4096	250000	16	1	4	2	512	222797	560474	1466660	49130	9813695	52172	33	0	0	91.8	0.000
run1_D_size4096	uring	off	cold	stride	4096	250000	16	1	5	0	512	169879	230929	1690634	6109	7649635	66931	5	0	0	100.0	0.000
run1_D_size4096	pool	off	cold	stride	4096	250000	16	1	5	1	512	188760	549484	1728803	43128	9628031	53178	37	0	0	92.6	0.000
run1_D_size4096	hybrid	off	cold	stride	4096	250000	16	1	5	2	512	102849	240930	1583777	9261	7826504	65419	5	0	0	92.6	0.000
run1_D_size4096	pool	off	warm	stride	4096	250000	1	1	0	0	512	893	1111	4252	1660	647449	790796	5	0	0	0.0	0.000
run1_D_size4096	hybrid	off	warm	stride	4096	250000	1	1	0	1	512	915	1082	3837	1766	732336	699133	5	0	0	0.0	0.000
run1_D_size4096	uring	off	warm	stride	4096	250000	1	1	0	2	512	1877	10062	16128	7345	2866883	178591	5	0	0	100.0	0.000
run1_D_size4096	hybrid	off	warm	stride	4096	250000	1	1	1	0	512	1033	1219	1444	1737	824147	621248	5	0	0	0.0	0.000
run1_D_size4096	uring	off	warm	stride	4096	250000	1	1	1	1	512	1678	9805	17406	6713	2579254	198507	5	0	0	100.0	0.000
run1_D_size4096	pool	off	warm	stride	4096	250000	1	1	1	2	512	865	1016	1266	1393	610725	838348	5	0	0	0.0	0.000
run1_D_size4096	uring	off	warm	stride	4096	250000	1	1	2	0	512	1191	8364	11891	4092	1619500	316147	5	0	0	100.0	0.000
run1_D_size4096	pool	off	warm	stride	4096	250000	1	1	2	1	512	1065	1249	1631	1594	728966	702365	5	0	0	0.0	0.000
run1_D_size4096	hybrid	off	warm	stride	4096	250000	1	1	2	2	512	876	1020	3685	1700	720311	710804	5	0	0	0.0	0.000
run1_D_size4096	pool	off	warm	stride	4096	250000	1	1	3	0	512	980	1163	4895	1556	701555	729807	5	0	0	0.0	0.000
run1_D_size4096	hybrid	off	warm	stride	4096	250000	1	1	3	1	512	1027	1233	2351	1851	869810	588634	5	0	0	0.0	0.000
run1_D_size4096	uring	off	warm	stride	4096	250000	1	1	3	2	512	1465	10057	17765	5802	2201931	232523	5	0	0	100.0	0.000
run1_D_size4096	hybrid	off	warm	stride	4096	250000	1	1	4	0	512	952	1101	4665	1670	786176	651254	5	0	0	0.0	0.000
run1_D_size4096	uring	off	warm	stride	4096	250000	1	1	4	1	512	1532	10112	15205	5837	2290930	223490	5	0	0	100.0	0.000
run1_D_size4096	pool	off	warm	stride	4096	250000	1	1	4	2	512	967	1126	4329	1483	707520	723654	5	0	0	0.0	0.000
run1_D_size4096	uring	off	warm	stride	4096	250000	1	1	5	0	512	1437	10160	16648	5390	2039023	251101	5	0	0	100.0	0.000
run1_D_size4096	pool	off	warm	stride	4096	250000	1	1	5	1	512	934	1110	4412	1554	699766	731673	5	0	0	0.0	0.000
run1_D_size4096	hybrid	off	warm	stride	4096	250000	1	1	5	2	512	934	1094	3812	1708	806441	634888	5	0	0	0.0	0.000
run1_D_size4096	pool	off	warm	stride	4096	250000	16	1	0	0	512	1302	1589	5279	2480	396385	1291673	5	0	0	0.0	0.000
run1_D_size4096	hybrid	off	warm	stride	4096	250000	16	1	0	1	512	960	1138	6061	2322	884878	578611	5	0	0	0.0	0.000
run1_D_size4096	uring	off	warm	stride	4096	250000	16	1	0	2	512	21240	28409	43776	2518	1015152	504358	5	0	0	100.0	0.000
run1_D_size4096	hybrid	off	warm	stride	4096	250000	16	1	1	0	512	994	1145	1313	1743	822001	622870	5	0	0	0.0	0.000
run1_D_size4096	uring	off	warm	stride	4096	250000	16	1	1	1	512	21416	27927	44215	2406	1067879	479455	5	0	0	100.0	0.000
run1_D_size4096	pool	off	warm	stride	4096	250000	16	1	1	2	512	1273	1603	5598	2416	337851	1515461	5	0	0	0.0	0.000
run1_D_size4096	uring	off	warm	stride	4096	250000	16	1	2	0	512	20447	29786	49934	2400	1054024	485757	5	0	0	100.0	0.000
run1_D_size4096	pool	off	warm	stride	4096	250000	16	1	2	1	512	1186	1437	5052	2199	581716	880155	5	0	0	0.0	0.000
run1_D_size4096	hybrid	off	warm	stride	4096	250000	16	1	2	2	512	1038	1190	4505	2365	854661	599068	5	0	0	0.0	0.000
run1_D_size4096	pool	off	warm	stride	4096	250000	16	1	3	0	512	1232	1399	3374	1926	355891	1438643	5	0	0	0.0	0.000
run1_D_size4096	hybrid	off	warm	stride	4096	250000	16	1	3	1	512	1033	1186	4860	2000	853053	600197	5	0	0	0.0	0.000
run1_D_size4096	uring	off	warm	stride	4096	250000	16	1	3	2	512	20197	22755	41090	2142	946264	541075	5	0	0	100.0	0.000
run1_D_size4096	hybrid	off	warm	stride	4096	250000	16	1	4	0	512	1023	1173	1355	1659	776336	659508	5	0	0	0.0	0.000
run1_D_size4096	uring	off	warm	stride	4096	250000	16	1	4	1	512	21559	27618	38179	2334	917557	558003	5	0	0	100.0	0.000
run1_D_size4096	pool	off	warm	stride	4096	250000	16	1	4	2	512	1234	1555	5548	2727	388888	1316574	5	0	0	0.0	0.000
run1_D_size4096	uring	off	warm	stride	4096	250000	16	1	5	0	512	22507	28460	37458	2391	982892	520912	5	0	0	100.0	0.000
run1_D_size4096	pool	off	warm	stride	4096	250000	16	1	5	1	512	1152	1345	1732	1928	296866	1724684	5	0	0	0.0	0.000
run1_D_size4096	hybrid	off	warm	stride	4096	250000	16	1	5	2	512	1034	1220	4926	1775	831355	615862	5	0	0	0.0	0.000
run1_D_size65536	pool	off	cold	stride	65536	250000	1	1	0	0	512	107219	132298	465597	71217	52323860	9785	6	0	0	76.8	0.000
run1_D_size65536	hybrid	off	cold	stride	65536	250000	1	1	0	1	512	82891	95692	395387	37233	42118572	12156	5	0	0	77.1	0.000
run1_D_size65536	uring	off	cold	stride	65536	250000	1	1	0	2	512	81161	94180	340335	35479	41368541	12377	5	0	0	100.0	0.000
run1_D_size65536	hybrid	off	cold	stride	65536	250000	1	1	1	0	512	73218	92955	405382	34770	38908703	13159	5	0	0	77.1	0.000
run1_D_size65536	uring	off	cold	stride	65536	250000	1	1	1	1	512	76781	93382	394678	34739	39601026	12929	5	0	0	100.0	0.000
run1_D_size65536	pool	off	cold	stride	65536	250000	1	1	1	2	512	89108	118334	354026	61822	44174415	11590	6	0	0	77.1	0.000
run1_D_size65536	uring	off	cold	stride	65536	250000	1	1	2	0	512	73302	92377	311760	35031	37763300	13558	5	0	0	100.0	0.000
run1_D_size65536	pool	off	cold	stride	65536	250000	1	1	2	1	512	99128	125951	445208	65638	49078522	10432	6	0	0	76.8	0.000
run1_D_size65536	hybrid	off	cold	stride	65536	250000	1	1	2	2	512	73360	91932	444725	33414	38438663	13320	5	0	0	77.1	0.000
run1_D_size65536	pool	off	cold	stride	65536	250000	1	1	3	0	512	95239	120083	464493	63603	47744496	10724	6	0	0	77.3	0.000
run1_D_size65536	hybrid	off	cold	stride	65536	250000	1	1	3	1	512	77526	94220	456437	32975	40237054	12725	5	0	0	77.1	0.000
run1_D_size65536	uring	off	cold	stride	65536	250000	1	1	3	2	512	75068	90941	300644	35576	38432707	13322	5	0	0	100.0	0.000
run1_D_size65536	hybrid	off	cold	stride	65536	250000	1	1	4	0	512	83424	103978	405218	39746	42810923	11960	5	0	0	77.1	0.000
run1_D_size65536	uring	off	cold	stride	65536	250000	1	1	4	1	512	78590	101931	328746	39118	40731987	12570	5	0	0	100.0	0.000
run1_D_size65536	pool	off	cold	stride	65536	250000	1	1	4	2	512	109038	130949	466632	76577	52392921	9772	6	0	0	76.4	0.000
run1_D_size65536	uring	off	cold	stride	65536	250000	1	1	5	0	512	85098	101848	379064	43473	42376607	12082	5	0	0	100.0	0.000
run1_D_size65536	pool	off	cold	stride	65536	250000	1	1	5	1	512	101702	127537	370160	69685	48695403	10514	6	0	0	76.8	0.000
run1_D_size65536	hybrid	off	cold	stride	65536	250000	1	1	5	2	512	73678	89901	381266	34762	38160112	13417	5	0	0	77.0	0.000
run1_D_size65536	pool	off	cold	stride	65536	250000	16	1	0	0	512	487687	973566	1674831	67283	18440991	27764	25	0	0	90.8	0.000
run1_D_size65536	hybrid	off	cold	stride	65536	250000	16	1	0	1	512	481881	1241141	1954088	22329	22248337	23013	5	0	0	91.2	0.000
run1_D_size65536	uring	off	cold	stride	65536	250000	16	1	0	2	512	709332	817121	1013716	29711	23976885	21354	5	0	0	100.0	0.000
run1_D_size65536	hybrid	off	cold	stride	65536	250000	16	1	1	0	512	491773	1064555	2232238	23981	22519979	22735	5	0	0	91.4	0.000
run1_D_size65536	uring	off	cold	stride	65536	250000	16	1	1	1	512	752728	921278	1440144	29983	25473057	20100	5	0	0	100.0	0.000
run1_D_size65536	pool	off	cold	stride	65536	250000	16	1	1	2	512	546191	1253132	2097085	72077	21864040	23417	37	0	0	92.0	0.000
run1_D_size65536	uring	off	cold	stride	65536	250000	16	1	2	0	512	779386	974339	1634839	25137	25440003	20126	5	0	0	100.0	0.000
run1_D_size65536	pool	off	cold	stride	65536	250000	16	1	2	1	512	530384	1198492	1853406	61859	20687030	24750	32	0	0	92.8	0.000
run1_D_size65536	hybrid	off	cold	stride	65536	250000	16	1	2	2	512	478884	808199	1855767	24387	21331562	24002	5	0	0	89.1	0.000
run1_D_size65536	pool	off	cold	stride	65536	250000	16	1	3	0	512	543404	1164976	1735781	67405	21061395	24310	27	0	0	92.8	0.000
run1_D_size65536	hybrid	off	cold	stride	65536	250000	16	1	3	1	512	540299	1120027	1777246	27220	23625332	21672	5	0	0	90.6	0.000
run1_D_size65536	uring	off	cold	stride	65536	250000	16	1	3	2	512	759145	900031	1629263	27621	24017780	21318	5	0	0	100.0	0.000
run1_D_size65536	hybrid	off	cold	stride	65536	250000	16	1	4	0	512	485439	1045339	1836919	26016	21986982	23287	5	0	0	89.6	0.000
run1_D_size65536	uring	off	cold	stride	65536	250000	16	1	4	1	512	768763	847454	1944143	26098	24908786	20555	5	0	0	100.0	0.000
run1_D_size65536	pool	off	cold	stride	65536	250000	16	1	4	2	512	465018	978780	1673737	64560	17670497	28975	31	0	0	91.6	0.000
run1_D_size65536	uring	off	cold	stride	65536	250000	16	1	5	0	512	729098	862229	1388439	26435	23635948	21662	5	0	0	100.0	0.000
run1_D_size65536	pool	off	cold	stride	65536	250000	16	1	5	1	512	472888	1007536	1505717	60525	18187879	28151	27	0	0	92.2	0.000
run1_D_size65536	hybrid	off	cold	stride	65536	250000	16	1	5	2	512	480038	971118	1592232	25551	21896263	23383	5	0	0	90.6	0.000
run1_D_size65536	pool	off	warm	stride	65536	250000	1	1	0	0	512	9321	11142	37880	11314	5388614	95015	5	0	0	0.0	0.000
run1_D_size65536	hybrid	off	warm	stride	65536	250000	1	1	0	1	512	8097	9830	32281	10251	4824061	106135	5	0	0	0.0	0.000
run1_D_size65536	uring	off	warm	stride	65536	250000	1	1	0	2	512	14945	20143	37395	20258	8801188	58174	5	0	0	100.0	0.000
run1_D_size65536	hybrid	off	warm	stride	65536	250000	1	1	1	0	512	7606	9346	38354	9405	4576983	111864	5	0	0	0.0	0.000
run1_D_size65536	uring	off	warm	stride	65536	250000	1	1	1	1	512	14773	16682	36438	19713	8346517	61343	5	0	0	100.0	0.000
run1_D_size65536	pool	off	warm	stride	65536	250000	1	1	1	2	512	7148	8884	25078	9205	4276691	119719	5	0	0	0.0	0.000
run1_D_size65536	uring	off	warm	stride	65536	250000	1	1	2	0	512	14647	17577	35996	20012	8275529	61869	5	0	0	100.0	0.000
run1_D_size65536	pool	off	warm	stride	65536	250000	1	1	2	1	512	7085	8727	25213	8773	4206192	121725	5	0	0	0.0	0.000
run1_D_size65536	hybrid	off	warm	stride	65536	250000	1	1	2	2	512	6607	7456	24741	8289	3928489	130330	5	0	0	0.0	0.000
run1_D_size65536	pool	off	warm	stride	65536	250000	1	1	3	0	512	6761	8139	48925	8651	4281388	119587	5	0	0	0.0	0.000
run1_D_size65536	hybrid	off	warm	stride	65536	250000	1	1	3	1	512	7866	8851	25161	9814	4650446	110097	5	0	0	0.0	0.000
run1_D_size65536	uring	off	warm	stride	65536	250000	1	1	3	2	512	13776	17697	36356	19113	7916986	64671	5	0	0	100.0	0.000
run1_D_size65536	hybrid	off	warm	stride	65536	250000	1	1	4	0	512	6267	6858	19933	7812	3653117	140154	5	0	0	0.0	0.000
run1_D_size65536	uring	off	warm	stride	65536	250000	1	1	4	1	512	13523	17527	37374	18679	7678561	66679	5	0	0	100.0	0.000
run1_D_size65536	pool	off	warm	stride	65536	250000	1	1	4	2	512	6810	7454	24290	8298	3949537	129635	5	0	0	0.0	0.000
run1_D_size65536	uring	off	warm	stride	65536	250000	1	1	5	0	512	13311	16673	31422	18105	7504475	68226	5	0	0	100.0	0.000
run1_D_size65536	pool	off	warm	stride	65536	250000	1	1	5	1	512	6152	6667	19714	7242	3639842	140665	5	0	0	0.0	0.000
run1_D_size65536	hybrid	off	warm	stride	65536	250000	1	1	5	2	512	6277	7060	21410	7526	3856870	132750	5	0	0	0.0	0.000
run1_D_size65536	pool	off	warm	stride	65536	250000	16	1	0	0	512	7132	9295	49738	9205	1348130	379785	5	0	0	0.0	0.000
run1_D_size65536	hybrid	off	warm	stride	65536	250000	16	1	0	1	512	7428	8355	23666	10106	4769617	107346	5	0	0	0.0	0.000
run1_D_size65536	uring	off	warm	stride	65536	250000	16	1	0	2	512	151451	180858	197879	11983	5561364	92064	5	0	0	100.0	0.000
run1_D_size65536	hybrid	off	warm	stride	65536	250000	16	1	1	0	512	7565	9320	27562	10685	5105522	100284	5	0	0	0.0	0.000
run1_D_size65536	uring	off	warm	stride	65536	250000	16	1	1	1	512	141629	164830	217880	10939	5282027	96932	5	0	0	100.0	0.000
run1_D_size65536	pool	off	warm	stride	65536	250000	16	1	1	2	512	7001	8720	23216	9422	1372755	372973	5	0	0	0.0	0.000
run1_D_size65536	uring	off	warm	stride	65536	250000	16	1	2	0	512	135131	151999	182662	10988	5058054	101225	5	0	0	100.0	0.000
run1_D_size65536	pool	off	warm	stride	65536	250000	16	1	2	1	512	7075	9717	25459	8876	1514666	338028	5	0	0	0.0	0.000
run1_D_size65536	hybrid	off	warm	stride	65536	250000	16	1	2	2	512	7182	8068	41435	10231	4858303	105387	5	0	0	0.0	0.000
run1_D_size65536	pool	off	warm	stride	65536	250000	16	1	3	0	512	6854	7776	31848	8369	1206501	424368	5	0	0	0.0	0.000
run1_D_size65536	hybrid	off	warm	stride	65536	250000	16	1	3	1	512	7401	8422	41967	9350	4617396	110885	5	0	0	0.0	0.000
run1_D_size65536	uring	off	warm	stride	65536	250000	16	1	3	2	512	113366	135870	167627	9213	4196739	121999	5	0	0	100.0	0.000
run1_D_size65536	hybrid	off	warm	stride	65536	250000	16	1	4	0	512	7780	9029	29700	10535	5295830	96680	5	0	0	0.0	0.000
run1_D_size65536	uring	off	warm	stride	65536	250000	16	1	4	1	512	143042	165174	211268	10771	5269033	97172	5	0	0	100.0	0.000
run1_D_size65536	pool	off	warm	stride	65536	250000	16	1	4	2	512	7119	9634	47604	9717	1290928	396614	5	0	0	0.0	0.000
run1_D_size65536	uring	off	warm	stride	65536	250000	16	1	5	0	512	136180	163826	195829	10976	5201641	98430	5	0	0	100.0	0.000
run1_D_size65536	pool	off	warm	stride	65536	250000	16	1	5	1	512	6811	7446	23192	8166	1131071	452668	5	0	0	0.0	0.000
run1_D_size65536	hybrid	off	warm	stride	65536	250000	16	1	5	2	512	7252	8003	24780	9600	4815638	106320	5	0	0	0.0	0.000
run1_D_size250000	pool	off	cold	sweep	250000	250000	1	1	0	0	512	40246	823882	1709407	351530	186722576	2742	6	0	0	1.4	0.000
run1_D_size250000	hybrid	off	cold	sweep	250000	250000	1	1	0	1	512	26710	52467	828260	57848	43771054	11697	5	0	0	2.0	0.000
run1_D_size250000	uring	off	cold	sweep	250000	250000	1	1	0	2	512	25897	142450	1013719	82795	55737390	9186	5	0	0	100.0	0.000
run1_D_size250000	hybrid	off	cold	sweep	250000	250000	1	1	1	0	512	32528	980262	2232734	293425	166102023	3082	5	0	0	1.8	0.000
run1_D_size250000	uring	off	cold	sweep	250000	250000	1	1	1	1	512	23066	37101	511379	28834	30448742	16815	5	0	0	100.0	0.000
run1_D_size250000	pool	off	cold	sweep	250000	250000	1	1	1	2	512	25024	42725	381834	31940	30515553	16778	6	0	0	2.0	0.000
run1_D_size250000	uring	off	cold	sweep	250000	250000	1	1	2	0	512	22097	40044	442837	27000	28733394	17819	5	0	0	100.0	0.000
run1_D_size250000	pool	off	cold	sweep	250000	250000	1	1	2	1	512	37633	834223	1845124	303534	170972733	2995	6	0	0	2.0	0.000
run1_D_size250000	hybrid	off	cold	sweep	250000	250000	1	1	2	2	512	26333	47391	375019	34371	31866690	16067	5	0	0	2.1	0.000
run1_D_size250000	pool	off	cold	sweep	250000	250000	1	1	3	0	512	37588	725430	1690849	271776	154819622	3307	6	0	0	2.0	0.000
run1_D_size250000	hybrid	off	cold	sweep	250000	250000	1	1	3	1	512	25682	43067	464133	31558	31031320	16499	5	0	0	2.1	0.000
run1_D_size250000	uring	off	cold	sweep	250000	250000	1	1	3	2	512	25218	37561	473334	29543	29928751	17107	5	0	0	100.0	0.000
run1_D_size250000	hybrid	off	cold	sweep	250000	250000	1	1	4	0	512	26251	42911	544141	31090	28932626	17696	5	0	0	2.3	0.000
run1_D_size250000	uring	off	cold	sweep	250000	250000	1	1	4	1	512	31156	796040	1639890	292131	162299657	3155	5	0	0	100.0	0.000
run1_D_size250000	pool	off	cold	sweep	250000	250000	1	1	4	2	512	27540	740503	1321693	144311	88453261	5788	6	0	0	2.0	0.000
run1_D_size250000	uring	off	cold	sweep	250000	250000	1	1	5	0	512	23390	53944	2042639	81211	56481635	9065	5	0	0	100.0	0.000
run1_D_size250000	pool	off	cold	sweep	250000	250000	1	1	5	1	512	27052	50021	1468107	54668	45255015	11314	6	0	0	2.1	0.000
run1_D_size250000	hybrid	off	cold	sweep	250000	250000	1	1	5	2	512	25743	41833	521655	30820	30608239	16728	5	0	0	2.1	0.000
run1_D_size250000	pool	off	cold	sweep	250000	250000	16	1	0	0	512	40632	3376429	6595583	70947	27861803	18376	30	0	0	26.6	0.000
run1_D_size250000	hybrid	off	cold	sweep	250000	250000	16	1	0	1	512	39462	2266373	4387283	81769	55464669	9231	5	0	0	21.5	0.000
run1_D_size250000	uring	off	cold	sweep	250000	250000	16	1	0	2	512	504125	2925575	3659051	38174	32640311	15686	5	0	0	100.0	0.000
run1_D_size250000	hybrid	off	cold	sweep	250000	250000	16	1	1	0	512	34512	1484101	2710321	42958	30476961	16800	5	0	0	11.5	0.000
run1_D_size250000	uring	off	cold	sweep	250000	250000	16	1	1	1	512	548730	2875438	11277267	59948	39955713	12814	5	0	0	100.0	0.000
run1_D_size250000	pool	off	cold	sweep	250000	250000	16	1	1	2	512	31666	2957566	5927183	56001	23154617	22112	25	0	0	24.6	0.000
run1_D_size250000	uring	off	cold	sweep	250000	250000	16	1	2	0	512	531712	2352632	3299504	37555	28742328	17813	5	0	0	100.0	0.000
run1_D_size250000	pool	off	cold	sweep	250000	250000	16	1	2	1	512	29520	3100917	3912225	56331	21935191	23341	36	0	0	24.6	0.000
run1_D_size250000	hybrid	off	cold	sweep	250000	250000	16	1	2	2	512	32854	1359045	2913654	48442	33336533	15359	5	0	0	11.5	0.000
run1_D_size250000	pool	off	cold	sweep	250000	250000	16	1	3	0	512	27534	2855829	4638688	54264	22385259	22872	39	0	0	24.6	0.000
run1_D_size250000	hybrid	off	cold	sweep	250000	250000	16	1	3	1	512	31595	943032	2373584	39337	29057371	17620	5	0	0	12.7	0.000
run1_D_size250000	uring	off	cold	sweep	250000	250000	16	1	3	2	512	586461	2425400	3534381	41211	31425507	16292	5	0	0	100.0	0.000
run1_D_size250000	hybrid	off	cold	sweep	250000	250000	16	1	4	0	512	33168	1398931	3247054	41159	31211759	16404	5	0	0	11.5	0.000
run1_D_size250000	uring	off	cold	sweep	250000	250000	16	1	4	1	512	615880	2777160	3352502	48918	34179898	14980	5	0	0	100.0	0.000
run1_D_size250000	pool	off	cold	sweep	250000	250000	16	1	4	2	512	36178	2798399	6378513	74341	25473151	20100	44	0	0	27.5	0.000
run1_D_size250000	uring	off	cold	sweep	250000	250000	16	1	5	0	512	559549	2238438	3470649	40346	28970954	17673	5	0	0	100.0	0.000
run1_D_size250000	pool	off	cold	sweep	250000	250000	16	1	5	1	512	28228	2609496	4863723	52998	20178691	25373	28	0	0	24.4	0.000
run1_D_size250000	hybrid	off	cold	sweep	250000	250000	16	1	5	2	512	28787	1154881	2365678	46399	31465596	16272	5	0	0	11.5	0.000
run1_D_size250000	pool	off	warm	sweep	250000	250000	1	1	0	0	512	16956	29277	62988	21246	10681842	47932	5	0	0	0.0	0.000
run1_D_size250000	hybrid	off	warm	sweep	250000	250000	1	1	0	1	512	15899	26349	58261	20166	10180223	50294	5	0	0	0.0	0.000
run1_D_size250000	uring	off	warm	sweep	250000	250000	1	1	0	2	512	23484	33677	58106	30522	13715090	37331	5	0	0	100.0	0.000
run1_D_size250000	hybrid	off	warm	sweep	250000	250000	1	1	1	0	512	15655	27677	54931	19469	9789979	52298	5	0	0	0.0	0.000
run1_D_size250000	uring	off	warm	sweep	250000	250000	1	1	1	1	512	20499	30053	55363	28303	12451574	41119	5	0	0	100.0	0.000
run1_D_size250000	pool	off	warm	sweep	250000	250000	1	1	1	2	512	12658	23055	58552	16614	8509439	60168	5	0	0	0.0	0.000
run1_D_size250000	uring	off	warm	sweep	250000	250000	1	1	2	0	512	19281	27929	57991	22529	10447582	49007	5	0	0	100.0	0.000
run1_D_size250000	pool	off	warm	sweep	250000	250000	1	1	2	1	512	13272	27411	55374	18680	9512069	53826	5	0	0	0.0	0.000
run1_D_size250000	hybrid	off	warm	sweep	250000	250000	1	1	2	2	512	12670	23848	52443	16556	8256943	62008	5	0	0	0.0	0.000
run1_D_size250000	pool	off	warm	sweep	250000	250000	1	1	3	0	512	13135	32456	756434	65940	33369615	15343	5	0	0	0.0	0.000
run1_D_size250000	hybrid	off	warm	sweep	250000	250000	1	1	3	1	512	12952	23369	59544	17178	8465794	60479	5	0	0	0.0	0.000
run1_D_size250000	uring	off	warm	sweep	250000	250000	1	1	3	2	512	21830	29675	51905	28732	12716649	40262	5	0	0	100.0	0.000
run1_D_size250000	hybrid	off	warm	sweep	250000	250000	1	1	4	0	512	13367	26854	61393	18848	9581394	53437	5	0	0	0.0	0.000
run1_D_size250000	uring	off	warm	sweep	250000	250000	1	1	4	1	512	20692	28164	49125	26677	11961019	42806	5	0	0	100.0	0.000
run1_D_size250000	pool	off	warm	sweep	250000	250000	1	1	4	2	512	14758	28013	61311	19060	9656458	53022	5	0	0	0.0	0.000
run1_D_size250000	uring	off	warm	sweep	250000	250000	1	1	5	0	512	20602	28703	51666	27262	12128859	42213	5	0	0	100.0	0.000
run1_D_size250000	pool	off	warm	sweep	250000	250000	1	1	5	1	512	11506	21055	42711	14796	7331204	69838	5	0	0	0.0	0.000
run1_D_size250000	hybrid	off	warm	sweep	250000	250000	1	1	5	2	512	12616	23657	52437	16253	8246196	62089	5	0	0	0.0	0.000
run1_D_size250000	pool	off	warm	sweep	250000	250000	16	1	0	0	512	13641	25445	65503	18740	2406327	212772	5	0	0	0.0	0.000
run1_D_size250000	hybrid	off	warm	sweep	250000	250000	16	1	0	1	512	19525	28803	59899	59826	30321196	16886	5	0	0	0.0	0.000
run1_D_size250000	uring	off	warm	sweep	250000	250000	16	1	0	2	512	402332	506098	756223	31933	15823887	32356	5	0	0	100.0	0.000
run1_D_size250000	hybrid	off	warm	sweep	250000	250000	16	1	1	0	512	21623	31041	66213	27381	13704567	37360	5	0	0	0.0	0.000
run1_D_size250000	uring	off	warm	sweep	250000	250000	16	1	1	1	512	429634	497912	687677	30704	15209046	33664	5	0	0	100.0	0.000
run1_D_size250000	pool	off	warm	sweep	250000	250000	16	1	1	2	512	12582	21542	51530	16048	2803874	182604	5	0	0	0.0	0.000
run1_D_size250000	uring	off	warm	sweep	250000	250000	16	1	2	0	512	388444	502732	1073919	30074	15052656	34014	5	0	0	100.0	0.000
run1_D_size250000	pool	off	warm	sweep	250000	250000	16	1	2	1	512	13265	24628	51571	17305	2282183	224347	5	0	0	0.0	0.000
run1_D_size250000	hybrid	off	warm	sweep	250000	250000	16	1	2	2	512	20282	29275	59230	26859	13627272	37572	5	0	0	0.0	0.000
run1_D_size250000	pool	off	warm	sweep	250000	250000	16	1	3	0	512	13228	24927	64558	17846	2578892	198535	5	0	0	0.0	0.000
run1_D_size250000	hybrid	off	warm	sweep	250000	250000	16	1	3	1	512	19982	28940	59231	25319	12722093	40245	5	0	0	0.0	0.000
run1_D_size250000	uring	off	warm	sweep	250000	250000	16	1	3	2	512	400334	493232	546931	28988	14192482	36075	5	0	0	100.0	0.000
run1_D_size250000	hybrid	off	warm	sweep	250000	250000	16	1	4	0	512	19992	28612	63009	24827	12767942	40100	5	0	0	0.0	0.000
run1_D_size250000	uring	off	warm	sweep	250000	250000	16	1	4	1	512	403932	507587	560361	30184	15016723	34095	5	0	0	100.0	0.000
run1_D_size250000	pool	off	warm	sweep	250000	250000	16	1	4	2	512	14655	25891	56161	19354	2527614	202563	5	0	0	0.0	0.000
run1_D_size250000	uring	off	warm	sweep	250000	250000	16	1	5	0	512	406253	510539	584759	28961	14621495	35017	5	0	0	100.0	0.000
run1_D_size250000	pool	off	warm	sweep	250000	250000	16	1	5	1	512	12885	23477	47877	16456	2823749	181319	5	0	0	0.0	0.000
run1_D_size250000	hybrid	off	warm	sweep	250000	250000	16	1	5	2	512	19635	28344	58949	25024	12591731	40662	5	0	0	0.0	0.000
run1_E_safety	pool	off	cold	stride	16384	250000	1	1	0	0	512	74793	85252	230499	89976	35263184	14519	6	34985	165397	87.9	0.000
run1_E_safety	uring	off	cold	stride	16384	250000	1	1	0	1	512	64711	85220	393960	105086	36682390	13958	5	33929	144713	100.0	0.000
run1_E_safety	hybrid	off	cold	stride	16384	250000	1	1	0	2	512	56947	69037	231260	92525	30003841	17064	5	28675	166965	87.9	0.000
run1_E_safety	pooled_pread	off	cold	stride	16384	250000	1	1	0	3	512	60286	74892	162270	101792	33004792	15513	7	22829	169477	100.0	0.000
run1_E_safety	uring	off	cold	stride	16384	250000	1	1	1	0	512	55759	71880	394430	87834	30788797	16629	5	23159	194076	100.0	0.000
run1_E_safety	hybrid	off	cold	stride	16384	250000	1	1	1	1	512	58605	72149	222152	86040	29904404	17121	5	29697	110386	88.1	0.000
run1_E_safety	pooled_pread	off	cold	stride	16384	250000	1	1	1	2	512	50110	78934	275013	96649	30811445	16617	7	21348	93070	100.0	0.000
run1_E_safety	pool	off	cold	stride	16384	250000	1	1	1	3	512	59636	69975	332900	80146	33637357	15221	6	68235	153537	87.9	0.000
run1_E_safety	hybrid	off	cold	stride	16384	250000	1	1	2	0	512	73064	96634	164532	102169	35962765	14237	5	20722	80675	87.9	0.000
run1_E_safety	pooled_pread	off	cold	stride	16384	250000	1	1	2	1	512	62198	71316	274470	94489	31609474	16198	7	17581	43616	100.0	0.000
run1_E_safety	pool	off	cold	stride	16384	250000	1	1	2	2	512	49806	75203	182127	72471	28822673	17764	6	34468	157252	88.1	0.000
run1_E_safety	uring	off	cold	stride	16384	250000	1	1	2	3	512	54603	68262	143428	80888	28541324	17939	5	23009	215930	100.0	0.000
run1_E_safety	pooled_pread	off	cold	stride	16384	250000	1	1	3	0	512	54367	72748	163546	94498	29652057	17267	7	23853	74208	100.0	0.000
run1_E_safety	pool	off	cold	stride	16384	250000	1	1	3	1	512	64284	78519	178586	94045	32689121	15663	6	43286	169060	87.9	0.000
run1_E_safety	uring	off	cold	stride	16384	250000	1	1	3	2	512	67633	78307	289835	87281	32913945	15556	5	13672	232721	100.0	0.000
run1_E_safety	hybrid	off	cold	stride	16384	250000	1	1	3	3	512	59930	73797	344131	90644	31693159	16155	5	27413	128837	88.1	0.000
run1_E_safety	pool	off	cold	stride	16384	250000	1	1	4	0	512	71825	93444	224082	92532	36168060	14156	6	36995	166889	88.1	0.000
run1_E_safety	uring	off	cold	stride	16384	250000	1	1	4	1	512	62603	86249	320908	93205	33533940	15268	5	28190	110698	100.0	0.000
run1_E_safety	hybrid	off	cold	stride	16384	250000	1	1	4	2	512	64412	81768	162269	91656	33802085	15147	5	23859	123616	87.7	0.000
run1_E_safety	pooled_pread	off	cold	stride	16384	250000	1	1	4	3	512	65463	98147	207254	119152	37063114	13814	7	21016	105815	100.0	0.000
run1_E_safety	uring	off	cold	stride	16384	250000	1	1	5	0	512	76064	86930	179612	98044	35825957	14291	5	16700	251254	100.0	0.000
run1_E_safety	hybrid	off	cold	stride	16384	250000	1	1	5	1	512	63129	80793	369401	100199	35745134	14324	5	51156	1527129	87.9	0.000
run1_E_safety	pooled_pread	off	cold	stride	16384	250000	1	1	5	2	512	66983	87969	297046	114787	36220290	14136	7	20201	388539	100.0	0.000
run1_E_safety	pool	off	cold	stride	16384	250000	1	1	5	3	512	63285	82519	200849	81849	32049243	15975	6	35987	179205	88.1	0.000
run1_E_safety	pool	off	cold	stride	16384	250000	16	1	0	0	512	214524	510217	1253970	49007	9189696	55715	33	37195	1774656	91.6	0.000
run1_E_safety	uring	off	cold	stride	16384	250000	16	1	0	1	512	242743	359879	1298563	29239	9289987	55113	5	13814	234540	100.0	0.000
run1_E_safety	hybrid	off	cold	stride	16384	250000	16	1	0	2	512	159114	300014	1292810	29576	8828052	57997	5	12061	256160	91.8	0.000
run1_E_safety	pooled_pread	off	cold	stride	16384	250000	16	1	0	3	512	195088	420175	1270685	46036	8575352	59706	44	14481	2077242	100.0	0.000
run1_E_safety	uring	off	cold	stride	16384	250000	16	1	1	0	512	278111	464710	1426851	32398	10617346	48223	5	12841	241609	100.0	0.000
run1_E_safety	hybrid	off	cold	stride	16384	250000	16	1	1	1	512	171859	241943	1572848	20694	8561572	59802	5	17520	728328	92.6	0.000
run1_E_safety	pooled_pread	off	cold	stride	16384	250000	16	1	1	2	512	225050	545117	1292874	50370	9693680	52818	46	15913	1746858	100.0	0.000
run1_E_safety	pool	off	cold	stride	16384	250000	16	1	1	3	512	190167	425899	1383152	41778	8421272	60798	31	185382	1387458	92.8	0.000
run1_E_safety	hybrid	off	cold	stride	16384	250000	16	1	2	0	512	174297	244447	2072502	25371	9526946	53742	5	14294	335215	92.8	0.000
run1_E_safety	pooled_pread	off	cold	stride	16384	250000	16	1	2	1	512	214854	482964	1423710	64450	15960174	32080	39	11754	1226469	100.0	0.000
run1_E_safety	pool	off	cold	stride	16384	250000	16	1	2	2	512	222805	602153	1588245	52854	11804353	43374	35	11555	1518089	92.8	0.000
run1_E_safety	uring	off	cold	stride	16384	250000	16	1	2	3	512	270789	366249	1941713	29254	11053237	46321	5	18294	106703	100.0	0.000
run1_E_safety	pooled_pread	off	cold	stride	16384	250000	16	1	3	0	512	196689	421414	1494973	45439	8815150	58082	33	19004	1292416	100.0	0.000
run1_E_safety	pool	off	cold	stride	16384	250000	16	1	3	1	512	256136	629110	1547423	49457	10856243	47162	37	21855	2084947	92.8	0.000
run1_E_safety	uring	off	cold	stride	16384	250000	16	1	3	2	512	267968	324800	3086498	35031	12310306	41591	5	14793	222733	100.0	0.000
run1_E_safety	hybrid	off	cold	stride	16384	250000	16	1	3	3	512	201439	282850	3612177	36575	13020747	39322	5	13279	132971	91.8	0.000
run1_E_safety	pool	off	cold	stride	16384	250000	16	1	4	0	512	242691	441610	1527099	50500	9742867	52551	28	68295	940839	92.8	0.000
run1_E_safety	uring	off	cold	stride	16384	250000	16	1	4	1	512	259383	356070	1554045	22494	10172981	50329	5	9275	280048	100.0	0.000
run1_E_safety	hybrid	off	cold	stride	16384	250000	16	1	4	2	512	184163	247778	3090273	31280	11915110	42971	5	33378	230145	92.8	0.000
run1_E_safety	pooled_pread	off	cold	stride	16384	250000	16	1	4	3	512	217955	708289	1401760	56619	10487756	48819	54	36549	1461717	100.0	0.000
run1_E_safety	uring	off	cold	stride	16384	250000	16	1	5	0	512	285519	817351	3666007	44535	15758647	32490	5	18606	530463	100.0	0.000
run1_E_safety	hybrid	off	cold	stride	16384	250000	16	1	5	1	512	174689	269266	1317231	23665	9173312	55814	5	19816	1409565	91.8	0.000
run1_E_safety	pooled_pread	off	cold	stride	16384	250000	16	1	5	2	512	214185	554926	1573969	53983	13094280	39101	54	6931	1411820	100.0	0.000
run1_E_safety	pool	off	cold	stride	16384	250000	16	1	5	3	512	187389	587857	1407043	51550	11303011	45298	35	37674	1596723	92.8	0.000
run1_E_safety	pool	off	warm	stride	16384	250000	1	1	0	0	512	2107	2508	5075	5951	1368785	374054	5	11838	27907	0.0	0.000
run1_E_safety	uring	off	warm	stride	16384	250000	1	1	0	1	512	2733	10636	18850	6512	3433741	149109	5	10754	3406241	100.0	0.000
run1_E_safety	hybrid	off	warm	stride	16384	250000	1	1	0	2	512	2114	2403	2901	3000	1378212	371496	5	379	15909	0.0	0.000
run1_E_safety	pooled_pread	off	warm	stride	16384	250000	1	1	0	3	512	19586	20739	44699	21810	10128497	50550	6	20566	84899	100.0	0.000
run1_E_safety	uring	off	warm	stride	16384	250000	1	1	1	0	512	2696	10803	20108	6761	3224067	158806	5	1049	3199021	100.0	0.000
run1_E_safety	hybrid	off	warm	stride	16384	250000	1	1	1	1	512	2064	2356	2829	3014	1418102	361046	5	13363	1331250	0.0	0.000
run1_E_safety	pooled_pread	off	warm	stride	16384	250000	1	1	1	2	512	20222	21075	48914	32474	11858253	43177	6	23797	53466	100.0	0.000
run1_E_safety	pool	off	warm	stride	16384	250000	1	1	1	3	512	2059	2307	2923	1832	1311098	390512	5	862	1295211	0.0	0.000
run1_E_safety	hybrid	off	warm	stride	16384	250000	1	1	2	0	512	2156	2405	3350	3676	1394571	367138	5	10232	21213	0.0	0.000
run1_E_safety	pooled_pread	off	warm	stride	16384	250000	1	1	2	1	512	19864	21757	46426	31269	10876424	47074	6	27807	46326	100.0	0.000
run1_E_safety	pool	off	warm	stride	16384	250000	1	1	2	2	512	1916	2139	2973	125	1145526	446956	5	24294	1118495	0.0	0.000
run1_E_safety	uring	off	warm	stride	16384	250000	1	1	2	3	512	9893	10666	23673	9220	3822182	133955	5	12879	3782995	100.0	0.000
run1_E_safety	pooled_pread	off	warm	stride	16384	250000	1	1	3	0	512	16883	18775	38078	25019	9414682	54383	7	21741	43233	100.0	0.000
run1_E_safety	pool	off	warm	stride	16384	250000	1	1	3	1	512	2097	2346	3321	118	1265665	404530	5	1239427	1239427	0.0	0.000
run1_E_safety	uring	off	warm	stride	16384	250000	1	1	3	2	512	2552	10615	19457	2212	3169144	161558	5	12262	3126344	100.0	0.000
run1_E_safety	hybrid	off	warm	stride	16384	250000	1	1	3	3	512	2040	2244	3234	3262	1325518	386264	5	18618	33662	0.0	0.000
run1_E_safety	pool	off	warm	stride	16384	250000	1	1	4	0	512	2148	2535	3341	1995	1417879	361103	5	1379640	1379640	0.0	0.000
run1_E_safety	uring	off	warm	stride	16384	250000	1	1	4	1	512	2752	11024	19556	6317	3404637	150383	5	876	3345034	100.0	0.000
run1_E_safety	hybrid	off	warm	stride	16384	250000	1	1	4	2	512	2056	2294	3636	2348	1420529	360429	5	14307	1375433	0.0	0.000
run1_E_safety	pooled_pread	off	warm	stride	16384	250000	1	1	4	3	512	19783	20533	47445	28816	10785865	47470	6	33080	75366	100.0	0.000
run1_E_safety	uring	off	warm	stride	16384	250000	1	1	5	0	512	3284	11579	27339	4080	3671745	139443	5	3658369	3658369	100.0	0.000
run1_E_safety	hybrid	off	warm	stride	16384	250000	1	1	5	1	512	2046	2380	3138	3388	1369828	373770	5	12208	29156	0.0	0.000
run1_E_safety	pooled_pread	off	warm	stride	16384	250000	1	1	5	2	512	20062	23732	44822	36481	15476456	33083	6	24466	57232	100.0	0.000
run1_E_safety	pool	off	warm	stride	16384	250000	1	1	5	3	512	2069	2378	3700	127	1280856	399733	5	19903	1247083	0.0	0.000
run1_E_safety	pool	off	warm	stride	16384	250000	16	1	0	0	512	2414	2733	3945	2678	545045	939372	5	10293	472562	0.0	0.000
run1_E_safety	uring	off	warm	stride	16384	250000	16	1	0	1	512	36897	47701	63665	546	1541511	332142	5	10871	1514298	100.0	0.000
run1_E_safety	hybrid	off	warm	stride	16384	250000	16	1	0	2	512	2065	2342	3471	234	1448727	353414	5	32436	1402730	0.0	0.000
run1_E_safety	pooled_pread	off	warm	stride	16384	250000	16	1	0	3	512	87890	411829	897505	36060	7415787	69042	46	12911	4011990	100.0	0.000
run1_E_safety	uring	off	warm	stride	16384	250000	16	1	1	0	512	25732	39037	65806	2603	1271650	402627	5	323	11534	100.0	0.000
run1_E_safety	hybrid	off	warm	stride	16384	250000	16	1	1	1	512	2267	2544	5113	2634	1620453	315961	5	10553	1579559	0.0	0.000
run1_E_safety	pooled_pread	off	warm	stride	16384	250000	16	1	1	2	512	85134	366124	954432	41263	9802382	52232	50	10980	3698983	100.0	0.000
run1_E_safety	pool	off	warm	stride	16384	250000	16	1	1	3	512	2300	2762	3339	2598	638794	801510	5	33946	505661	0.0	0.000
run1_E_safety	hybrid	off	warm	stride	16384	250000	16	1	2	0	512	1951	2200	2604	468	1404370	364576	5	9109	1268669	0.0	0.000
run1_E_safety	pooled_pread	off	warm	stride	16384	250000	16	1	2	1	512	84562	418022	817964	28382	5353172	95644	42	1727815	2838801	100.0	0.000
run1_E_safety	pool	off	warm	stride	16384	250000	16	1	2	2	512	2293	2643	7478	2901	724345	706845	5	15609	535620	0.0	0.000
run1_E_safety	uring	off	warm	stride	16384	250000	16	1	2	3	512	36065	48206	72632	642	1487158	344281	5	1482299	1482299	100.0	0.000
run1_E_safety	pooled_pread	off	warm	stride	16384	250000	16	1	3	0	512	94019	367627	816903	32023	5622649	91060	48	1156291	4382586	100.0	0.000
run1_E_safety	pool	off	warm	stride	16384	250000	16	1	3	1	512	2400	2760	12074	4327	568781	900171	5	9545	469024	0.0	0.000
run1_E_safety	uring	off	warm	stride	16384	250000	16	1	3	2	512	34468	36687	63314	843	1471846	347862	5	2340	1456534	100.0	0.000
run1_E_safety	hybrid	off	warm	stride	16384	250000	16	1	3	3	512	2020	2244	4735	5124	1458330	351087	5	361	22528	0.0	0.000
run1_E_safety	pool	off	warm	stride	16384	250000	16	1	4	0	512	2308	2651	6489	2895	506906	1010049	5	27029	439881	0.0	0.000
run1_E_safety	uring	off	warm	stride	16384	250000	16	1	4	1	512	36034	45970	76711	1028	1645561	311140	5	9660	1521566	100.0	0.000
run1_E_safety	hybrid	off	warm	stride	16384	250000	16	1	4	2	512	2095	2317	3354	3443	1546270	331119	5	15332	1486215	0.0	0.000
run1_E_safety	pooled_pread	off	warm	stride	16384	250000	16	1	4	3	512	91860	347902	949539	41422	9118205	56151	45	11996	3727893	100.0	0.000
run1_E_safety	uring	off	warm	stride	16384	250000	16	1	5	0	512	26782	33825	63015	5744	1453358	352288	5	11679	44406	100.0	0.000
run1_E_safety	hybrid	off	warm	stride	16384	250000	16	1	5	1	512	2104	2358	3348	2874	1490223	343573	5	1447381	1447381	0.0	0.000
run1_E_safety	pooled_pread	off	warm	stride	16384	250000	16	1	5	2	512	110223	366931	647455	33212	5414375	94563	46	1572003	2473542	100.0	0.000
run1_E_safety	pool	off	warm	stride	16384	250000	16	1	5	3	512	2358	2649	3140	3220	613190	834978	5	35743	512225	0.0	0.000
