label	arm	prefetch	temp	shape	size	stride	depth	readers	repeat	pos	asks	p50_ns	p90_ns	p99_ns	cpu_ns_per_ask	wall_ns	asks_per_s	threads	gap_p99_ns	gap_max_ns	miss_pct	resident_pct
run1_A_stride	pool	off	cold	stride	16384	250000	1	1	0	0	512	145775	173455	288986	59987	77234626	6629	7	0	0	99.8	0.000
run1_A_stride	uring	off	cold	stride	16384	250000	1	1	0	1	512	132775	166274	269747	31995	71378918	7173	5	0	0	100.0	0.000
run1_A_stride	hybrid	off	cold	stride	16384	250000	1	1	0	2	512	133597	148058	252391	30143	68445110	7480	5	0	0	99.8	0.000
run1_A_stride	pooled_pread	off	cold	stride	16384	250000	1	1	0	3	512	160491	184406	301909	59586	84010368	6094	7	0	0	100.0	0.000
run1_A_stride	uring	off	cold	stride	16384	250000	1	1	1	0	512	137702	161878	273062	29265	72422874	7070	5	0	0	100.0	0.000
run1_A_stride	hybrid	off	cold	stride	16384	250000	1	1	1	1	512	132755	158693	267114	30481	70607107	7251	5	0	0	99.8	0.000
run1_A_stride	pooled_pread	off	cold	stride	16384	250000	1	1	1	2	512	174792	208467	298605	71835	91907572	5571	6	0	0	100.0	0.000
run1_A_stride	pool	off	cold	stride	16384	250000	1	1	1	3	512	160687	188227	323186	69497	84312128	6073	6	0	0	99.8	0.000
run1_A_stride	hybrid	off	cold	stride	16384	250000	1	1	2	0	512	138664	151944	274434	29860	71548402	7156	5	0	0	99.8	0.000
run1_A_stride	pooled_pread	off	cold	stride	16384	250000	1	1	2	1	512	165839	205031	296066	60525	88398117	5792	7	0	0	100.0	0.000
run1_A_stride	pool	off	cold	stride	16384	250000	1	1	2	2	512	148589	188367	286912	54627	79006714	6480	6	0	0	99.8	0.000
run1_A_stride	uring	off	cold	stride	16384	250000	1	1	2	3	512	132345	171973	289856	31603	71482530	7163	5	0	0	100.0	0.000
run1_A_stride	pooled_pread	off	cold	stride	16384	250000	1	1	3	0	512	161263	197161	315079	60674	85996012	5954	7	0	0	100.0	0.000
run1_A_stride	pool	off	cold	stride	16384	250000	1	1	3	1	512	148999	177121	289145	59771	78969139	6484	6	0	0	99.8	0.000
run1_A_stride	uring	off	cold	stride	16384	250000	1	1	3	2	512	137913	175739	241525	32051	72636979	7049	5	0	0	100.0	0.000
run1_A_stride	hybrid	off	cold	stride	16384	250000	1	1	3	3	512	130953	156991	268375	31466	68991924	7421	5	0	0	99.8	0.000
run1_A_stride	pool	off	cold	stride	16384	250000	1	1	4	0	512	146846	168779	259952	55159	77187667	6633	6	0	0	99.8	0.000
run1_A_stride	uring	off	cold	stride	16384	250000	1	1	4	1	512	134518	159099	274844	29015	70143038	7299	5	0	0	100.0	0.000
run1_A_stride	hybrid	off	cold	stride	16384	250000	1	1	4	2	512	134919	167276	274103	30876	72063215	7105	5	0	0	99.8	0.000
run1_A_stride	pooled_pread	off	cold	stride	16384	250000	1	1	4	3	512	160672	192313	276822	56396	84838088	6035	6	0	0	100.0	0.000
run1_A_stride	uring	off	cold	stride	16384	250000	1	1	5	0	512	134198	164447	272882	29674	71863015	7125	5	0	0	100.0	0.000
run1_A_stride	hybrid	off	cold	stride	16384	250000	1	1	5	1	512	135069	166355	229313	30183	70431103	7270	5	0	0	99.8	0.000
run1_A_stride	pooled_pread	off	cold	stride	16384	250000	1	1	5	2	512	161713	181172	253818	59781	83776304	6112	6	0	0	100.0	0.000
run1_A_stride	pool	off	cold	stride	16384	250000	1	1	5	3	512	147687	185513	281534	55531	78639859	6511	6	0	0	99.8	0.000
run1_A_stride	pool	off	cold	stride	16384	250000	2	1	0	0	512	155900	190000	266157	60450	40867219	12528	7	0	0	99.8	0.000
run1_A_stride	uring	off	cold	stride	16384	250000	2	1	0	1	512	141559	194346	317778	24979	39838846	12852	5	0	0	100.0	0.000
run1_A_stride	hybrid	off	cold	stride	16384	250000	2	1	0	2	512	135920	177632	271570	25914	37781539	13552	5	0	0	99.8	0.000
run1_A_stride	pooled_pread	off	cold	stride	16384	250000	2	1	0	3	512	166625	197641	285480	58260	43426967	11790	8	0	0	100.0	0.000
run1_A_stride	uring	off	cold	stride	16384	250000	2	1	1	0	512	140647	192263	280242	24320	38751175	13213	5	0	0	100.0	0.000
run1_A_stride	hybrid	off	cold	stride	16384	250000	2	1	1	1	512	131925	161508	248315	25596	35401745	14463	5	0	0	99.8	0.000
run1_A_stride	pooled_pread	off	cold	stride	16384	250000	2	1	1	2	512	167096	186655	257614	57623	43742441	11705	8	0	0	100.0	0.000
run1_A_stride	pool	off	cold	stride	16384	250000	2	1	1	3	512	154853	186685	252446	61226	40519242	12636	7	0	0	99.8	0.000
run1_A_stride	hybrid	off	cold	stride	16384	250000	2	1	2	0	512	137422	178663	279757	26374	38468529	13310	5	0	0	99.8	0.000
run1_A_stride	pooled_pread	off	cold	stride	16384	250000	2	1	2	1	512	168218	202959	298514	58124	45551399	11240	8	0	0	100.0	0.000
run1_A_stride	pool	off	cold	stride	16384	250000	2	1	2	2	512	156921	196424	267033	61239	41282470	12402	7	0	0	99.8	0.000
run1_A_stride	uring	off	cold	stride	16384	250000	2	1	2	3	512	139846	179655	319160	24746	38590449	13268	5	0	0	100.0	0.000
run1_A_stride	pooled_pread	off	cold	stride	16384	250000	2	1	3	0	512	169930	208236	300432	57321	45000628	11378	8	0	0	100.0	0.000
run1_A_stride	pool	off	cold	stride	16384	250000	2	1	3	1	512	150411	172965	231335	61697	39076624	13102	7	0	0	99.8	0.000
run1_A_stride	uring	off	cold	stride	16384	250000	2	1	3	2	512	134168	171472	274094	25333	37139002	13786	5	0	0	100.0	0.000
run1_A_stride	hybrid	off	cold	stride	16384	250000	2	1	3	3	512	132675	162879	230980	26833	36019975	14214	5	0	0	99.8	0.000
run1_A_stride	pool	off	cold	stride	16384	250000	2	1	4	0	512	150126	178037	262958	60111	40190995	12739	8	0	0	99.8	0.000
run1_A_stride	uring	off	cold	stride	16384	250000	2	1	4	1	512	139566	180776	276347	25252	37653980	13598	5	0	0	100.0	0.000
run1_A_stride	hybrid	off	cold	stride	16384	250000	2	1	4	2	512	131914	155259	268515	24663	35674957	14352	5	0	0	99.8	0.000
run1_A_stride	pooled_pread	off	cold	stride	16384	250000	2	1	4	3	512	168759	212277	282351	58230	45081768	11357	8	0	0	100.0	0.000
run1_A_stride	uring	off	cold	stride	16384	250000	2	1	5	0	512	137012	179955	297448	26234	37186202	13769	5	0	0	100.0	0.000
run1_A_stride	hybrid	off	cold	stride	16384	250000	2	1	5	1	512	134138	160526	272080	26287	36261861	14120	5	0	0	99.8	0.000
run1_A_stride	pooled_pread	off	cold	stride	16384	250000	2	1	5	2	512	165594	194376	306571	57337	43900313	11663	8	0	0	100.0	0.000
run1_A_stride	pool	off	cold	stride	16384	250000	2	1	5	3	512	155453	193746	291214	60994	41028437	12479	7	0	0	99.8	0.000
run1_A_stride	pool	off	cold	stride	16384	250000	4	1	0	0	512	163621	204906	533175	59303	22518743	22737	10	0	0	99.8	0.000
run1_A_stride	uring	off	cold	stride	16384	250000	4	1	0	1	512	157361	196439	256187	22066	20759669	24663	5	0	0	100.0	0.000
run1_A_stride	hybrid	off	cold	stride	16384	250000	4	1	0	2	512	133357	168017	288174	24184	22094870	23173	5	0	0	99.8	0.000
run1_A_stride	pooled_pread	off	cold	stride	16384	250000	4	1	0	3	512	174221	252662	1232975	54253	27810577	18410	12	0	0	100.0	0.000
run1_A_stride	uring	off	cold	stride	16384	250000	4	1	1	0	512	145544	186314	332439	20503	38159434	13417	5	0	0	100.0	0.000
run1_A_stride	hybrid	off	cold	stride	16384	250000	4	1	1	1	512	132566	168588	252842	21583	18786871	27253	5	0	0	99.8	0.000
run1_A_stride	pooled_pread	off	cold	stride	16384	250000	4	1	1	2	512	174562	224536	359940	55721	26946340	19001	12	0	0	100.0	0.000
run1_A_stride	pool	off	cold	stride	16384	250000	4	1	1	3	512	157898	191347	286612	57840	22930189	22329	10	0	0	99.8	0.000
run1_A_stride	hybrid	off	cold	stride	16384	250000	4	1	2	0	512	134037	168769	298799	21455	19761345	25909	5	0	0	99.8	0.000
run1_A_stride	pooled_pread	off	cold	stride	16384	250000	4	1	2	1	512	179799	212292	306882	55920	23769234	21540	11	0	0	100.0	0.000
run1_A_stride	pool	off	cold	stride	16384	250000	4	1	2	2	512	161408	194331	239402	57785	21095223	24271	10	0	0	99.8	0.000
run1_A_stride	uring	off	cold	stride	16384	250000	4	1	2	3	512	162650	212964	322625	22371	21856254	23426	5	0	0	100.0	0.000
run1_A_stride	pooled_pread	off	cold	stride	16384	250000	4	1	3	0	512	171793	223659	334833	53096	23771748	21538	11	0	0	100.0	0.000
run1_A_stride	pool	off	cold	stride	16384	250000	4	1	3	1	512	158358	191191	304829	57857	21058905	24313	11	0	0	99.8	0.000
run1_A_stride	uring	off	cold	stride	16384	250000	4	1	3	2	512	154418	193214	290207	20342	20705034	24728	5	0	0	100.0	0.000
run1_A_stride	hybrid	off	cold	stride	16384	250000	4	1	3	3	512	132465	176239	289596	21972	36297574	14106	5	0	0	99.8	0.000
run1_A_stride	pool	off	cold	stride	16384	250000	4	1	4	0	512	161218	203094	453658	56622	21909858	23368	10	0	0	99.8	0.000
run1_A_stride	uring	off	cold	stride	16384	250000	4	1	4	1	512	152435	198822	307362	20760	22140137	23125	5	0	0	100.0	0.000
run1_A_stride	hybrid	off	cold	stride	16384	250000	4	1	4	2	512	138684	175138	254384	21592	19508583	26245	5	0	0	99.8	0.000
run1_A_stride	pooled_pread	off	cold	stride	16384	250000	4	1	4	3	512	175764	218381	521958	53230	24324907	21048	11	0	0	100.0	0.000
run1_A_stride	uring	off	cold	stride	16384	250000	4	1	5	0	512	160316	190691	203970	21885	20612794	24839	5	0	0	100.0	0.000
run1_A_stride	hybrid	off	cold	stride	16384	250000	4	1	5	1	512	135680	187286	388978	24235	20421918	25071	5	0	0	99.8	0.000
run1_A_stride	pooled_pread	off	cold	stride	16384	250000	4	1	5	2	512	196670	328594	482009	55671	28523487	17950	11	0	0	100.0	0.000
run1_A_stride	pool	off	cold	stride	16384	250000	4	1	5	3	512	164137	211737	298960	56910	22008743	23263	11	0	0	99.8	0.000
run1_A_stride	pool	off	cold	stride	16384	250000	8	1	0	0	512	184166	271650	20535258	54019	33267032	15391	20	0	0	99.8	0.000
run1_A_stride	uring	off	cold	stride	16384	250000	8	1	0	1	512	169099	240224	322750	17741	11760425	43536	5	0	0	100.0	0.000
run1_A_stride	hybrid	off	cold	stride	16384	250000	8	1	0	2	512	152284	211591	18049887	21789	29884536	17133	5	0	0	99.8	0.000
run1_A_stride	pooled_pread	off	cold	stride	16384	250000	8	1	0	3	512	187907	254139	461188	49987	13094388	39101	22	0	0	100.0	0.000
run1_A_stride	uring	off	cold	stride	16384	250000	8	1	1	0	512	201957	291399	14227761	20890	28123213	18206	5	0	0	100.0	0.000
run1_A_stride	hybrid	off	cold	stride	16384	250000	8	1	1	1	512	146896	201983	518203	21130	11830873	43277	5	0	0	99.8	0.000
run1_A_stride	pooled_pread	off	cold	stride	16384	250000	8	1	1	2	512	190891	255741	17148094	51934	29991047	17072	16	0	0	100.0	0.000
run1_A_stride	pool	off	cold	stride	16384	250000	8	1	1	3	512	176429	235762	315188	51442	12049175	42493	15	0	0	99.8	0.000
run1_A_stride	hybrid	off	cold	stride	16384	250000	8	1	2	0	512	144242	204030	17754001	19054	28741483	17814	5	0	0	99.8	0.000
run1_A_stride	pooled_pread	off	cold	stride	16384	250000	8	1	2	1	512	188127	253097	465760	53549	13301908	38491	26	0	0	100.0	0.000
run1_A_stride	pool	off	cold	stride	16384	250000	8	1	2	2	512	183976	285185	16640422	56562	30628340	16717	16	0	0	99.8	0.000
run1_A_stride	uring	off	cold	stride	16384	250000	8	1	2	3	512	197611	254564	316976	19173	13247498	38649	5	0	0	100.0	0.000
run1_A_stride	pooled_pread	off	cold	stride	16384	250000	8	1	3	0	512	187521	325089	30328698	54251	44382117	11536	18	0	0	100.0	0.000
run1_A_stride	pool	off	cold	stride	16384	250000	8	1	3	1	512	179184	242837	362529	52268	12263891	41749	21	0	0	99.8	0.000
run1_A_stride	uring	off	cold	stride	16384	250000	8	1	3	2	512	202418	288364	14808696	20129	29027474	17638	5	0	0	100.0	0.000
run1_A_stride	hybrid	off	cold	stride	16384	250000	8	1	3	3	512	144062	198392	21373387	18226	32080987	15960	5	0	0	99.8	0.000
run1_A_stride	pool	off	cold	stride	16384	250000	8	1	4	0	512	168368	220725	323146	50550	11617605	44071	17	0	0	99.8	0.000
run1_A_stride	uring	off	cold	stride	16384	250000	8	1	4	1	512	193495	256728	18432317	19541	31431025	16290	5	0	0	100.0	0.000
run1_A_stride	hybrid	off	cold	stride	16384	250000	8	1	4	2	512	146856	197271	309836	20911	11371868	45023	5	0	0	99.8	0.000
run1_A_stride	pooled_pread	off	cold	stride	16384	250000	8	1	4	3	512	179399	251210	17813138	51074	30300058	16898	21	0	0	100.0	0.000
run1_A_stride	uring	off	cold	stride	16384	250000	8	1	5	0	512	190861	248035	302129	19295	13029653	39295	5	0	0	100.0	0.000
run1_A_stride	hybrid	off	cold	stride	16384	250000	8	1	5	1	512	148248	217180	17094550	19208	28353682	18058	5	0	0	99.8	0.000
run1_A_stride	pooled_pread	off	cold	stride	16384	250000	8	1	5	2	512	183961	241811	23326675	51954	36548650	14009	17	0	0	100.0	0.000
run1_A_stride	pool	off	cold	stride	16384	250000	8	1	5	3	512	174261	249592	10000234	52489	21894446	23385	21	0	0	99.8	0.000
run1_A_stride	pool	off	cold	stride	16384	250000	16	1	0	0	512	231932	359739	537371	50660	8536885	59975	29	0	0	99.8	0.000
run1_A_stride	uring	off	cold	stride	16384	250000	16	1	0	1	512	244781	337957	22503422	15626	30919369	16559	5	0	0	100.0	0.000
run1_A_stride	hybrid	off	cold	stride	16384	250000	16	1	0	2	512	224661	312550	389083	20619	10056581	50912	5	0	0	99.8	0.000
run1_A_stride	pooled_pread	off	cold	stride	16384	250000	16	1	0	3	512	254675	673387	22051441	55636	32203798	15899	52	0	0	100.0	0.000
run1_A_stride	uring	off	cold	stride	16384	250000	16	1	1	0	512	232823	307312	436643	14718	8321108	61530	5	0	0	100.0	0.000
run1_A_stride	hybrid	off	cold	stride	16384	250000	16	1	1	1	512	214656	275846	23408968	17116	31722099	16140	5	0	0	99.8	0.000
run1_A_stride	pooled_pread	off	cold	stride	16384	250000	16	1	1	2	512	241245	415426	971856	54104	9802578	52231	44	0	0	100.0	0.000
run1_A_stride	pool	off	cold	stride	16384	250000	16	1	1	3	512	270873	410689	22323556	53410	31441315	16284	31	0	0	99.8	0.000
run1_A_stride	hybrid	off	cold	stride	16384	250000	16	1	2	0	512	233133	322695	373039	22816	10746407	47644	5	0	0	99.8	0.000
run1_A_stride	pooled_pread	off	cold	stride	16384	250000	16	1	2	1	512	245917	403674	22584036	51116	31521775	16243	28	0	0	100.0	0.000
run1_A_stride	pool	off	cold	stride	16384	250000	16	1	2	2	512	237404	440298	28150383	52193	36645787	13972	29	0	0	99.8	0.000
run1_A_stride	uring	off	cold	stride	16384	250000	16	1	2	3	512	285079	358818	513611	19077	9912504	51652	5	0	0	100.0	0.000
run1_A_stride	pooled_pread	off	cold	stride	16384	250000	16	1	3	0	512	247724	656190	36201213	57669	46594459	10988	63	0	0	100.0	0.000
run1_A_stride	pool	off	cold	stride	16384	250000	16	1	3	1	512	253313	384266	697201	50493	9141175	56010	33	0	0	99.8	0.000
run1_A_stride	uring	off	cold	stride	16384	250000	16	1	3	2	512	288965	417785	19943263	18133	29651962	17267	5	0	0	100.0	0.000
run1_A_stride	hybrid	off	cold	stride	16384	250000	16	1	3	3	512	210670	272321	327432	21091	9253369	55331	5	0	0	99.8	0.000
run1_A_stride	pool	off	cold	stride	16384	250000	16	1	4	0	512	247895	389874	22699349	50426	31335280	16339	30	0	0	99.8	0.000
run1_A_stride	uring	off	cold	stride	16384	250000	16	1	4	1	512	298719	362764	494137	19643	10347220	49482	5	0	0	100.0	0.000
run1_A_stride	hybrid	off	cold	stride	16384	250000	16	1	4	2	512	234806	324227	21198456	21928	31473724	16268	5	0	0	99.8	0.000
run1_A_stride	pooled_pread	off	cold	stride	16384	250000	16	1	4	3	512	240949	568421	1313073	55020	10535011	48600	45	0	0	100.0	0.000
run1_A_stride	uring	off	cold	stride	16384	250000	16	1	5	0	512	255696	535929	21438194	17069	31021228	16505	5	0	0	100.0	0.000
run1_A_stride	hybrid	off	cold	stride	16384	250000	16	1	5	1	512	240434	333521	429332	23487	10965474	46692	5	0	0	99.8	0.000
run1_A_stride	pooled_pread	off	cold	stride	16384	250000	16	1	5	2	512	254114	583674	35593820	56395	45538101	11243	55	0	0	100.0	0.000
run1_A_stride	pool	off	cold	stride	16384	250000	16	1	5	3	512	248320	384331	707261	49854	9158080	55907	27	0	0	99.8	0.000
run1_A_stride	pool	off	cold	stride	16384	250000	32	1	0	0	512	472686	831369	23203808	55337	31030978	16500	48	0	0	99.8	0.000
run1_A_stride	uring	off	cold	stride	16384	250000	32	1	0	1	512	527957	563379	891236	18919	9306768	55014	5	0	0	100.0	0.000
run1_A_stride	hybrid	off	cold	stride	16384	250000	32	1	0	2	512	412367	527887	23950277	15672	31438232	16286	5	0	0	99.8	0.000
run1_A_stride	pooled_pread	off	cold	stride	16384	250000	32	1	0	3	512	317688	1172991	29861031	52216	38298629	13369	69	0	0	100.0	0.000
run1_A_stride	uring	off	cold	stride	16384	250000	32	1	1	0	512	375262	525163	807268	14516	7520129	68084	5	0	0	100.0	0.000
run1_A_stride	hybrid	off	cold	stride	16384	250000	32	1	1	1	512	344036	485675	24976316	18667	32829309	15596	5	0	0	99.8	0.000
run1_A_stride	pooled_pread	off	cold	stride	16384	250000	32	1	1	2	512	459822	1244501	2464973	59034	10671226	47979	88	0	0	100.0	0.000
run1_A_stride	pool	off	cold	stride	16384	250000	32	1	1	3	512	417640	1105672	20607361	56019	28575759	17917	43	0	0	99.8	0.000
run1_A_stride	hybrid	off	cold	stride	16384	250000	32	1	2	0	512	400470	964649	1708119	19850	11484639	44581	5	0	0	99.8	0.000
run1_A_stride	pooled_pread	off	cold	stride	16384	250000	32	1	2	1	512	435081	1630185	19306351	60682	29598964	17298	98	0	0	100.0	0.000
run1_A_stride	pool	off	cold	stride	16384	250000	32	1	2	2	512	398051	710761	1204058	53465	8128258	62990	40	0	0	99.8	0.000
run1_A_stride	uring	off	cold	stride	16384	250000	32	1	2	3	512	451794	740009	22972032	15793	30618295	16722	5	0	0	100.0	0.000
run1_A_stride	pooled_pread	off	cold	stride	16384	250000	32	1	3	0	512	370886	1392714	2603738	58727	10153734	50425	85	0	0	100.0	0.000
run1_A_stride	pool	off	cold	stride	16384	250000	32	1	3	1	512	396373	961955	36918197	53701	44776393	11435	44	0	0	99.8	0.000
run1_A_stride	uring	off	cold	stride	16384	250000	32	1	3	2	512	429142	572002	1019726	16023	7782891	65785	5	0	0	100.0	0.000
run1_A_stride	hybrid	off	cold	stride	16384	250000	32	1	3	3	512	383394	588396	24437502	17719	32999148	15516	5	0	0	99.8	0.000
run1_A_stride	pool	off	cold	stride	16384	250000	32	1	4	0	512	396183	787920	1131886	52135	8477257	60397	42	0	0	99.8	0.000
run1_A_stride	uring	off	cold	stride	16384	250000	32	1	4	1	512	495429	805240	24075636	17711	32428119	15789	5	0	0	100.0	0.000
run1_A_stride	hybrid	off	cold	stride	16384	250000	32	1	4	2	512	369795	581736	764385	20770	10234113	50029	5	0	0	99.8	0.000
run1_A_stride	pooled_pread	off	cold	stride	16384	250000	32	1	4	3	512	466642	1689166	20947987	58419	30813467	16616	80	0	0	100.0	0.000
run1_A_stride	uring	off	cold	stride	16384	250000	32	1	5	0	512	419037	520306	833392	15396	7755875	66014	5	0	0	100.0	0.000
run1_A_stride	hybrid	off	cold	stride	16384	250000	32	1	5	1	512	406128	534256	24537024	15913	32114417	15943	5	0	0	99.8	0.000
run1_A_stride	pooled_pread	off	cold	stride	16384	250000	32	1	5	2	512	408446	1715800	26249544	63150	37146302	13783	114	0	0	100.0	0.000
run1_A_stride	pool	off	cold	stride	16384	250000	32	1	5	3	512	393755	882259	1360307	55161	8364537	61211	47	0	0	99.8	0.000
run1_A_stride	pool	off	cold	stride	16384	250000	64	1	0	0	512	900781	35787372	36233058	60197	43653900	11729	69	0	0	99.8	0.000
run1_A_stride	uring	off	cold	stride	16384	250000	64	1	0	1	512	929928	1156933	1353872	18157	8296020	61716	5	0	0	100.0	0.000
run1_A_stride	hybrid	off	cold	stride	16384	250000	64	1	0	2	512	737135	21231549	21674021	19948	30802126	16622	5	0	0	99.8	0.000
run1_A_stride	pooled_pread	off	cold	stride	16384	250000	64	1	0	3	512	1059224	2055184	3775156	76120	11877562	43106	133	0	0	100.0	0.000
run1_A_stride	uring	off	cold	stride	16384	250000	64	1	1	0	512	918281	18922616	19242928	17959	26477910	19337	5	0	0	100.0	0.000
run1_A_stride	hybrid	off	cold	stride	16384	250000	64	1	1	1	512	782001	1815292	2543183	28976	14249237	35932	5	0	0	99.8	0.000
run1_A_stride	pooled_pread	off	cold	stride	16384	250000	64	1	1	2	512	1571322	12902751	15706131	99648	28178164	18170	120	0	0	100.0	0.000
run1_A_stride	pool	off	cold	stride	16384	250000	64	1	1	3	512	645741	1122488	1404983	54308	8448495	60603	38	0	0	99.8	0.000
run1_A_stride	hybrid	off	cold	stride	16384	250000	64	1	2	0	512	730596	17283629	17759919	20283	26642424	19217	5	0	0	99.8	0.000
run1_A_stride	pooled_pread	off	cold	stride	16384	250000	64	1	2	1	512	926493	2422355	4764472	73725	13344626	38368	141	0	0	100.0	0.000
run1_A_stride	pool	off	cold	stride	16384	250000	64	1	2	2	512	895307	13042932	16268409	62635	22487528	22768	78	0	0	99.8	0.000
run1_A_stride	uring	off	cold	stride	16384	250000	64	1	2	3	512	1016025	1393831	1489302	18311	9134078	56054	5	0	0	100.0	0.000
run1_A_stride	pooled_pread	off	cold	stride	16384	250000	64	1	3	0	512	968946	32598164	34932686	77747	46249477	11070	176	0	0	100.0	0.000
run1_A_stride	pool	off	cold	stride	16384	250000	64	1	3	1	512	727265	1178349	2132634	54069	8329965	61465	42	0	0	99.8	0.000
run1_A_stride	uring	off	cold	stride	16384	250000	64	1	3	2	512	1004178	18563207	19096652	18638	26651086	19211	5	0	0	100.0	0.000
run1_A_stride	hybrid	off	cold	stride	16384	250000	64	1	3	3	512	705869	1051278	1127409	19495	9851645	51971	5	0	0	99.8	0.000
run1_A_stride	pool	off	cold	stride	16384	250000	64	1	4	0	512	984213	22270258	24134747	58986	31170889	16426	74	0	0	99.8	0.000
run1_A_stride	uring	off	cold	stride	16384	250000	64	1	4	1	512	860206	1292923	27270548	15213	34200347	14971	5	0	0	100.0	0.000
run1_A_stride	hybrid	off	cold	stride	16384	250000	64	1	4	2	512	628765	905672	1062524	16759	7899557	64814	5	0	0	99.8	0.000
run1_A_stride	pooled_pread	off	cold	stride	16384	250000	64	1	4	3	512	714436	23505871	23883687	60466	33952562	15080	122	0	0	100.0	0.000
run1_A_stride	uring	off	cold	stride	16384	250000	64	1	5	0	512	847277	1136142	1289498	16189	7940908	64476	5	0	0	100.0	0.000
run1_A_stride	hybrid	off	cold	stride	16384	250000	64	1	5	1	512	578121	38147640	38656459	16273	45608827	11226	5	0	0	99.8	0.000
run1_A_stride	pooled_pread	off	cold	stride	16384	250000	64	1	5	2	512	839515	2584404	3473277	67330	11368603	45036	120	0	0	100.0	0.000
run1_A_stride	pool	off	cold	stride	16384	250000	64	1	5	3	512	838194	16989506	18033303	58214	26197424	19544	71	0	0	99.8	0.000
run1_A_stride	pool	off	warm	stride	16384	250000	1	1	0	0	512	3195	3505	4076	3650	1769725	289310	5	0	0	0.0	0.000
run1_A_stride	uring	off	warm	stride	16384	250000	1	1	0	1	512	6439	8913	17526	10293	3657233	139997	5	0	0	100.0	0.000
run1_A_stride	hybrid	off	warm	stride	16384	250000	1	1	0	2	512	2995	3265	4717	3705	1791757	285753	5	0	0	0.0	0.000
run1_A_stride	pooled_pread	off	warm	stride	16384	250000	1	1	0	3	512	28381	31687	44346	35626	15268673	33533	6	0	0	100.0	0.000
run1_A_stride	uring	off	warm	stride	16384	250000	1	1	1	0	512	4006	5789	8683	7484	2635429	194276	5	0	0	100.0	0.000
run1_A_stride	hybrid	off	warm	stride	16384	250000	1	1	1	1	512	2784	3124	3916	3421	1667565	307035	5	0	0	0.0	0.000
run1_A_stride	pooled_pread	off	warm	stride	16384	250000	1	1	1	2	512	30535	31937	47700	36651	15793865	32418	6	0	0	100.0	0.000
run1_A_stride	pool	off	warm	stride	16384	250000	1	1	1	3	512	2644	3055	3695	3097	1493738	342764	5	0	0	0.0	0.000
run1_A_stride	hybrid	off	warm	stride	16384	250000	1	1	2	0	512	2223	2543	3485	3060	1433950	357056	5	0	0	0.0	0.000
run1_A_stride	pooled_pread	off	warm	stride	16384	250000	1	1	2	1	512	28993	32193	48346	34963	15458693	33121	7	0	0	100.0	0.000
run1_A_stride	pool	off	warm	stride	16384	250000	1	1	2	2	512	2994	3395	4627	3493	1700413	301103	5	0	0	0.0	0.000
run1_A_stride	uring	off	warm	stride	16384	250000	1	1	2	3	512	4827	8272	15884	8798	3055402	167572	5	0	0	100.0	0.000
run1_A_stride	pooled_pread	off	warm	stride	16384	250000	1	1	3	0	512	28832	33955	48136	35469	15440506	33160	6	0	0	100.0	0.000
run1_A_stride	pool	off	warm	stride	16384	250000	1	1	3	1	512	2704	3104	4887	3227	1543893	331629	5	0	0	0.0	0.000
run1_A_stride	uring	off	warm	stride	16384	250000	1	1	3	2	512	3446	6079	6740	6892	2407573	212662	5	0	0	100.0	0.000
run1_A_stride	hybrid	off	warm	stride	16384	250000	1	1	3	3	512	2393	2714	3685	3026	1461371	350356	5	0	0	0.0	0.000
run1_A_stride	pool	off	warm	stride	16384	250000	1	1	4	0	512	2223	2464	2864	2631	1266434	404285	5	0	0	0.0	0.000
run1_A_stride	uring	off	warm	stride	16384	250000	1	1	4	1	512	3074	5468	6780	6290	2150025	238137	5	0	0	100.0	0.000
run1_A_stride	hybrid	off	warm	stride	16384	250000	1	1	4	2	512	2183	2424	3055	2787	1345250	380598	5	0	0	0.0	0.000
run1_A_stride	pooled_pread	off	warm	stride	16384	250000	1	1	4	3	512	27646	33460	49547	34445	15120995	33860	7	0	0	100.0	0.000
run1_A_stride	uring	off	warm	stride	16384	250000	1	1	5	0	512	3675	6109	8933	7015	2484326	206092	5	0	0	100.0	0.000
run1_A_stride	hybrid	off	warm	stride	16384	250000	1	1	5	1	512	2214	2523	3455	2869	1368299	374187	5	0	0	0.0	0.000
run1_A_stride	pooled_pread	off	warm	stride	16384	250000	1	1	5	2	512	28211	31587	47700	35508	15178720	33731	7	0	0	100.0	0.000
run1_A_stride	pool	off	warm	stride	16384	250000	1	1	5	3	512	2794	3155	5027	3262	1583501	323334	5	0	0	0.0	0.000
run1_A_stride	pool	off	warm	stride	16384	250000	2	1	0	0	512	2343	2684	4306	2897	737686	694062	5	0	0	0.0	0.000
run1_A_stride	uring	off	warm	stride	16384	250000	2	1	0	1	512	6059	6760	16644	4867	1770836	289129	5	0	0	100.0	0.000
run1_A_stride	hybrid	off	warm	stride	16384	250000	2	1	0	2	512	2194	2454	3465	2841	1373782	372694	5	0	0	0.0	0.000
run1_A_stride	pooled_pread	off	warm	stride	16384	250000	2	1	0	3	512	28342	35783	58106	25138	6650899	76982	13	0	0	100.0	0.000
run1_A_stride	uring	off	warm	stride	16384	250000	2	1	1	0	512	6409	7270	16083	4910	1852016	276455	5	0	0	100.0	0.000
run1_A_stride	hybrid	off	warm	stride	16384	250000	2	1	1	1	512	2233	2514	2844	2887	1377378	371721	5	0	0	0.0	0.000
run1_A_stride	pooled_pread	off	warm	stride	16384	250000	2	1	1	2	512	27881	34856	62587	25335	6846336	74785	14	0	0	100.0	0.000
run1_A_stride	pool	off	warm	stride	16384	250000	2	1	1	3	512	2303	2594	3184	2801	705048	726192	5	0	0	0.0	0.000
run1_A_stride	hybrid	off	warm	stride	16384	250000	2	1	2	0	512	2214	2464	3635	2987	1412073	362587	5	0	0	0.0	0.000
run1_A_stride	pooled_pread	off	warm	stride	16384	250000	2	1	2	1	512	29083	35092	61110	25811	7018930	72946	10	0	0	100.0	0.000
run1_A_stride	pool	off	warm	stride	16384	250000	2	1	2	2	512	2453	2774	3405	2957	750244	682445	5	0	0	0.0	0.000
run1_A_stride	uring	off	warm	stride	16384	250000	2	1	2	3	512	6079	7111	15262	4842	1784366	286937	5	0	0	100.0	0.000
run1_A_stride	pooled_pread	off	warm	stride	16384	250000	2	1	3	0	512	29083	35242	65397	25589	6912564	74068	11	0	0	100.0	0.000
run1_A_stride	pool	off	warm	stride	16384	250000	2	1	3	1	512	2454	2854	4737	3015	752377	680510	5	0	0	0.0	0.000
run1_A_stride	uring	off	warm	stride	16384	250000	2	1	3	2	512	8963	11327	22372	7588	2678222	191172	5	0	0	100.0	0.000
run1_A_stride	hybrid	off	warm	stride	16384	250000	2	1	3	3	512	2314	2584	4346	2972	1447060	353821	5	0	0	0.0	0.000
run1_A_stride	pool	off	warm	stride	16384	250000	2	1	4	0	512	2193	2503	3265	2776	697978	733547	5	0	0	0.0	0.000
run1_A_stride	uring	off	warm	stride	16384	250000	2	1	4	1	512	9323	11757	19048	7615	2677651	191212	5	0	0	100.0	0.000
run1_A_stride	hybrid	off	warm	stride	16384	250000	2	1	4	2	512	2334	2644	5878	3022	1437536	356165	5	0	0	0.0	0.000
run1_A_stride	pooled_pread	off	warm	stride	16384	250000	2	1	4	3	512	29753	36123	66613	25981	7066070	72459	10	0	0	100.0	0.000
run1_A_stride	uring	off	warm	stride	16384	250000	2	1	5	0	512	6659	7811	16674	5176	1924222	266082	5	0	0	100.0	0.000
run1_A_stride	hybrid	off	warm	stride	16384	250000	2	1	5	1	512	2343	2644	3065	3037	1449794	353154	5	0	0	0.0	0.000
run1_A_stride	pooled_pread	off	warm	stride	16384	250000	2	1	5	2	512	29263	36334	64910	25269	6801992	75272	11	0	0	100.0	0.000
run1_A_stride	pool	off	warm	stride	16384	250000	2	1	5	3	512	2384	2734	4407	2883	747310	685124	5	0	0	0.0	0.000
run1_A_stride	pool	off	warm	stride	16384	250000	4	1	0	0	512	2554	2875	3375	3057	559253	915507	5	0	0	0.0	0.000
run1_A_stride	uring	off	warm	stride	16384	250000	4	1	0	1	512	14191	17545	27981	5304	2009027	254850	5	0	0	100.0	0.000
run1_A_stride	hybrid	off	warm	stride	16384	250000	4	1	0	2	512	2233	2514	7792	2952	1413691	362172	5	0	0	0.0	0.000
run1_A_stride	pooled_pread	off	warm	stride	16384	250000	4	1	0	3	512	17266	42547	141638	20556	3478420	147193	22	0	0	100.0	0.000
run1_A_stride	uring	off	warm	stride	16384	250000	4	1	1	0	512	10406	11107	18718	4280	1588328	322352	5	0	0	100.0	0.000
run1_A_stride	hybrid	off	warm	stride	16384	250000	4	1	1	1	512	2233	2484	2734	2890	1395745	366829	5	0	0	0.0	0.000
run1_A_stride	pooled_pread	off	warm	stride	16384	250000	4	1	1	2	512	16885	50184	141323	20900	3285216	155850	20	0	0	100.0	0.000
run1_A_stride	pool	off	warm	stride	16384	250000	4	1	1	3	512	2744	3144	3686	3216	556378	920238	5	0	0	0.0	0.000
run1_A_stride	hybrid	off	warm	stride	16384	250000	4	1	2	0	512	2194	2434	2784	2944	1422864	359838	5	0	0	0.0	0.000
run1_A_stride	pooled_pread	off	warm	stride	16384	250000	4	1	2	1	512	18302	42378	142530	19870	3316622	154374	17	0	0	100.0	0.000
run1_A_stride	pool	off	warm	stride	16384	250000	4	1	2	2	512	2644	3014	3385	3165	566614	903613	5	0	0	0.0	0.000
run1_A_stride	uring	off	warm	stride	16384	250000	4	1	2	3	512	16314	17476	26880	6009	2339693	218832	5	0	0	100.0	0.000
run1_A_stride	pooled_pread	off	warm	stride	16384	250000	4	1	3	0	512	17942	51836	155434	22244	3461395	147917	26	0	0	100.0	0.000
run1_A_stride	pool	off	warm	stride	16384	250000	4	1	3	1	512	2734	3225	3695	3273	567485	902226	5	0	0	0.0	0.000
run1_A_stride	uring	off	warm	stride	16384	250000	4	1	3	2	512	15523	16153	30314	6012	2304772	222148	5	0	0	100.0	0.000
run1_A_stride	hybrid	off	warm	stride	16384	250000	4	1	3	3	512	2214	2464	3045	2842	1363827	375414	5	0	0	0.0	0.000
run1_A_stride	pool	off	warm	stride	16384	250000	4	1	4	0	512	2845	3305	4907	3434	594535	861177	5	0	0	0.0	0.000
run1_A_stride	uring	off	warm	stride	16384	250000	4	1	4	1	512	10235	10976	26049	4220	1547278	330904	5	0	0	100.0	0.000
run1_A_stride	hybrid	off	warm	stride	16384	250000	4	1	4	2	512	2113	2344	2814	2767	1329337	385154	5	0	0	0.0	0.000
run1_A_stride	pooled_pread	off	warm	stride	16384	250000	4	1	4	3	512	20119	47450	170596	20836	3674033	139356	16	0	0	100.0	0.000
run1_A_stride	uring	off	warm	stride	16384	250000	4	1	5	0	512	10896	11577	19518	4382	1648486	310588	5	0	0	100.0	0.000
run1_A_stride	hybrid	off	warm	stride	16384	250000	4	1	5	1	512	2203	2454	2864	2837	1367598	374379	5	0	0	0.0	0.000
run1_A_stride	pooled_pread	off	warm	stride	16384	250000	4	1	5	2	512	18627	52217	177927	22076	3623318	141307	23	0	0	100.0	0.000
run1_A_stride	pool	off	warm	stride	16384	250000	4	1	5	3	512	2674	3084	4487	3250	568146	901177	5	0	0	0.0	0.000
run1_A_stride	pool	off	warm	stride	16384	250000	8	1	0	0	512	2494	2814	3815	3074	539164	949618	5	0	0	0.0	0.000
run1_A_stride	uring	off	warm	stride	16384	250000	8	1	0	1	512	22924	24055	43224	4261	1739601	294320	5	0	0	100.0	0.000
run1_A_stride	hybrid	off	warm	stride	16384	250000	8	1	0	2	512	2183	2423	2894	2799	1342797	381294	5	0	0	0.0	0.000
run1_A_stride	pooled_pread	off	warm	stride	16384	250000	8	1	0	3	512	23214	180346	625321	24096	4237532	120825	51	0	0	100.0	0.000
run1_A_stride	uring	off	warm	stride	16384	250000	8	1	1	0	512	18618	19759	35613	3665	1475192	347073	5	0	0	100.0	0.000
run1_A_stride	hybrid	off	warm	stride	16384	250000	8	1	1	1	512	2273	2534	3285	2951	1475522	346996	5	0	0	0.0	0.000
run1_A_stride	pooled_pread	off	warm	stride	16384	250000	8	1	1	2	512	21081	116131	514533	20143	3175774	161221	35	0	0	100.0	0.000
run1_A_stride	pool	off	warm	stride	16384	250000	8	1	1	3	512	2314	2674	4357	3009	736034	695620	5	0	0	0.0	0.000
run1_A_stride	hybrid	off	warm	stride	16384	250000	8	1	2	0	512	2314	2604	2965	3098	1503223	340601	5	0	0	0.0	0.000
run1_A_stride	pooled_pread	off	warm	stride	16384	250000	8	1	2	1	512	23955	173485	679470	27425	4558419	112320	56	0	0	100.0	0.000
run1_A_stride	pool	off	warm	stride	16384	250000	8	1	2	2	512	3134	3645	5609	3880	710606	720512	5	0	0	0.0	0.000
run1_A_stride	uring	off	warm	stride	16384	250000	8	1	2	3	512	18818	25227	88210	3754	1586245	322775	5	0	0	100.0	0.000
run1_A_stride	pooled_pread	off	warm	stride	16384	250000	8	1	3	0	512	22738	140057	585327	23075	3747997	136606	42	0	0	100.0	0.000
run1_A_stride	pool	off	warm	stride	16384	250000	8	1	3	1	512	2955	3475	3806	3582	618500	827809	5	0	0	0.0	0.000
run1_A_stride	uring	off	warm	stride	16384	250000	8	1	3	2	512	18437	19599	40730	3588	1458637	351013	5	0	0	100.0	0.000
run1_A_stride	hybrid	off	warm	stride	16384	250000	8	1	3	3	512	2414	2684	2974	2996	1467705	348844	5	0	0	0.0	0.000
run1_A_stride	pool	off	warm	stride	16384	250000	8	1	4	0	512	2684	3085	3425	3322	619562	826390	5	0	0	0.0	0.000
run1_A_stride	uring	off	warm	stride	16384	250000	8	1	4	1	512	23474	24396	58186	4336	1788793	286227	5	0	0	100.0	0.000
run1_A_stride	hybrid	off	warm	stride	16384	250000	8	1	4	2	512	2294	2544	3085	2891	1391198	368028	5	0	0	0.0	0.000
run1_A_stride	pooled_pread	off	warm	stride	16384	250000	8	1	4	3	512	20840	158824	604460	24956	4198078	121961	50	0	0	100.0	0.000
run1_A_stride	uring	off	warm	stride	16384	250000	8	1	5	0	512	21011	22503	45917	3841	1597281	320545	5	0	0	100.0	0.000
run1_A_stride	hybrid	off	warm	stride	16384	250000	8	1	5	1	512	2594	2934	3244	3215	1560837	328029	5	0	0	0.0	0.000
run1_A_stride	pooled_pread	off	warm	stride	16384	250000	8	1	5	2	512	21852	116612	379975	21476	3255516	157272	36	0	0	100.0	0.000
run1_A_stride	pool	off	warm	stride	16384	250000	8	1	5	3	512	2724	3155	4467	3242	562838	909676	5	0	0	0.0	0.000
run1_A_stride	pool	off	warm	stride	16384	250000	16	1	0	0	512	2584	2994	3415	3076	557290	918732	5	0	0	0.0	0.000
run1_A_stride	uring	off	warm	stride	16384	250000	16	1	0	1	512	32067	33599	46168	3148	1393501	367420	5	0	0	100.0	0.000
run1_A_stride	hybrid	off	warm	stride	16384	250000	16	1	0	2	512	2403	2664	3125	3203	1534068	333753	5	0	0	0.0	0.000
run1_A_stride	pooled_pread	off	warm	stride	16384	250000	16	1	0	3	512	45717	355949	950679	24939	4270435	119894	51	0	0	100.0	0.000
run1_A_stride	uring	off	warm	stride	16384	250000	16	1	1	0	512	37806	39499	65195	3647	1603370	319327	5	0	0	100.0	0.000
run1_A_stride	hybrid	off	warm	stride	16384	250000	16	1	1	1	512	2404	2694	3285	3381	1671199	306367	5	0	0	0.0	0.000
run1_A_stride	pooled_pread	off	warm	stride	16384	250000	16	1	1	2	512	42132	561276	1457455	32609	6195418	82642	97	0	0	100.0	0.000
run1_A_stride	pool	off	warm	stride	16384	250000	16	1	1	3	512	3015	3526	4096	3647	644328	794626	5	0	0	0.0	0.000
run1_A_stride	hybrid	off	warm	stride	16384	250000	16	1	2	0	512	2364	2684	3125	3311	1605999	318805	5	0	0	0.0	0.000
run1_A_stride	pooled_pread	off	warm	stride	16384	250000	16	1	2	1	512	57525	455981	989842	29847	4970175	103014	68	0	0	100.0	0.000
run1_A_stride	pool	off	warm	stride	16384	250000	16	1	2	2	512	3204	3666	5719	4030	687107	745153	5	0	0	0.0	0.000
run1_A_stride	uring	off	warm	stride	16384	250000	16	1	2	3	512	48671	52697	66778	4337	1975869	259126	5	0	0	100.0	0.000
run1_A_stride	pooled_pread	off	warm	stride	16384	250000	16	1	3	0	512	57245	406378	975456	26141	4426265	115673	61	0	0	100.0	0.000
run1_A_stride	pool	off	warm	stride	16384	250000	16	1	3	1	512	2924	3435	10826	3886	669906	764286	5	0	0	0.0	0.000
run1_A_stride	uring	off	warm	stride	16384	250000	16	1	3	2	512	40359	42783	75361	3823	1655116	309344	5	0	0	100.0	0.000
run1_A_stride	hybrid	off	warm	stride	16384	250000	16	1	3	3	512	2254	2554	3204	3109	1497324	341943	5	0	0	0.0	0.000
run1_A_stride	pool	off	warm	stride	16384	250000	16	1	4	0	512	2544	2815	4176	3145	585571	874360	5	0	0	0.0	0.000
run1_A_stride	uring	off	warm	stride	16384	250000	16	1	4	1	512	41831	45497	82271	3743	1632904	313552	5	0	0	100.0	0.000
run1_A_stride	hybrid	off	warm	stride	16384	250000	16	1	4	2	512	2293	2574	7912	3255	1583661	323302	5	0	0	0.0	0.000
run1_A_stride	pooled_pread	off	warm	stride	16384	250000	16	1	4	3	512	43444	552493	1422819	35655	6308184	81164	93	0	0	100.0	0.000
run1_A_stride	uring	off	warm	stride	16384	250000	16	1	5	0	512	38687	41050	60599	3447	1539771	332517	5	0	0	100.0	0.000
run1_A_stride	hybrid	off	warm	stride	16384	250000	16	1	5	1	512	2274	2534	2834	3136	1558404	328541	5	0	0	0.0	0.000
run1_A_stride	pooled_pread	off	warm	stride	16384	250000	16	1	5	2	512	42082	485350	1253270	32894	5572892	91873	84	0	0	100.0	0.000
run1_A_stride	pool	off	warm	stride	16384	250000	16	1	5	3	512	3365	3886	4426	3934	701753	729601	5	0	0	0.0	0.000
run1_A_stride	pool	off	warm	stride	16384	250000	32	1	0	0	512	2774	3305	4677	3443	599272	854370	5	0	0	0.0	0.000
run1_A_stride	uring	off	warm	stride	16384	250000	32	1	0	1	512	72437	88710	90013	3904	1788032	286348	5	0	0	100.0	0.000
run1_A_stride	hybrid	off	warm	stride	16384	250000	32	1	0	2	512	2313	2574	2894	3373	1636544	312854	5	0	0	0.0	0.000
run1_A_stride	pooled_pread	off	warm	stride	16384	250000	32	1	0	3	512	109511	1181519	2233863	36278	6943920	73734	110	0	0	100.0	0.000
run1_A_stride	uring	off	warm	stride	16384	250000	32	1	1	0	512	102070	117733	180165	4685	2204825	232218	5	0	0	100.0	0.000
run1_A_stride	hybrid	off	warm	stride	16384	250000	32	1	1	1	512	2794	3144	3866	3828	1845536	277426	5	0	0	0.0	0.000
run1_A_stride	pooled_pread	off	warm	stride	16384	250000	32	1	1	2	512	106677	726349	1876406	27799	4787817	106938	66	0	0	100.0	0.000
run1_A_stride	pool	off	warm	stride	16384	250000	32	1	1	3	512	3085	3595	4977	4030	745953	686370	5	0	0	0.0	0.000
run1_A_stride	hybrid	off	warm	stride	16384	250000	32	1	2	0	512	2474	2814	3335	3809	1815812	281968	5	0	0	0.0	0.000
run1_A_stride	pooled_pread	off	warm	stride	16384	250000	32	1	2	1	512	93378	1009020	1757176	32337	5763483	88835	88	0	0	100.0	0.000
run1_A_stride	pool	off	warm	stride	16384	250000	32	1	2	2	512	3435	4036	5428	4236	1230071	416236	5	0	0	0.0	0.000
run1_A_stride	uring	off	warm	stride	16384	250000	32	1	2	3	512	76994	92185	93938	3738	1734102	295254	5	0	0	100.0	0.000
run1_A_stride	pooled_pread	off	warm	stride	16384	250000	32	1	3	0	512	84394	734096	1500584	31239	5199443	98472	72	0	0	100.0	0.000
run1_A_stride	pool	off	warm	stride	16384	250000	32	1	3	1	512	2864	3375	4947	3580	637388	803278	5	0	0	0.0	0.000
run1_A_stride	uring	off	warm	stride	16384	250000	32	1	3	2	512	63644	79948	179394	3355	1620545	315943	5	0	0	100.0	0.000
run1_A_stride	hybrid	off	warm	stride	16384	250000	32	1	3	3	512	2283	2524	2834	3398	1631532	313815	5	0	0	0.0	0.000
run1_A_stride	pool	off	warm	stride	16384	250000	32	1	4	0	512	2644	3045	4596	3315	597310	857176	5	0	0	0.0	0.000
run1_A_stride	uring	off	warm	stride	16384	250000	32	1	4	1	512	69513	85806	91044	3408	1588162	322385	5	0	0	100.0	0.000
run1_A_stride	hybrid	off	warm	stride	16384	250000	32	1	4	2	512	2284	2554	2784	3341	1645411	311168	5	0	0	0.0	0.000
run1_A_stride	pooled_pread	off	warm	stride	16384	250000	32	1	4	3	512	147657	891707	1832858	36744	6195649	82639	94	0	0	100.0	0.000
run1_A_stride	uring	off	warm	stride	16384	250000	32	1	5	0	512	84955	110723	158323	4150	1945273	263202	5	0	0	100.0	0.000
run1_A_stride	hybrid	off	warm	stride	16384	250000	32	1	5	1	512	2713	3024	4066	3901	2739853	186871	5	0	0	0.0	0.000
run1_A_stride	pooled_pread	off	warm	stride	16384	250000	32	1	5	2	512	83648	558502	1880052	24501	4308181	118844	52	0	0	100.0	0.000
run1_A_stride	pool	off	warm	stride	16384	250000	32	1	5	3	512	2784	3195	4066	3501	626342	817445	5	0	0	0.0	0.000
run1_A_stride	pool	off	warm	stride	16384	250000	64	1	0	0	512	2483	2755	3565	3197	571601	895730	5	0	0	0.0	0.000
run1_A_stride	uring	off	warm	stride	16384	250000	64	1	0	1	512	129591	150652	152565	4098	1865035	274526	5	0	0	100.0	0.000
run1_A_stride	hybrid	off	warm	stride	16384	250000	64	1	0	2	512	2403	2674	3235	4076	1985683	257846	5	0	0	0.0	0.000
run1_A_stride	pooled_pread	off	warm	stride	16384	250000	64	1	0	3	512	270744	1162776	2555982	28349	5030023	101789	69	0	0	100.0	0.000
run1_A_stride	uring	off	warm	stride	16384	250000	64	1	1	0	512	153336	191261	193365	4338	2035066	251589	5	0	0	100.0	0.000
run1_A_stride	hybrid	off	warm	stride	16384	250000	64	1	1	1	512	2574	3074	8062	4656	2311312	221519	5	0	0	0.0	0.000
run1_A_stride	pooled_pread	off	warm	stride	16384	250000	64	1	1	2	512	255566	929327	1688826	28338	4701009	108913	67	0	0	100.0	0.000
run1_A_stride	pool	off	warm	stride	16384	250000	64	1	1	3	512	2894	3395	3896	3807	690697	741280	5	0	0	0.0	0.000
run1_A_stride	hybrid	off	warm	stride	16384	250000	64	1	2	0	512	2484	2825	3315	4466	2221680	230456	5	0	0	0.0	0.000
run1_A_stride	pooled_pread	off	warm	stride	16384	250000	64	1	2	1	512	249187	1365871	2127762	31680	5772877	88691	81	0	0	100.0	0.000
run1_A_stride	pool	off	warm	stride	16384	250000	64	1	2	2	512	3185	3636	4236	4092	1043926	490456	5	0	0	0.0	0.000
run1_A_stride	uring	off	warm	stride	16384	250000	64	1	2	3	512	143941	184321	186394	4290	2012001	254473	5	0	0	100.0	0.000
run1_A_stride	pooled_pread	off	warm	stride	16384	250000	64	1	3	0	512	231671	818429	1858896	26921	4651987	110060	61	0	0	100.0	0.000
run1_A_stride	pool	off	warm	stride	16384	250000	64	1	3	1	512	3045	3475	4216	4013	614545	833137	5	0	0	0.0	0.000
run1_A_stride	uring	off	warm	stride	16384	250000	64	1	3	2	512	145073	181286	183359	4262	2007830	255002	5	0	0	100.0	0.000
run1_A_stride	hybrid	off	warm	stride	16384	250000	64	1	3	3	512	2464	2754	3235	4221	2069215	247437	5	0	0	0.0	0.000
run1_A_stride	pool	off	warm	stride	16384	250000	64	1	4	0	512	2614	3004	8102	3405	591811	865141	5	0	0	0.0	0.000
run1_A_stride	uring	off	warm	stride	16384	250000	64	1	4	1	512	124423	146736	148659	3725	1776735	288169	5	0	0	100.0	0.000
run1_A_stride	hybrid	off	warm	stride	16384	250000	64	1	4	2	512	2393	2674	3115	4117	2023608	253013	5	0	0	0.0	0.000
run1_A_stride	pooled_pread	off	warm	stride	16384	250000	64	1	4	3	512	301113	1677985	2921075	37755	7036472	72764	114	0	0	100.0	0.000
run1_A_stride	uring	off	warm	stride	16384	250000	64	1	5	0	512	162970	211000	212923	4719	2242271	228340	5	0	0	100.0	0.000
run1_A_stride	hybrid	off	warm	stride	16384	250000	64	1	5	1	512	2434	2734	2975	4396	2090987	244860	5	0	0	0.0	0.000
run1_A_stride	pooled_pread	off	warm	stride	16384	250000	64	1	5	2	512	241425	957033	1946284	27045	4737703	108069	61	0	0	100.0	0.000
run1_A_stride	pool	off	warm	stride	16384	250000	64	1	5	3	512	2704	3044	4046	3293	1580917	323863	5	0	0	0.0	0.000
run1_A_sweep	pool	off	cold	sweep	16384	16384	1	1	0	0	512	2033	15613	139205	7147	5963017	85863	6	0	0	7.2	0.000
run1_A_sweep	uring	off	cold	sweep	16384	16384	1	1	0	1	512	2433	16394	112646	5997	5450392	93938	5	0	0	100.0	0.000
run1_A_sweep	hybrid	off	cold	sweep	16384	16384	1	1	0	2	512	2003	16274	123562	5644	5255485	97422	5	0	0	8.8	0.000
run1_A_sweep	pooled_pread	off	cold	sweep	16384	16384	1	1	0	3	512	27481	40810	62291	35510	16193970	31617	7	0	0	100.0	0.000
run1_A_sweep	uring	off	cold	sweep	16384	16384	1	1	1	0	512	2453	16815	128369	6062	5634007	90877	5	0	0	100.0	0.000
run1_A_sweep	hybrid	off	cold	sweep	16384	16384	1	1	1	1	512	2023	18026	117913	5683	5304512	96522	5	0	0	8.0	0.000
run1_A_sweep	pooled_pread	off	cold	sweep	16384	16384	1	1	1	2	512	27721	40835	57430	34950	15595644	32830	6	0	0	100.0	0.000
run1_A_sweep	pool	off	cold	sweep	16384	16384	1	1	1	3	512	2333	17936	141579	7361	6164132	83061	6	0	0	8.0	0.000
run1_A_sweep	hybrid	off	cold	sweep	16384	16384	1	1	2	0	512	2013	15563	132124	5584	5584300	91686	5	0	0	9.2	0.000
run1_A_sweep	pooled_pread	off	cold	sweep	16384	16384	1	1	2	1	512	28818	41261	66217	35666	16229407	31548	7	0	0	100.0	0.000
run1_A_sweep	pool	off	cold	sweep	16384	16384	1	1	2	2	512	2003	16605	156630	6790	5894706	86858	6	0	0	8.4	0.000
run1_A_sweep	uring	off	cold	sweep	16384	16384	1	1	2	3	512	2434	17737	114168	6118	5637082	90827	5	0	0	100.0	0.000
run1_A_sweep	pooled_pread	off	cold	sweep	16384	16384	1	1	3	0	512	29198	40956	54160	35198	16042417	31915	7	0	0	100.0	0.000
run1_A_sweep	pool	off	cold	sweep	16384	16384	1	1	3	1	512	2023	16855	145394	7066	6282597	81495	6	0	0	9.0	0.000
run1_A_sweep	uring	off	cold	sweep	16384	16384	1	1	3	2	512	2494	21452	104834	6515	5446316	94009	5	0	0	100.0	0.000
run1_A_sweep	hybrid	off	cold	sweep	16384	16384	1	1	3	3	512	2033	16364	119375	5659	5363003	95469	5	0	0	9.0	0.000
run1_A_sweep	pool	off	cold	sweep	16384	16384	1	1	4	0	512	2183	17176	132696	7108	5547355	92296	6	0	0	8.0	0.000
run1_A_sweep	uring	off	cold	sweep	16384	16384	1	1	4	1	512	2444	20270	112005	6281	5472645	93556	5	0	0	100.0	0.000
run1_A_sweep	hybrid	off	cold	sweep	16384	16384	1	1	4	2	512	2013	15923	146731	5490	5816000	88033	5	0	0	8.4	0.000
run1_A_sweep	pooled_pread	off	cold	sweep	16384	16384	1	1	4	3	512	29488	42868	55021	37634	16410273	31200	6	0	0	100.0	0.000
run1_A_sweep	uring	off	cold	sweep	16384	16384	1	1	5	0	512	2444	17626	106046	6144	5463236	93717	5	0	0	100.0	0.000
run1_A_sweep	hybrid	off	cold	sweep	16384	16384	1	1	5	1	512	2003	14552	131344	5102	5283897	96898	5	0	0	6.8	0.000
run1_A_sweep	pooled_pread	off	cold	sweep	16384	16384	1	1	5	2	512	28422	41961	55071	36479	15889577	32222	6	0	0	100.0	0.000
run1_A_sweep	pool	off	cold	sweep	16384	16384	1	1	5	3	512	1993	15373	145635	7382	20912225	24483	6	0	0	8.0	0.000
run1_A_sweep	pool	off	cold	sweep	16384	16384	2	1	0	0	512	2303	112005	165653	9826	5485694	93334	7	0	0	14.8	0.000
run1_A_sweep	uring	off	cold	sweep	16384	16384	2	1	0	1	512	4126	75582	127859	5981	5356444	95586	5	0	0	100.0	0.000
run1_A_sweep	hybrid	off	cold	sweep	16384	16384	2	1	0	2	512	2073	74640	139705	6618	50111663	10217	5	0	0	18.4	0.000
run1_A_sweep	pooled_pread	off	cold	sweep	16384	16384	2	1	0	3	512	30225	51726	120697	28475	8636522	59283	10	0	0	100.0	0.000
run1_A_sweep	uring	off	cold	sweep	16384	16384	2	1	1	0	512	4096	76452	184732	6269	34643786	14779	5	0	0	100.0	0.000
run1_A_sweep	hybrid	off	cold	sweep	16384	16384	2	1	1	1	512	2033	81260	138544	5693	5422881	94415	5	0	0	16.4	0.000
run1_A_sweep	pooled_pread	off	cold	sweep	16384	16384	2	1	1	2	512	30886	63353	118374	28927	9005986	56851	11	0	0	100.0	0.000
run1_A_sweep	pool	off	cold	sweep	16384	16384	2	1	1	3	512	2634	137923	190475	11094	31513784	16247	7	0	0	13.1	0.000
run1_A_sweep	hybrid	off	cold	sweep	16384	16384	2	1	2	0	512	2063	81370	144503	5737	5735932	89262	5	0	0	18.6	0.000
run1_A_sweep	pooled_pread	off	cold	sweep	16384	16384	2	1	2	1	512	31656	52422	136511	30953	38068512	13449	11	0	0	100.0	0.000
run1_A_sweep	pool	off	cold	sweep	16384	16384	2	1	2	2	512	2354	104529	180886	10835	5813815	88066	8	0	0	15.6	0.000
run1_A_sweep	uring	off	cold	sweep	16384	16384	2	1	2	3	512	4066	101008	295535	5829	33488561	15289	5	0	0	100.0	0.000
run1_A_sweep	pooled_pread	off	cold	sweep	16384	16384	2	1	3	0	512	30965	54861	129195	28944	8810111	58115	11	0	0	100.0	0.000
run1_A_sweep	pool	off	cold	sweep	16384	16384	2	1	3	1	512	2393	125174	178362	9374	5694991	89904	7	0	0	13.5	0.000
run1_A_sweep	uring	off	cold	sweep	16384	16384	2	1	3	2	512	4096	78525	128609	6481	30642425	16709	5	0	0	100.0	0.000
run1_A_sweep	hybrid	off	cold	sweep	16384	16384	2	1	3	3	512	2093	80288	148358	5992	5730423	89348	5	0	0	16.0	0.000
run1_A_sweep	pool	off	cold	sweep	16384	16384	2	1	4	0	512	2524	117844	206694	11120	53117930	9639	7	0	0	14.6	0.000
run1_A_sweep	uring	off	cold	sweep	16384	16384	2	1	4	1	512	3986	95901	149530	5762	5869087	87237	5	0	0	100.0	0.000
run1_A_sweep	hybrid	off	cold	sweep	16384	16384	2	1	4	2	512	2083	93017	146495	6010	35813886	14296	5	0	0	14.5	0.000
run1_A_sweep	pooled_pread	off	cold	sweep	16384	16384	2	1	4	3	512	31366	54570	114468	29933	8981227	57008	11	0	0	100.0	0.000
run1_A_sweep	uring	off	cold	sweep	16384	16384	2	1	5	0	512	4437	95671	135009	6075	5698916	89842	5	0	0	100.0	0.000
run1_A_sweep	hybrid	off	cold	sweep	16384	16384	2	1	5	1	512	2053	88761	150521	5971	30787197	16630	5	0	0	15.2	0.000
run1_A_sweep	pooled_pread	off	cold	sweep	16384	16384	2	1	5	2	512	30925	60334	123557	30033	9026679	56721	12	0	0	100.0	0.000
run1_A_sweep	pool	off	cold	sweep	16384	16384	2	1	5	3	512	2694	130182	446873	12190	33758229	15167	7	0	0	16.6	0.000
run1_A_sweep	pool	off	cold	sweep	16384	16384	4	1	0	0	512	3004	160917	220730	16275	6052477	84593	10	0	0	31.8	0.000
run1_A_sweep	uring	off	cold	sweep	16384	16384	4	1	0	1	512	20480	129039	260623	6190	35032033	14615	5	0	0	100.0	0.000
run1_A_sweep	hybrid	off	cold	sweep	16384	16384	4	1	0	2	512	2163	114188	164748	5944	5820896	87959	5	0	0	33.4	0.000
run1_A_sweep	pooled_pread	off	cold	sweep	16384	16384	4	1	0	3	512	33394	128739	190490	24542	7178243	71327	15	0	0	100.0	0.000
run1_A_sweep	uring	off	cold	sweep	16384	16384	4	1	1	0	512	20591	141548	219894	6047	48923826	10465	5	0	0	100.0	0.000
run1_A_sweep	hybrid	off	cold	sweep	16384	16384	4	1	1	1	512	2313	105375	174717	6470	5832835	87779	5	0	0	37.7	0.000
run1_A_sweep	pooled_pread	off	cold	sweep	16384	16384	4	1	1	2	512	34611	126115	205317	26617	36357950	14082	15	0	0	100.0	0.000
run1_A_sweep	pool	off	cold	sweep	16384	16384	4	1	1	3	512	2954	171542	219072	14820	5942916	86153	9	0	0	26.6	0.000
run1_A_sweep	hybrid	off	cold	sweep	16384	16384	4	1	2	0	512	2233	106847	187291	6284	5736377	89255	5	0	0	36.3	0.000
run1_A_sweep	pooled_pread	off	cold	sweep	16384	16384	4	1	2	1	512	35127	130091	298884	29105	35257265	14522	17	0	0	100.0	0.000
run1_A_sweep	pool	off	cold	sweep	16384	16384	4	1	2	2	512	2785	165038	215932	13626	5884901	87002	10	0	0	28.9	0.000
run1_A_sweep	uring	off	cold	sweep	16384	16384	4	1	2	3	512	20440	142630	211841	5812	33993005	15062	5	0	0	100.0	0.000
run1_A_sweep	pooled_pread	off	cold	sweep	16384	16384	4	1	3	0	512	32403	125049	175579	25937	6858463	74652	15	0	0	100.0	0.000
run1_A_sweep	pool	off	cold	sweep	16384	16384	4	1	3	1	512	2904	171803	367065	16788	34308964	14923	11	0	0	32.8	0.000
run1_A_sweep	uring	off	cold	sweep	16384	16384	4	1	3	2	512	20009	131634	163526	5611	5898761	86798	5	0	0	100.0	0.000
run1_A_sweep	hybrid	off	cold	sweep	16384	16384	4	1	3	3	512	2273	104374	156761	6093	5542252	92381	5	0	0	34.8	0.000
run1_A_sweep	pool	off	cold	sweep	16384	16384	4	1	4	0	512	2874	178863	236673	16307	34373750	14895	10	0	0	27.9	0.000
run1_A_sweep	uring	off	cold	sweep	16384	16384	4	1	4	1	512	21141	128599	185313	5856	5868195	87250	5	0	0	100.0	0.000
run1_A_sweep	hybrid	off	cold	sweep	16384	16384	4	1	4	2	512	2164	118745	212152	6395	52716924	9712	5	0	0	30.3	0.000
run1_A_sweep	pooled_pread	off	cold	sweep	16384	16384	4	1	4	3	512	33414	126286	215047	27115	7227206	70843	21	0	0	100.0	0.000
run1_A_sweep	uring	off	cold	sweep	16384	16384	4	1	5	0	512	20040	122711	146996	5316	5344535	95799	5	0	0	100.0	0.000
run1_A_sweep	hybrid	off	cold	sweep	16384	16384	4	1	5	1	512	2213	116371	194967	6011	5971116	85746	5	0	0	35.0	0.000
run1_A_sweep	pooled_pread	off	cold	sweep	16384	16384	4	1	5	2	512	35832	116387	188803	26404	7008744	73052	16	0	0	100.0	0.000
run1_A_sweep	pool	off	cold	sweep	16384	16384	4	1	5	3	512	2865	197415	29111631	16133	80718821	6343	9	0	0	26.6	0.000
run1_A_sweep	pool	off	cold	sweep	16384	16384	8	1	0	0	512	73518	205463	422797	20942	6017025	85092	18	0	0	55.1	0.000
run1_A_sweep	uring	off	cold	sweep	16384	16384	8	1	0	1	512	98204	172894	266933	5610	6306621	81185	5	0	0	100.0	0.000
run1_A_sweep	hybrid	off	cold	sweep	16384	16384	8	1	0	2	512	2213	105254	145694	6533	5578068	91788	5	0	0	33.4	0.000
run1_A_sweep	pooled_pread	off	cold	sweep	16384	16384	8	1	0	3	512	103352	212227	447748	29759	7359876	69566	34	0	0	100.0	0.000
run1_A_sweep	uring	off	cold	sweep	16384	16384	8	1	1	0	512	79797	155849	26642998	6294	32568779	15721	5	0	0	100.0	0.000
run1_A_sweep	hybrid	off	cold	sweep	16384	16384	8	1	1	1	512	2213	92216	133306	6224	5251313	97499	5	0	0	37.5	0.000
run1_A_sweep	pooled_pread	off	cold	sweep	16384	16384	8	1	1	2	512	102275	203239	30265606	29874	37131214	13789	30	0	0	100.0	0.000
run1_A_sweep	pool	off	cold	sweep	16384	16384	8	1	1	3	512	84805	183410	224044	20315	5644346	90710	16	0	0	53.3	0.000
run1_A_sweep	hybrid	off	cold	sweep	16384	16384	8	1	2	0	512	2164	107879	208908	6137	6003394	85285	5	0	0	32.8	0.000
run1_A_sweep	pooled_pread	off	cold	sweep	16384	16384	8	1	2	1	512	119235	231536	42253842	30728	49939551	10252	28	0	0	100.0	0.000
run1_A_sweep	pool	off	cold	sweep	16384	16384	8	1	2	2	512	74890	191166	248881	20843	5623766	91042	21	0	0	54.9	0.000
run1_A_sweep	uring	off	cold	sweep	16384	16384	8	1	2	3	512	96512	156840	27930983	6426	33858491	15122	5	0	0	100.0	0.000
run1_A_sweep	pooled_pread	off	cold	sweep	16384	16384	8	1	3	0	512	94775	176429	314794	28940	6573915	77884	26	0	0	100.0	0.000
run1_A_sweep	pool	off	cold	sweep	16384	16384	8	1	3	1	512	81029	216228	27125633	22754	33770467	15161	17	0	0	59.8	0.000
run1_A_sweep	uring	off	cold	sweep	16384	16384	8	1	3	2	512	94990	146446	193880	5644	5826795	87870	5	0	0	100.0	0.000
run1_A_sweep	hybrid	off	cold	sweep	16384	16384	8	1	3	3	512	2184	107628	144573	6058	5497911	93126	5	0	0	28.1	0.000
run1_A_sweep	pool	off	cold	sweep	16384	16384	8	1	4	0	512	94269	425541	28666135	32002	37634037	13605	24	0	0	54.1	0.000
run1_A_sweep	uring	off	cold	sweep	16384	16384	8	1	4	1	512	88400	139636	178768	5959	5814187	88060	5	0	0	100.0	0.000
run1_A_sweep	hybrid	off	cold	sweep	16384	16384	8	1	4	2	512	2193	126596	364286	6009	32095772	15952	5	0	0	31.4	0.000
run1_A_sweep	pooled_pread	off	cold	sweep	16384	16384	8	1	4	3	512	127628	344377	932077	28426	10222444	50086	28	0	0	100.0	0.000
run1_A_sweep	uring	off	cold	sweep	16384	16384	8	1	5	0	512	102781	191602	482099	6045	7316217	69982	5	0	0	100.0	0.000
run1_A_sweep	hybrid	off	cold	sweep	16384	16384	8	1	5	1	512	2223	134157	194306	6510	42936426	11925	5	0	0	30.9	0.000
run1_A_sweep	pooled_pread	off	cold	sweep	16384	16384	8	1	5	2	512	90638	181452	413519	28049	6597348	77607	27	0	0	100.0	0.000
run1_A_sweep	pool	off	cold	sweep	16384	16384	8	1	5	3	512	70023	205367	28991910	21375	34839320	14696	20	0	0	53.5	0.000
run1_A_sweep	pool	off	cold	sweep	16384	16384	16	1	0	0	512	131573	260653	694076	26477	4775247	107220	31	0	0	71.1	0.000
run1_A_sweep	uring	off	cold	sweep	16384	16384	16	1	0	1	512	180305	253684	29688649	5907	34911756	14666	5	0	0	100.0	0.000
run1_A_sweep	hybrid	off	cold	sweep	16384	16384	16	1	0	2	512	83663	166425	198852	6783	4973770	102940	5	0	0	70.9	0.000
run1_A_sweep	pooled_pread	off	cold	sweep	16384	16384	16	1	0	3	512	140036	307553	927410	30743	6106236	83849	46	0	0	100.0	0.000
run1_A_sweep	uring	off	cold	sweep	16384	16384	16	1	1	0	512	181718	291129	27548011	6037	33654547	15213	5	0	0	100.0	0.000
run1_A_sweep	hybrid	off	cold	sweep	16384	16384	16	1	1	1	512	96562	158223	177632	6914	4737963	108063	5	0	0	78.5	0.000
run1_A_sweep	pooled_pread	off	cold	sweep	16384	16384	16	1	1	2	512	148884	388853	29859083	33054	35823460	14292	45	0	0	100.0	0.000
run1_A_sweep	pool	off	cold	sweep	16384	16384	16	1	1	3	512	107498	356690	674643	28111	4981496	102780	41	0	0	66.8	0.000
run1_A_sweep	hybrid	off	cold	sweep	16384	16384	16	1	2	0	512	87109	150322	170661	6553	4550035	112527	5	0	0	76.0	0.000
run1_A_sweep	pooled_pread	off	cold	sweep	16384	16384	16	1	2	1	512	141368	516570	44829281	36921	50930224	10053	60	0	0	100.0	0.000
run1_A_sweep	pool	off	cold	sweep	16384	16384	16	1	2	2	512	146891	262196	615476	25785	4992537	102553	31	0	0	71.1	0.000
run1_A_sweep	uring	off	cold	sweep	16384	16384	16	1	2	3	512	168568	243778	28546912	6037	33604740	15236	5	0	0	100.0	0.000
run1_A_sweep	pooled_pread	off	cold	sweep	16384	16384	16	1	3	0	512	146706	305360	721582	34296	6435746	79556	47	0	0	100.0	0.000
run1_A_sweep	pool	off	cold	sweep	16384	16384	16	1	3	1	512	122731	381596	29920622	28472	34873385	14682	36	0	0	65.6	0.000
run1_A_sweep	uring	off	cold	sweep	16384	16384	16	1	3	2	512	171542	231630	292571	5787	5358766	95544	5	0	0	100.0	0.000
run1_A_sweep	hybrid	off	cold	sweep	16384	16384	16	1	3	3	512	84845	133256	156250	6966	4543857	112680	5	0	0	79.1	0.000
run1_A_sweep	pool	off	cold	sweep	16384	16384	16	1	4	0	512	179775	392492	29520504	33907	35377218	14473	33	0	0	74.8	0.000
run1_A_sweep	uring	off	cold	sweep	16384	16384	16	1	4	1	512	173946	237139	309876	5641	5346608	95762	5	0	0	100.0	0.000
run1_A_sweep	hybrid	off	cold	sweep	16384	16384	16	1	4	2	512	103693	162560	29775508	6564	34518968	14832	5	0	0	71.1	0.000
run1_A_sweep	pooled_pread	off	cold	sweep	16384	16384	16	1	4	3	512	143867	261995	866691	31730	5702582	89784	31	0	0	100.0	0.000
run1_A_sweep	uring	off	cold	sweep	16384	16384	16	1	5	0	512	172104	224871	284439	5812	35935544	14248	5	0	0	100.0	0.000
run1_A_sweep	hybrid	off	cold	sweep	16384	16384	16	1	5	1	512	87339	150902	204251	6527	4978045	102852	5	0	0	70.5	0.000
run1_A_sweep	pooled_pread	off	cold	sweep	16384	16384	16	1	5	2	512	153616	299881	931235	32146	6257198	81826	45	0	0	100.0	0.000
run1_A_sweep	pool	off	cold	sweep	16384	16384	16	1	5	3	512	162223	402837	44435544	26762	49731797	10295	31	0	0	63.1	0.000
run1_A_sweep	pool	off	cold	sweep	16384	16384	32	1	0	0	512	211366	414159	840922	29942	4630394	110574	36	0	0	75.6	0.000
run1_A_sweep	uring	off	cold	sweep	16384	16384	32	1	0	1	512	296496	402573	31185102	5890	35673046	14353	5	0	0	100.0	0.000
run1_A_sweep	hybrid	off	cold	sweep	16384	16384	32	1	0	2	512	145814	201606	231520	8173	3838934	133370	5	0	0	93.4	0.000
run1_A_sweep	pooled_pread	off	cold	sweep	16384	16384	32	1	0	3	512	230179	606953	1571067	36146	6322864	80976	63	0	0	100.0	0.000
run1_A_sweep	uring	off	cold	sweep	16384	16384	32	1	1	0	512	300092	407359	28850637	6275	33436115	15313	5	0	0	100.0	0.000
run1_A_sweep	hybrid	off	cold	sweep	16384	16384	32	1	1	1	512	130842	191943	273272	6611	3425811	149454	5	0	0	93.2	0.000
run1_A_sweep	pooled_pread	off	cold	sweep	16384	16384	32	1	1	2	512	245116	1264260	32776270	39116	39545426	12947	77	0	0	100.0	0.000
run1_A_sweep	pool	off	cold	sweep	16384	16384	32	1	1	3	512	200184	638905	1044833	29533	4979257	102827	46	0	0	62.1	0.000
run1_A_sweep	hybrid	off	cold	sweep	16384	16384	32	1	2	0	512	138283	217851	29140384	7565	32463013	15772	5	0	0	91.4	0.000
run1_A_sweep	pooled_pread	off	cold	sweep	16384	16384	32	1	2	1	512	242767	877491	1573921	43176	7284049	70291	90	0	0	100.0	0.000
run1_A_sweep	pool	off	cold	sweep	16384	16384	32	1	2	2	512	180716	662425	1239048	30818	5435359	94198	48	0	0	62.1	0.000
run1_A_sweep	uring	off	cold	sweep	16384	16384	32	1	2	3	512	319070	430358	23144370	6094	27915951	18341	5	0	0	100.0	0.000
run1_A_sweep	pooled_pread	off	cold	sweep	16384	16384	32	1	3	0	512	195843	917810	1761993	34354	6307702	81171	67	0	0	100.0	0.000
run1_A_sweep	pool	off	cold	sweep	16384	16384	32	1	3	1	512	239288	756728	43526926	32791	48160735	10631	41	0	0	76.4	0.000
run1_A_sweep	uring	off	cold	sweep	16384	16384	32	1	3	2	512	305570	357596	385037	5738	4698094	108980	5	0	0	100.0	0.000
run1_A_sweep	hybrid	off	cold	sweep	16384	16384	32	1	3	3	512	154847	265405	494638	7594	3968610	129012	5	0	0	90.0	0.000
run1_A_sweep	pool	off	cold	sweep	16384	16384	32	1	4	0	512	235381	808269	30350591	30720	34627850	14786	48	0	0	82.6	0.000
run1_A_sweep	uring	off	cold	sweep	16384	16384	32	1	4	1	512	290959	347712	492055	5656	4659677	109879	5	0	0	100.0	0.000
run1_A_sweep	hybrid	off	cold	sweep	16384	16384	32	1	4	2	512	157793	310612	31974514	7500	35772413	14313	5	0	0	92.4	0.000
run1_A_sweep	pooled_pread	off	cold	sweep	16384	16384	32	1	4	3	512	355954	870206	1564958	46237	7995972	64032	67	0	0	100.0	0.000
run1_A_sweep	uring	off	cold	sweep	16384	16384	32	1	5	0	512	317848	508508	26955848	5829	31829089	16086	5	0	0	100.0	0.000
run1_A_sweep	hybrid	off	cold	sweep	16384	16384	32	1	5	1	512	157391	241566	320632	7129	3922844	130518	5	0	0	96.7	0.000
run1_A_sweep	pooled_pread	off	cold	sweep	16384	16384	32	1	5	2	512	334552	1240105	2892782	48442	9772902	52390	128	0	0	100.0	0.000
run1_A_sweep	pool	off	cold	sweep	16384	16384	32	1	5	3	512	195408	714046	23899547	32100	28201974	18155	47	0	0	81.4	0.000
run1_A_sweep	pool	off	cold	sweep	16384	16384	64	1	0	0	512	374045	962762	1349787	34522	5539412	92429	48	0	0	71.9	0.000
run1_A_sweep	uring	off	cold	sweep	16384	16384	64	1	0	1	512	494027	45023359	45025281	6638	49369964	10371	5	0	0	100.0	0.000
run1_A_sweep	hybrid	off	cold	sweep	16384	16384	64	1	0	2	512	209048	357636	502590	7279	3576058	143174	5	0	0	93.4	0.000
run1_A_sweep	pooled_pread	off	cold	sweep	16384	16384	64	1	0	3	512	432692	1664484	3411906	44312	8261578	61974	100	0	0	100.0	0.000
run1_A_sweep	uring	off	cold	sweep	16384	16384	64	1	1	0	512	502990	24579317	24581220	6580	28980048	17667	5	0	0	100.0	0.000
run1_A_sweep	hybrid	off	cold	sweep	16384	16384	64	1	1	1	512	231631	393129	499285	8114	3808455	134438	5	0	0	90.2	0.000
run1_A_sweep	pooled_pread	off	cold	sweep	16384	16384	64	1	1	2	512	646181	30774594	31055808	43257	38273024	13378	102	0	0	100.0	0.000
run1_A_sweep	pool	off	cold	sweep	16384	16384	64	1	1	3	512	462516	872809	1698735	31812	5011305	102169	45	0	0	67.0	0.000
run1_A_sweep	hybrid	off	cold	sweep	16384	16384	64	1	2	0	512	238912	30633984	30890501	7949	34261356	14944	5	0	0	96.5	0.000
run1_A_sweep	pooled_pread	off	cold	sweep	16384	16384	64	1	2	1	512	497402	1276959	2902736	41056	6500726	78760	78	0	0	100.0	0.000
run1_A_sweep	pool	off	cold	sweep	16384	16384	64	1	2	2	512	402863	1122227	1753405	31615	5220082	98083	47	0	0	62.3	0.000
run1_A_sweep	uring	off	cold	sweep	16384	16384	64	1	2	3	512	543760	23570756	23572679	6323	28421344	18015	5	0	0	100.0	0.000
run1_A_sweep	pooled_pread	off	cold	sweep	16384	16384	64	1	3	0	512	729348	1495711	2403913	49233	8725901	58676	114	0	0	100.0	0.000
run1_A_sweep	pool	off	cold	sweep	16384	16384	64	1	3	1	512	515234	40296555	41994654	37199	45698750	11204	75	0	0	67.8	0.000
run1_A_sweep	uring	off	cold	sweep	16384	16384	64	1	3	2	512	544692	765716	768430	6001	5393408	94931	5	0	0	100.0	0.000
run1_A_sweep	hybrid	off	cold	sweep	16384	16384	64	1	3	3	512	207725	384596	458796	7773	3654863	140087	5	0	0	92.4	0.000
run1_A_sweep	pool	off	cold	sweep	16384	16384	64	1	4	0	512	476962	1232273	2051510	35483	5376052	95237	61	0	0	65.0	0.000
run1_A_sweep	uring	off	cold	sweep	16384	16384	64	1	4	1	512	521297	635315	804984	6287	4875285	105020	5	0	0	100.0	0.000
run1_A_sweep	hybrid	off	cold	sweep	16384	16384	64	1	4	2	512	232923	30124392	30225952	7543	33403878	15328	5	0	0	96.3	0.000
run1_A_sweep	pooled_pread	off	cold	sweep	16384	16384	64	1	4	3	512	639932	1432158	2352447	45228	7818495	65486	97	0	0	100.0	0.000
run1_A_sweep	uring	off	cold	sweep	16384	16384	64	1	5	0	512	365708	27947899	27979776	7258	31756363	16123	5	0	0	100.0	0.000
run1_A_sweep	hybrid	off	cold	sweep	16384	16384	64	1	5	1	512	218121	310848	439456	7362	3585241	142808	5	0	0	92.8	0.000
run1_A_sweep	pooled_pread	off	cold	sweep	16384	16384	64	1	5	2	512	631694	1770020	3117297	48809	8313635	61586	111	0	0	100.0	0.000
run1_A_sweep	pool	off	cold	sweep	16384	16384	64	1	5	3	512	351317	23954042	26543873	33738	29247912	17506	75	0	0	78.7	0.000
run1_A_sweep	pool	off	warm	sweep	16384	16384	1	1	0	0	512	2033	2334	3195	2571	1206505	424366	5	0	0	0.0	0.000
run1_A_sweep	uring	off	warm	sweep	16384	16384	1	1	0	1	512	4646	5939	8553	8017	2750086	186176	5	0	0	100.0	0.000
run1_A_sweep	hybrid	off	warm	sweep	16384	16384	1	1	0	2	512	1723	2073	2504	2337	1107315	462380	5	0	0	0.0	0.000
run1_A_sweep	pooled_pread	off	warm	sweep	16384	16384	1	1	0	3	512	27676	31602	44641	33278	14897038	34369	7	0	0	100.0	0.000
run1_A_sweep	uring	off	warm	sweep	16384	16384	1	1	1	0	512	4597	5829	9814	7748	2546848	201033	5	0	0	100.0	0.000
run1_A_sweep	hybrid	off	warm	sweep	16384	16384	1	1	1	1	512	1773	2033	2764	2362	1116743	458476	5	0	0	0.0	0.000
run1_A_sweep	pooled_pread	off	warm	sweep	16384	16384	1	1	1	2	512	27090	30635	47144	32897	14464606	35397	7	0	0	100.0	0.000
run1_A_sweep	pool	off	warm	sweep	16384	16384	1	1	1	3	512	1942	2153	2964	2344	1118536	457741	5	0	0	0.0	0.000
run1_A_sweep	hybrid	off	warm	sweep	16384	16384	1	1	2	0	512	1733	1943	2314	2407	1123213	455835	5	0	0	0.0	0.000
run1_A_sweep	pooled_pread	off	warm	sweep	16384	16384	1	1	2	1	512	26304	28797	41341	31292	13883065	36879	6	0	0	100.0	0.000
run1_A_sweep	pool	off	warm	sweep	16384	16384	1	1	2	2	512	1733	1953	2673	2161	1010757	506551	5	0	0	0.0	0.000
run1_A_sweep	uring	off	warm	sweep	16384	16384	1	1	2	3	512	2474	5548	5939	5683	1972774	259533	5	0	0	100.0	0.000
run1_A_sweep	pooled_pread	off	warm	sweep	16384	16384	1	1	3	0	512	27380	30160	44210	33341	14584593	35106	7	0	0	100.0	0.000
run1_A_sweep	pool	off	warm	sweep	16384	16384	1	1	3	1	512	1743	2013	2814	2179	1023957	500021	5	0	0	0.0	0.000
run1_A_sweep	uring	off	warm	sweep	16384	16384	1	1	3	2	512	4657	5979	9695	7620	2476520	206742	5	0	0	100.0	0.000
run1_A_sweep	hybrid	off	warm	sweep	16384	16384	1	1	3	3	512	1663	1793	2233	2196	1038137	493191	5	0	0	0.0	0.000
run1_A_sweep	pool	off	warm	sweep	16384	16384	1	1	4	0	512	1632	1763	1963	2054	989957	517194	5	0	0	0.0	0.000
run1_A_sweep	uring	off	warm	sweep	16384	16384	1	1	4	1	512	3125	5578	9314	6593	2173939	235517	5	0	0	100.0	0.000
run1_A_sweep	hybrid	off	warm	sweep	16384	16384	1	1	4	2	512	1652	1803	2033	2185	1030286	496949	5	0	0	0.0	0.000
run1_A_sweep	pooled_pread	off	warm	sweep	16384	16384	1	1	4	3	512	27020	31672	47665	32773	14620565	35019	7	0	0	100.0	0.000
run1_A_sweep	uring	off	warm	sweep	16384	16384	1	1	5	0	512	4567	5708	9354	7655	2494611	205242	5	0	0	100.0	0.000
run1_A_sweep	hybrid	off	warm	sweep	16384	16384	1	1	5	1	512	1702	1913	2474	2351	1102803	464271	5	0	0	0.0	0.000
run1_A_sweep	pooled_pread	off	warm	sweep	16384	16384	1	1	5	2	512	26564	29374	46534	32594	14444341	35446	6	0	0	100.0	0.000
run1_A_sweep	pool	off	warm	sweep	16384	16384	1	1	5	3	512	1763	1983	2754	2197	1029746	497210	5	0	0	0.0	0.000
run1_A_sweep	pool	off	warm	sweep	16384	16384	2	1	0	0	512	2153	2354	2554	2580	641705	797874	5	0	0	0.0	0.000
run1_A_sweep	uring	off	warm	sweep	16384	16384	2	1	0	1	512	4096	5718	7091	4163	1455081	351870	5	0	0	100.0	0.000
run1_A_sweep	hybrid	off	warm	sweep	16384	16384	2	1	0	2	512	1682	1822	2404	2243	1059579	483211	5	0	0	0.0	0.000
run1_A_sweep	pooled_pread	off	warm	sweep	16384	16384	2	1	0	3	512	24206	31327	71175	21937	6133746	83473	11	0	0	100.0	0.000
run1_A_sweep	uring	off	warm	sweep	16384	16384	2	1	1	0	512	4136	5919	7191	4103	1432639	357382	5	0	0	100.0	0.000
run1_A_sweep	hybrid	off	warm	sweep	16384	16384	2	1	1	1	512	1682	1832	2484	2228	1051238	487045	5	0	0	0.0	0.000
run1_A_sweep	pooled_pread	off	warm	sweep	16384	16384	2	1	1	2	512	25263	33154	72001	22444	6242777	82015	11	0	0	100.0	0.000
run1_A_sweep	pool	off	warm	sweep	16384	16384	2	1	1	3	512	2173	2373	2754	2661	672319	761543	5	0	0	0.0	0.000
run1_A_sweep	hybrid	off	warm	sweep	16384	16384	2	1	2	0	512	1652	1783	1983	2321	1082904	472803	5	0	0	0.0	0.000
run1_A_sweep	pooled_pread	off	warm	sweep	16384	16384	2	1	2	1	512	26049	32959	74269	23603	6183084	82807	12	0	0	100.0	0.000
run1_A_sweep	pool	off	warm	sweep	16384	16384	2	1	2	2	512	2193	2384	2674	2662	668163	766280	5	0	0	0.0	0.000
run1_A_sweep	uring	off	warm	sweep	16384	16384	2	1	2	3	512	6750	8803	9734	5801	1955523	261823	5	0	0	100.0	0.000
run1_A_sweep	pooled_pread	off	warm	sweep	16384	16384	2	1	3	0	512	27215	33148	64425	23776	6495439	78825	11	0	0	100.0	0.000
run1_A_sweep	pool	off	warm	sweep	16384	16384	2	1	3	1	512	2234	2404	2704	2771	684518	747972	5	0	0	0.0	0.000
run1_A_sweep	uring	off	warm	sweep	16384	16384	2	1	3	2	512	6760	9123	21101	5865	2013508	254283	5	0	0	100.0	0.000
run1_A_sweep	hybrid	off	warm	sweep	16384	16384	2	1	3	3	512	1692	1853	2324	2417	1134164	451434	5	0	0	0.0	0.000
run1_A_sweep	pool	off	warm	sweep	16384	16384	2	1	4	0	512	1722	1892	2724	2169	541316	945843	5	0	0	0.0	0.000
run1_A_sweep	uring	off	warm	sweep	16384	16384	2	1	4	1	512	6780	8913	10145	5935	2013188	254323	5	0	0	100.0	0.000
run1_A_sweep	hybrid	off	warm	sweep	16384	16384	2	1	4	2	512	1683	1872	2413	2352	1075112	476229	5	0	0	0.0	0.000
run1_A_sweep	pooled_pread	off	warm	sweep	16384	16384	2	1	4	3	512	28211	32328	84444	23735	6793693	75364	11	0	0	100.0	0.000
run1_A_sweep	uring	off	warm	sweep	16384	16384	2	1	5	0	512	6840	9234	18627	6011	2077457	246455	5	0	0	100.0	0.000
run1_A_sweep	hybrid	off	warm	sweep	16384	16384	2	1	5	1	512	1682	1822	2614	2268	1078808	474598	5	0	0	0.0	0.000
run1_A_sweep	pooled_pread	off	warm	sweep	16384	16384	2	1	5	2	512	25713	33470	91735	23669	6213684	82399	13	0	0	100.0	0.000
run1_A_sweep	pool	off	warm	sweep	16384	16384	2	1	5	3	512	1743	1953	2774	2236	566914	903135	5	0	0	0.0	0.000
run1_A_sweep	pool	off	warm	sweep	16384	16384	4	1	0	0	512	2233	2434	2724	2611	465244	1100498	5	0	0	0.0	0.000
run1_A_sweep	uring	off	warm	sweep	16384	16384	4	1	0	1	512	11507	13019	23054	4884	1732559	295517	5	0	0	100.0	0.000
run1_A_sweep	hybrid	off	warm	sweep	16384	16384	4	1	0	2	512	1683	1833	2144	2262	1068072	479368	5	0	0	0.0	0.000
run1_A_sweep	pooled_pread	off	warm	sweep	16384	16384	4	1	0	3	512	17927	49252	187286	19966	3339464	153318	23	0	0	100.0	0.000
run1_A_sweep	uring	off	warm	sweep	16384	16384	4	1	1	0	512	12379	13510	27080	4994	1788683	286244	5	0	0	100.0	0.000
run1_A_sweep	hybrid	off	warm	sweep	16384	16384	4	1	1	1	512	1673	1833	2774	2258	1058178	483851	5	0	0	0.0	0.000
run1_A_sweep	pooled_pread	off	warm	sweep	16384	16384	4	1	1	2	512	16218	37896	121930	18578	2910593	175909	20	0	0	100.0	0.000
run1_A_sweep	pool	off	warm	sweep	16384	16384	4	1	1	3	512	2203	2363	2564	2809	714847	716237	5	0	0	0.0	0.000
run1_A_sweep	hybrid	off	warm	sweep	16384	16384	4	1	2	0	512	1663	1783	2063	2352	1094230	467909	5	0	0	0.0	0.000
run1_A_sweep	pooled_pread	off	warm	sweep	16384	16384	4	1	2	1	512	16474	43199	171127	19622	3448045	148490	19	0	0	100.0	0.000
run1_A_sweep	pool	off	warm	sweep	16384	16384	4	1	2	2	512	2223	2443	2875	2628	462511	1107001	5	0	0	0.0	0.000
run1_A_sweep	uring	off	warm	sweep	16384	16384	4	1	2	3	512	8302	9715	19048	3601	1318431	388340	5	0	0	100.0	0.000
run1_A_sweep	pooled_pread	off	warm	sweep	16384	16384	4	1	3	0	512	16975	49764	151288	19700	3262852	156918	22	0	0	100.0	0.000
run1_A_sweep	pool	off	warm	sweep	16384	16384	4	1	3	1	512	2163	2434	2874	2700	493006	1038527	5	0	0	0.0	0.000
run1_A_sweep	uring	off	warm	sweep	16384	16384	4	1	3	2	512	10886	12779	23705	4789	1695676	301944	5	0	0	100.0	0.000
run1_A_sweep	hybrid	off	warm	sweep	16384	16384	4	1	3	3	512	1673	1803	2333	2268	1063005	481653	5	0	0	0.0	0.000
run1_A_sweep	pool	off	warm	sweep	16384	16384	4	1	4	0	512	2103	2403	3746	2702	492565	1039457	5	0	0	0.0	0.000
run1_A_sweep	uring	off	warm	sweep	16384	16384	4	1	4	1	512	8122	9644	17236	3408	1242318	412133	5	0	0	100.0	0.000
run1_A_sweep	hybrid	off	warm	sweep	16384	16384	4	1	4	2	512	1662	1793	1983	2245	1066679	479994	5	0	0	0.0	0.000
run1_A_sweep	pooled_pread	off	warm	sweep	16384	16384	4	1	4	3	512	18317	39298	140943	19116	3158248	162115	17	0	0	100.0	0.000
run1_A_sweep	uring	off	warm	sweep	16384	16384	4	1	5	0	512	11687	13100	24346	4877	1747617	292970	5	0	0	100.0	0.000
run1_A_sweep	hybrid	off	warm	sweep	16384	16384	4	1	5	1	512	1692	1863	2473	2276	1072178	477533	5	0	0	0.0	0.000
run1_A_sweep	pooled_pread	off	warm	sweep	16384	16384	4	1	5	2	512	18177	50484	211801	22298	3683811	138987	23	0	0	100.0	0.000
run1_A_sweep	pool	off	warm	sweep	16384	16384	4	1	5	3	512	2113	2443	2764	2614	459907	1113269	5	0	0	0.0	0.000
run1_A_sweep	pool	off	warm	sweep	16384	16384	8	1	0	0	512	2203	2343	2423	2684	672529	761305	5	0	0	0.0	0.000
run1_A_sweep	uring	off	warm	sweep	16384	16384	8	1	0	1	512	18898	19619	39498	3721	1478876	346209	5	0	0	100.0	0.000
run1_A_sweep	hybrid	off	warm	sweep	16384	16384	8	1	0	2	512	1702	1863	2433	2284	1095593	467327	5	0	0	0.0	0.000
run1_A_sweep	pooled_pread	off	warm	sweep	16384	16384	8	1	0	3	512	18548	148864	708478	23214	3838809	133375	51	0	0	100.0	0.000
run1_A_sweep	uring	off	warm	sweep	16384	16384	8	1	1	0	512	13910	14871	33138	2985	1158985	441766	5	0	0	100.0	0.000
run1_A_sweep	hybrid	off	warm	sweep	16384	16384	8	1	1	1	512	1712	1883	2233	2519	1244922	411271	5	0	0	0.0	0.000
run1_A_sweep	pooled_pread	off	warm	sweep	16384	16384	8	1	1	2	512	24095	233569	933844	28415	5480370	93424	70	0	0	100.0	0.000
run1_A_sweep	pool	off	warm	sweep	16384	16384	8	1	1	3	512	2374	2634	3074	2971	464378	1102550	5	0	0	0.0	0.000
run1_A_sweep	hybrid	off	warm	sweep	16384	16384	8	1	2	0	512	1732	1933	2303	2492	1188414	430826	5	0	0	0.0	0.000
run1_A_sweep	pooled_pread	off	warm	sweep	16384	16384	8	1	2	1	512	22403	177351	650903	23590	4140574	123654	54	0	0	100.0	0.000
run1_A_sweep	pool	off	warm	sweep	16384	16384	8	1	2	2	512	2253	2543	2994	2858	507947	1007979	5	0	0	0.0	0.000
run1_A_sweep	uring	off	warm	sweep	16384	16384	8	1	2	3	512	13630	14381	32037	2954	1134214	451414	5	0	0	100.0	0.000
run1_A_sweep	pooled_pread	off	warm	sweep	16384	16384	8	1	3	0	512	19664	181297	512534	25822	4087946	125246	51	0	0	100.0	0.000
run1_A_sweep	pool	off	warm	sweep	16384	16384	8	1	3	1	512	2443	2684	3164	3073	443508	1154432	5	0	0	0.0	0.000
run1_A_sweep	uring	off	warm	sweep	16384	16384	8	1	3	2	512	19328	20370	34571	3797	1509611	339160	5	0	0	100.0	0.000
run1_A_sweep	hybrid	off	warm	sweep	16384	16384	8	1	3	3	512	1702	1893	2944	2403	1132467	452110	5	0	0	0.0	0.000
run1_A_sweep	pool	off	warm	sweep	16384	16384	8	1	4	0	512	2273	2444	2724	2729	491824	1041023	5	0	0	0.0	0.000
run1_A_sweep	uring	off	warm	sweep	16384	16384	8	1	4	1	512	13219	14601	29824	2906	1088602	470328	5	0	0	100.0	0.000
run1_A_sweep	hybrid	off	warm	sweep	16384	16384	8	1	4	2	512	1673	1812	2173	2345	1107059	462487	5	0	0	0.0	0.000
run1_A_sweep	pooled_pread	off	warm	sweep	16384	16384	8	1	4	3	512	22964	131018	550400	21574	3479671	147140	36	0	0	100.0	0.000
run1_A_sweep	uring	off	warm	sweep	16384	16384	8	1	5	0	512	13741	14582	33860	3005	1158574	441923	5	0	0	100.0	0.000
run1_A_sweep	hybrid	off	warm	sweep	16384	16384	8	1	5	1	512	1693	1852	2163	2324	1109303	461551	5	0	0	0.0	0.000
run1_A_sweep	pooled_pread	off	warm	sweep	16384	16384	8	1	5	2	512	26609	171192	607724	22882	4196635	122003	49	0	0	100.0	0.000
run1_A_sweep	pool	off	warm	sweep	16384	16384	8	1	5	3	512	2163	2523	2804	2725	479546	1067677	5	0	0	0.0	0.000
run1_A_sweep	pool	off	warm	sweep	16384	16384	16	1	0	0	512	2163	2444	3154	2738	493336	1037832	5	0	0	0.0	0.000
run1_A_sweep	uring	off	warm	sweep	16384	16384	16	1	0	1	512	30555	38677	109196	3252	1448362	353503	5	0	0	100.0	0.000
run1_A_sweep	hybrid	off	warm	sweep	16384	16384	16	1	0	2	512	1732	1883	2103	2534	1203501	425425	5	0	0	0.0	0.000
run1_A_sweep	pooled_pread	off	warm	sweep	16384	16384	16	1	0	3	512	57805	476035	1067642	28843	5239821	97713	78	0	0	100.0	0.000
run1_A_sweep	uring	off	warm	sweep	16384	16384	16	1	1	0	512	25828	27450	50404	2782	1165985	439114	5	0	0	100.0	0.000
run1_A_sweep	hybrid	off	warm	sweep	16384	16384	16	1	1	1	512	1752	1932	2524	2555	1322587	387120	5	0	0	0.0	0.000
run1_A_sweep	pooled_pread	off	warm	sweep	16384	16384	16	1	1	2	512	39629	335103	1063070	22717	3713359	137881	47	0	0	100.0	0.000
run1_A_sweep	pool	off	warm	sweep	16384	16384	16	1	1	3	512	2233	2454	2634	2739	684076	748455	5	0	0	0.0	0.000
run1_A_sweep	hybrid	off	warm	sweep	16384	16384	16	1	2	0	512	1763	1953	2313	2653	1250521	409429	5	0	0	0.0	0.000
run1_A_sweep	pooled_pread	off	warm	sweep	16384	16384	16	1	2	1	512	46363	545163	903485	27900	5314971	96332	84	0	0	100.0	0.000
run1_A_sweep	pool	off	warm	sweep	16384	16384	16	1	2	2	512	2383	2834	3525	3037	557010	919194	5	0	0	0.0	0.000
run1_A_sweep	uring	off	warm	sweep	16384	16384	16	1	2	3	512	26208	28843	43725	2769	1204463	425086	5	0	0	100.0	0.000
run1_A_sweep	pooled_pread	off	warm	sweep	16384	16384	16	1	3	0	512	45712	491002	1263815	31272	5512692	92877	77	0	0	100.0	0.000
run1_A_sweep	pool	off	warm	sweep	16384	16384	16	1	3	1	512	2354	2624	3896	3207	525237	974798	5	0	0	0.0	0.000
run1_A_sweep	uring	off	warm	sweep	16384	16384	16	1	3	2	512	24857	27240	45096	2711	1166357	438974	5	0	0	100.0	0.000
run1_A_sweep	hybrid	off	warm	sweep	16384	16384	16	1	3	3	512	1733	1963	2634	2639	1276914	400967	5	0	0	0.0	0.000
run1_A_sweep	pool	off	warm	sweep	16384	16384	16	1	4	0	512	2193	2454	2764	2609	456521	1121526	5	0	0	0.0	0.000
run1_A_sweep	uring	off	warm	sweep	16384	16384	16	1	4	1	512	29904	32338	51075	3046	1295496	395215	5	0	0	100.0	0.000
run1_A_sweep	hybrid	off	warm	sweep	16384	16384	16	1	4	2	512	1702	1873	2974	2485	1179957	433914	5	0	0	0.0	0.000
run1_A_sweep	pooled_pread	off	warm	sweep	16384	16384	16	1	4	3	512	48226	423142	967168	24342	4258647	120226	57	0	0	100.0	0.000
run1_A_sweep	uring	off	warm	sweep	16384	16384	16	1	5	0	512	31967	34100	51236	3379	1406760	363957	5	0	0	100.0	0.000
run1_A_sweep	hybrid	off	warm	sweep	16384	16384	16	1	5	1	512	1793	2013	2313	2672	1317770	388535	5	0	0	0.0	0.000
run1_A_sweep	pooled_pread	off	warm	sweep	16384	16384	16	1	5	2	512	52968	347005	1040185	23718	4079764	125497	55	0	0	100.0	0.000
run1_A_sweep	pool	off	warm	sweep	16384	16384	16	1	5	3	512	2423	2684	4527	3196	468785	1092185	5	0	0	0.0	0.000
run1_A_sweep	pool	off	warm	sweep	16384	16384	32	1	0	0	512	2224	2444	3665	2679	490011	1044875	5	0	0	0.0	0.000
run1_A_sweep	uring	off	warm	sweep	16384	16384	32	1	0	1	512	60649	85105	150101	3304	1540607	332337	5	0	0	100.0	0.000
run1_A_sweep	hybrid	off	warm	sweep	16384	16384	32	1	0	2	512	1803	2013	7361	3046	1484915	344801	5	0	0	0.0	0.000
run1_A_sweep	pooled_pread	off	warm	sweep	16384	16384	32	1	0	3	512	190596	820007	1779513	39828	6661273	76862	101	0	0	100.0	0.000
run1_A_sweep	uring	off	warm	sweep	16384	16384	32	1	1	0	512	57415	80137	100217	3093	1341724	381599	5	0	0	100.0	0.000
run1_A_sweep	hybrid	off	warm	sweep	16384	16384	32	1	1	1	512	1873	2113	2324	3021	1444996	354326	5	0	0	0.0	0.000
run1_A_sweep	pooled_pread	off	warm	sweep	16384	16384	32	1	1	2	512	115425	763523	1303328	28329	5114787	100102	73	0	0	100.0	0.000
run1_A_sweep	pool	off	warm	sweep	16384	16384	32	1	1	3	512	2413	2694	4176	3363	473031	1082381	5	0	0	0.0	0.000
run1_A_sweep	hybrid	off	warm	sweep	16384	16384	32	1	2	0	512	1802	2022	2874	3017	1433600	357143	5	0	0	0.0	0.000
run1_A_sweep	pooled_pread	off	warm	sweep	16384	16384	32	1	2	1	512	134068	888101	1820869	29721	5208720	98297	78	0	0	100.0	0.000
run1_A_sweep	pool	off	warm	sweep	16384	16384	32	1	2	2	512	2224	2564	3325	3106	557039	919146	5	0	0	0.0	0.000
run1_A_sweep	uring	off	warm	sweep	16384	16384	32	1	2	3	512	48261	67218	163231	2652	1265643	404537	5	0	0	100.0	0.000
run1_A_sweep	pooled_pread	off	warm	sweep	16384	16384	32	1	3	0	512	157381	949683	1662752	39041	6367741	80405	113	0	0	100.0	0.000
run1_A_sweep	pool	off	warm	sweep	16384	16384	32	1	3	1	512	2513	2764	7912	3353	502710	1018480	5	0	0	0.0	0.000
run1_A_sweep	uring	off	warm	sweep	16384	16384	32	1	3	2	512	57445	84064	85065	3146	1441652	355148	5	0	0	100.0	0.000
run1_A_sweep	hybrid	off	warm	sweep	16384	16384	32	1	3	3	512	1833	2083	7381	3108	1493118	342907	5	0	0	0.0	0.000
run1_A_sweep	pool	off	warm	sweep	16384	16384	32	1	4	0	512	2263	2434	3885	3028	536660	954049	5	0	0	0.0	0.000
run1_A_sweep	uring	off	warm	sweep	16384	16384	32	1	4	1	512	55411	58616	157672	3017	1422273	359987	5	0	0	100.0	0.000
run1_A_sweep	hybrid	off	warm	sweep	16384	16384	32	1	4	2	512	1783	1953	2504	2799	1339822	382140	5	0	0	0.0	0.000
run1_A_sweep	pooled_pread	off	warm	sweep	16384	16384	32	1	4	3	512	116131	626131	1625528	27953	4815347	106327	70	0	0	100.0	0.000
run1_A_sweep	uring	off	warm	sweep	16384	16384	32	1	5	0	512	58045	81190	88570	3191	1413566	362205	5	0	0	100.0	0.000
run1_A_sweep	hybrid	off	warm	sweep	16384	16384	32	1	5	1	512	1833	2093	2524	2982	1481510	345593	5	0	0	0.0	0.000
run1_A_sweep	pooled_pread	off	warm	sweep	16384	16384	32	1	5	2	512	119877	937430	1647860	29517	5484857	93348	87	0	0	100.0	0.000
run1_A_sweep	pool	off	warm	sweep	16384	16384	32	1	5	3	512	2314	2674	3194	3012	540606	947085	5	0	0	0.0	0.000
run1_A_sweep	pool	off	warm	sweep	16384	16384	64	1	0	0	512	2173	2484	3105	3077	590619	866887	5	0	0	0.0	0.000
run1_A_sweep	uring	off	warm	sweep	16384	16384	64	1	0	1	512	109301	140677	142750	3768	1774851	288475	5	0	0	100.0	0.000
run1_A_sweep	hybrid	off	warm	sweep	16384	16384	64	1	0	2	512	1872	2113	7331	3706	1822662	280908	5	0	0	0.0	0.000
run1_A_sweep	pooled_pread	off	warm	sweep	16384	16384	64	1	0	3	512	290348	1157654	1982257	28331	5113165	100134	74	0	0	100.0	0.000
run1_A_sweep	uring	off	warm	sweep	16384	16384	64	1	1	0	512	109742	152124	154037	3723	1757126	291385	5	0	0	100.0	0.000
run1_A_sweep	hybrid	off	warm	sweep	16384	16384	64	1	1	1	512	1923	2163	7341	3646	1774701	288499	5	0	0	0.0	0.000
run1_A_sweep	pooled_pread	off	warm	sweep	16384	16384	64	1	1	2	512	175383	1012841	1711263	28055	5231339	97872	74	0	0	100.0	0.000
run1_A_sweep	pool	off	warm	sweep	16384	16384	64	1	1	3	512	2243	2564	3315	3134	546344	937139	5	0	0	0.0	0.000
run1_A_sweep	hybrid	off	warm	sweep	16384	16384	64	1	2	0	512	1833	2074	2574	3521	1737327	294706	5	0	0	0.0	0.000
run1_A_sweep	pooled_pread	off	warm	sweep	16384	16384	64	1	2	1	512	313261	1803188	2428890	30487	6348247	80652	76	0	0	100.0	0.000
run1_A_sweep	pool	off	warm	sweep	16384	16384	64	1	2	2	512	2193	2574	4617	3053	743529	688608	5	0	0	0.0	0.000
run1_A_sweep	uring	off	warm	sweep	16384	16384	64	1	2	3	512	112105	206063	208176	3726	1830333	279731	5	0	0	100.0	0.000
run1_A_sweep	pooled_pread	off	warm	sweep	16384	16384	64	1	3	0	512	317927	1607871	2048459	28314	5624026	91038	74	0	0	100.0	0.000
run1_A_sweep	pool	off	warm	sweep	16384	16384	64	1	3	1	512	2524	2794	3516	3384	615916	831282	5	0	0	0.0	0.000
run1_A_sweep	uring	off	warm	sweep	16384	16384	64	1	3	2	512	102942	166505	168427	3567	1743205	293712	5	0	0	100.0	0.000
run1_A_sweep	hybrid	off	warm	sweep	16384	16384	64	1	3	3	512	2273	2544	2874	4219	2074012	246865	5	0	0	0.0	0.000
run1_A_sweep	pool	off	warm	sweep	16384	16384	64	1	4	0	512	2304	2504	4536	3096	575241	890062	5	0	0	0.0	0.000
run1_A_sweep	uring	off	warm	sweep	16384	16384	64	1	4	1	512	116622	149720	152054	3819	1831590	279539	5	0	0	100.0	0.000
run1_A_sweep	hybrid	off	warm	sweep	16384	16384	64	1	4	2	512	1802	1973	2644	3542	1722325	297273	5	0	0	0.0	0.000
run1_A_sweep	pooled_pread	off	warm	sweep	16384	16384	64	1	4	3	512	285971	991163	1582950	27372	5547574	92293	69	0	0	100.0	0.000
run1_A_sweep	uring	off	warm	sweep	16384	16384	64	1	5	0	512	106567	138334	140367	3740	1791892	285732	5	0	0	100.0	0.000
run1_A_sweep	hybrid	off	warm	sweep	16384	16384	64	1	5	1	512	1833	2043	2965	3746	1881103	272181	5	0	0	0.0	0.000
run1_A_sweep	pooled_pread	off	warm	sweep	16384	16384	64	1	5	2	512	265196	1454165	2666428	33205	6852189	74721	94	0	0	100.0	0.000
run1_A_sweep	pool	off	warm	sweep	16384	16384	64	1	5	3	512	2203	2553	3825	3049	755321	677857	5	0	0	0.0	0.000
run1_B_prefetch_stride	pool	off	cold	stride	16384	250000	1	1	0	0	512	147147	169730	372518	55070	79083000	6474	6	0	0	99.8	0.000
run1_B_prefetch_stride	hybrid	off	cold	stride	16384	250000	1	1	0	1	512	134979	157101	234385	30482	71316686	7179	5	0	0	99.8	0.000
run1_B_prefetch_stride	uring	off	cold	stride	16384	250000	1	1	0	2	512	134919	147757	169900	30597	67622950	7571	5	0	0	100.0	0.000
run1_B_prefetch_stride	hybrid	off	cold	stride	16384	250000	1	1	1	0	512	136140	153906	222958	32048	70402170	7273	5	0	0	99.8	0.000
run1_B_prefetch_stride	uring	off	cold	stride	16384	250000	1	1	1	1	512	136121	150762	230209	31121	69787476	7337	5	0	0	100.0	0.000
run1_B_prefetch_stride	pool	off	cold	stride	16384	250000	1	1	1	2	512	153205	172554	212413	62208	78374583	6533	6	0	0	99.8	0.000
run1_B_prefetch_stride	uring	off	cold	stride	16384	250000	1	1	2	0	512	136260	155869	220514	29658	70861782	7225	5	0	0	100.0	0.000
run1_B_prefetch_stride	pool	off	cold	stride	16384	250000	1	1	2	1	512	149670	174947	293312	59337	78442337	6527	6	0	0	99.8	0.000
run1_B_prefetch_stride	hybrid	off	cold	stride	16384	250000	1	1	2	2	512	136891	158013	201506	30833	71714457	7139	5	0	0	99.8	0.000
run1_B_prefetch_stride	pool	off	cold	stride	16384	250000	1	1	3	0	512	149160	168558	192473	60522	76240016	6716	6	0	0	99.8	0.000
run1_B_prefetch_stride	hybrid	off	cold	stride	16384	250000	1	1	3	1	512	137472	149810	187306	32486	70127946	7301	5	0	0	99.8	0.000
run1_B_prefetch_stride	uring	off	cold	stride	16384	250000	1	1	3	2	512	134769	150332	193195	28816	69713572	7344	5	0	0	100.0	0.000
run1_B_prefetch_stride	hybrid	off	cold	stride	16384	250000	1	1	4	0	512	130913	143872	181828	31708	66089774	7747	5	0	0	99.8	0.000
run1_B_prefetch_stride	uring	off	cold	stride	16384	250000	1	1	4	1	512	135098	144933	190751	30463	69028463	7417	5	0	0	100.0	0.000
run1_B_prefetch_stride	pool	off	cold	stride	16384	250000	1	1	4	2	512	148769	164192	207275	60797	76085940	6729	6	0	0	99.8	0.000
run1_B_prefetch_stride	uring	off	cold	stride	16384	250000	1	1	5	0	512	132315	141939	168348	29434	66266419	7726	5	0	0	100.0	0.000
run1_B_prefetch_stride	pool	off	cold	stride	16384	250000	1	1	5	1	512	147848	154948	196238	60364	74196860	6901	6	0	0	99.8	0.000
run1_B_prefetch_stride	hybrid	off	cold	stride	16384	250000	1	1	5	2	512	134568	147247	177030	30265	68604129	7463	5	0	0	99.8	0.000
run1_B_prefetch_stride	pool	on	cold	stride	16384	250000	1	1	0	0	512	70895	137513	172644	38563	38493573	13301	6	0	0	59.6	0.000
run1_B_prefetch_stride	hybrid	on	cold	stride	16384	250000	1	1	0	1	512	68170	120147	152254	25231	34060710	15032	5	0	0	60.0	0.000
run1_B_prefetch_stride	uring	on	cold	stride	16384	250000	1	1	0	2	512	66948	133486	178243	24119	37237018	13750	5	0	0	100.0	0.000
run1_B_prefetch_stride	hybrid	on	cold	stride	16384	250000	1	1	1	0	512	66378	121038	148599	25291	34313376	14921	5	0	0	74.6	0.000
run1_B_prefetch_stride	uring	on	cold	stride	16384	250000	1	1	1	1	512	63794	120086	148379	25366	33793447	15151	5	0	0	100.0	0.000
run1_B_prefetch_stride	pool	on	cold	stride	16384	250000	1	1	1	2	512	74820	137733	171122	39313	38052148	13455	6	0	0	54.5	0.000
run1_B_prefetch_stride	uring	on	cold	stride	16384	250000	1	1	2	0	512	67730	123732	156821	25188	34962386	14644	5	0	0	100.0	0.000
run1_B_prefetch_stride	pool	on	cold	stride	16384	250000	1	1	2	1	512	73478	135199	164362	34217	38098466	13439	6	0	0	51.2	0.000
run1_B_prefetch_stride	hybrid	on	cold	stride	16384	250000	1	1	2	2	512	66388	122891	165493	24700	35036931	14613	5	0	0	64.1	0.000
run1_B_prefetch_stride	pool	on	cold	stride	16384	250000	1	1	3	0	512	73919	136380	160816	36172	37398586	13690	6	0	0	54.7	0.000
run1_B_prefetch_stride	hybrid	on	cold	stride	16384	250000	1	1	3	1	512	66618	120438	152805	24214	34373385	14895	5	0	0	66.0	0.000
run1_B_prefetch_stride	uring	on	cold	stride	16384	250000	1	1	3	2	512	65477	117453	132546	25622	33222521	15411	5	0	0	100.0	0.000
run1_B_prefetch_stride	hybrid	on	cold	stride	16384	250000	1	1	4	0	512	64756	123001	154247	24840	34438520	14867	5	0	0	60.5	0.000
run1_B_prefetch_stride	uring	on	cold	stride	16384	250000	1	1	4	1	512	65687	120918	147247	23392	34404701	14882	5	0	0	100.0	0.000
run1_B_prefetch_stride	pool	on	cold	stride	16384	250000	1	1	4	2	512	75671	136691	176209	38569	38557132	13279	6	0	0	51.6	0.000
run1_B_prefetch_stride	uring	on	cold	stride	16384	250000	1	1	5	0	512	67659	120036	133276	24475	33910613	15099	5	0	0	100.0	0.000
run1_B_prefetch_stride	pool	on	cold	stride	16384	250000	1	1	5	1	512	76192	138574	165423	38240	38442953	13318	6	0	0	50.6	0.000
run1_B_prefetch_stride	hybrid	on	cold	stride	16384	250000	1	1	5	2	512	65938	121108	144733	23979	33857836	15122	5	0	0	63.1	0.000
run1_B_prefetch_stride	pool	off	cold	stride	16384	250000	4	1	0	0	512	157897	187026	241315	60691	20698350	24736	11	0	0	99.8	0.000
run1_B_prefetch_stride	hybrid	off	cold	stride	16384	250000	4	1	0	1	512	132515	155289	187896	21386	18259220	28041	5	0	0	99.8	0.000
run1_B_prefetch_stride	uring	off	cold	stride	16384	250000	4	1	0	2	512	160176	185012	218472	21225	25071776	20421	5	0	0	100.0	0.000
run1_B_prefetch_stride	hybrid	off	cold	stride	16384	250000	4	1	1	0	512	132726	155680	187757	23173	18385506	27848	5	0	0	99.8	0.000
run1_B_prefetch_stride	uring	off	cold	stride	16384	250000	4	1	1	1	512	161538	186204	287974	21479	40030885	12790	5	0	0	100.0	0.000
run1_B_prefetch_stride	pool	off	cold	stride	16384	250000	4	1	1	2	512	154713	180301	243163	55592	20681064	24757	12	0	0	99.8	0.000
run1_B_prefetch_stride	uring	off	cold	stride	16384	250000	4	1	2	0	512	152565	188818	232301	22325	22036590	23234	5	0	0	100.0	0.000
run1_B_prefetch_stride	pool	off	cold	stride	16384	250000	4	1	2	1	512	157267	183735	221336	57605	20348781	25161	11	0	0	99.8	0.000
run1_B_prefetch_stride	hybrid	off	cold	stride	16384	250000	4	1	2	2	512	129961	153546	246984	24278	20991992	24390	5	0	0	99.8	0.000
run1_B_prefetch_stride	pool	off	cold	stride	16384	250000	4	1	3	0	512	155654	175233	211982	56820	20063746	25519	11	0	0	99.8	0.000
run1_B_prefetch_stride	hybrid	off	cold	stride	16384	250000	4	1	3	1	512	128500	156981	245701	22814	24133525	21215	5	0	0	99.8	0.000
run1_B_prefetch_stride	uring	off	cold	stride	16384	250000	4	1	3	2	512	147006	176089	196209	19157	19121294	26776	5	0	0	100.0	0.000
run1_B_prefetch_stride	hybrid	off	cold	stride	16384	250000	4	1	4	0	512	132145	178964	733970	21668	24686859	20740	5	0	0	99.8	0.000
run1_B_prefetch_stride	uring	off	cold	stride	16384	250000	4	1	4	1	512	152995	182008	223649	21207	29336813	17452	5	0	0	100.0	0.000
run1_B_prefetch_stride	pool	off	cold	stride	16384	250000	4	1	4	2	512	154487	176425	354352	55643	20458727	25026	12	0	0	99.8	0.000
run1_B_prefetch_stride	uring	off	cold	stride	16384	250000	4	1	5	0	512	155820	186645	240104	20890	38669998	13240	5	0	0	100.0	0.000
run1_B_prefetch_stride	pool	off	cold	stride	16384	250000	4	1	5	1	512	155243	179223	217730	55937	20100816	25472	11	0	0	99.8	0.000
run1_B_prefetch_stride	hybrid	off	cold	stride	16384	250000	4	1	5	2	512	128659	150552	242477	20673	21738010	23553	5	0	0	99.8	0.000
run1_B_prefetch_stride	pool	on	cold	stride	16384	250000	4	1	0	0	512	86527	157672	256067	43077	11648763	43953	11	0	0	65.2	0.000
run1_B_prefetch_stride	hybrid	on	cold	stride	16384	250000	4	1	0	1	512	56232	100929	232357	20907	27243252	18794	5	0	0	68.6	0.000
run1_B_prefetch_stride	uring	on	cold	stride	16384	250000	4	1	0	2	512	60679	103913	164893	16881	10022594	51085	5	0	0	100.0	0.000
run1_B_prefetch_stride	hybrid	on	cold	stride	16384	250000	4	1	1	0	512	57965	94879	191402	17612	30689874	16683	5	0	0	84.2	0.000
run1_B_prefetch_stride	uring	on	cold	stride	16384	250000	4	1	1	1	512	61370	94689	168538	19937	10547416	48543	5	0	0	100.0	0.000
run1_B_prefetch_stride	pool	on	cold	stride	16384	250000	4	1	1	2	512	80368	159906	236188	41919	32062189	15969	10	0	0	67.0	0.000
run1_B_prefetch_stride	uring	on	cold	stride	16384	250000	4	1	2	0	512	60479	101179	178643	17240	9826952	52102	5	0	0	100.0	0.000
run1_B_prefetch_stride	pool	on	cold	stride	16384	250000	4	1	2	1	512	85291	157376	236092	43210	32614551	15699	11	0	0	69.5	0.000
run1_B_prefetch_stride	hybrid	on	cold	stride	16384	250000	4	1	2	2	512	60128	97143	123301	19457	10434515	49068	5	0	0	80.5	0.000
run1_B_prefetch_stride	pool	on	cold	stride	16384	250000	4	1	3	0	512	87639	160892	275831	44033	11611708	44093	12	0	0	70.7	0.000
run1_B_prefetch_stride	hybrid	on	cold	stride	16384	250000	4	1	3	1	512	70814	123181	610459	20511	34826836	14701	5	0	0	82.2	0.000
run1_B_prefetch_stride	uring	on	cold	stride	16384	250000	4	1	3	2	512	72386	111053	155329	16829	10491760	48800	5	0	0	100.0	0.000
run1_B_prefetch_stride	hybrid	on	cold	stride	16384	250000	4	1	4	0	512	73137	111374	743865	17755	31658128	16173	5	0	0	90.6	0.000
run1_B_prefetch_stride	uring	on	cold	stride	16384	250000	4	1	4	1	512	59027	91214	130842	16693	9371512	54634	5	0	0	100.0	0.000
run1_B_prefetch_stride	pool	on	cold	stride	16384	250000	4	1	4	2	512	84148	162950	250899	43144	32889291	15567	11	0	0	68.9	0.000
run1_B_prefetch_stride	uring	on	cold	stride	16384	250000	4	1	5	0	512	60579	91334	121869	19995	10252167	49941	5	0	0	100.0	0.000
run1_B_prefetch_stride	pool	on	cold	stride	16384	250000	4	1	5	1	512	79947	161988	262526	41574	31940836	16030	11	0	0	65.2	0.000
run1_B_prefetch_stride	hybrid	on	cold	stride	16384	250000	4	1	5	2	512	59717	95320	158173	17909	10416859	49151	5	0	0	87.1	0.000
run1_B_prefetch_stride	pool	off	cold	stride	16384	250000	16	1	0	0	512	256527	401156	20805002	51893	30220394	16942	31	0	0	99.8	0.000
run1_B_prefetch_stride	hybrid	off	cold	stride	16384	250000	16	1	0	1	512	232543	321143	352108	23006	10892284	47006	5	0	0	99.8	0.000
run1_B_prefetch_stride	uring	off	cold	stride	16384	250000	16	1	0	2	512	255836	336285	22321419	16101	30862809	16590	5	0	0	100.0	0.000
run1_B_prefetch_stride	hybrid	off	cold	stride	16384	250000	16	1	1	0	512	226443	311609	350636	22175	10474725	48880	5	0	0	99.8	0.000
run1_B_prefetch_stride	uring	off	cold	stride	16384	250000	16	1	1	1	512	292851	416713	39184294	19229	49070358	10434	5	0	0	100.0	0.000
run1_B_prefetch_stride	pool	off	cold	stride	16384	250000	16	1	1	2	512	250619	411786	733299	48161	9504773	53868	30	0	0	99.8	0.000
run1_B_prefetch_stride	uring	off	cold	stride	16384	250000	16	1	2	0	512	284769	393899	22371002	19141	31921356	16039	5	0	0	100.0	0.000
run1_B_prefetch_stride	pool	off	cold	stride	16384	250000	16	1	2	1	512	278079	441720	808650	50878	9851438	51972	34	0	0	99.8	0.000
run1_B_prefetch_stride	hybrid	off	cold	stride	16384	250000	16	1	2	2	512	216969	268825	21715357	16638	29867053	17143	5	0	0	99.8	0.000
run1_B_prefetch_stride	pool	off	cold	stride	16384	250000	16	1	3	0	512	238821	433949	29122839	52346	37841249	13530	37	0	0	99.8	0.000
run1_B_prefetch_stride	hybrid	off	cold	stride	16384	250000	16	1	3	1	512	231120	304008	342944	22230	10490177	48808	5	0	0	99.8	0.000
run1_B_prefetch_stride	uring	off	cold	stride	16384	250000	16	1	3	2	512	249297	330967	22194020	16134	30553321	16758	5	0	0	100.0	0.000
run1_B_prefetch_stride	hybrid	off	cold	stride	16384	250000	16	1	4	0	512	247264	315043	343947	25141	11160079	45878	5	0	0	99.8	0.000
run1_B_prefetch_stride	uring	off	cold	stride	16384	250000	16	1	4	1	512	295620	410804	21170023	17795	30881385	16580	5	0	0	100.0	0.000
run1_B_prefetch_stride	pool	off	cold	stride	16384	250000	16	1	4	2	512	255481	396613	688108	50035	9489395	53955	32	0	0	99.8	0.000
run1_B_prefetch_stride	uring	off	cold	stride	16384	250000	16	1	5	0	512	307963	410003	38127690	17959	48045461	10657	5	0	0	100.0	0.000
run1_B_prefetch_stride	pool	off	cold	stride	16384	250000	16	1	5	1	512	236849	384737	792236	49735	9032482	56684	30	0	0	99.8	0.000
run1_B_prefetch_stride	hybrid	off	cold	stride	16384	250000	16	1	5	2	512	232833	314884	21648919	20637	31456342	16277	5	0	0	99.8	0.000
run1_B_prefetch_stride	pool	on	cold	stride	16384	250000	16	1	0	0	512	23004	346034	1541945	34191	5155637	99309	25	0	0	37.7	0.000
run1_B_prefetch_stride	hybrid	on	cold	stride	16384	250000	16	1	0	1	512	15693	236448	28838085	16033	36773517	13923	5	0	0	41.6	0.000
run1_B_prefetch_stride	uring	on	cold	stride	16384	250000	16	1	0	2	512	132094	213023	496691	15399	7380881	69368	5	0	0	100.0	0.000
run1_B_prefetch_stride	hybrid	on	cold	stride	16384	250000	16	1	1	0	512	72226	238571	339209	15621	33348797	15353	5	0	0	50.8	0.000
run1_B_prefetch_stride	uring	on	cold	stride	16384	250000	16	1	1	1	512	170461	265170	529990	18840	9300557	55050	5	0	0	100.0	0.000
run1_B_prefetch_stride	pool	on	cold	stride	16384	250000	16	1	1	2	512	189259	447363	24872662	42793	30976765	16529	28	0	0	68.9	0.000
run1_B_prefetch_stride	uring	on	cold	stride	16384	250000	16	1	2	0	512	129140	210760	459366	15154	7372124	69451	5	0	0	100.0	0.000
run1_B_prefetch_stride	pool	on	cold	stride	16384	250000	16	1	2	1	512	92466	399313	27903723	38120	32613254	15699	27	0	0	53.1	0.000
run1_B_prefetch_stride	hybrid	on	cold	stride	16384	250000	16	1	2	2	512	17486	25137	395952	18922	9553228	53594	5	0	0	3.7	0.000
run1_B_prefetch_stride	pool	on	cold	stride	16384	250000	16	1	3	0	512	215812	363956	43107497	43906	49502443	10343	23	0	0	75.6	0.000
run1_B_prefetch_stride	hybrid	on	cold	stride	16384	250000	16	1	3	1	512	12459	21973	29419550	15163	36907414	13873	5	0	0	8.2	0.000
run1_B_prefetch_stride	uring	on	cold	stride	16384	250000	16	1	3	2	512	155629	250369	554996	17781	8833059	57964	5	0	0	100.0	0.000
run1_B_prefetch_stride	hybrid	on	cold	stride	16384	250000	16	1	4	0	512	11878	41361	359850	16173	31700816	16151	5	0	0	8.8	0.000
run1_B_prefetch_stride	uring	on	cold	stride	16384	250000	16	1	4	1	512	140938	250699	657537	17294	8016292	63870	5	0	0	100.0	0.000
run1_B_prefetch_stride	pool	on	cold	stride	16384	250000	16	1	4	2	512	120737	400324	27609339	38065	32807710	15606	29	0	0	58.4	0.000
run1_B_prefetch_stride	uring	on	cold	stride	16384	250000	16	1	5	0	512	157372	248906	571491	17793	8843605	57895	5	0	0	100.0	0.000
run1_B_prefetch_stride	pool	on	cold	stride	16384	250000	16	1	5	1	512	114724	467458	25818330	40968	31447429	16281	34	0	0	57.2	0.000
run1_B_prefetch_stride	hybrid	on	cold	stride	16384	250000	16	1	5	2	512	17105	28321	432016	19122	9643506	53093	5	0	0	5.3	0.000
run1_B_prefetch_sweep	pool	off	cold	sweep	16384	16384	1	1	0	0	512	2023	15613	136190	7186	5731996	89323	6	0	0	8.0	0.000
run1_B_prefetch_sweep	hybrid	off	cold	sweep	16384	16384	1	1	0	1	512	1993	19599	117343	5838	5423607	94402	5	0	0	8.4	0.000
run1_B_prefetch_sweep	uring	off	cold	sweep	16384	16384	1	1	0	2	512	2434	19899	113697	6099	5441929	94084	5	0	0	100.0	0.000
run1_B_prefetch_sweep	hybrid	off	cold	sweep	16384	16384	1	1	1	0	512	2013	16874	122680	5742	5446410	94007	5	0	0	9.2	0.000
run1_B_prefetch_sweep	uring	off	cold	sweep	16384	16384	1	1	1	1	512	2424	22503	127287	6623	18738235	27324	5	0	0	100.0	0.000
run1_B_prefetch_sweep	pool	off	cold	sweep	16384	16384	1	1	1	2	512	2053	15362	148699	6909	5821753	87946	6	0	0	7.8	0.000
run1_B_prefetch_sweep	uring	off	cold	sweep	16384	16384	1	1	2	0	512	2424	36213	119666	6289	5669704	90305	5	0	0	100.0	0.000
run1_B_prefetch_sweep	pool	off	cold	sweep	16384	16384	1	1	2	1	512	2334	14932	132806	7308	5691505	89959	6	0	0	8.2	0.000
run1_B_prefetch_sweep	hybrid	off	cold	sweep	16384	16384	1	1	2	2	512	1992	21272	117192	5581	5414122	94568	5	0	0	9.4	0.000
run1_B_prefetch_sweep	pool	off	cold	sweep	16384	16384	1	1	3	0	512	2103	15223	139816	6812	5846354	87576	6	0	0	7.2	0.000
run1_B_prefetch_sweep	hybrid	off	cold	sweep	16384	16384	1	1	3	1	512	1993	15974	124133	5675	5401488	94789	5	0	0	9.0	0.000
run1_B_prefetch_sweep	uring	off	cold	sweep	16384	16384	1	1	3	2	512	2404	20951	125955	6112	5603757	91367	5	0	0	100.0	0.000
run1_B_prefetch_sweep	hybrid	off	cold	sweep	16384	16384	1	1	4	0	512	2003	18778	119927	5582	5259560	97347	5	0	0	8.4	0.000
run1_B_prefetch_sweep	uring	off	cold	sweep	16384	16384	1	1	4	1	512	2404	16224	128589	5915	5687414	90023	5	0	0	100.0	0.000
run1_B_prefetch_sweep	pool	off	cold	sweep	16384	16384	1	1	4	2	512	2023	19278	125555	7297	5551429	92229	6	0	0	9.0	0.000
run1_B_prefetch_sweep	uring	off	cold	sweep	16384	16384	1	1	5	0	512	2444	18127	129971	6278	5977967	85648	5	0	0	100.0	0.000
run1_B_prefetch_sweep	pool	off	cold	sweep	16384	16384	1	1	5	1	512	1983	15292	140667	6620	5705477	89738	6	0	0	7.4	0.000
run1_B_prefetch_sweep	hybrid	off	cold	sweep	16384	16384	1	1	5	2	512	2013	14722	163841	5429	6226728	82226	5	0	0	8.0	0.000
run1_B_prefetch_sweep	pool	on	cold	sweep	16384	16384	1	1	0	0	512	2974	16965	136290	8311	6175929	82903	6	0	0	7.8	0.000
run1_B_prefetch_sweep	hybrid	on	cold	sweep	16384	16384	1	1	0	1	512	2894	17246	142550	6713	33793521	15151	5	0	0	8.0	0.000
run1_B_prefetch_sweep	uring	on	cold	sweep	16384	16384	1	1	0	2	512	3355	22673	112776	7229	6028111	84935	5	0	0	100.0	0.000
run1_B_prefetch_sweep	hybrid	on	cold	sweep	16384	16384	1	1	1	0	512	2885	24776	105635	6887	5687089	90028	5	0	0	10.0	0.000
run1_B_prefetch_sweep	uring	on	cold	sweep	16384	16384	1	1	1	1	512	3345	21292	110843	7516	34466612	14855	5	0	0	100.0	0.000
run1_B_prefetch_sweep	pool	on	cold	sweep	16384	16384	1	1	1	2	512	2925	16924	124133	7986	5855246	87443	6	0	0	7.2	0.000
run1_B_prefetch_sweep	uring	on	cold	sweep	16384	16384	1	1	2	0	512	3365	21873	144172	7820	35958925	14238	5	0	0	100.0	0.000
run1_B_prefetch_sweep	pool	on	cold	sweep	16384	16384	1	1	2	1	512	2924	16885	115610	8290	5882587	87037	6	0	0	8.6	0.000
run1_B_prefetch_sweep	hybrid	on	cold	sweep	16384	16384	1	1	2	2	512	2875	18867	109581	6705	5640731	90768	5	0	0	9.6	0.000
run1_B_prefetch_sweep	pool	on	cold	sweep	16384	16384	1	1	3	0	512	2944	16504	129090	8616	6054229	84569	6	0	0	7.0	0.000
run1_B_prefetch_sweep	hybrid	on	cold	sweep	16384	16384	1	1	3	1	512	2874	17696	113207	6709	5568975	91938	5	0	0	8.4	0.000
run1_B_prefetch_sweep	uring	on	cold	sweep	16384	16384	1	1	3	2	512	3335	22073	118805	7508	35428096	14452	5	0	0	100.0	0.000
run1_B_prefetch_sweep	hybrid	on	cold	sweep	16384	16384	1	1	4	0	512	2884	16805	116952	6605	5752060	89012	5	0	0	7.8	0.000
run1_B_prefetch_sweep	uring	on	cold	sweep	16384	16384	1	1	4	1	512	3365	17696	132866	7295	37104990	13799	5	0	0	100.0	0.000
run1_B_prefetch_sweep	pool	on	cold	sweep	16384	16384	1	1	4	2	512	2884	17075	130392	8487	6120162	83658	6	0	0	7.2	0.000
run1_B_prefetch_sweep	uring	on	cold	sweep	16384	16384	1	1	5	0	512	3345	22684	110712	7429	5788518	88451	5	0	0	100.0	0.000
run1_B_prefetch_sweep	pool	on	cold	sweep	16384	16384	1	1	5	1	512	2865	16274	126997	8289	34326465	14916	6	0	0	7.4	0.000
run1_B_prefetch_sweep	hybrid	on	cold	sweep	16384	16384	1	1	5	2	512	2915	19789	110553	6801	5601864	91398	5	0	0	9.2	0.000
run1_B_prefetch_sweep	pool	off	cold	sweep	16384	16384	4	1	0	0	512	3005	165539	302400	17561	36432406	14053	11	0	0	29.3	0.000
run1_B_prefetch_sweep	hybrid	off	cold	sweep	16384	16384	4	1	0	1	512	2143	100288	144102	6114	5483791	93366	5	0	0	36.3	0.000
run1_B_prefetch_sweep	uring	off	cold	sweep	16384	16384	4	1	0	2	512	20380	123832	249206	5959	37103787	13799	5	0	0	100.0	0.000
run1_B_prefetch_sweep	hybrid	off	cold	sweep	16384	16384	4	1	1	0	512	2193	100037	130172	6006	5402602	94769	5	0	0	37.5	0.000
run1_B_prefetch_sweep	uring	off	cold	sweep	16384	16384	4	1	1	1	512	20160	126275	142770	5249	5427769	94330	5	0	0	100.0	0.000
run1_B_prefetch_sweep	pool	off	cold	sweep	16384	16384	4	1	1	2	512	2854	172268	304954	15921	50964834	10046	10	0	0	26.6	0.000
run1_B_prefetch_sweep	uring	off	cold	sweep	16384	16384	4	1	2	0	512	20150	124453	162520	5735	5644462	90708	5	0	0	100.0	0.000
run1_B_prefetch_sweep	pool	off	cold	sweep	16384	16384	4	1	2	1	512	2975	160781	224240	16286	35609779	14378	10	0	0	31.4	0.000
run1_B_prefetch_sweep	hybrid	off	cold	sweep	16384	16384	4	1	2	2	512	2223	107548	133947	6335	5638679	90801	5	0	0	32.2	0.000
run1_B_prefetch_sweep	pool	off	cold	sweep	16384	16384	4	1	3	0	512	2824	159710	232311	15076	6257494	81822	9	0	0	28.5	0.000
run1_B_prefetch_sweep	hybrid	off	cold	sweep	16384	16384	4	1	3	1	512	2183	110583	186504	6359	34453448	14861	5	0	0	33.6	0.000
run1_B_prefetch_sweep	uring	off	cold	sweep	16384	16384	4	1	3	2	512	20219	126036	161107	5521	5741120	89181	5	0	0	100.0	0.000
run1_B_prefetch_sweep	hybrid	off	cold	sweep	16384	16384	4	1	4	0	512	2154	112836	251149	6165	36041265	14206	5	0	0	34.4	0.000
run1_B_prefetch_sweep	uring	off	cold	sweep	16384	16384	4	1	4	1	512	20390	128429	151233	5373	5621803	91074	5	0	0	100.0	0.000
run1_B_prefetch_sweep	pool	off	cold	sweep	16384	16384	4	1	4	2	512	2904	169068	245817	15734	36447834	14047	10	0	0	28.7	0.000
run1_B_prefetch_sweep	uring	off	cold	sweep	16384	16384	4	1	5	0	512	26539	123251	157246	7637	6246854	81961	5	0	0	100.0	0.000
run1_B_prefetch_sweep	pool	off	cold	sweep	16384	16384	4	1	5	1	512	2874	168188	210505	14320	5839454	87679	10	0	0	26.6	0.000
run1_B_prefetch_sweep	hybrid	off	cold	sweep	16384	16384	4	1	5	2	512	2223	116041	154758	6905	33946643	15082	5	0	0	32.0	0.000
run1_B_prefetch_sweep	pool	on	cold	sweep	16384	16384	4	1	0	0	512	72882	156826	223905	36218	9800113	52244	11	0	0	62.9	0.000
run1_B_prefetch_sweep	hybrid	on	cold	sweep	16384	16384	4	1	0	1	512	49042	100809	140287	16085	48099475	10645	5	0	0	72.3	0.000
run1_B_prefetch_sweep	uring	on	cold	sweep	16384	16384	4	1	0	2	512	48361	100508	137883	14003	8630973	59321	5	0	0	100.0	0.000
run1_B_prefetch_sweep	hybrid	on	cold	sweep	16384	16384	4	1	1	0	512	50044	102050	157217	15860	33589778	15243	5	0	0	74.0	0.000
run1_B_prefetch_sweep	uring	on	cold	sweep	16384	16384	4	1	1	1	512	66088	142650	244299	15473	11294021	45334	5	0	0	100.0	0.000
run1_B_prefetch_sweep	pool	on	cold	sweep	16384	16384	4	1	1	2	512	69247	180466	342985	39532	31935822	16032	13	0	0	60.4	0.000
run1_B_prefetch_sweep	uring	on	cold	sweep	16384	16384	4	1	2	0	512	51646	110773	183500	15032	9237190	55428	5	0	0	100.0	0.000
run1_B_prefetch_sweep	pool	on	cold	sweep	16384	16384	4	1	2	1	512	79837	149435	339639	41532	32986894	15521	12	0	0	67.8	0.000
run1_B_prefetch_sweep	hybrid	on	cold	sweep	16384	16384	4	1	2	2	512	29273	92205	155319	19669	11020981	46457	5	0	0	47.1	0.000
run1_B_prefetch_sweep	pool	on	cold	sweep	16384	16384	4	1	3	0	512	69006	161427	413459	42079	30181069	16964	15	0	0	64.1	0.000
run1_B_prefetch_sweep	hybrid	on	cold	sweep	16384	16384	4	1	3	1	512	22443	96001	216679	17684	11338898	45154	5	0	0	46.9	0.000
run1_B_prefetch_sweep	uring	on	cold	sweep	16384	16384	4	1	3	2	512	52177	106687	229027	15471	29528575	17339	5	0	0	100.0	0.000
run1_B_prefetch_sweep	hybrid	on	cold	sweep	16384	16384	4	1	4	0	512	19819	84375	113447	17729	10053917	50925	5	0	0	41.4	0.000
run1_B_prefetch_sweep	uring	on	cold	sweep	16384	16384	4	1	4	1	512	50695	96672	163741	15081	47842041	10702	5	0	0	100.0	0.000
run1_B_prefetch_sweep	pool	on	cold	sweep	16384	16384	4	1	4	2	512	72342	137102	311108	38962	10265459	49876	12	0	0	65.8	0.000
run1_B_prefetch_sweep	uring	on	cold	sweep	16384	16384	4	1	5	0	512	53459	97513	133447	17379	32473534	15767	5	0	0	100.0	0.000
run1_B_prefetch_sweep	pool	on	cold	sweep	16384	16384	4	1	5	1	512	71770	141563	206729	41796	9677063	52909	11	0	0	66.4	0.000
run1_B_prefetch_sweep	hybrid	on	cold	sweep	16384	16384	4	1	5	2	512	45277	94058	145514	16344	32380927	15812	5	0	0	66.8	0.000
run1_B_prefetch_sweep	pool	off	cold	sweep	16384	16384	16	1	0	0	512	105466	310361	615376	26843	4731544	108210	31	0	0	66.4	0.000
run1_B_prefetch_sweep	hybrid	off	cold	sweep	16384	16384	16	1	0	1	512	79957	137393	184236	6886	4687043	109237	5	0	0	72.9	0.000
run1_B_prefetch_sweep	uring	off	cold	sweep	16384	16384	16	1	0	2	512	165603	218722	262116	5301	5033228	101724	5	0	0	100.0	0.000
run1_B_prefetch_sweep	hybrid	off	cold	sweep	16384	16384	16	1	1	0	512	70744	155148	988375	6373	5788339	88454	5	0	0	65.2	0.000
run1_B_prefetch_sweep	uring	off	cold	sweep	16384	16384	16	1	1	1	512	184221	266928	455871	5645	5849610	87527	5	0	0	100.0	0.000
run1_B_prefetch_sweep	pool	off	cold	sweep	16384	16384	16	1	1	2	512	125770	326555	1947626	29846	6955217	73614	36	0	0	81.4	0.000
run1_B_prefetch_sweep	uring	off	cold	sweep	16384	16384	16	1	2	0	512	171702	229607	303842	5684	5252270	97482	5	0	0	100.0	0.000
run1_B_prefetch_sweep	pool	off	cold	sweep	16384	16384	16	1	2	1	512	120743	287643	32286769	26088	36942882	13859	29	0	0	67.4	0.000
run1_B_prefetch_sweep	hybrid	off	cold	sweep	16384	16384	16	1	2	2	512	47059	159745	218050	6676	5409401	94650	5	0	0	52.3	0.000
run1_B_prefetch_sweep	pool	off	cold	sweep	16384	16384	16	1	3	0	512	152760	291790	668810	28642	37410054	13686	28	0	0	81.8	0.000
run1_B_prefetch_sweep	hybrid	off	cold	sweep	16384	16384	16	1	3	1	512	82351	148840	246283	7022	4798142	106708	5	0	0	73.0	0.000
run1_B_prefetch_sweep	uring	off	cold	sweep	16384	16384	16	1	3	2	512	164092	220444	273908	5524	5066688	101052	5	0	0	100.0	0.000
run1_B_prefetch_sweep	hybrid	off	cold	sweep	16384	16384	16	1	4	0	512	76022	138534	45511483	7011	50548036	10129	5	0	0	69.9	0.000
run1_B_prefetch_sweep	uring	off	cold	sweep	16384	16384	16	1	4	1	512	163161	218181	307753	5276	4973680	102942	5	0	0	100.0	0.000
run1_B_prefetch_sweep	pool	off	cold	sweep	16384	16384	16	1	4	2	512	142149	429852	32212383	28735	37273342	13736	45	0	0	65.0	0.000
run1_B_prefetch_sweep	uring	off	cold	sweep	16384	16384	16	1	5	0	512	168748	231000	305239	5682	5386048	95060	5	0	0	100.0	0.000
run1_B_prefetch_sweep	pool	off	cold	sweep	16384	16384	16	1	5	1	512	143301	299410	540115	29073	5350385	95694	32	0	0	78.3	0.000
run1_B_prefetch_sweep	hybrid	off	cold	sweep	16384	16384	16	1	5	2	512	87639	151283	26891287	6956	31902183	16049	5	0	0	67.6	0.000
run1_B_prefetch_sweep	pool	on	cold	sweep	16384	16384	16	1	0	0	512	46939	335519	928592	34789	4998217	102437	32	0	0	48.8	0.000
run1_B_prefetch_sweep	hybrid	on	cold	sweep	16384	16384	16	1	0	1	512	14281	199844	28414244	16104	36629711	13978	5	0	0	18.4	0.000
run1_B_prefetch_sweep	uring	on	cold	sweep	16384	16384	16	1	0	2	512	154037	237159	438926	16368	8129404	62981	5	0	0	100.0	0.000
run1_B_prefetch_sweep	hybrid	on	cold	sweep	16384	16384	16	1	1	0	512	11136	163321	27970059	13737	34807698	14709	5	0	0	25.4	0.000
run1_B_prefetch_sweep	uring	on	cold	sweep	16384	16384	16	1	1	1	512	156340	237449	469361	16512	8211286	62353	5	0	0	100.0	0.000
run1_B_prefetch_sweep	pool	on	cold	sweep	16384	16384	16	1	1	2	512	136040	391952	29705195	35311	34379715	14893	26	0	0	52.7	0.000
run1_B_prefetch_sweep	uring	on	cold	sweep	16384	16384	16	1	2	0	512	115150	188317	382633	12843	6228586	82202	5	0	0	100.0	0.000
run1_B_prefetch_sweep	pool	on	cold	sweep	16384	16384	16	1	2	1	512	161528	359544	46653185	38371	51917362	9862	28	0	0	62.1	0.000
run1_B_prefetch_sweep	hybrid	on	cold	sweep	16384	16384	16	1	2	2	512	10435	22473	178362	12537	6268225	81682	5	0	0	8.4	0.000
run1_B_prefetch_sweep	pool	on	cold	sweep	16384	16384	16	1	3	0	512	149890	455871	29383740	40237	35092488	14590	31	0	0	62.9	0.000
run1_B_prefetch_sweep	hybrid	on	cold	sweep	16384	16384	16	1	3	1	512	9824	15222	181077	12174	6097014	83976	5	0	0	6.6	0.000
run1_B_prefetch_sweep	uring	on	cold	sweep	16384	16384	16	1	3	2	512	168739	271349	29275392	13506	36051760	14202	5	0	0	100.0	0.000
run1_B_prefetch_sweep	hybrid	on	cold	sweep	16384	16384	16	1	4	0	512	14772	26889	144793	16641	8423728	60781	5	0	0	4.3	0.000
run1_B_prefetch_sweep	uring	on	cold	sweep	16384	16384	16	1	4	1	512	140356	229788	26169926	14801	33302764	15374	5	0	0	100.0	0.000
run1_B_prefetch_sweep	pool	on	cold	sweep	16384	16384	16	1	4	2	512	23024	382212	798290	30998	4424086	115730	26	0	0	38.1	0.000
run1_B_prefetch_sweep	uring	on	cold	sweep	16384	16384	16	1	5	0	512	164262	247644	30648661	14627	37870686	13520	5	0	0	100.0	0.000
run1_B_prefetch_sweep	pool	on	cold	sweep	16384	16384	16	1	5	1	512	23905	396854	885864	33570	4742991	107949	30	0	0	40.8	0.000
run1_B_prefetch_sweep	hybrid	on	cold	sweep	16384	16384	16	1	5	2	512	98846	224651	29002038	14305	35894207	14264	5	0	0	55.3	0.000
run1_C_readers	pool	off	cold	stride	16384	250000	1	1	0	0	512	145353	163010	201336	52130	74433850	6879	6	0	0	99.8	0.000
run1_C_readers	uring	off	cold	stride	16384	250000	1	1	0	1	512	133015	142009	204801	28845	67228240	7616	5	0	0	100.0	0.000
run1_C_readers	hybrid	off	cold	stride	16384	250000	1	1	0	2	512	133967	142549	189909	30630	67521326	7583	5	0	0	99.8	0.000
run1_C_readers	uring	off	cold	stride	16384	250000	1	1	1	0	512	132835	139265	188908	28588	66718454	7674	5	0	0	100.0	0.000
run1_C_readers	hybrid	off	cold	stride	16384	250000	1	1	1	1	512	134908	148899	215578	31872	68738888	7448	5	0	0	99.8	0.000
run1_C_readers	pool	off	cold	stride	16384	250000	1	1	1	2	512	150271	163070	223018	63077	76714817	6674	6	0	0	99.8	0.000
run1_C_readers	hybrid	off	cold	stride	16384	250000	1	1	2	0	512	132104	140687	179054	29425	66896116	7654	5	0	0	99.8	0.000
run1_C_readers	pool	off	cold	stride	16384	250000	1	1	2	1	512	144243	155529	177947	52448	72462057	7066	6	0	0	99.8	0.000
run1_C_readers	uring	off	cold	stride	16384	250000	1	1	2	2	512	129191	135930	176580	29824	65138639	7860	5	0	0	100.0	0.000
run1_C_readers	pool	off	cold	stride	16384	250000	1	1	3	0	512	147197	160696	208146	62093	75383908	6792	6	0	0	99.8	0.000
run1_C_readers	uring	off	cold	stride	16384	250000	1	1	3	1	512	130683	141879	174416	29977	65671269	7796	5	0	0	100.0	0.000
run1_C_readers	hybrid	off	cold	stride	16384	250000	1	1	3	2	512	130452	146926	180966	31453	67067749	7634	5	0	0	99.8	0.000
run1_C_readers	uring	off	cold	stride	16384	250000	1	1	4	0	512	133397	147177	180336	28648	67844552	7547	5	0	0	100.0	0.000
run1_C_readers	hybrid	off	cold	stride	16384	250000	1	1	4	1	512	133236	143932	179223	29979	66902135	7653	5	0	0	99.8	0.000
run1_C_readers	pool	off	cold	stride	16384	250000	1	1	4	2	512	145854	158123	201146	63217	74202610	6900	6	0	0	99.8	0.000
run1_C_readers	hybrid	off	cold	stride	16384	250000	1	1	5	0	512	133146	142260	183810	30178	67329384	7604	5	0	0	99.8	0.000
run1_C_readers	pool	off	cold	stride	16384	250000	1	1	5	1	512	147187	155880	184552	60536	73594454	6957	6	0	0	99.8	0.000
run1_C_readers	uring	off	cold	stride	16384	250000	1	1	5	2	512	133006	139034	188778	28240	67137161	7626	5	0	0	100.0	0.000
run1_C_readers	pool	off	cold	stride	16384	250000	4	1	0	0	512	158964	186304	243829	57938	20871103	24532	11	0	0	99.8	0.000
run1_C_readers	uring	off	cold	stride	16384	250000	4	1	0	1	512	140026	179945	230550	20494	18977210	26980	5	0	0	100.0	0.000
run1_C_readers	hybrid	off	cold	stride	16384	250000	4	1	0	2	512	132165	155719	262597	23889	18904212	27084	5	0	0	99.8	0.000
run1_C_readers	uring	off	cold	stride	16384	250000	4	1	1	0	512	148429	181527	272051	19651	23747200	21560	5	0	0	100.0	0.000
run1_C_readers	hybrid	off	cold	stride	16384	250000	4	1	1	1	512	127307	147437	193084	20694	17449122	29342	5	0	0	99.8	0.000
run1_C_readers	pool	off	cold	stride	16384	250000	4	1	1	2	512	155058	178533	240930	55563	25909283	19761	10	0	0	99.8	0.000
run1_C_readers	hybrid	off	cold	stride	16384	250000	4	1	2	0	512	132775	156420	219363	24564	18790205	27248	5	0	0	99.8	0.000
run1_C_readers	pool	off	cold	stride	16384	250000	4	1	2	1	512	160962	199318	267844	59757	44331917	11549	11	0	0	99.8	0.000
run1_C_readers	uring	off	cold	stride	16384	250000	4	1	2	2	512	147777	178202	252863	19774	25584545	20012	5	0	0	100.0	0.000
run1_C_readers	pool	off	cold	stride	16384	250000	4	1	3	0	512	156531	184602	249177	58583	20541017	24926	11	0	0	99.8	0.000
run1_C_readers	uring	off	cold	stride	16384	250000	4	1	3	1	512	159275	194156	305901	22200	22500906	22755	5	0	0	100.0	0.000
run1_C_readers	hybrid	off	cold	stride	16384	250000	4	1	3	2	512	128920	150501	220074	21340	18013487	28423	5	0	0	99.8	0.000
run1_C_readers	uring	off	cold	stride	16384	250000	4	1	4	0	512	162329	190009	290338	21107	23745182	21562	5	0	0	100.0	0.000
run1_C_readers	hybrid	off	cold	stride	16384	250000	4	1	4	1	512	135840	161427	288645	23951	19477707	26286	5	0	0	99.8	0.000
run1_C_readers	pool	off	cold	stride	16384	250000	4	1	4	2	512	158869	189023	240824	53806	23208428	22061	12	0	0	99.8	0.000
run1_C_readers	hybrid	off	cold	stride	16384	250000	4	1	5	0	512	131794	156330	493757	23299	19103161	26802	5	0	0	99.8	0.000
run1_C_readers	pool	off	cold	stride	16384	250000	4	1	5	1	512	162975	194611	297423	55637	39418915	12989	12	0	0	99.8	0.000
run1_C_readers	uring	off	cold	stride	16384	250000	4	1	5	2	512	160276	184872	235196	22574	20543285	24923	5	0	0	100.0	0.000
run1_C_readers	pool	off	cold	stride	16384	250000	1	4	0	0	2048	146190	183139	274624	42623	65034472	31491	11	0	0	65.7	0.000
run1_C_readers	uring	off	cold	stride	16384	250000	1	4	0	1	2048	139936	197861	403880	28506	59531011	34402	5	0	0	100.0	0.000
run1_C_readers	hybrid	off	cold	stride	16384	250000	1	4	0	2	2048	134127	176244	245341	29539	66427106	30831	5	0	0	65.8	0.000
run1_C_readers	uring	off	cold	stride	16384	250000	1	4	1	0	2048	135269	177847	227710	28168	73009594	28051	5	0	0	100.0	0.000
run1_C_readers	hybrid	off	cold	stride	16384	250000	1	4	1	1	2048	134979	178012	218341	29138	56349428	36345	5	0	0	65.7	0.000
run1_C_readers	pool	off	cold	stride	16384	250000	1	4	1	2	2048	148960	187826	235506	41316	68010476	30113	11	0	0	65.7	0.000
run1_C_readers	hybrid	off	cold	stride	16384	250000	1	4	2	0	2048	133737	176565	274584	28107	57667008	35514	5	0	0	65.9	0.000
run1_C_readers	pool	off	cold	stride	16384	250000	1	4	2	1	2048	146530	180846	229248	41001	81525787	25121	11	0	0	65.7	0.000
run1_C_readers	uring	off	cold	stride	16384	250000	1	4	2	2	2048	136175	174086	236784	28123	57207181	35800	5	0	0	100.0	0.000
run1_C_readers	pool	off	cold	stride	16384	250000	1	4	3	0	2048	146791	181132	222137	40505	67033358	30552	10	0	0	65.7	0.000
run1_C_readers	uring	off	cold	stride	16384	250000	1	4	3	1	2048	132239	173200	224926	27727	56985610	35939	5	0	0	100.0	0.000
run1_C_readers	hybrid	off	cold	stride	16384	250000	1	4	3	2	2048	135134	176569	227285	28668	57169471	35823	5	0	0	65.8	0.000
run1_C_readers	uring	off	cold	stride	16384	250000	1	4	4	0	2048	136126	175118	220068	28118	83612745	24494	5	0	0	100.0	0.000
run1_C_readers	hybrid	off	cold	stride	16384	250000	1	4	4	1	2048	133226	171682	208973	28509	55277666	37049	5	0	0	65.7	0.000
run1_C_readers	pool	off	cold	stride	16384	250000	1	4	4	2	2048	144413	180325	249472	41119	68641084	29836	11	0	0	65.7	0.000
run1_C_readers	hybrid	off	cold	stride	16384	250000	1	4	5	0	2048	134278	174086	229953	28739	56985405	35939	5	0	0	65.8	0.000
run1_C_readers	pool	off	cold	stride	16384	250000	1	4	5	1	2048	146551	184366	245291	41532	88927311	23030	11	0	0	65.7	0.000
run1_C_readers	uring	off	cold	stride	16384	250000	1	4	5	2	2048	139240	182639	252837	28424	78108413	26220	5	0	0	100.0	0.000
run1_C_readers	pool	off	cold	stride	16384	250000	4	4	0	0	2048	203309	348899	963843	35844	50658087	40428	30	0	0	66.7	0.000
run1_C_readers	uring	off	cold	stride	16384	250000	4	4	0	1	2048	214456	318619	25928547	22861	99382686	20607	5	0	0	100.0	0.000
run1_C_readers	hybrid	off	cold	stride	16384	250000	4	4	0	2	2048	182413	291865	25660861	23889	84285467	24298	5	0	0	65.8	0.000
run1_C_readers	uring	off	cold	stride	16384	250000	4	4	1	0	2048	205112	310707	1088142	22214	48319195	42385	5	0	0	100.0	0.000
run1_C_readers	hybrid	off	cold	stride	16384	250000	4	4	1	1	2048	197766	328869	29407237	24387	86357324	23715	5	0	0	65.9	0.000
run1_C_readers	pool	off	cold	stride	16384	250000	4	4	1	2	2048	207164	333857	35038393	35212	100641997	20349	27	0	0	66.7	0.000
run1_C_readers	hybrid	off	cold	stride	16384	250000	4	4	2	0	2048	174567	290352	794749	23782	84396762	24266	5	0	0	65.7	0.000
run1_C_readers	pool	off	cold	stride	16384	250000	4	4	2	1	2048	204851	358693	967089	34604	49975839	40980	31	0	0	66.6	0.000
run1_C_readers	uring	off	cold	stride	16384	250000	4	4	2	2	2048	212233	318533	27011400	22642	100415177	20395	5	0	0	100.0	0.000
run1_C_readers	pool	off	cold	stride	16384	250000	4	4	3	0	2048	199694	338899	25641625	34567	84720123	24174	30	0	0	66.5	0.000
run1_C_readers	uring	off	cold	stride	16384	250000	4	4	3	1	2048	207395	317878	514918	22482	48263378	42434	5	0	0	100.0	0.000
run1_C_readers	hybrid	off	cold	stride	16384	250000	4	4	3	2	2048	200470	321878	27719953	24624	85001327	24094	5	0	0	65.7	0.000
run1_C_readers	uring	off	cold	stride	16384	250000	4	4	4	0	2048	209203	325284	35408130	22226	101201296	20237	5	0	0	100.0	0.000
run1_C_readers	hybrid	off	cold	stride	16384	250000	4	4	4	1	2048	191391	298600	475870	23646	50146842	40840	5	0	0	65.7	0.000
run1_C_readers	pool	off	cold	stride	16384	250000	4	4	4	2	2048	203680	375207	1070526	33873	56905542	35989	36	0	0	65.9	0.000
run1_C_readers	hybrid	off	cold	stride	16384	250000	4	4	5	0	2048	185578	311839	25925457	24494	99720728	20537	5	0	0	65.7	0.000
run1_C_readers	pool	off	cold	stride	16384	250000	4	4	5	1	2048	208953	409433	25136600	36216	86026705	23807	33	0	0	67.0	0.000
run1_C_readers	uring	off	cold	stride	16384	250000	4	4	5	2	2048	211476	313136	527466	22451	48465035	42257	5	0	0	100.0	0.000
run1_C_readers	pool	off	cold	stride	16384	250000	1	16	0	0	8192	4467	326635	1931683	17753	240545040	34056	28	0	0	23.8	0.000
run1_C_readers	uring	off	cold	stride	16384	250000	1	16	0	1	8192	5218	263658	842896	14647	195526840	41897	5	0	0	100.0	0.000
run1_C_readers	hybrid	off	cold	stride	16384	250000	1	16	0	2	8192	4406	271956	779187	14635	180259353	45446	5	0	0	24.0	0.000
run1_C_readers	uring	off	cold	stride	16384	250000	1	16	1	0	8192	5197	266948	830538	14861	195371437	41930	5	0	0	100.0	0.000
run1_C_readers	hybrid	off	cold	stride	16384	250000	1	16	1	1	8192	4697	276973	1062198	14707	192167631	42629	5	0	0	23.8	0.000
run1_C_readers	pool	off	cold	stride	16384	250000	1	16	1	2	8192	4567	292105	1020072	18340	179766309	45570	32	0	0	24.1	0.000
run1_C_readers	hybrid	off	cold	stride	16384	250000	1	16	2	0	8192	4277	272241	664358	14671	231092690	35449	5	0	0	23.7	0.000
run1_C_readers	pool	off	cold	stride	16384	250000	1	16	2	1	8192	4306	294113	1082653	17794	198854922	41196	36	0	0	24.0	0.000
run1_C_readers	uring	off	cold	stride	16384	250000	1	16	2	2	8192	5157	265336	698944	14752	193945645	42239	5	0	0	100.0	0.000
run1_C_readers	pool	off	cold	stride	16384	250000	1	16	3	0	8192	4467	287839	2003589	18175	179829688	45554	31	0	0	23.6	0.000
run1_C_readers	uring	off	cold	stride	16384	250000	1	16	3	1	8192	5187	270192	712063	14967	196437326	41703	5	0	0	100.0	0.000
run1_C_readers	hybrid	off	cold	stride	16384	250000	1	16	3	2	8192	4366	292000	860466	14584	194017647	42223	5	0	0	23.9	0.000
run1_C_readers	uring	off	cold	stride	16384	250000	1	16	4	0	8192	5208	282396	856681	15020	180851261	45297	5	0	0	100.0	0.000
run1_C_readers	hybrid	off	cold	stride	16384	250000	1	16	4	1	8192	4427	282265	881918	14730	193793797	42272	5	0	0	24.1	0.000
run1_C_readers	pool	off	cold	stride	16384	250000	1	16	4	2	8192	4476	321062	949323	18093	195450960	41913	32	0	0	23.8	0.000
run1_C_readers	hybrid	off	cold	stride	16384	250000	1	16	5	0	8192	4497	275631	817668	14731	234606339	34918	5	0	0	23.8	0.000
run1_C_readers	pool	off	cold	stride	16384	250000	1	16	5	1	8192	4386	303837	945296	17433	181660212	45095	33	0	0	23.9	0.000
run1_C_readers	uring	off	cold	stride	16384	250000	1	16	5	2	8192	5187	270553	748201	14686	196310309	41730	5	0	0	100.0	0.000
run1_C_readers	pool	off	cold	stride	16384	250000	4	16	0	0	8192	4376	1164755	43152306	18199	181118157	45230	79	0	0	24.8	0.000
run1_C_readers	uring	off	cold	stride	16384	250000	4	16	0	1	8192	18428	744851	42512766	12600	190401148	43025	5	0	0	100.0	0.000
run1_C_readers	hybrid	off	cold	stride	16384	250000	4	16	0	2	8192	4456	524938	28254879	13255	197140016	41554	5	0	0	24.6	0.000
run1_C_readers	uring	off	cold	stride	16384	250000	4	16	1	0	8192	18337	1005235	43276066	13072	179286583	45692	5	0	0	100.0	0.000
run1_C_readers	hybrid	off	cold	stride	16384	250000	4	16	1	1	8192	4537	495324	42546416	13136	195865971	41825	5	0	0	24.1	0.000
run1_C_readers	pool	off	cold	stride	16384	250000	4	16	1	2	8192	4577	1291927	43842000	18464	194114784	42202	80	0	0	24.3	0.000
run1_C_readers	hybrid	off	cold	stride	16384	250000	4	16	2	0	8192	4707	565112	38574567	13359	190561469	42989	5	0	0	24.1	0.000
run1_C_readers	pool	off	cold	stride	16384	250000	4	16	2	1	8192	4466	1361038	40633507	17921	181107712	45233	78	0	0	24.2	0.000
run1_C_readers	uring	off	cold	stride	16384	250000	4	16	2	2	8192	18737	658114	42911727	12363	188763032	43398	5	0	0	100.0	0.000
run1_C_readers	pool	off	cold	stride	16384	250000	4	16	3	0	8192	4396	1344544	43220191	17887	235686598	34758	78	0	0	24.2	0.000
run1_C_readers	uring	off	cold	stride	16384	250000	4	16	3	1	8192	17766	948836	43261329	12933	191436747	42792	5	0	0	100.0	0.000
run1_C_readers	hybrid	off	cold	stride	16384	250000	4	16	3	2	8192	4477	518688	28124564	13352	180301893	45435	5	0	0	24.1	0.000
run1_C_readers	uring	off	cold	stride	16384	250000	4	16	4	0	8192	19288	985671	43364967	12503	194130874	42198	5	0	0	100.0	0.000
run1_C_readers	hybrid	off	cold	stride	16384	250000	4	16	4	1	8192	4647	509250	27753757	13370	197918671	41391	5	0	0	24.1	0.000
run1_C_readers	pool	off	cold	stride	16384	250000	4	16	4	2	8192	4566	1290845	42976601	18522	180181082	45465	77	0	0	24.7	0.000
run1_C_readers	hybrid	off	cold	stride	16384	250000	4	16	5	0	8192	4456	510997	24251074	13139	191906854	42687	5	0	0	23.9	0.000
run1_C_readers	pool	off	cold	stride	16384	250000	4	16	5	1	8192	4868	1223061	41234618	20115	196043563	41787	76	0	0	24.0	0.000
run1_C_readers	uring	off	cold	stride	16384	250000	4	16	5	2	8192	20430	626267	43412388	12873	174957588	46823	5	0	0	100.0	0.000
run1_D_size4096	pool	off	cold	stride	4096	250000	1	1	0	0	512	140366	154778	326611	52518	72281753	7083	6	0	0	99.8	0.000
run1_D_size4096	hybrid	off	cold	stride	4096	250000	1	1	0	1	512	128399	134808	194036	26855	65048082	7871	5	0	0	99.8	0.000
run1_D_size4096	uring	off	cold	stride	4096	250000	1	1	0	2	512	123592	132305	172143	24911	62318494	8216	5	0	0	100.0	0.000
run1_D_size4096	hybrid	off	cold	stride	4096	250000	1	1	1	0	512	126897	147668	195508	24565	64461047	7943	5	0	0	99.8	0.000
run1_D_size4096	uring	off	cold	stride	4096	250000	1	1	1	1	512	126066	135750	162749	23478	63500339	8063	5	0	0	100.0	0.000
run1_D_size4096	pool	off	cold	stride	4096	250000	1	1	1	2	512	138945	150061	184040	56006	70110487	7303	6	0	0	99.8	0.000
run1_D_size4096	uring	off	cold	stride	4096	250000	1	1	2	0	512	126736	145244	197230	24041	65117208	7863	5	0	0	100.0	0.000
run1_D_size4096	pool	off	cold	stride	4096	250000	1	1	2	1	512	138984	159305	190841	52547	71277825	7183	6	0	0	99.8	0.000
run1_D_size4096	hybrid	off	cold	stride	4096	250000	1	1	2	2	512	128629	141748	205473	27015	65139817	7860	5	0	0	99.8	0.000
run1_D_size4096	pool	off	cold	stride	4096	250000	1	1	3	0	512	133817	160126	377826	47965	72627581	7050	6	0	0	99.8	0.000
run1_D_size4096	hybrid	off	cold	stride	4096	250000	1	1	3	1	512	127718	160777	373140	27540	70193550	7294	5	0	0	99.8	0.000
run1_D_size4096	uring	off	cold	stride	4096	250000	1	1	3	2	512	125335	150942	340411	23759	67522463	7583	5	0	0	100.0	0.000
run1_D_size4096	hybrid	off	cold	stride	4096	250000	1	1	4	0	512	125916	145835	323737	24448	65733145	7789	5	0	0	99.8	0.000
run1_D_size4096	uring	off	cold	stride	4096	250000	1	1	4	1	512	125765	147497	316215	23285	66552661	7693	5	0	0	100.0	0.000
run1_D_size4096	pool	off	cold	stride	4096	250000	1	1	4	2	512	141388	173075	392348	52958	76953319	6653	6	0	0	99.8	0.000
run1_D_size4096	uring	off	cold	stride	4096	250000	1	1	5	0	512	131183	163411	345268	26432	71646558	7146	5	0	0	100.0	0.000
run1_D_size4096	pool	off	cold	stride	4096	250000	1	1	5	1	512	142690	175038	346550	53636	77318591	6622	6	0	0	99.8	0.000
run1_D_size4096	hybrid	off	cold	stride	4096	250000	1	1	5	2	512	125545	145514	281464	25012	65614160	7803	5	0	0	99.8	0.000
run1_D_size4096	pool	off	cold	stride	4096	250000	16	1	0	0	512	214806	469370	918046	47607	9113543	56180	42	0	0	99.8	0.000
run1_D_size4096	hybrid	off	cold	stride	4096	250000	16	1	0	1	512	193255	257404	2515002	13554	9734026	52599	5	0	0	99.8	0.000
run1_D_size4096	uring	off	cold	stride	4096	250000	16	1	0	2	512	208858	254475	362368	12836	7008485	73054	5	0	0	100.0	0.000
run1_D_size4096	hybrid	off	cold	stride	4096	250000	16	1	1	0	512	181217	245932	29411082	14692	36404650	14064	5	0	0	99.8	0.000
run1_D_size4096	uring	off	cold	stride	4096	250000	16	1	1	1	512	212222	266032	350896	12588	7153969	71569	5	0	0	100.0	0.000
run1_D_size4096	pool	off	cold	stride	4096	250000	16	1	1	2	512	220204	421130	29230705	46380	37652675	13598	37	0	0	99.8	0.000
run1_D_size4096	uring	off	cold	stride	4096	250000	16	1	2	0	512	217590	292010	29727635	12821	37082480	13807	5	0	0	100.0	0.000
run1_D_size4096	pool	off	cold	stride	4096	250000	16	1	2	1	512	203244	307047	850681	43120	7909961	64729	32	0	0	99.8	0.000
run1_D_size4096	hybrid	off	cold	stride	4096	250000	16	1	2	2	512	172684	248330	29102390	12780	35716304	14335	5	0	0	99.8	0.000
run1_D_size4096	pool	off	cold	stride	4096	250000	16	1	3	0	512	200580	326721	646562	42509	7813090	65531	31	0	0	99.8	0.000
run1_D_size4096	hybrid	off	cold	stride	4096	250000	16	1	3	1	512	164852	234020	27762012	11993	34569835	14811	5	0	0	99.8	0.000
run1_D_size4096	uring	off	cold	stride	4096	250000	16	1	3	2	512	193275	247114	338043	10851	6631770	77204	5	0	0	100.0	0.000
run1_D_size4096	hybrid	off	cold	stride	4096	250000	16	1	4	0	512	192794	298309	30918254	12482	38026266	13464	5	0	0	99.8	0.000
run1_D_size4096	uring	off	cold	stride	4096	250000	16	1	4	1	512	210299	266843	363444	11949	7125332	71856	5	0	0	100.0	0.000
run1_D_size4096	pool	off	cold	stride	4096	250000	16	1	4	2	512	254244	464879	43959024	46324	53172884	9629	37	0	0	99.8	0.000
run1_D_size4096	uring	off	cold	stride	4096	250000	16	1	5	0	512	213724	289075	359609	13099	7501235	68255	5	0	0	100.0	0.000
run1_D_size4096	pool	off	cold	stride	4096	250000	16	1	5	1	512	228867	436913	26935002	44945	35770565	14313	36	0	0	99.8	0.000
run1_D_size4096	hybrid	off	cold	stride	4096	250000	16	1	5	2	512	183650	240564	325059	11446	6655556	76928	5	0	0	99.8	0.000
run1_D_size4096	pool	off	warm	stride	4096	250000	1	1	0	0	512	1633	1833	2314	2102	977379	523850	5	0	0	0.0	0.000
run1_D_size4096	hybrid	off	warm	stride	4096	250000	1	1	0	1	512	1512	1663	1823	2203	969156	528295	5	0	0	0.0	0.000
run1_D_size4096	uring	off	warm	stride	4096	250000	1	1	0	2	512	2263	5217	5859	4973	1723066	297145	5	0	0	100.0	0.000
run1_D_size4096	hybrid	off	warm	stride	4096	250000	1	1	1	0	512	1222	1422	1923	1780	822952	622151	5	0	0	0.0	0.000
run1_D_size4096	uring	off	warm	stride	4096	250000	1	1	1	1	512	2814	4827	6880	6093	1964812	260585	5	0	0	100.0	0.000
run1_D_size4096	pool	off	warm	stride	4096	250000	1	1	1	2	512	1212	1352	1743	1568	722663	708491	5	0	0	0.0	0.000
run1_D_size4096	uring	off	warm	stride	4096	250000	1	1	2	0	512	2634	4667	6670	5918	1920081	266655	5	0	0	100.0	0.000
run1_D_size4096	pool	off	warm	stride	4096	250000	1	1	2	1	512	1192	1252	2012	1602	753069	679885	5	0	0	0.0	0.000
run1_D_size4096	hybrid	off	warm	stride	4096	250000	1	1	2	2	512	1192	1272	1452	1778	812566	630103	5	0	0	0.0	0.000
run1_D_size4096	pool	off	warm	stride	4096	250000	1	1	3	0	512	1202	1342	1803	1600	735873	695772	5	0	0	0.0	0.000
run1_D_size4096	hybrid	off	warm	stride	4096	250000	1	1	3	1	512	1201	1282	1933	1764	831864	615485	5	0	0	0.0	0.000
run1_D_size4096	uring	off	warm	stride	4096	250000	1	1	3	2	512	1982	5138	5569	4606	1589439	322126	5	0	0	100.0	0.000
run1_D_size4096	hybrid	off	warm	stride	4096	250000	1	1	4	0	512	1192	1302	1523	1762	807558	634010	5	0	0	0.0	0.000
run1_D_size4096	uring	off	warm	stride	4096	250000	1	1	4	1	512	1972	5078	5568	4602	1573586	325371	5	0	0	100.0	0.000
run1_D_size4096	pool	off	warm	stride	4096	250000	1	1	4	2	512	1221	1452	2033	1660	753088	679867	5	0	0	0.0	0.000
run1_D_size4096	uring	off	warm	stride	4096	250000	1	1	5	0	512	1983	5118	7251	4805	1641601	311891	5	0	0	100.0	0.000
run1_D_size4096	pool	off	warm	stride	4096	250000	1	1	5	1	512	1212	1342	1852	1679	771906	663293	5	0	0	0.0	0.000
run1_D_size4096	hybrid	off	warm	stride	4096	250000	1	1	5	2	512	1202	1332	1673	1782	818305	625684	5	0	0	0.0	0.000
run1_D_size4096	pool	off	warm	stride	4096	250000	16	1	0	0	512	1542	1632	1923	2006	354932	1442530	5	0	0	0.0	0.000
run1_D_size4096	hybrid	off	warm	stride	4096	250000	16	1	0	1	512	1222	1312	2674	1771	871247	587663	5	0	0	0.0	0.000
run1_D_size4096	uring	off	warm	stride	4096	250000	16	1	0	2	512	20050	22683	24867	2108	820032	624366	5	0	0	100.0	0.000
run1_D_size4096	hybrid	off	warm	stride	4096	250000	16	1	1	0	512	1222	1322	1893	1880	883700	579382	5	0	0	0.0	0.000
run1_D_size4096	uring	off	warm	stride	4096	250000	16	1	1	1	512	22143	22904	46588	2253	910140	562551	5	0	0	100.0	0.000
run1_D_size4096	pool	off	warm	stride	4096	250000	16	1	1	2	512	1552	1643	1873	1947	344027	1488255	5	0	0	0.0	0.000
run1_D_size4096	uring	off	warm	stride	4096	250000	16	1	2	0	512	19188	22673	37265	2059	809882	632191	5	0	0	100.0	0.000
run1_D_size4096	pool	off	warm	stride	4096	250000	16	1	2	1	512	1542	1623	2013	1983	350716	1459871	5	0	0	0.0	0.000
run1_D_size4096	hybrid	off	warm	stride	4096	250000	16	1	2	2	512	1222	1322	1522	1849	863191	593148	5	0	0	0.0	0.000
run1_D_size4096	pool	off	warm	stride	4096	250000	16	1	3	0	512	1532	1623	2043	1951	343756	1489429	5	0	0	0.0	0.000
run1_D_size4096	hybrid	off	warm	stride	4096	250000	16	1	3	1	512	1222	1262	1562	1803	831634	615655	5	0	0	0.0	0.000
run1_D_size4096	uring	off	warm	stride	4096	250000	16	1	3	2	512	22092	22893	121539	2423	982867	520925	5	0	0	100.0	0.000
run1_D_size4096	hybrid	off	warm	stride	4096	250000	16	1	4	0	512	1222	1292	1392	1898	829301	617387	5	0	0	0.0	0.000
run1_D_size4096	uring	off	warm	stride	4096	250000	16	1	4	1	512	22323	24366	30235	2299	911401	561772	5	0	0	100.0	0.000
run1_D_size4096	pool	off	warm	stride	4096	250000	16	1	4	2	512	1412	1622	2674	2004	502139	1019638	5	0	0	0.0	0.000
run1_D_size4096	uring	off	warm	stride	4096	250000	16	1	5	0	512	16644	22973	26229	2039	780103	656324	5	0	0	100.0	0.000
run1_D_size4096	pool	off	warm	stride	4096	250000	16	1	5	1	512	1553	1663	4056	2238	330897	1547309	5	0	0	0.0	0.000
run1_D_size4096	hybrid	off	warm	stride	4096	250000	16	1	5	2	512	1231	1332	1513	1784	815830	627582	5	0	0	0.0	0.000
run1_D_size65536	pool	off	cold	stride	65536	250000	1	1	0	0	512	168258	193335	268105	68362	89062375	5749	6	0	0	99.8	0.000
run1_D_size65536	hybrid	off	cold	stride	65536	250000	1	1	0	1	512	162569	181047	302936	50736	85961902	5956	5	0	0	99.8	0.000
run1_D_size65536	uring	off	cold	stride	65536	250000	1	1	0	2	512	165824	197630	328403	51712	88592338	5779	5	0	0	100.0	0.000
run1_D_size65536	hybrid	off	cold	stride	65536	250000	1	1	1	0	512	160416	191502	370575	47934	85569660	5983	5	0	0	99.8	0.000
run1_D_size65536	uring	off	cold	stride	65536	250000	1	1	1	1	512	157181	176029	271730	46015	82640038	6196	5	0	0	100.0	0.000
run1_D_size65536	pool	off	cold	stride	65536	250000	1	1	1	2	512	175408	195098	314753	81088	92526057	5534	6	0	0	99.8	0.000
run1_D_size65536	uring	off	cold	stride	65536	250000	1	1	2	0	512	153976	183710	314203	41312	82414456	6213	5	0	0	100.0	0.000
run1_D_size65536	pool	off	cold	stride	65536	250000	1	1	2	1	512	176379	216889	380610	80002	95315508	5372	6	0	0	99.8	0.000
run1_D_size65536	hybrid	off	cold	stride	65536	250000	1	1	2	2	512	149160	165323	280273	44224	78455653	6526	5	0	0	99.8	0.000
run1_D_size65536	pool	off	cold	stride	65536	250000	1	1	3	0	512	174647	201406	335213	79458	93709472	5464	6	0	0	99.8	0.000
run1_D_size65536	hybrid	off	cold	stride	65536	250000	1	1	3	1	512	168308	223609	337076	50335	93519083	5475	5	0	0	99.8	0.000
run1_D_size65536	uring	off	cold	stride	65536	250000	1	1	3	2	512	157932	200935	327482	50816	87300541	5865	5	0	0	100.0	0.000
run1_D_size65536	hybrid	off	cold	stride	65536	250000	1	1	4	0	512	153376	170381	256207	43123	80493673	6361	5	0	0	99.8	0.000
run1_D_size65536	uring	off	cold	stride	65536	250000	1	1	4	1	512	156260	175068	238671	45659	81496108	6283	5	0	0	100.0	0.000
run1_D_size65536	pool	off	cold	stride	65536	250000	1	1	4	2	512	176420	212132	357306	77835	94355854	5426	6	0	0	99.8	0.000
run1_D_size65536	uring	off	cold	stride	65536	250000	1	1	5	0	512	156660	196599	293332	47908	84590422	6053	5	0	0	100.0	0.000
run1_D_size65536	pool	off	cold	stride	65536	250000	1	1	5	1	512	177492	199644	524362	80271	95930831	5337	6	0	0	99.8	0.000
run1_D_size65536	hybrid	off	cold	stride	65536	250000	1	1	5	2	512	163951	191532	397665	50141	88475555	5787	5	0	0	99.8	0.000
run1_D_size65536	pool	off	cold	stride	65536	250000	16	1	0	0	512	316907	579733	1241001	80805	13043677	39253	28	0	0	99.8	0.000
run1_D_size65536	hybrid	off	cold	stride	65536	250000	16	1	0	1	512	364306	561927	713129	39495	19338761	26475	5	0	0	99.8	0.000
run1_D_size65536	uring	off	cold	stride	65536	250000	16	1	0	2	512	531102	726690	1584051	36089	19376266	26424	5	0	0	100.0	0.000
run1_D_size65536	hybrid	off	cold	stride	65536	250000	16	1	1	0	512	360481	565613	1131525	37987	18874017	27127	5	0	0	99.8	0.000
run1_D_size65536	uring	off	cold	stride	65536	250000	16	1	1	1	512	546144	822140	36669206	36680	60836944	8416	5	0	0	100.0	0.000
run1_D_size65536	pool	off	cold	stride	65536	250000	16	1	1	2	512	353190	639697	47742653	77143	60631687	8444	33	0	0	99.8	0.000
run1_D_size65536	uring	off	cold	stride	65536	250000	16	1	2	0	512	585822	822601	37284873	37856	89356977	5730	5	0	0	100.0	0.000
run1_D_size65536	pool	off	cold	stride	65536	250000	16	1	2	1	512	381517	638069	40219391	81674	83386921	6140	30	0	0	99.8	0.000
run1_D_size65536	hybrid	off	cold	stride	65536	250000	16	1	2	2	512	380830	651469	52784818	39469	102519534	4994	5	0	0	99.8	0.000
run1_D_size65536	pool	off	cold	stride	65536	250000	16	1	3	0	512	364286	585697	32410028	79602	44930840	11395	28	0	0	99.8	0.000
run1_D_size65536	hybrid	off	cold	stride	65536	250000	16	1	3	1	512	431334	649196	35047209	42074	87344415	5862	5	0	0	99.8	0.000
run1_D_size65536	uring	off	cold	stride	65536	250000	16	1	3	2	512	523721	948591	53592112	34920	100054832	5117	5	0	0	100.0	0.000
run1_D_size65536	hybrid	off	cold	stride	65536	250000	16	1	4	0	512	405867	802441	35227024	39360	85077419	6018	5	0	0	99.8	0.000
run1_D_size65536	uring	off	cold	stride	65536	250000	16	1	4	1	512	515769	734871	29998889	35225	47553610	10767	5	0	0	100.0	0.000
run1_D_size65536	pool	off	cold	stride	65536	250000	16	1	4	2	512	350802	600874	41380234	74245	85844142	5964	25	0	0	99.8	0.000
run1_D_size65536	uring	off	cold	stride	65536	250000	16	1	5	0	512	529699	797093	46600603	36158	101580402	5040	5	0	0	100.0	0.000
run1_D_size65536	pool	off	cold	stride	65536	250000	16	1	5	1	512	362033	540210	31852578	77606	84659054	6048	27	0	0	99.8	0.000
run1_D_size65536	hybrid	off	cold	stride	65536	250000	16	1	5	2	512	357747	623418	26944525	36318	45081417	11357	5	0	0	99.8	0.000
run1_D_size65536	pool	off	warm	stride	65536	250000	1	1	0	0	512	7671	9133	22633	8533	4284415	119503	5	0	0	0.0	0.000
run1_D_size65536	hybrid	off	warm	stride	65536	250000	1	1	0	1	512	7602	8803	12989	8474	4239519	120768	5	0	0	0.0	0.000
run1_D_size65536	uring	off	warm	stride	65536	250000	1	1	0	2	512	14912	16975	28722	19913	7664120	66805	5	0	0	100.0	0.000
run1_D_size65536	hybrid	off	warm	stride	65536	250000	1	1	1	0	512	7421	8523	19949	8324	4168966	122812	5	0	0	0.0	0.000
run1_D_size65536	uring	off	warm	stride	65536	250000	1	1	1	1	512	15363	17366	26119	20456	7919706	64649	5	0	0	100.0	0.000
run1_D_size65536	pool	off	warm	stride	65536	250000	1	1	1	2	512	7761	9484	24637	8669	4282463	119557	5	0	0	0.0	0.000
run1_D_size65536	uring	off	warm	stride	65536	250000	1	1	2	0	512	10004	11507	26990	14534	5439946	94119	5	0	0	100.0	0.000
run1_D_size65536	pool	off	warm	stride	65536	250000	1	1	2	1	512	7832	9233	23004	8405	4212170	121553	5	0	0	0.0	0.000
run1_D_size65536	hybrid	off	warm	stride	65536	250000	1	1	2	2	512	7902	9464	22212	9037	4449308	115074	5	0	0	0.0	0.000
run1_D_size65536	pool	off	warm	stride	65536	250000	1	1	3	0	512	8042	9614	27120	8805	4409850	116104	5	0	0	0.0	0.000
run1_D_size65536	hybrid	off	warm	stride	65536	250000	1	1	3	1	512	8242	9814	19389	9226	4617666	110879	5	0	0	0.0	0.000
run1_D_size65536	uring	off	warm	stride	65536	250000	1	1	3	2	512	10516	11948	26158	14861	5618629	91125	5	0	0	100.0	0.000
run1_D_size65536	hybrid	off	warm	stride	65536	250000	1	1	4	0	512	8122	9584	22463	8920	4498971	113804	5	0	0	0.0	0.000
run1_D_size65536	uring	off	warm	stride	65536	250000	1	1	4	1	512	10506	12008	27490	14783	5897089	86822	5	0	0	100.0	0.000
run1_D_size65536	pool	off	warm	stride	65536	250000	1	1	4	2	512	8252	9804	27851	9040	4559080	112303	5	0	0	0.0	0.000
run1_D_size65536	uring	off	warm	stride	65536	250000	1	1	5	0	512	10506	12008	28192	14990	5661252	90439	5	0	0	100.0	0.000
run1_D_size65536	pool	off	warm	stride	65536	250000	1	1	5	1	512	9023	10025	28762	9367	4705015	108820	5	0	0	0.0	0.000
run1_D_size65536	hybrid	off	warm	stride	65536	250000	1	1	5	2	512	8302	9804	27560	9278	4643564	110260	5	0	0	0.0	0.000
run1_D_size65536	pool	off	warm	stride	65536	250000	16	1	0	0	512	9524	11707	29193	10438	1805737	283541	5	0	0	0.0	0.000
run1_D_size65536	hybrid	off	warm	stride	65536	250000	16	1	0	1	512	8532	10155	31937	11025	5522968	92704	5	0	0	0.0	0.000
run1_D_size65536	uring	off	warm	stride	65536	250000	16	1	0	2	512	151202	176059	228776	10895	5275684	97049	5	0	0	100.0	0.000
run1_D_size65536	hybrid	off	warm	stride	65536	250000	16	1	1	0	512	8403	10015	12408	10017	5024254	101906	5	0	0	0.0	0.000
run1_D_size65536	uring	off	warm	stride	65536	250000	16	1	1	1	512	130653	153556	188217	10254	4957035	103288	5	0	0	100.0	0.000
run1_D_size65536	pool	off	warm	stride	65536	250000	16	1	1	2	512	9534	11467	13961	10453	1530668	334494	5	0	0	0.0	0.000
run1_D_size65536	uring	off	warm	stride	65536	250000	16	1	2	0	512	127768	140496	178263	9820	4792783	106827	5	0	0	100.0	0.000
run1_D_size65536	pool	off	warm	stride	65536	250000	16	1	2	1	512	8974	10916	23665	9773	2581809	198311	5	0	0	0.0	0.000
run1_D_size65536	hybrid	off	warm	stride	65536	250000	16	1	2	2	512	8322	9704	10505	9965	4986989	102667	5	0	0	0.0	0.000
run1_D_size65536	pool	off	warm	stride	65536	250000	16	1	3	0	512	9564	11597	14331	10407	1944842	263260	5	0	0	0.0	0.000
run1_D_size65536	hybrid	off	warm	stride	65536	250000	16	1	3	1	512	8803	10395	31657	11084	5580713	91745	5	0	0	0.0	0.000
run1_D_size65536	uring	off	warm	stride	65536	250000	16	1	3	2	512	147667	167216	203389	10927	5279650	96976	5	0	0	100.0	0.000
run1_D_size65536	hybrid	off	warm	stride	65536	250000	16	1	4	0	512	8633	10175	12339	10401	5190078	98650	5	0	0	0.0	0.000
run1_D_size65536	uring	off	warm	stride	65536	250000	16	1	4	1	512	142500	159805	174437	10494	5073607	100914	5	0	0	100.0	0.000
run1_D_size65536	pool	off	warm	stride	65536	250000	16	1	4	2	512	10065	11978	12699	10824	1652993	309741	5	0	0	0.0	0.000
run1_D_size65536	uring	off	warm	stride	65536	250000	16	1	5	0	512	148218	170561	197491	10758	5268013	97190	5	0	0	100.0	0.000
run1_D_size65536	pool	off	warm	stride	65536	250000	16	1	5	1	512	9985	12419	29433	11195	1911924	267793	5	0	0	0.0	0.000
run1_D_size65536	hybrid	off	warm	stride	65536	250000	16	1	5	2	512	8533	10035	10806	10356	5148738	99442	5	0	0	0.0	0.000
run1_D_size250000	pool	off	cold	sweep	250000	250000	1	1	0	0	512	92426	207456	304288	64256	54110896	9462	6	0	0	52.9	0.000
run1_D_size250000	hybrid	off	cold	sweep	250000	250000	1	1	0	1	512	129190	229668	315355	54554	59828480	8558	5	0	0	53.7	0.000
run1_D_size250000	uring	off	cold	sweep	250000	250000	1	1	0	2	512	96141	213505	975666	43097	196001344	2612	5	0	0	100.0	0.000
run1_D_size250000	hybrid	off	cold	sweep	250000	250000	1	1	1	0	512	166716	273402	506416	64966	205292737	2494	5	0	0	59.4	0.000
run1_D_size250000	uring	off	cold	sweep	250000	250000	1	1	1	1	512	94068	193745	316696	42640	177448541	2885	5	0	0	100.0	0.000
run1_D_size250000	pool	off	cold	sweep	250000	250000	1	1	1	2	512	83924	209639	442742	60030	201882337	2536	6	0	0	54.5	0.000
run1_D_size250000	uring	off	cold	sweep	250000	250000	1	1	2	0	512	93758	213394	369684	46687	201675255	2539	5	0	0	100.0	0.000
run1_D_size250000	pool	off	cold	sweep	250000	250000	1	1	2	1	512	94839	226603	525253	65620	204558831	2503	6	0	0	54.1	0.000
run1_D_size250000	hybrid	off	cold	sweep	250000	250000	1	1	2	2	512	207315	297518	641895	78906	193590212	2645	5	0	0	61.9	0.000
run1_D_size250000	pool	off	cold	sweep	250000	250000	1	1	3	0	512	88641	214706	520506	65222	188108749	2722	6	0	0	54.7	0.000
run1_D_size250000	hybrid	off	cold	sweep	250000	250000	1	1	3	1	512	121419	254054	525784	55734	207953337	2462	5	0	0	55.7	0.000
run1_D_size250000	uring	off	cold	sweep	250000	250000	1	1	3	2	512	101719	190170	351247	45233	175402870	2919	5	0	0	100.0	0.000
run1_D_size250000	hybrid	off	cold	sweep	250000	250000	1	1	4	0	512	109000	218001	392818	52538	202215912	2532	5	0	0	53.9	0.000
run1_D_size250000	uring	off	cold	sweep	250000	250000	1	1	4	1	512	95891	184291	518082	44851	234289776	2185	5	0	0	100.0	0.000
run1_D_size250000	pool	off	cold	sweep	250000	250000	1	1	4	2	512	88901	199023	306311	60963	203674591	2514	6	0	0	52.9	0.000
run1_D_size250000	uring	off	cold	sweep	250000	250000	1	1	5	0	512	96552	195959	324738	46018	203465688	2516	5	0	0	100.0	0.000
run1_D_size250000	pool	off	cold	sweep	250000	250000	1	1	5	1	512	79818	192853	256027	58724	186471832	2746	6	0	0	52.9	0.000
run1_D_size250000	hybrid	off	cold	sweep	250000	250000	1	1	5	2	512	111525	203439	422001	52920	204387530	2505	5	0	0	53.9	0.000
run1_D_size250000	pool	off	cold	sweep	250000	250000	16	1	0	0	512	808344	28940991	58315679	158706	195590440	2618	30	0	0	65.4	0.000
run1_D_size250000	hybrid	off	cold	sweep	250000	250000	16	1	0	1	512	1148209	23848453	40679789	90865	188232283	2720	5	0	0	65.4	0.000
run1_D_size250000	uring	off	cold	sweep	250000	250000	16	1	0	2	512	1450245	27705178	41260183	92142	183090164	2796	5	0	0	100.0	0.000
run1_D_size250000	hybrid	off	cold	sweep	250000	250000	16	1	1	0	512	1027673	19814877	56550916	84186	191211955	2678	5	0	0	65.4	0.000
run1_D_size250000	uring	off	cold	sweep	250000	250000	16	1	1	1	512	1694093	20320767	40502778	92338	177968038	2877	5	0	0	100.0	0.000
run1_D_size250000	pool	off	cold	sweep	250000	250000	16	1	1	2	512	684863	38394331	44619772	147104	188430596	2717	26	0	0	65.4	0.000
run1_D_size250000	uring	off	cold	sweep	250000	250000	16	1	2	0	512	1348424	27262572	56960990	77606	197105152	2598	5	0	0	100.0	0.000
run1_D_size250000	pool	off	cold	sweep	250000	250000	16	1	2	1	512	652055	24343000	44600403	134670	172897243	2961	26	0	0	65.4	0.000
run1_D_size250000	hybrid	off	cold	sweep	250000	250000	16	1	2	2	512	1076154	26803442	56294998	87170	199434067	2567	5	0	0	65.4	0.000
run1_D_size250000	pool	off	cold	sweep	250000	250000	16	1	3	0	512	697927	22054037	60688386	138978	187210059	2735	26	0	0	65.4	0.000
run1_D_size250000	hybrid	off	cold	sweep	250000	250000	16	1	3	1	512	891051	27480264	42315079	71223	180712589	2833	5	0	0	65.4	0.000
run1_D_size250000	uring	off	cold	sweep	250000	250000	16	1	3	2	512	1409234	26177251	57193606	81574	231574774	2211	5	0	0	100.0	0.000
run1_D_size250000	hybrid	off	cold	sweep	250000	250000	16	1	4	0	512	1117986	25883013	57141679	86517	200789985	2550	5	0	0	65.4	0.000
run1_D_size250000	uring	off	cold	sweep	250000	250000	16	1	4	1	512	1427421	21148762	42085371	79679	172523664	2968	5	0	0	100.0	0.000
run1_D_size250000	pool	off	cold	sweep	250000	250000	16	1	4	2	512	644890	31279669	59573830	131977	195817623	2615	36	0	0	65.4	0.000
run1_D_size250000	uring	off	cold	sweep	250000	250000	16	1	5	0	512	1465987	25276428	42679743	82524	182563121	2805	5	0	0	100.0	0.000
run1_D_size250000	pool	off	cold	sweep	250000	250000	16	1	5	1	512	611130	39352518	45509684	131451	188905672	2710	28	0	0	65.4	0.000
run1_D_size250000	hybrid	off	cold	sweep	250000	250000	16	1	5	2	512	904130	24371405	58351671	73725	196376162	2607	5	0	0	65.4	0.000
run1_D_size250000	pool	off	warm	sweep	250000	250000	1	1	0	0	512	20891	30075	44846	24428	12388363	41329	5	0	0	0.0	0.000
run1_D_size250000	hybrid	off	warm	sweep	250000	250000	1	1	0	1	512	20580	29013	41241	23845	12083555	42372	5	0	0	0.0	0.000
run1_D_size250000	uring	off	warm	sweep	250000	250000	1	1	0	2	512	21132	29774	43084	28284	12337839	41498	5	0	0	100.0	0.000
run1_D_size250000	hybrid	off	warm	sweep	250000	250000	1	1	1	0	512	21221	30815	46007	24843	12621185	40567	5	0	0	0.0	0.000
run1_D_size250000	uring	off	warm	sweep	250000	250000	1	1	1	1	512	21011	30044	45627	28261	12310008	41592	5	0	0	100.0	0.000
run1_D_size250000	pool	off	warm	sweep	250000	250000	1	1	1	2	512	20501	29373	39328	23304	11845774	43222	5	0	0	0.0	0.000
run1_D_size250000	uring	off	warm	sweep	250000	250000	1	1	2	0	512	27030	35572	44055	35746	15351344	33352	5	0	0	100.0	0.000
run1_D_size250000	pool	off	warm	sweep	250000	250000	1	1	2	1	512	20420	29013	39678	23115	11752227	43566	5	0	0	0.0	0.000
run1_D_size250000	hybrid	off	warm	sweep	250000	250000	1	1	2	2	512	20550	29142	40430	23745	12025228	42577	5	0	0	0.0	0.000
run1_D_size250000	pool	off	warm	sweep	250000	250000	1	1	3	0	512	20360	28622	43203	23208	11790433	43425	5	0	0	0.0	0.000
run1_D_size250000	hybrid	off	warm	sweep	250000	250000	1	1	3	1	512	21142	30355	45257	24664	12524223	40881	5	0	0	0.0	0.000
run1_D_size250000	uring	off	warm	sweep	250000	250000	1	1	3	2	512	27241	36264	46909	35566	15401658	33243	5	0	0	100.0	0.000
run1_D_size250000	hybrid	off	warm	sweep	250000	250000	1	1	4	0	512	20130	28682	37085	23190	11769452	43502	5	0	0	0.0	0.000
run1_D_size250000	uring	off	warm	sweep	250000	250000	1	1	4	1	512	21161	30084	41501	28221	12344829	41475	5	0	0	100.0	0.000
run1_D_size250000	pool	off	warm	sweep	250000	250000	1	1	4	2	512	20531	29103	41771	23288	11819886	43317	5	0	0	0.0	0.000
run1_D_size250000	uring	off	warm	sweep	250000	250000	1	1	5	0	512	27050	36304	51166	35933	15463509	33110	5	0	0	100.0	0.000
run1_D_size250000	pool	off	warm	sweep	250000	250000	1	1	5	1	512	20069	28552	42302	23058	11683896	43821	5	0	0	0.0	0.000
run1_D_size250000	hybrid	off	warm	sweep	250000	250000	1	1	5	2	512	20179	28762	41191	23428	11886484	43074	5	0	0	0.0	0.000
run1_D_size250000	pool	off	warm	sweep	250000	250000	16	1	0	0	512	30534	42673	54130	34581	4631807	110540	5	0	0	0.0	0.000
run1_D_size250000	hybrid	off	warm	sweep	250000	250000	16	1	0	1	512	19419	29863	43615	25929	13146378	38946	5	0	0	0.0	0.000
run1_D_size250000	uring	off	warm	sweep	250000	250000	16	1	0	2	512	344917	419157	467308	25352	12742013	40182	5	0	0	100.0	0.000
run1_D_size250000	hybrid	off	warm	sweep	250000	250000	16	1	1	0	512	19879	30936	42923	27795	14129275	36237	5	0	0	0.0	0.000
run1_D_size250000	uring	off	warm	sweep	250000	250000	16	1	1	1	512	355523	442641	527366	26172	13157295	38914	5	0	0	100.0	0.000
run1_D_size250000	pool	off	warm	sweep	250000	250000	16	1	1	2	512	26068	36674	48141	28920	4976705	102879	5	0	0	0.0	0.000
run1_D_size250000	uring	off	warm	sweep	250000	250000	16	1	2	0	512	318289	421971	433899	24673	12394807	41308	5	0	0	100.0	0.000
run1_D_size250000	pool	off	warm	sweep	250000	250000	16	1	2	1	512	29704	39068	58205	33118	4641306	110314	5	0	0	0.0	0.000
run1_D_size250000	hybrid	off	warm	sweep	250000	250000	16	1	2	2	512	19249	29723	42031	26941	13673134	37446	5	0	0	0.0	0.000
run1_D_size250000	pool	off	warm	sweep	250000	250000	16	1	3	0	512	30225	41170	63393	33423	4601623	111265	5	0	0	0.0	0.000
run1_D_size250000	hybrid	off	warm	sweep	250000	250000	16	1	3	1	512	18988	28953	42002	26077	13256871	38621	5	0	0	0.0	0.000
run1_D_size250000	uring	off	warm	sweep	250000	250000	16	1	3	2	512	324638	427930	454009	25564	12760320	40124	5	0	0	100.0	0.000
run1_D_size250000	hybrid	off	warm	sweep	250000	250000	16	1	4	0	512	19058	29013	40660	25318	12878765	39755	5	0	0	0.0	0.000
run1_D_size250000	uring	off	warm	sweep	250000	250000	16	1	4	1	512	330346	413429	510181	25350	12746460	40168	5	0	0	100.0	0.000
run1_D_size250000	pool	off	warm	sweep	250000	250000	16	1	4	2	512	30515	50384	77233	37056	5188707	98676	5	0	0	0.0	0.000
run1_D_size250000	uring	off	warm	sweep	250000	250000	16	1	5	0	512	356675	423984	432627	26302	13198165	38793	5	0	0	100.0	0.000
run1_D_size250000	pool	off	warm	sweep	250000	250000	16	1	5	1	512	26299	36694	49763	29386	5103422	100325	5	0	0	0.0	0.000
run1_D_size250000	hybrid	off	warm	sweep	250000	250000	16	1	5	2	512	19118	28853	42362	26393	13401484	38205	5	0	0	0.0	0.000
run1_E_safety	pool	off	cold	stride	16384	250000	1	1	0	0	512	134238	152875	328213	241549	71093519	7202	6	4537	45567	99.8	0.000
run1_E_safety	uring	off	cold	stride	16384	250000	1	1	0	1	512	137833	160946	271194	227161	72264628	7085	5	5738	73508	100.0	0.000
run1_E_safety	hybrid	off	cold	stride	16384	250000	1	1	0	2	512	132845	156020	216514	210156	69565395	7360	5	7111	59498	99.8	0.000
run1_E_safety	pooled_pread	off	cold	stride	16384	250000	1	1	0	3	512	147488	167421	298173	276790	77072173	6643	7	3936	59488	100.0	0.000
run1_E_safety	uring	off	cold	stride	16384	250000	1	1	1	0	512	133516	153241	191231	204899	69350628	7383	5	5829	45547	100.0	0.000
run1_E_safety	hybrid	off	cold	stride	16384	250000	1	1	1	1	512	134398	150842	205282	206013	68965792	7424	5	7220	67489	99.8	0.000
run1_E_safety	pooled_pread	off	cold	stride	16384	250000	1	1	1	2	512	144513	163311	201837	267476	73637368	6953	7	5908	117172	100.0	0.000
run1_E_safety	pool	off	cold	stride	16384	250000	1	1	1	3	512	132234	154347	200585	217126	68582728	7465	6	5458	67720	99.8	0.000
run1_E_safety	hybrid	off	cold	stride	16384	250000	1	1	2	0	512	129721	149130	190130	196610	67007671	7641	5	5899	153546	99.8	0.000
run1_E_safety	pooled_pread	off	cold	stride	16384	250000	1	1	2	1	512	147137	158178	192534	246734	74100559	6910	7	4927	49593	100.0	0.000
run1_E_safety	pool	off	cold	stride	16384	250000	1	1	2	2	512	132315	144172	182579	221071	67433607	7593	6	4216	88330	99.8	0.000
run1_E_safety	uring	off	cold	stride	16384	250000	1	1	2	3	512	136641	155008	204035	214760	71357393	7175	5	5207	79297	100.0	0.000
run1_E_safety	pooled_pread	off	cold	stride	16384	250000	1	1	3	0	512	145934	162218	200125	247590	74448121	6877	7	4947	50064	100.0	0.000
run1_E_safety	pool	off	cold	stride	16384	250000	1	1	3	1	512	131834	153140	195278	241429	68170762	7511	6	3265	76533	99.8	0.000
run1_E_safety	uring	off	cold	stride	16384	250000	1	1	3	2	512	140477	165764	193320	220222	73088610	7005	5	5688	77154	100.0	0.000
run1_E_safety	hybrid	off	cold	stride	16384	250000	1	1	3	3	512	128890	152299	182659	196951	66894484	7654	5	5698	104254	99.8	0.000
run1_E_safety	pool	off	cold	stride	16384	250000	1	1	4	0	512	129931	138679	160791	208968	65191978	7854	6	5879	44536	99.8	0.000
run1_E_safety	uring	off	cold	stride	16384	250000	1	1	4	1	512	134193	148634	170596	201166	68382894	7487	5	6770	161458	100.0	0.000
run1_E_safety	hybrid	off	cold	stride	16384	250000	1	1	4	2	512	133001	150312	187416	202365	68022574	7527	5	6900	110713	99.8	0.000
run1_E_safety	pooled_pread	off	cold	stride	16384	250000	1	1	4	3	512	147382	160572	239242	273624	75409807	6790	7	3625	120207	100.0	0.000
run1_E_safety	uring	off	cold	stride	16384	250000	1	1	5	0	512	134318	153611	188052	206697	69537684	7363	5	5518	44195	100.0	0.000
run1_E_safety	hybrid	off	cold	stride	16384	250000	1	1	5	1	512	129821	149150	187130	196285	66392806	7712	5	5598	127248	99.8	0.000
run1_E_safety	pooled_pread	off	cold	stride	16384	250000	1	1	5	2	512	143592	152635	183891	260741	72486644	7063	7	5448	40720	100.0	0.000
run1_E_safety	pool	off	cold	stride	16384	250000	1	1	5	3	512	131984	148359	179894	211313	67886203	7542	6	5077	170591	99.8	0.000
run1_E_safety	pool	off	cold	stride	16384	250000	16	1	0	0	512	213935	490226	836411	53826	9461055	54117	32	87298	1797085	99.8	0.000
run1_E_safety	uring	off	cold	stride	16384	250000	16	1	0	1	512	310457	426278	17987969	88128	28291079	18098	5	5778	762172	100.0	0.000
run1_E_safety	hybrid	off	cold	stride	16384	250000	16	1	0	2	512	237780	301503	332139	49069	10353343	49453	5	7121	63583	99.8	0.000
run1_E_safety	pooled_pread	off	cold	stride	16384	250000	16	1	0	3	512	217510	669956	29080901	143055	39573324	12938	50	4536	1086449	100.0	0.000
run1_E_safety	uring	off	cold	stride	16384	250000	16	1	1	0	512	352789	403244	535493	53999	11935116	42899	5	6470	523791	100.0	0.000
run1_E_safety	hybrid	off	cold	stride	16384	250000	16	1	1	1	512	235427	347361	15423394	96944	26372053	19414	5	6329	33760	99.8	0.000
run1_E_safety	pooled_pread	off	cold	stride	16384	250000	16	1	1	2	512	216954	484378	1276053	55914	9939188	51513	40	39608	2064644	100.0	0.000
run1_E_safety	pool	off	cold	stride	16384	250000	16	1	1	3	512	238466	451599	20684658	113779	29493598	17360	31	3164	1716526	99.8	0.000
run1_E_safety	hybrid	off	cold	stride	16384	250000	16	1	2	0	512	235336	309035	363440	45587	10262514	49890	5	7040	873495	99.8	0.000
run1_E_safety	pooled_pread	off	cold	stride	16384	250000	16	1	2	1	512	244851	712910	34853953	162252	46162856	11091	71	3165	1860889	100.0	0.000
run1_E_safety	pool	off	cold	stride	16384	250000	16	1	2	2	512	226172	375743	753809	55595	10042440	50984	31	72207	2313921	99.8	0.000
run1_E_safety	uring	off	cold	stride	16384	250000	16	1	2	3	512	348713	387756	17988200	98744	28642956	17875	5	4467	429793	100.0	0.000
run1_E_safety	pooled_pread	off	cold	stride	16384	250000	16	1	3	0	512	218792	547095	1331369	56170	9933596	51542	37	15873	806927	100.0	0.000
run1_E_safety	pool	off	cold	stride	16384	250000	16	1	3	1	512	221591	454614	19809921	117575	30885241	16577	29	3164	2498222	99.8	0.000
run1_E_safety	uring	off	cold	stride	16384	250000	16	1	3	2	512	273072	357427	496821	36171	9371528	54634	5	8643	813608	100.0	0.000
run1_E_safety	hybrid	off	cold	stride	16384	250000	16	1	3	3	512	215377	299030	19921204	104324	29334905	17454	5	4206	42673	99.8	0.000
run1_E_safety	pool	off	cold	stride	16384	250000	16	1	4	0	512	222728	349420	698148	50461	9059003	56518	25	75210	1436534	99.8	0.000
run1_E_safety	uring	off	cold	stride	16384	250000	16	1	4	1	512	306606	524201	21742125	97135	32348961	15827	5	5407	1160238	100.0	0.000
run1_E_safety	hybrid	off	cold	stride	16384	250000	16	1	4	2	512	238932	325709	447363	44113	10101066	50688	5	6509	1763205	99.8	0.000
run1_E_safety	pooled_pread	off	cold	stride	16384	250000	16	1	4	3	512	216469	414801	36269640	155041	44311096	11555	38	4547	1044012	100.0	0.000
run1_E_safety	uring	off	cold	stride	16384	250000	16	1	5	0	512	310708	412492	25067704	129649	35688460	14346	5	4487	677842	100.0	0.000
run1_E_safety	hybrid	off	cold	stride	16384	250000	16	1	5	1	512	240063	334317	374491	24469	11448971	44720	5	19880	11120211	99.8	0.000
run1_E_safety	pooled_pread	off	cold	stride	16384	250000	16	1	5	2	512	236067	693330	19368426	125224	31524882	16241	60	3305	2419320	100.0	0.000
run1_E_safety	pool	off	cold	stride	16384	250000	16	1	5	3	512	244565	393194	1034933	52753	9402058	54456	37	124423	3225817	99.8	0.000
run1_E_safety	pool	off	warm	stride	16384	250000	1	1	0	0	512	3525	4026	6439	10515	1946675	263013	5	3565	19659	0.0	0.000
run1_E_safety	uring	off	warm	stride	16384	250000	1	1	0	1	512	4417	5238	11687	12055	2685948	190622	5	5297	37696	100.0	0.000
run1_E_safety	hybrid	off	warm	stride	16384	250000	1	1	0	2	512	3635	4206	4737	8839	2104266	243315	5	6599	19068	0.0	0.000
run1_E_safety	pooled_pread	off	warm	stride	16384	250000	1	1	0	3	512	15573	21547	37886	34093	8426903	60758	7	10285	46920	100.0	0.000
run1_E_safety	uring	off	warm	stride	16384	250000	1	1	1	0	512	3264	3925	8042	8942	2050368	249711	5	7050	17836	100.0	0.000
run1_E_safety	hybrid	off	warm	stride	16384	250000	1	1	1	1	512	2784	3225	4337	2724	1715495	298456	5	5549	1665181	0.0	0.000
run1_E_safety	pooled_pread	off	warm	stride	16384	250000	1	1	1	2	512	12709	17686	26855	25832	6409454	79882	7	10305	40920	100.0	0.000
run1_E_safety	pool	off	warm	stride	16384	250000	1	1	1	3	512	2924	3415	5308	9503	1659702	308489	5	3636	19940	0.0	0.000
run1_E_safety	hybrid	off	warm	stride	16384	250000	1	1	2	0	512	2253	2603	3895	3115	1420060	360548	5	16614	1368845	0.0	0.000
run1_E_safety	pooled_pread	off	warm	stride	16384	250000	1	1	2	1	512	15352	21247	41981	37090	8736618	58604	8	10695	36774	100.0	0.000
run1_E_safety	pool	off	warm	stride	16384	250000	1	1	2	2	512	3345	4116	5879	3257	1866087	274371	5	5338	1802393	0.0	0.000
run1_E_safety	uring	off	warm	stride	16384	250000	1	1	2	3	512	5818	8793	16164	8550	3367471	152043	5	4727	3307778	100.0	0.000
run1_E_safety	pooled_pread	off	warm	stride	16384	250000	1	1	3	0	512	15943	21987	43203	42320	10324495	49591	8	10215	53258	100.0	0.000
run1_E_safety	pool	off	warm	stride	16384	250000	1	1	3	1	512	3024	3545	5919	8964	1699371	301288	5	3816	21602	0.0	0.000
run1_E_safety	uring	off	warm	stride	16384	250000	1	1	3	2	512	3685	4817	10346	11436	2337721	219017	5	5317	27951	100.0	0.000
run1_E_safety	hybrid	off	warm	stride	16384	250000	1	1	3	3	512	2664	3074	3595	5847	1627120	314666	5	461	16655	0.0	0.000
run1_E_safety	pool	off	warm	stride	16384	250000	1	1	4	0	512	2664	3064	4467	7195	1533897	333790	5	4556	29062	0.0	0.000
run1_E_safety	uring	off	warm	stride	16384	250000	1	1	4	1	512	3615	5698	8723	11168	2331657	219586	5	6540	69543	100.0	0.000
run1_E_safety	hybrid	off	warm	stride	16384	250000	1	1	4	2	512	2093	2374	3084	1235	1276328	401151	5	5298	1229690	0.0	0.000
run1_E_safety	pooled_pread	off	warm	stride	16384	250000	1	1	4	3	512	15302	20215	32909	35167	8291303	61751	8	10675	39959	100.0	0.000
run1_E_safety	uring	off	warm	stride	16384	250000	1	1	5	0	512	3365	6109	6830	5582	2321787	220520	5	3575	2278683	100.0	0.000
run1_E_safety	hybrid	off	warm	stride	16384	250000	1	1	5	1	512	2614	3065	4046	8261	1612253	317568	5	5008	16163	0.0	0.000
run1_E_safety	pooled_pread	off	warm	stride	16384	250000	1	1	5	2	512	15212	21096	49312	42528	10734839	47695	8	10335	42343	100.0	0.000
run1_E_safety	pool	off	warm	stride	16384	250000	1	1	5	3	512	2413	2844	3806	2528	1405879	364185	5	4987	1354193	0.0	0.000
run1_E_safety	pool	off	warm	stride	16384	250000	16	1	0	0	512	2524	2874	7712	2823	557540	918320	5	9384	496992	0.0	0.000
run1_E_safety	uring	off	warm	stride	16384	250000	16	1	0	1	512	36934	42853	85596	8127	1667614	307025	5	4566	24636	100.0	0.000
run1_E_safety	hybrid	off	warm	stride	16384	250000	16	1	0	2	512	2153	2454	3215	2764	1459203	350876	5	5338	1408112	0.0	0.000
run1_E_safety	pooled_pread	off	warm	stride	16384	250000	16	1	0	3	512	48481	548413	1434486	34454	6484720	78955	91	4256	3674538	100.0	0.000
run1_E_safety	uring	off	warm	stride	16384	250000	16	1	1	0	512	40018	47450	62912	3149	1566666	326809	5	1521539	1521539	100.0	0.000
run1_E_safety	hybrid	off	warm	stride	16384	250000	16	1	1	1	512	2444	2915	7902	7531	1610320	317949	5	5218	15403	0.0	0.000
run1_E_safety	pooled_pread	off	warm	stride	16384	250000	16	1	1	2	512	56678	445465	1253770	39398	6922548	73961	89	5668	1859932	100.0	0.000
run1_E_safety	pool	off	warm	stride	16384	250000	16	1	1	3	512	3355	3996	6139	3673	645780	792840	5	7431	545863	0.0	0.000
run1_E_safety	hybrid	off	warm	stride	16384	250000	16	1	2	0	512	2264	2643	3174	2388	1457680	351243	5	1723	1408674	0.0	0.000
run1_E_safety	pooled_pread	off	warm	stride	16384	250000	16	1	2	1	512	60414	592482	1185925	37309	6443744	79457	101	642982	2156679	100.0	0.000
run1_E_safety	pool	off	warm	stride	16384	250000	16	1	2	2	512	2885	3535	4126	3813	668404	766004	5	14392	571852	0.0	0.000
run1_E_safety	uring	off	warm	stride	16384	250000	16	1	2	3	512	37415	41110	56283	7795	1659433	308539	5	5368	15012	100.0	0.000
run1_E_safety	pooled_pread	off	warm	stride	16384	250000	16	1	3	0	512	38617	306336	1205404	22953	3860132	132638	51	1832872	1866588	100.0	0.000
run1_E_safety	pool	off	warm	stride	16384	250000	16	1	3	1	512	2694	3165	4787	3454	634154	807375	5	6970	558883	0.0	0.000
run1_E_safety	uring	off	warm	stride	16384	250000	16	1	3	2	512	42913	52477	86737	8788	1885485	271548	5	5518	71655	100.0	0.000
run1_E_safety	hybrid	off	warm	stride	16384	250000	16	1	3	3	512	2764	3285	3796	7226	1742114	293896	5	6350	55452	0.0	0.000
run1_E_safety	pool	off	warm	stride	16384	250000	16	1	4	0	512	2573	2874	3245	2171	554997	922528	5	7241	490302	0.0	0.000
run1_E_safety	uring	off	warm	stride	16384	250000	16	1	4	1	512	43414	47861	60679	6811	1625282	315022	5	5097	21221	100.0	0.000
run1_E_safety	hybrid	off	warm	stride	16384	250000	16	1	4	2	512	2193	2484	2934	1828	1491926	343181	5	1743	1450525	0.0	0.000
run1_E_safety	pooled_pread	off	warm	stride	16384	250000	16	1	4	3	512	54850	338573	1320659	29251	5996085	85389	48	4316	2071494	100.0	0.000
run1_E_safety	uring	off	warm	stride	16384	250000	16	1	5	0	512	35863	42533	53759	6268	1523672	336030	5	6209	12839	100.0	0.000
run1_E_safety	hybrid	off	warm	stride	16384	250000	16	1	5	1	512	2553	2964	3565	7452	1606454	318714	5	3875	35081	0.0	0.000
run1_E_safety	pooled_pread	off	warm	stride	16384	250000	16	1	5	2	512	56243	570961	1258993	42025	7796925	65667	116	121879	4003782	100.0	0.000
run1_E_safety	pool	off	warm	stride	16384	250000	16	1	5	3	512	3075	3866	8072	3016	750104	682572	5	8692	671919	0.0	0.000
