label	arm	prefetch	temp	shape	size	stride	depth	readers	repeat	pos	asks	p50_ns	p90_ns	p99_ns	cpu_ns_per_ask	wall_ns	asks_per_s	threads	gap_p99_ns	gap_max_ns	miss_pct	resident_pct
run1_A_stride	pool	off	cold	stride	16384	250000	1	1	0	0	512	212820	661381	816197	142933	152061578	3367	11	0	0	88.3	0.000
run1_A_stride	uring	off	cold	stride	16384	250000	1	1	0	1	512	230653	688993	1748383	102255	165875209	3087	9	0	0	100.0	0.000
run1_A_stride	hybrid	off	cold	stride	16384	250000	1	1	0	2	512	227396	301802	631561	78616	113599884	4507	9	0	0	88.3	0.000
run1_A_stride	pooled_pread	off	cold	stride	16384	250000	1	1	0	3	512	214932	326891	599975	87267	113312658	4518	11	0	0	100.0	0.000
run1_A_stride	uring	off	cold	stride	16384	250000	1	1	1	0	512	180558	238092	300963	51967	88512945	5784	9	0	0	100.0	0.000
run1_A_stride	hybrid	off	cold	stride	16384	250000	1	1	1	1	512	172125	234240	314293	51307	86583920	5913	9	0	0	90.4	0.000
run1_A_stride	pooled_pread	off	cold	stride	16384	250000	1	1	1	2	512	186559	266552	315024	65481	96742332	5292	11	0	0	100.0	0.000
run1_A_stride	pool	off	cold	stride	16384	250000	1	1	1	3	512	173950	235278	308105	58051	86155164	5943	10	0	0	90.0	0.000
run1_A_stride	hybrid	off	cold	stride	16384	250000	1	1	2	0	512	172119	233533	310667	47730	85312640	6001	9	0	0	90.2	0.000
run1_A_stride	pooled_pread	off	cold	stride	16384	250000	1	1	2	1	512	192454	255560	321687	62756	94402960	5424	10	0	0	100.0	0.000
run1_A_stride	pool	off	cold	stride	16384	250000	1	1	2	2	512	201966	314573	1457749	79534	121490088	4214	11	0	0	89.3	0.000
run1_A_stride	uring	off	cold	stride	16384	250000	1	1	2	3	512	177425	230030	333510	43426	87007601	5885	9	0	0	100.0	0.000
run1_A_stride	pooled_pread	off	cold	stride	16384	250000	1	1	3	0	512	204595	288950	403380	65708	102893740	4976	12	0	0	100.0	0.000
run1_A_stride	pool	off	cold	stride	16384	250000	1	1	3	1	512	180466	232417	310245	53979	87397452	5858	10	0	0	89.6	0.000
run1_A_stride	uring	off	cold	stride	16384	250000	1	1	3	2	512	187519	242164	322087	48624	91467773	5598	9	0	0	100.0	0.000
run1_A_stride	hybrid	off	cold	stride	16384	250000	1	1	3	3	512	196295	262503	336639	56974	97088575	5274	9	0	0	89.8	0.000
run1_A_stride	pool	off	cold	stride	16384	250000	1	1	4	0	512	185766	245778	329804	65749	91533594	5594	10	0	0	89.8	0.000
run1_A_stride	uring	off	cold	stride	16384	250000	1	1	4	1	512	186045	246046	328335	49570	90538682	5655	9	0	0	100.0	0.000
run1_A_stride	hybrid	off	cold	stride	16384	250000	1	1	4	2	512	182216	249039	398930	53447	96592706	5301	9	0	0	90.2	0.000
run1_A_stride	pooled_pread	off	cold	stride	16384	250000	1	1	4	3	512	182022	249336	364633	53914	90412392	5663	10	0	0	100.0	0.000
run1_A_stride	uring	off	cold	stride	16384	250000	1	1	5	0	512	180760	244645	345089	50947	89161018	5742	9	0	0	100.0	0.000
run1_A_stride	hybrid	off	cold	stride	16384	250000	1	1	5	1	512	185345	249160	344956	50066	91277673	5609	9	0	0	89.6	0.000
run1_A_stride	pooled_pread	off	cold	stride	16384	250000	1	1	5	2	512	181784	253520	371691	57307	91241963	5611	10	0	0	100.0	0.000
run1_A_stride	pool	off	cold	stride	16384	250000	1	1	5	3	512	175355	237722	350635	58170	87538668	5849	10	0	0	90.2	0.000
run1_A_stride	pool	off	cold	stride	16384	250000	2	1	0	0	512	174140	232914	345229	61884	44880934	11408	12	0	0	92.4	0.000
run1_A_stride	uring	off	cold	stride	16384	250000	2	1	0	1	512	166905	227228	318880	40121	43075034	11886	9	0	0	100.0	0.000
run1_A_stride	hybrid	off	cold	stride	16384	250000	2	1	0	2	512	169459	225888	300561	38222	43285618	11828	9	0	0	90.8	0.000
run1_A_stride	pooled_pread	off	cold	stride	16384	250000	2	1	0	3	512	184595	265234	353166	57398	47827094	10705	12	0	0	100.0	0.000
run1_A_stride	uring	off	cold	stride	16384	250000	2	1	1	0	512	164606	225201	342084	40005	42304238	12103	9	0	0	100.0	0.000
run1_A_stride	hybrid	off	cold	stride	16384	250000	2	1	1	1	512	161512	222057	295627	38903	42315050	12100	9	0	0	90.8	0.000
run1_A_stride	pooled_pread	off	cold	stride	16384	250000	2	1	1	2	512	183262	254669	376034	58548	48625849	10529	13	0	0	100.0	0.000
run1_A_stride	pool	off	cold	stride	16384	250000	2	1	1	3	512	171541	238297	331613	58630	44645757	11468	12	0	0	91.6	0.000
run1_A_stride	hybrid	off	cold	stride	16384	250000	2	1	2	0	512	175216	229241	320498	45994	44915604	11399	9	0	0	90.4	0.000
run1_A_stride	pooled_pread	off	cold	stride	16384	250000	2	1	2	1	512	191249	255560	344075	68717	49432265	10358	15	0	0	100.0	0.000
run1_A_stride	pool	off	cold	stride	16384	250000	2	1	2	2	512	185199	250377	350421	66165	46914291	10914	12	0	0	90.8	0.000
run1_A_stride	uring	off	cold	stride	16384	250000	2	1	2	3	512	177195	241117	377730	45799	45202711	11327	9	0	0	100.0	0.000
run1_A_stride	pooled_pread	off	cold	stride	16384	250000	2	1	3	0	512	190566	269952	377948	65401	49838461	10273	13	0	0	100.0	0.000
run1_A_stride	pool	off	cold	stride	16384	250000	2	1	3	1	512	173423	248276	322705	61726	44381900	11536	12	0	0	92.0	0.000
run1_A_stride	uring	off	cold	stride	16384	250000	2	1	3	2	512	205726	304969	552472	54516	55368698	9247	9	0	0	100.0	0.000
run1_A_stride	hybrid	off	cold	stride	16384	250000	2	1	3	3	512	181352	237571	329875	44990	47419406	10797	9	0	0	90.4	0.000
run1_A_stride	pool	off	cold	stride	16384	250000	2	1	4	0	512	177837	234327	325345	64316	45173680	11334	13	0	0	91.8	0.000
run1_A_stride	uring	off	cold	stride	16384	250000	2	1	4	1	512	174907	235195	306959	40069	44186883	11587	9	0	0	100.0	0.000
run1_A_stride	hybrid	off	cold	stride	16384	250000	2	1	4	2	512	170382	238570	305097	42613	44426123	11525	9	0	0	90.8	0.000
run1_A_stride	pooled_pread	off	cold	stride	16384	250000	2	1	4	3	512	193582	271863	392346	68085	50418971	10155	13	0	0	100.0	0.000
run1_A_stride	uring	off	cold	stride	16384	250000	2	1	5	0	512	178502	237404	336881	45339	45196902	11328	9	0	0	100.0	0.000
run1_A_stride	hybrid	off	cold	stride	16384	250000	2	1	5	1	512	186473	247322	381868	51375	48835253	10484	9	0	0	90.6	0.000
run1_A_stride	pooled_pread	off	cold	stride	16384	250000	2	1	5	2	512	208496	275225	414761	77441	53778941	9520	12	0	0	100.0	0.000
run1_A_stride	pool	off	cold	stride	16384	250000	2	1	5	3	512	178296	241502	330108	64485	45740608	11194	12	0	0	92.2	0.000
run1_A_stride	pool	off	cold	stride	16384	250000	4	1	0	0	512	197428	284265	472326	66736	26449893	19357	14	0	0	92.8	0.000
run1_A_stride	uring	off	cold	stride	16384	250000	4	1	0	1	512	193615	300188	393297	37168	26199550	19542	9	0	0	100.0	0.000
run1_A_stride	hybrid	off	cold	stride	16384	250000	4	1	0	2	512	192208	284043	471342	40191	28108561	18215	9	0	0	90.8	0.000
run1_A_stride	pooled_pread	off	cold	stride	16384	250000	4	1	0	3	512	200621	298658	455294	66305	27443230	18657	16	0	0	100.0	0.000
run1_A_stride	uring	off	cold	stride	16384	250000	4	1	1	0	512	211770	303954	433124	40959	27884004	18362	9	0	0	100.0	0.000
run1_A_stride	hybrid	off	cold	stride	16384	250000	4	1	1	1	512	183679	264979	346215	38064	25644197	19966	9	0	0	90.6	0.000
run1_A_stride	pooled_pread	off	cold	stride	16384	250000	4	1	1	2	512	201305	284778	407426	67368	27233649	18800	19	0	0	100.0	0.000
run1_A_stride	pool	off	cold	stride	16384	250000	4	1	1	3	512	199925	287330	405350	72862	26645709	19215	14	0	0	93.0	0.000
run1_A_stride	hybrid	off	cold	stride	16384	250000	4	1	2	0	512	207081	297136	521762	46925	29628875	17280	9	0	0	90.6	0.000
run1_A_stride	pooled_pread	off	cold	stride	16384	250000	4	1	2	1	512	217466	327636	454321	68472	29356943	17441	17	0	0	100.0	0.000
run1_A_stride	pool	off	cold	stride	16384	250000	4	1	2	2	512	192066	273863	378056	65482	25616049	19987	16	0	0	93.0	0.000
run1_A_stride	uring	off	cold	stride	16384	250000	4	1	2	3	512	214776	337780	490540	45317	29993570	17070	9	0	0	100.0	0.000
run1_A_stride	pooled_pread	off	cold	stride	16384	250000	4	1	3	0	512	199323	283710	385162	62289	26383266	19406	15	0	0	100.0	0.000
run1_A_stride	pool	off	cold	stride	16384	250000	4	1	3	1	512	190493	273099	389250	62585	26167935	19566	14	0	0	93.0	0.000
run1_A_stride	uring	off	cold	stride	16384	250000	4	1	3	2	512	194744	309964	993467	38242	27637478	18526	9	0	0	100.0	0.000
run1_A_stride	hybrid	off	cold	stride	16384	250000	4	1	3	3	512	182857	259312	335092	35611	24812275	20635	9	0	0	91.2	0.000
run1_A_stride	pool	off	cold	stride	16384	250000	4	1	4	0	512	190199	274912	364996	62013	25320977	20220	13	0	0	92.8	0.000
run1_A_stride	uring	off	cold	stride	16384	250000	4	1	4	1	512	192660	286836	390290	34761	25591860	20006	9	0	0	100.0	0.000
run1_A_stride	hybrid	off	cold	stride	16384	250000	4	1	4	2	512	183853	259088	338049	37757	25189748	20326	9	0	0	90.8	0.000
run1_A_stride	pooled_pread	off	cold	stride	16384	250000	4	1	4	3	512	192760	274594	419034	60631	25835486	19818	17	0	0	100.0	0.000
run1_A_stride	uring	off	cold	stride	16384	250000	4	1	5	0	512	203177	291276	490851	43307	27274197	18772	9	0	0	100.0	0.000
run1_A_stride	hybrid	off	cold	stride	16384	250000	4	1	5	1	512	185453	269508	362541	47120	29771742	17198	9	0	0	90.6	0.000
run1_A_stride	pooled_pread	off	cold	stride	16384	250000	4	1	5	2	512	206749	299773	461666	69123	28081828	18232	19	0	0	100.0	0.000
run1_A_stride	pool	off	cold	stride	16384	250000	4	1	5	3	512	188851	279292	400184	62214	25287178	20247	14	0	0	93.2	0.000
run1_A_stride	pool	off	cold	stride	16384	250000	8	1	0	0	512	228760	382228	608128	66612	15917590	32166	18	0	0	92.6	0.000
run1_A_stride	uring	off	cold	stride	16384	250000	8	1	0	1	512	329630	478574	983864	36291	21690110	23605	9	0	0	100.0	0.000
run1_A_stride	hybrid	off	cold	stride	16384	250000	8	1	0	2	512	247057	381611	538897	37687	20529714	24939	9	0	0	90.6	0.000
run1_A_stride	pooled_pread	off	cold	stride	16384	250000	8	1	0	3	512	263188	447087	652263	71322	18696968	27384	21	0	0	100.0	0.000
run1_A_stride	uring	off	cold	stride	16384	250000	8	1	1	0	512	307574	476670	866689	34438	20722414	24708	9	0	0	100.0	0.000
run1_A_stride	hybrid	off	cold	stride	16384	250000	8	1	1	1	512	249261	381782	545258	36669	20033536	25557	9	0	0	90.8	0.000
run1_A_stride	pooled_pread	off	cold	stride	16384	250000	8	1	1	2	512	277377	477972	779047	75135	19981097	25624	24	0	0	100.0	0.000
run1_A_stride	pool	off	cold	stride	16384	250000	8	1	1	3	512	246459	389453	548445	62423	16671922	30710	22	0	0	93.2	0.000
run1_A_stride	hybrid	off	cold	stride	16384	250000	8	1	2	0	512	232235	342711	540443	33052	18147575	28213	9	0	0	91.2	0.000
run1_A_stride	pooled_pread	off	cold	stride	16384	250000	8	1	2	1	512	243361	412672	640918	71601	17612694	29070	23	0	0	100.0	0.000
run1_A_stride	pool	off	cold	stride	16384	250000	8	1	2	2	512	253617	443222	674820	68038	17631207	29039	21	0	0	92.8	0.000
run1_A_stride	uring	off	cold	stride	16384	250000	8	1	2	3	512	286520	571743	1727911	38324	23732997	21573	9	0	0	100.0	0.000
run1_A_stride	pooled_pread	off	cold	stride	16384	250000	8	1	3	0	512	243045	397069	563152	71969	16945040	30215	23	0	0	100.0	0.000
run1_A_stride	pool	off	cold	stride	16384	250000	8	1	3	1	512	250828	416844	598776	68891	17135014	29880	22	0	0	93.2	0.000
run1_A_stride	uring	off	cold	stride	16384	250000	8	1	3	2	512	305570	513390	911084	35251	21358760	23971	9	0	0	100.0	0.000
run1_A_stride	hybrid	off	cold	stride	16384	250000	8	1	3	3	512	247913	368331	516380	35914	19888297	25744	9	0	0	90.6	0.000
run1_A_stride	pool	off	cold	stride	16384	250000	8	1	4	0	512	264227	418711	585973	68652	17797624	28768	24	0	0	93.2	0.000
run1_A_stride	uring	off	cold	stride	16384	250000	8	1	4	1	512	333914	509435	1007680	36400	22187880	23076	9	0	0	100.0	0.000
run1_A_stride	hybrid	off	cold	stride	16384	250000	8	1	4	2	512	288850	462841	780793	43105	24484200	20911	9	0	0	90.8	0.000
run1_A_stride	pooled_pread	off	cold	stride	16384	250000	8	1	4	3	512	302653	537189	996744	76264	21997859	23275	29	0	0	100.0	0.000
run1_A_stride	uring	off	cold	stride	16384	250000	8	1	5	0	512	324738	535722	950913	36187	22375116	22883	9	0	0	100.0	0.000
run1_A_stride	hybrid	off	cold	stride	16384	250000	8	1	5	1	512	234412	416389	2047201	36161	22270794	22990	9	0	0	91.0	0.000
run1_A_stride	pooled_pread	off	cold	stride	16384	250000	8	1	5	2	512	268274	445644	702945	70633	19329496	26488	26	0	0	100.0	0.000
run1_A_stride	pool	off	cold	stride	16384	250000	8	1	5	3	512	241911	413327	602621	74579	17860618	28666	21	0	0	93.2	0.000
run1_A_stride	pool	off	cold	stride	16384	250000	16	1	0	0	512	432882	1008118	2959369	83796	18362683	27883	40	0	0	92.6	0.000
run1_A_stride	uring	off	cold	stride	16384	250000	16	1	0	1	512	700586	1303286	1942277	43654	25449602	20118	9	0	0	100.0	0.000
run1_A_stride	hybrid	off	cold	stride	16384	250000	16	1	0	2	512	400502	598778	992422	37354	18983373	26971	9	0	0	91.0	0.000
run1_A_stride	pooled_pread	off	cold	stride	16384	250000	16	1	0	3	512	414181	863368	2032735	84770	16523574	30986	76	0	0	100.0	0.000
run1_A_stride	uring	off	cold	stride	16384	250000	16	1	1	0	512	522133	780778	1155052	31049	17258357	29667	9	0	0	100.0	0.000
run1_A_stride	hybrid	off	cold	stride	16384	250000	16	1	1	1	512	385995	564032	1012367	37332	18698546	27382	9	0	0	91.0	0.000
run1_A_stride	pooled_pread	off	cold	stride	16384	250000	16	1	1	2	512	389681	742499	1443340	75229	14569726	35141	41	0	0	100.0	0.000
run1_A_stride	pool	off	cold	stride	16384	250000	16	1	1	3	512	374899	703954	1602486	79058	14417273	35513	37	0	0	92.8	0.000
run1_A_stride	hybrid	off	cold	stride	16384	250000	16	1	2	0	512	414519	628268	1329541	40570	20820639	24591	9	0	0	90.2	0.000
run1_A_stride	pooled_pread	off	cold	stride	16384	250000	16	1	2	1	512	435261	918663	1721041	86321	17621400	29056	52	0	0	100.0	0.000
run1_A_stride	pool	off	cold	stride	16384	250000	16	1	2	2	512	404139	730445	1120521	82140	14564856	35153	37	0	0	92.8	0.000
run1_A_stride	uring	off	cold	stride	16384	250000	16	1	2	3	512	585745	1092414	1404770	36758	20904538	24492	9	0	0	100.0	0.000
run1_A_stride	pooled_pread	off	cold	stride	16384	250000	16	1	3	0	512	357524	760090	1461309	82057	14124676	36249	50	0	0	100.0	0.000
run1_A_stride	pool	off	cold	stride	16384	250000	16	1	3	1	512	353772	664647	1201591	76210	13086353	39125	31	0	0	92.8	0.000
run1_A_stride	uring	off	cold	stride	16384	250000	16	1	3	2	512	579644	875822	1238639	34644	19570836	26161	9	0	0	100.0	0.000
run1_A_stride	hybrid	off	cold	stride	16384	250000	16	1	3	3	512	341880	537853	1015290	31481	16308232	31395	9	0	0	91.2	0.000
run1_A_stride	pool	off	cold	stride	16384	250000	16	1	4	0	512	368184	813447	1529354	73027	14342230	35699	32	0	0	91.0	0.000
run1_A_stride	uring	off	cold	stride	16384	250000	16	1	4	1	512	581837	1177057	1429520	37467	21204019	24146	9	0	0	100.0	0.000
run1_A_stride	hybrid	off	cold	stride	16384	250000	16	1	4	2	512	418574	639094	1299027	39493	20288665	25236	9	0	0	90.2	0.000
run1_A_stride	pooled_pread	off	cold	stride	16384	250000	16	1	4	3	512	422090	758703	1412650	82114	15413815	33217	52	0	0	100.0	0.000
run1_A_stride	uring	off	cold	stride	16384	250000	16	1	5	0	512	502404	806693	1301937	32018	17669321	28977	9	0	0	100.0	0.000
run1_A_stride	hybrid	off	cold	stride	16384	250000	16	1	5	1	512	360911	580326	1099420	33833	17478033	29294	9	0	0	90.6	0.000
run1_A_stride	pooled_pread	off	cold	stride	16384	250000	16	1	5	2	512	392081	713235	1390934	77063	14743318	34728	49	0	0	100.0	0.000
run1_A_stride	pool	off	cold	stride	16384	250000	16	1	5	3	512	378823	693529	1157054	72617	13679293	37429	30	0	0	93.2	0.000
run1_A_stride	pool	off	cold	stride	16384	250000	32	1	0	0	512	628215	1463312	2588631	84292	13242867	38662	56	0	0	93.0	0.000
run1_A_stride	uring	off	cold	stride	16384	250000	32	1	0	1	512	957946	1088678	1505246	29559	15691139	32630	9	0	0	100.0	0.000
run1_A_stride	hybrid	off	cold	stride	16384	250000	32	1	0	2	512	578505	1041047	1260527	32586	17099739	29942	9	0	0	91.0	0.000
run1_A_stride	pooled_pread	off	cold	stride	16384	250000	32	1	0	3	512	752207	1921477	3313576	97343	15182324	33723	127	0	0	100.0	0.000
run1_A_stride	uring	off	cold	stride	16384	250000	32	1	1	0	512	1192384	1376212	1669989	37581	19708114	25979	9	0	0	100.0	0.000
run1_A_stride	hybrid	off	cold	stride	16384	250000	32	1	1	1	512	718244	1394575	2056070	40255	22546725	22708	9	0	0	90.0	0.000
run1_A_stride	pooled_pread	off	cold	stride	16384	250000	32	1	1	2	512	957452	2064806	3817391	90156	19259280	26585	103	0	0	100.0	0.000
run1_A_stride	pool	off	cold	stride	16384	250000	32	1	1	3	512	910447	1749537	2662737	90111	16740429	30585	55	0	0	92.6	0.000
run1_A_stride	hybrid	off	cold	stride	16384	250000	32	1	2	0	512	694787	1241439	1620503	38895	20444859	25043	9	0	0	90.2	0.000
run1_A_stride	pooled_pread	off	cold	stride	16384	250000	32	1	2	1	512	1185317	2645290	4317563	113062	23711084	21593	159	0	0	100.0	0.000
run1_A_stride	pool	off	cold	stride	16384	250000	32	1	2	2	512	820464	2089870	3724758	90040	18503316	27671	53	0	0	92.6	0.000
run1_A_stride	uring	off	cold	stride	16384	250000	32	1	2	3	512	1231860	1670295	2122816	38210	20647846	24797	9	0	0	100.0	0.000
run1_A_stride	pooled_pread	off	cold	stride	16384	250000	32	1	3	0	512	1243482	2628909	4671717	107244	24061580	21279	130	0	0	100.0	0.000
run1_A_stride	pool	off	cold	stride	16384	250000	32	1	3	1	512	1042793	1965054	3002230	91375	19268163	26572	53	0	0	93.0	0.000
run1_A_stride	uring	off	cold	stride	16384	250000	32	1	3	2	512	1255375	2208504	2294139	38591	22531176	22724	9	0	0	100.0	0.000
run1_A_stride	hybrid	off	cold	stride	16384	250000	32	1	3	3	512	687012	1316475	1755049	37105	21352922	23978	9	0	0	90.2	0.000
run1_A_stride	pool	off	cold	stride	16384	250000	32	1	4	0	512	729373	1752100	3604384	93555	15585245	32852	61	0	0	92.6	0.000
run1_A_stride	uring	off	cold	stride	16384	250000	32	1	4	1	512	1024494	1784140	2285501	33331	18982081	26973	9	0	0	100.0	0.000
run1_A_stride	hybrid	off	cold	stride	16384	250000	32	1	4	2	512	646755	1123935	1366159	35625	18740409	27321	9	0	0	90.0	0.000
run1_A_stride	pooled_pread	off	cold	stride	16384	250000	32	1	4	3	512	1108443	2414188	3706095	106282	22302942	22957	106	0	0	100.0	0.000
run1_A_stride	uring	off	cold	stride	16384	250000	32	1	5	0	512	1188727	1822316	1905030	37833	20831826	24578	9	0	0	100.0	0.000
run1_A_stride	hybrid	off	cold	stride	16384	250000	32	1	5	1	512	709784	1317016	1628077	40382	21593941	23710	9	0	0	90.6	0.000
run1_A_stride	pooled_pread	off	cold	stride	16384	250000	32	1	5	2	512	1185814	2497980	5505210	105590	22638170	22617	109	0	0	100.0	0.000
run1_A_stride	pool	off	cold	stride	16384	250000	32	1	5	3	512	617900	1792769	2897309	88866	14164206	36147	53	0	0	92.0	0.000
run1_A_stride	pool	off	cold	stride	16384	250000	64	1	0	0	512	1949889	4509168	9138053	119055	25808228	19839	109	0	0	93.2	0.000
run1_A_stride	uring	off	cold	stride	16384	250000	64	1	0	1	512	2691083	2907925	4850048	43001	23102300	22162	9	0	0	100.0	0.000
run1_A_stride	hybrid	off	cold	stride	16384	250000	64	1	0	2	512	1465252	2606558	2916653	43321	23086117	22178	9	0	0	90.8	0.000
run1_A_stride	pooled_pread	off	cold	stride	16384	250000	64	1	0	3	512	1965500	3720768	5739459	107559	18747915	27310	153	0	0	100.0	0.000
run1_A_stride	uring	off	cold	stride	16384	250000	64	1	1	0	512	2245748	2849963	4263160	38757	20624171	24825	9	0	0	100.0	0.000
run1_A_stride	hybrid	off	cold	stride	16384	250000	64	1	1	1	512	1368442	2333978	2821529	40432	21257825	24085	9	0	0	90.8	0.000
run1_A_stride	pooled_pread	off	cold	stride	16384	250000	64	1	1	2	512	1942788	3676119	5088031	115235	20657025	24786	137	0	0	100.0	0.000
run1_A_stride	pool	off	cold	stride	16384	250000	64	1	1	3	512	1515986	3071111	5215507	97710	16292295	31426	69	0	0	92.6	0.000
run1_A_stride	hybrid	off	cold	stride	16384	250000	64	1	2	0	512	1397902	2393124	3004333	39865	21069013	24301	9	0	0	92.4	0.000
run1_A_stride	pooled_pread	off	cold	stride	16384	250000	64	1	2	1	512	2270706	4877541	9924442	121927	24804402	20641	203	0	0	100.0	0.000
run1_A_stride	pool	off	cold	stride	16384	250000	64	1	2	2	512	1397339	3775578	5950231	104901	18782462	27259	90	0	0	93.0	0.000
run1_A_stride	uring	off	cold	stride	16384	250000	64	1	2	3	512	2192393	3405259	4008761	36522	20865306	24538	9	0	0	100.0	0.000
run1_A_stride	pooled_pread	off	cold	stride	16384	250000	64	1	3	0	512	1570008	4091931	6886787	121299	21033654	24342	143	0	0	100.0	0.000
run1_A_stride	pool	off	cold	stride	16384	250000	64	1	3	1	512	1790796	3985098	8795303	116759	18977022	26980	91	0	0	93.0	0.000
run1_A_stride	uring	off	cold	stride	16384	250000	64	1	3	2	512	3099143	5572832	6242484	54629	29262244	17497	9	0	0	100.0	0.000
run1_A_stride	hybrid	off	cold	stride	16384	250000	64	1	3	3	512	1524630	2625287	3237142	43296	23230264	22040	9	0	0	90.6	0.000
run1_A_stride	pool	off	cold	stride	16384	250000	64	1	4	0	512	1570655	3294042	5949177	105027	16444992	31134	83	0	0	92.8	0.000
run1_A_stride	uring	off	cold	stride	16384	250000	64	1	4	1	512	2695168	4641431	5420006	46705	25259771	20269	9	0	0	100.0	0.000
run1_A_stride	hybrid	off	cold	stride	16384	250000	64	1	4	2	512	1377908	2553255	2973998	41469	22089203	23179	9	0	0	90.4	0.000
run1_A_stride	pooled_pread	off	cold	stride	16384	250000	64	1	4	3	512	2086519	4083279	7136901	128158	21381971	23945	173	0	0	100.0	0.000
run1_A_stride	uring	off	cold	stride	16384	250000	64	1	5	0	512	2373063	4439819	5711677	44734	24614841	20800	9	0	0	100.0	0.000
run1_A_stride	hybrid	off	cold	stride	16384	250000	64	1	5	1	512	1300289	2219356	2523731	36902	19537757	26206	9	0	0	91.0	0.000
run1_A_stride	pooled_pread	off	cold	stride	16384	250000	64	1	5	2	512	1689808	4339590	7131935	114802	19942415	25674	181	0	0	100.0	0.000
run1_A_stride	pool	off	cold	stride	16384	250000	64	1	5	3	512	2032801	4244118	7134966	115411	21098000	24268	84	0	0	92.8	0.000
run1_A_stride	pool	off	warm	stride	16384	250000	1	1	0	0	512	3636	4106	5759	4378	2089781	245002	9	0	0	0.0	0.000
run1_A_stride	uring	off	warm	stride	16384	250000	1	1	0	1	512	5794	6950	8649	9720	3287342	155749	9	0	0	100.0	0.000
run1_A_stride	hybrid	off	warm	stride	16384	250000	1	1	0	2	512	3470	3909	4434	4521	2101847	243595	9	0	0	0.0	0.000
run1_A_stride	pooled_pread	off	warm	stride	16384	250000	1	1	0	3	512	17136	21044	38203	25382	9483552	53988	10	0	0	100.0	0.000
run1_A_stride	uring	off	warm	stride	16384	250000	1	1	1	0	512	5472	6123	11602	9115	3057042	167482	9	0	0	100.0	0.000
run1_A_stride	hybrid	off	warm	stride	16384	250000	1	1	1	1	512	3299	3684	4555	4584	2021782	253242	9	0	0	0.0	0.000
run1_A_stride	pooled_pread	off	warm	stride	16384	250000	1	1	1	2	512	18121	22785	39469	26583	10182146	50284	11	0	0	100.0	0.000
run1_A_stride	pool	off	warm	stride	16384	250000	1	1	1	3	512	3343	3768	6154	4027	1904048	268901	9	0	0	0.0	0.000
run1_A_stride	hybrid	off	warm	stride	16384	250000	1	1	2	0	512	3203	3663	5707	4188	1942148	263626	9	0	0	0.0	0.000
run1_A_stride	pooled_pread	off	warm	stride	16384	250000	1	1	2	1	512	15965	20066	56984	23706	9189886	55713	11	0	0	100.0	0.000
run1_A_stride	pool	off	warm	stride	16384	250000	1	1	2	2	512	2872	3185	3475	3577	1664015	307690	9	0	0	0.0	0.000
run1_A_stride	uring	off	warm	stride	16384	250000	1	1	2	3	512	4641	6749	10239	8277	2742083	186719	9	0	0	100.0	0.000
run1_A_stride	pooled_pread	off	warm	stride	16384	250000	1	1	3	0	512	18520	23947	56687	27234	10500984	48757	11	0	0	100.0	0.000
run1_A_stride	pool	off	warm	stride	16384	250000	1	1	3	1	512	2840	3218	4145	3541	1655887	309200	9	0	0	0.0	0.000
run1_A_stride	uring	off	warm	stride	16384	250000	1	1	3	2	512	4477	5122	10764	7284	2441204	209733	9	0	0	100.0	0.000
run1_A_stride	hybrid	off	warm	stride	16384	250000	1	1	3	3	512	2682	3003	3465	3639	1612665	317487	9	0	0	0.0	0.000
run1_A_stride	pool	off	warm	stride	16384	250000	1	1	4	0	512	2709	3088	4151	3519	1569224	326276	9	0	0	0.0	0.000
run1_A_stride	uring	off	warm	stride	16384	250000	1	1	4	1	512	4797	5396	8640	7859	2616493	195682	9	0	0	100.0	0.000
run1_A_stride	hybrid	off	warm	stride	16384	250000	1	1	4	2	512	2706	3028	3699	3445	1608958	318218	9	0	0	0.0	0.000
run1_A_stride	pooled_pread	off	warm	stride	16384	250000	1	1	4	3	512	17271	18179	50706	23874	9133944	56055	10	0	0	100.0	0.000
run1_A_stride	uring	off	warm	stride	16384	250000	1	1	5	0	512	4891	6478	9760	8601	2748666	186272	9	0	0	100.0	0.000
run1_A_stride	hybrid	off	warm	stride	16384	250000	1	1	5	1	512	2929	3334	4355	3808	1756797	291439	9	0	0	0.0	0.000
run1_A_stride	pooled_pread	off	warm	stride	16384	250000	1	1	5	2	512	13708	18430	39279	21191	8157454	62765	10	0	0	100.0	0.000
run1_A_stride	pool	off	warm	stride	16384	250000	1	1	5	3	512	3109	3583	4924	3917	1824419	280637	9	0	0	0.0	0.000
run1_A_stride	pool	off	warm	stride	16384	250000	2	1	0	0	512	3270	3708	5213	4222	1008213	507829	9	0	0	0.0	0.000
run1_A_stride	uring	off	warm	stride	16384	250000	2	1	0	1	512	7211	8583	16748	6302	2149996	238140	9	0	0	100.0	0.000
run1_A_stride	hybrid	off	warm	stride	16384	250000	2	1	0	2	512	3060	3470	4025	3810	1873128	273340	9	0	0	0.0	0.000
run1_A_stride	pooled_pread	off	warm	stride	16384	250000	2	1	0	3	512	17143	19834	43641	20460	4672310	109582	13	0	0	100.0	0.000
run1_A_stride	uring	off	warm	stride	16384	250000	2	1	1	0	512	7630	8568	17742	6365	2256413	226909	9	0	0	100.0	0.000
run1_A_stride	hybrid	off	warm	stride	16384	250000	2	1	1	1	512	3580	4183	4972	4491	2143513	238860	9	0	0	0.0	0.000
run1_A_stride	pooled_pread	off	warm	stride	16384	250000	2	1	1	2	512	18231	22660	58937	21362	6024139	84991	14	0	0	100.0	0.000
run1_A_stride	pool	off	warm	stride	16384	250000	2	1	1	3	512	3534	4064	4848	4126	1086997	471022	9	0	0	0.0	0.000
run1_A_stride	hybrid	off	warm	stride	16384	250000	2	1	2	0	512	3617	4037	6428	4751	2190200	233769	9	0	0	0.0	0.000
run1_A_stride	pooled_pread	off	warm	stride	16384	250000	2	1	2	1	512	17773	21407	36088	20243	5004052	102317	12	0	0	100.0	0.000
run1_A_stride	pool	off	warm	stride	16384	250000	2	1	2	2	512	3566	4479	5433	4411	1146087	446737	9	0	0	0.0	0.000
run1_A_stride	uring	off	warm	stride	16384	250000	2	1	2	3	512	9984	10683	22591	7895	2882428	177628	9	0	0	100.0	0.000
run1_A_stride	pooled_pread	off	warm	stride	16384	250000	2	1	3	0	512	18453	23473	67910	21767	5257548	97384	14	0	0	100.0	0.000
run1_A_stride	pool	off	warm	stride	16384	250000	2	1	3	1	512	4084	5077	7361	5271	1267561	403925	9	0	0	0.0	0.000
run1_A_stride	uring	off	warm	stride	16384	250000	2	1	3	2	512	10088	10877	21702	8479	2928994	174804	9	0	0	100.0	0.000
run1_A_stride	hybrid	off	warm	stride	16384	250000	2	1	3	3	512	2928	3230	3463	3776	1751736	292281	9	0	0	0.0	0.000
run1_A_stride	pool	off	warm	stride	16384	250000	2	1	4	0	512	3028	3446	4385	3887	956483	535294	9	0	0	0.0	0.000
run1_A_stride	uring	off	warm	stride	16384	250000	2	1	4	1	512	6834	8092	15397	6411	2114834	242099	9	0	0	100.0	0.000
run1_A_stride	hybrid	off	warm	stride	16384	250000	2	1	4	2	512	3075	3478	5185	3862	1893405	270412	9	0	0	0.0	0.000
run1_A_stride	pooled_pread	off	warm	stride	16384	250000	2	1	4	3	512	16796	20873	47512	19729	4804568	106565	13	0	0	100.0	0.000
run1_A_stride	uring	off	warm	stride	16384	250000	2	1	5	0	512	7341	8182	15294	6051	2097997	244042	9	0	0	100.0	0.000
run1_A_stride	hybrid	off	warm	stride	16384	250000	2	1	5	1	512	2900	3230	4314	3507	1712831	298920	9	0	0	0.0	0.000
run1_A_stride	pooled_pread	off	warm	stride	16384	250000	2	1	5	2	512	14848	19366	49256	17743	4328890	118275	13	0	0	100.0	0.000
run1_A_stride	pool	off	warm	stride	16384	250000	2	1	5	3	512	3061	3521	5949	3796	942718	543110	9	0	0	0.0	0.000
run1_A_stride	pool	off	warm	stride	16384	250000	4	1	0	0	512	3688	4831	5535	4656	601069	851816	9	0	0	0.0	0.000
run1_A_stride	uring	off	warm	stride	16384	250000	4	1	0	1	512	14454	19260	33098	5980	2270429	225508	9	0	0	100.0	0.000
run1_A_stride	hybrid	off	warm	stride	16384	250000	4	1	0	2	512	3045	3538	8400	4022	1925745	265871	9	0	0	0.0	0.000
run1_A_stride	pooled_pread	off	warm	stride	16384	250000	4	1	0	3	512	13558	24332	102300	21272	2367946	216221	20	0	0	100.0	0.000
run1_A_stride	uring	off	warm	stride	16384	250000	4	1	1	0	512	17675	20214	30276	6256	2585721	198011	9	0	0	100.0	0.000
run1_A_stride	hybrid	off	warm	stride	16384	250000	4	1	1	1	512	3229	3944	5960	4054	1989604	257338	9	0	0	0.0	0.000
run1_A_stride	pooled_pread	off	warm	stride	16384	250000	4	1	1	2	512	15022	27143	132218	22154	2653909	192923	22	0	0	100.0	0.000
run1_A_stride	pool	off	warm	stride	16384	250000	4	1	1	3	512	3718	4162	5398	4596	576421	888240	9	0	0	0.0	0.000
run1_A_stride	hybrid	off	warm	stride	16384	250000	4	1	2	0	512	2877	3192	3680	3885	1754433	291832	9	0	0	0.0	0.000
run1_A_stride	pooled_pread	off	warm	stride	16384	250000	4	1	2	1	512	13109	26222	131244	22768	2469177	207357	20	0	0	100.0	0.000
run1_A_stride	pool	off	warm	stride	16384	250000	4	1	2	2	512	4485	4983	10536	5341	711536	719570	9	0	0	0.0	0.000
run1_A_stride	uring	off	warm	stride	16384	250000	4	1	2	3	512	16486	17351	28074	6286	2326376	220085	9	0	0	100.0	0.000
run1_A_stride	pooled_pread	off	warm	stride	16384	250000	4	1	3	0	512	15294	27102	121066	22442	2599860	196934	19	0	0	100.0	0.000
run1_A_stride	pool	off	warm	stride	16384	250000	4	1	3	1	512	3604	4026	4582	4369	574325	891481	9	0	0	0.0	0.000
run1_A_stride	uring	off	warm	stride	16384	250000	4	1	3	2	512	15518	21208	32278	6514	2480212	206434	9	0	0	100.0	0.000
run1_A_stride	hybrid	off	warm	stride	16384	250000	4	1	3	3	512	3976	4680	7630	5220	2518094	203328	9	0	0	0.0	0.000
run1_A_stride	pool	off	warm	stride	16384	250000	4	1	4	0	512	4827	5821	15048	5708	786181	651250	9	0	0	0.0	0.000
run1_A_stride	uring	off	warm	stride	16384	250000	4	1	4	1	512	17454	19825	34106	6541	2614260	195849	9	0	0	100.0	0.000
run1_A_stride	hybrid	off	warm	stride	16384	250000	4	1	4	2	512	3059	3405	4933	4035	1859032	275412	9	0	0	0.0	0.000
run1_A_stride	pooled_pread	off	warm	stride	16384	250000	4	1	4	3	512	14782	28628	181859	21628	2709156	188989	20	0	0	100.0	0.000
run1_A_stride	uring	off	warm	stride	16384	250000	4	1	5	0	512	14080	15129	31469	5125	2067495	247643	9	0	0	100.0	0.000
run1_A_stride	hybrid	off	warm	stride	16384	250000	4	1	5	1	512	3234	3776	5405	4090	1994409	256718	9	0	0	0.0	0.000
run1_A_stride	pooled_pread	off	warm	stride	16384	250000	4	1	5	2	512	15697	29101	139572	22732	2827603	181072	22	0	0	100.0	0.000
run1_A_stride	pool	off	warm	stride	16384	250000	4	1	5	3	512	4441	5906	6758	5571	724035	707148	9	0	0	0.0	0.000
run1_A_stride	pool	off	warm	stride	16384	250000	8	1	0	0	512	6101	7115	7756	7057	773045	662316	9	0	0	0.0	0.000
run1_A_stride	uring	off	warm	stride	16384	250000	8	1	0	1	512	27535	37285	44033	4936	2166898	236282	9	0	0	100.0	0.000
run1_A_stride	hybrid	off	warm	stride	16384	250000	8	1	0	2	512	3488	4058	6603	4878	2284382	224131	9	0	0	0.0	0.000
run1_A_stride	pooled_pread	off	warm	stride	16384	250000	8	1	0	3	512	25186	180113	461316	31713	4190471	122182	37	0	0	100.0	0.000
run1_A_stride	uring	off	warm	stride	16384	250000	8	1	1	0	512	31470	42778	73201	6049	2476291	206761	9	0	0	100.0	0.000
run1_A_stride	hybrid	off	warm	stride	16384	250000	8	1	1	1	512	4212	4593	11602	5321	2563549	199723	9	0	0	0.0	0.000
run1_A_stride	pooled_pread	off	warm	stride	16384	250000	8	1	1	2	512	24610	198204	600890	33388	4794533	106788	45	0	0	100.0	0.000
run1_A_stride	pool	off	warm	stride	16384	250000	8	1	1	3	512	4435	5172	6824	5448	768510	666224	9	0	0	0.0	0.000
run1_A_stride	hybrid	off	warm	stride	16384	250000	8	1	2	0	512	3701	4440	5723	5188	2439916	209843	9	0	0	0.0	0.000
run1_A_stride	pooled_pread	off	warm	stride	16384	250000	8	1	2	1	512	20658	145974	322936	28177	3480735	147095	31	0	0	100.0	0.000
run1_A_stride	pool	off	warm	stride	16384	250000	8	1	2	2	512	3551	4089	5711	4359	764167	670011	9	0	0	0.0	0.000
run1_A_stride	uring	off	warm	stride	16384	250000	8	1	2	3	512	28077	30409	58600	4850	2148526	238303	9	0	0	100.0	0.000
run1_A_stride	pooled_pread	off	warm	stride	16384	250000	8	1	3	0	512	22982	165880	388612	28642	3774327	135653	37	0	0	100.0	0.000
run1_A_stride	pool	off	warm	stride	16384	250000	8	1	3	1	512	7365	8835	22577	8573	824384	621070	9	0	0	0.0	0.000
run1_A_stride	uring	off	warm	stride	16384	250000	8	1	3	2	512	37459	41206	52925	6309	2812000	182077	9	0	0	100.0	0.000
run1_A_stride	hybrid	off	warm	stride	16384	250000	8	1	3	3	512	3909	4422	7154	5237	2572336	199041	9	0	0	0.0	0.000
run1_A_stride	pool	off	warm	stride	16384	250000	8	1	4	0	512	6090	7249	16807	7067	696907	734675	9	0	0	0.0	0.000
run1_A_stride	uring	off	warm	stride	16384	250000	8	1	4	1	512	32694	35604	50410	6240	2452584	208759	9	0	0	100.0	0.000
run1_A_stride	hybrid	off	warm	stride	16384	250000	8	1	4	2	512	3970	5080	7979	5359	2531677	202237	9	0	0	0.0	0.000
run1_A_stride	pooled_pread	off	warm	stride	16384	250000	8	1	4	3	512	21021	197148	443250	34820	4333473	118150	43	0	0	100.0	0.000
run1_A_stride	uring	off	warm	stride	16384	250000	8	1	5	0	512	38354	46143	55473	6604	2874827	178098	9	0	0	100.0	0.000
run1_A_stride	hybrid	off	warm	stride	16384	250000	8	1	5	1	512	3274	3648	5761	4314	2057742	248816	9	0	0	0.0	0.000
run1_A_stride	pooled_pread	off	warm	stride	16384	250000	8	1	5	2	512	20217	151736	375074	28408	3259423	157083	32	0	0	100.0	0.000
run1_A_stride	pool	off	warm	stride	16384	250000	8	1	5	3	512	6497	7283	8133	7246	587440	871578	9	0	0	0.0	0.000
run1_A_stride	pool	off	warm	stride	16384	250000	16	1	0	0	512	5195	6286	7283	6202	660336	775363	9	0	0	0.0	0.000
run1_A_stride	uring	off	warm	stride	16384	250000	16	1	0	1	512	56742	65923	88692	5053	2233580	229228	9	0	0	100.0	0.000
run1_A_stride	hybrid	off	warm	stride	16384	250000	16	1	0	2	512	4006	4486	11862	5194	2599403	196968	9	0	0	0.0	0.000
run1_A_stride	pooled_pread	off	warm	stride	16384	250000	16	1	0	3	512	41472	406382	1542727	33712	4986000	102688	73	0	0	100.0	0.000
run1_A_stride	uring	off	warm	stride	16384	250000	16	1	1	0	512	58996	69195	76404	5324	2341550	218659	9	0	0	100.0	0.000
run1_A_stride	hybrid	off	warm	stride	16384	250000	16	1	1	1	512	3513	3933	4695	4577	2283159	224251	9	0	0	0.0	0.000
run1_A_stride	pooled_pread	off	warm	stride	16384	250000	16	1	1	2	512	51973	508764	1514711	46126	6736876	76000	104	0	0	100.0	0.000
run1_A_stride	pool	off	warm	stride	16384	250000	16	1	1	3	512	5747	6750	24252	7046	698131	733387	9	0	0	0.0	0.000
run1_A_stride	hybrid	off	warm	stride	16384	250000	16	1	2	0	512	3818	4185	4635	5288	2551839	200640	9	0	0	0.0	0.000
run1_A_stride	pooled_pread	off	warm	stride	16384	250000	16	1	2	1	512	37862	442343	1391171	37490	5049294	101400	76	0	0	100.0	0.000
run1_A_stride	pool	off	warm	stride	16384	250000	16	1	2	2	512	5832	6817	18141	6921	656855	779472	9	0	0	0.0	0.000
run1_A_stride	uring	off	warm	stride	16384	250000	16	1	2	3	512	72614	80178	117982	5906	2784301	183888	9	0	0	100.0	0.000
run1_A_stride	pooled_pread	off	warm	stride	16384	250000	16	1	3	0	512	54848	473350	2022146	42806	6898232	74222	97	0	0	100.0	0.000
run1_A_stride	pool	off	warm	stride	16384	250000	16	1	3	1	512	4254	4877	8090	5349	1236261	414152	9	0	0	0.0	0.000
run1_A_stride	uring	off	warm	stride	16384	250000	16	1	3	2	512	68210	81148	102338	6240	2694507	190016	9	0	0	100.0	0.000
run1_A_stride	hybrid	off	warm	stride	16384	250000	16	1	3	3	512	5011	7657	17114	7048	3778522	135503	9	0	0	0.0	0.000
run1_A_stride	pool	off	warm	stride	16384	250000	16	1	4	0	512	5320	6514	13964	6451	1002548	510699	9	0	0	0.0	0.000
run1_A_stride	uring	off	warm	stride	16384	250000	16	1	4	1	512	58105	72446	79641	5529	2302081	222407	9	0	0	100.0	0.000
run1_A_stride	hybrid	off	warm	stride	16384	250000	16	1	4	2	512	4271	5814	7077	5801	2801358	182769	9	0	0	0.0	0.000
run1_A_stride	pooled_pread	off	warm	stride	16384	250000	16	1	4	3	512	39999	417548	1440365	40367	5525304	92665	84	0	0	100.0	0.000
run1_A_stride	uring	off	warm	stride	16384	250000	16	1	5	0	512	55574	61154	81559	4635	2125067	240934	9	0	0	100.0	0.000
run1_A_stride	hybrid	off	warm	stride	16384	250000	16	1	5	1	512	3851	4560	6421	5392	2677251	191241	9	0	0	0.0	0.000
run1_A_stride	pooled_pread	off	warm	stride	16384	250000	16	1	5	2	512	32654	424089	1873952	43330	5820096	87971	97	0	0	100.0	0.000
run1_A_stride	pool	off	warm	stride	16384	250000	16	1	5	3	512	6468	7292	15927	7605	732075	699382	9	0	0	0.0	0.000
run1_A_stride	pool	off	warm	stride	16384	250000	32	1	0	0	512	6329	7266	15579	7520	675212	758280	9	0	0	0.0	0.000
run1_A_stride	uring	off	warm	stride	16384	250000	32	1	0	1	512	114835	132789	137288	5258	2444262	209470	9	0	0	100.0	0.000
run1_A_stride	hybrid	off	warm	stride	16384	250000	32	1	0	2	512	3706	4095	7323	5140	2508035	204144	9	0	0	0.0	0.000
run1_A_stride	pooled_pread	off	warm	stride	16384	250000	32	1	0	3	512	91995	922280	2277773	41823	5318312	96271	83	0	0	100.0	0.000
run1_A_stride	uring	off	warm	stride	16384	250000	32	1	1	0	512	115792	133859	140322	5529	2436839	210108	9	0	0	100.0	0.000
run1_A_stride	hybrid	off	warm	stride	16384	250000	32	1	1	1	512	4272	4762	6839	6269	3022117	169418	9	0	0	0.0	0.000
run1_A_stride	pooled_pread	off	warm	stride	16384	250000	32	1	1	2	512	121926	1258816	2934010	49629	7460693	68626	104	0	0	100.0	0.000
run1_A_stride	pool	off	warm	stride	16384	250000	32	1	1	3	512	6237	6989	7620	7536	659180	776723	9	0	0	0.0	0.000
run1_A_stride	hybrid	off	warm	stride	16384	250000	32	1	2	0	512	3456	3985	5465	4960	2379572	215165	9	0	0	0.0	0.000
run1_A_stride	pooled_pread	off	warm	stride	16384	250000	32	1	2	1	512	103363	1011709	2334922	45641	6261794	81766	109	0	0	100.0	0.000
run1_A_stride	pool	off	warm	stride	16384	250000	32	1	2	2	512	6413	7487	14441	7719	651997	785280	9	0	0	0.0	0.000
run1_A_stride	uring	off	warm	stride	16384	250000	32	1	2	3	512	137991	155817	230694	6189	2872849	178220	9	0	0	100.0	0.000
run1_A_stride	pooled_pread	off	warm	stride	16384	250000	32	1	3	0	512	119117	983049	2427303	45850	6354242	80576	82	0	0	100.0	0.000
run1_A_stride	pool	off	warm	stride	16384	250000	32	1	3	1	512	3937	4616	6537	5135	1168405	438204	9	0	0	0.0	0.000
run1_A_stride	uring	off	warm	stride	16384	250000	32	1	3	2	512	146859	166910	169380	6377	3073928	166562	9	0	0	100.0	0.000
run1_A_stride	hybrid	off	warm	stride	16384	250000	32	1	3	3	512	3890	4278	5508	5714	2727234	187736	9	0	0	0.0	0.000
run1_A_stride	pool	off	warm	stride	16384	250000	32	1	4	0	512	5288	6519	8381	6570	784651	652519	9	0	0	0.0	0.000
run1_A_stride	uring	off	warm	stride	16384	250000	32	1	4	1	512	109049	128986	140653	5160	2329276	219811	9	0	0	100.0	0.000
run1_A_stride	hybrid	off	warm	stride	16384	250000	32	1	4	2	512	3927	4320	7263	5945	2807111	182394	9	0	0	0.0	0.000
run1_A_stride	pooled_pread	off	warm	stride	16384	250000	32	1	4	3	512	79645	1059259	2334429	46449	6093565	84023	112	0	0	100.0	0.000
run1_A_stride	uring	off	warm	stride	16384	250000	32	1	5	0	512	137361	162230	163530	6342	2947809	173688	9	0	0	100.0	0.000
run1_A_stride	hybrid	off	warm	stride	16384	250000	32	1	5	1	512	3599	3956	5256	5114	2476400	206752	9	0	0	0.0	0.000
run1_A_stride	pooled_pread	off	warm	stride	16384	250000	32	1	5	2	512	97832	991244	2521669	40236	5498030	93124	81	0	0	100.0	0.000
run1_A_stride	pool	off	warm	stride	16384	250000	32	1	5	3	512	5504	6783	7883	6776	939027	545245	9	0	0	0.0	0.000
run1_A_stride	pool	off	warm	stride	16384	250000	64	1	0	0	512	6452	9543	26132	8674	1256446	407499	9	0	0	0.0	0.000
run1_A_stride	uring	off	warm	stride	16384	250000	64	1	0	1	512	264258	407088	411019	7048	3306048	154868	9	0	0	100.0	0.000
run1_A_stride	hybrid	off	warm	stride	16384	250000	64	1	0	2	512	3523	3847	10124	5893	2875170	178076	9	0	0	0.0	0.000
run1_A_stride	pooled_pread	off	warm	stride	16384	250000	64	1	0	3	512	178393	1532786	3342790	41888	5781920	88552	92	0	0	100.0	0.000
run1_A_stride	uring	off	warm	stride	16384	250000	64	1	1	0	512	234632	259613	297874	6017	2858831	179094	9	0	0	100.0	0.000
run1_A_stride	hybrid	off	warm	stride	16384	250000	64	1	1	1	512	3701	4097	8057	6211	2844874	179973	9	0	0	0.0	0.000
run1_A_stride	pooled_pread	off	warm	stride	16384	250000	64	1	1	2	512	219513	2056327	3882183	45319	6910847	74086	124	0	0	100.0	0.000
run1_A_stride	pool	off	warm	stride	16384	250000	64	1	1	3	512	6469	7437	16737	8103	706787	724405	9	0	0	0.0	0.000
run1_A_stride	hybrid	off	warm	stride	16384	250000	64	1	2	0	512	4088	4497	8975	6957	3394054	150852	9	0	0	0.0	0.000
run1_A_stride	pooled_pread	off	warm	stride	16384	250000	64	1	2	1	512	222557	2405049	4707832	52951	8414528	60847	159	0	0	100.0	0.000
run1_A_stride	pool	off	warm	stride	16384	250000	64	1	2	2	512	5349	6393	8374	6705	1004789	509560	9	0	0	0.0	0.000
run1_A_stride	uring	off	warm	stride	16384	250000	64	1	2	3	512	344253	386910	389368	8203	3939650	129961	9	0	0	100.0	0.000
run1_A_stride	pooled_pread	off	warm	stride	16384	250000	64	1	3	0	512	216225	1340442	2586161	41054	6857873	74659	85	0	0	100.0	0.000
run1_A_stride	pool	off	warm	stride	16384	250000	64	1	3	1	512	7197	9538	25988	8864	1204537	425060	9	0	0	0.0	0.000
run1_A_stride	uring	off	warm	stride	16384	250000	64	1	3	2	512	247028	306054	307962	6153	2831340	180833	9	0	0	100.0	0.000
run1_A_stride	hybrid	off	warm	stride	16384	250000	64	1	3	3	512	3447	3966	4772	5686	2764005	185238	9	0	0	0.0	0.000
run1_A_stride	pool	off	warm	stride	16384	250000	64	1	4	0	512	5905	7041	18833	7289	706932	724256	9	0	0	0.0	0.000
run1_A_stride	uring	off	warm	stride	16384	250000	64	1	4	1	512	216061	231550	233371	5100	2435139	210255	9	0	0	100.0	0.000
run1_A_stride	hybrid	off	warm	stride	16384	250000	64	1	4	2	512	3875	5017	6452	6444	3066093	166988	9	0	0	0.0	0.000
run1_A_stride	pooled_pread	off	warm	stride	16384	250000	64	1	4	3	512	216929	1449681	3540143	47260	6581111	77798	131	0	0	100.0	0.000
run1_A_stride	uring	off	warm	stride	16384	250000	64	1	5	0	512	213342	244947	246745	5287	2563684	199713	9	0	0	100.0	0.000
run1_A_stride	hybrid	off	warm	stride	16384	250000	64	1	5	1	512	3322	3701	6047	5623	2676232	191314	9	0	0	0.0	0.000
run1_A_stride	pooled_pread	off	warm	stride	16384	250000	64	1	5	2	512	252205	890753	2364301	43603	5701259	89805	88	0	0	100.0	0.000
run1_A_stride	pool	off	warm	stride	16384	250000	64	1	5	3	512	5993	6956	24543	7748	761809	672084	9	0	0	0.0	0.000
run1_A_sweep	pool	off	cold	sweep	16384	16384	1	1	0	0	512	3327	6205	16022	12700	6319145	81024	9	0	0	0.0	0.000
run1_A_sweep	uring	off	cold	sweep	16384	16384	1	1	0	1	512	6032	8606	23553	17969	7939802	64485	9	0	0	100.0	0.000
run1_A_sweep	hybrid	off	cold	sweep	16384	16384	1	1	0	2	512	3502	7219	22744	14508	7339140	69763	9	0	0	0.0	0.000
run1_A_sweep	pooled_pread	off	cold	sweep	16384	16384	1	1	0	3	512	18242	24441	227713	35119	15738900	32531	11	0	0	100.0	0.000
run1_A_sweep	uring	off	cold	sweep	16384	16384	1	1	1	0	512	5348	9775	21340	15545	6708754	76318	9	0	0	100.0	0.000
run1_A_sweep	hybrid	off	cold	sweep	16384	16384	1	1	1	1	512	2937	4726	12319	11338	5793195	88380	9	0	0	0.0	0.000
run1_A_sweep	pooled_pread	off	cold	sweep	16384	16384	1	1	1	2	512	17151	22921	117622	34773	14510569	35285	11	0	0	100.0	0.000
run1_A_sweep	pool	off	cold	sweep	16384	16384	1	1	1	3	512	2826	4523	13045	11337	5861451	87350	9	0	0	0.0	0.000
run1_A_sweep	hybrid	off	cold	sweep	16384	16384	1	1	2	0	512	3625	7417	27829	13419	6901395	74188	9	0	0	0.0	0.000
run1_A_sweep	pooled_pread	off	cold	sweep	16384	16384	1	1	2	1	512	21052	34000	153591	40688	17758434	28831	13	0	0	100.0	0.000
run1_A_sweep	pool	off	cold	sweep	16384	16384	1	1	2	2	512	3250	7058	14877	13015	6628453	77243	9	0	0	0.0	0.000
run1_A_sweep	uring	off	cold	sweep	16384	16384	1	1	2	3	512	4209	10296	23305	14923	6652584	76963	9	0	0	100.0	0.000
run1_A_sweep	pooled_pread	off	cold	sweep	16384	16384	1	1	3	0	512	16392	22646	75938	32077	14350822	35677	11	0	0	100.0	0.000
run1_A_sweep	pool	off	cold	sweep	16384	16384	1	1	3	1	512	2520	4735	13533	9506	4922049	104022	9	0	0	0.0	0.000
run1_A_sweep	uring	off	cold	sweep	16384	16384	1	1	3	2	512	3587	7582	20016	12057	5216494	98150	9	0	0	100.0	0.000
run1_A_sweep	hybrid	off	cold	sweep	16384	16384	1	1	3	3	512	2558	5673	12072	9627	4938196	103682	9	0	0	0.0	0.000
run1_A_sweep	pool	off	cold	sweep	16384	16384	1	1	4	0	512	2552	4246	11583	9994	5119608	100008	9	0	0	0.0	0.000
run1_A_sweep	uring	off	cold	sweep	16384	16384	1	1	4	1	512	3949	6976	16146	11786	5096996	100451	9	0	0	100.0	0.000
run1_A_sweep	hybrid	off	cold	sweep	16384	16384	1	1	4	2	512	2444	5151	12168	10552	5383597	95104	9	0	0	0.0	0.000
run1_A_sweep	pooled_pread	off	cold	sweep	16384	16384	1	1	4	3	512	15780	21572	64882	29090	12431664	41185	12	0	0	100.0	0.000
run1_A_sweep	uring	off	cold	sweep	16384	16384	1	1	5	0	512	4572	8568	33591	13771	6278826	81544	9	0	0	100.0	0.000
run1_A_sweep	hybrid	off	cold	sweep	16384	16384	1	1	5	1	512	3253	6867	15260	12968	6725696	76126	9	0	0	0.0	0.000
run1_A_sweep	pooled_pread	off	cold	sweep	16384	16384	1	1	5	2	512	16091	23007	118919	31775	13695850	37384	12	0	0	100.0	0.000
run1_A_sweep	pool	off	cold	sweep	16384	16384	1	1	5	3	512	2859	6621	34501	12521	6673618	76720	9	0	0	0.0	0.000
run1_A_sweep	pool	off	cold	sweep	16384	16384	2	1	0	0	512	2679	5706	225845	11540	4090221	125177	12	0	0	0.8	0.000
run1_A_sweep	uring	off	cold	sweep	16384	16384	2	1	0	1	512	6016	16599	559977	11165	5033441	101720	9	0	0	100.0	0.000
run1_A_sweep	hybrid	off	cold	sweep	16384	16384	2	1	0	2	512	2631	4473	11017	10490	5328903	96080	9	0	0	0.0	0.000
run1_A_sweep	pooled_pread	off	cold	sweep	16384	16384	2	1	0	3	512	17753	26346	400370	31888	8765482	58411	18	0	0	100.0	0.000
run1_A_sweep	uring	off	cold	sweep	16384	16384	2	1	1	0	512	12124	22377	704959	14707	6981484	73337	9	0	0	100.0	0.000
run1_A_sweep	hybrid	off	cold	sweep	16384	16384	2	1	1	1	512	2961	6428	27902	11448	5783810	88523	9	0	0	0.0	0.000
run1_A_sweep	pooled_pread	off	cold	sweep	16384	16384	2	1	1	2	512	16890	21889	105218	29120	8172835	62647	13	0	0	100.0	0.000
run1_A_sweep	pool	off	cold	sweep	16384	16384	2	1	1	3	512	3302	6846	229653	14857	5485891	93330	11	0	0	0.8	0.000
run1_A_sweep	hybrid	off	cold	sweep	16384	16384	2	1	2	0	512	3020	6946	15062	12003	6371207	80362	9	0	0	0.0	0.000
run1_A_sweep	pooled_pread	off	cold	sweep	16384	16384	2	1	2	1	512	17353	22026	650112	28299	8802486	58165	13	0	0	100.0	0.000
run1_A_sweep	pool	off	cold	sweep	16384	16384	2	1	2	2	512	2813	5963	83041	11473	3978451	128693	12	0	0	1.0	0.000
run1_A_sweep	uring	off	cold	sweep	16384	16384	2	1	2	3	512	5154	14708	531523	10225	4833917	105918	9	0	0	100.0	0.000
run1_A_sweep	pooled_pread	off	cold	sweep	16384	16384	2	1	3	0	512	16511	19486	503252	27557	8032446	63741	13	0	0	100.0	0.000
run1_A_sweep	pool	off	cold	sweep	16384	16384	2	1	3	1	512	2769	3549	90015	11976	4821177	106198	11	0	0	1.0	0.000
run1_A_sweep	uring	off	cold	sweep	16384	16384	2	1	3	2	512	9017	23066	944311	15174	7814565	65519	9	0	0	100.0	0.000
run1_A_sweep	hybrid	off	cold	sweep	16384	16384	2	1	3	3	512	3688	7730	15650	14701	7653784	66895	9	0	0	0.0	0.000
run1_A_sweep	pool	off	cold	sweep	16384	16384	2	1	4	0	512	3855	4893	365983	13601	4926256	103933	11	0	0	1.0	0.000
run1_A_sweep	uring	off	cold	sweep	16384	16384	2	1	4	1	512	6660	17950	623237	12125	5540742	92406	9	0	0	100.0	0.000
run1_A_sweep	hybrid	off	cold	sweep	16384	16384	2	1	4	2	512	3453	6266	15340	13822	7159336	71515	9	0	0	0.0	0.000
run1_A_sweep	pooled_pread	off	cold	sweep	16384	16384	2	1	4	3	512	17709	22752	565057	29654	8560476	59810	13	0	0	100.0	0.000
run1_A_sweep	uring	off	cold	sweep	16384	16384	2	1	5	0	512	5971	17033	557297	11207	5081933	100749	9	0	0	100.0	0.000
run1_A_sweep	hybrid	off	cold	sweep	16384	16384	2	1	5	1	512	2653	4646	10261	10414	5169133	99049	9	0	0	0.0	0.000
run1_A_sweep	pooled_pread	off	cold	sweep	16384	16384	2	1	5	2	512	18018	26271	469469	32669	9888532	51777	13	0	0	100.0	0.000
run1_A_sweep	pool	off	cold	sweep	16384	16384	2	1	5	3	512	4369	6696	351515	15324	5879924	87076	11	0	0	1.2	0.000
run1_A_sweep	pool	off	cold	sweep	16384	16384	4	1	0	0	512	5523	7393	1346517	17394	5202964	98405	13	0	0	1.4	0.000
run1_A_sweep	uring	off	cold	sweep	16384	16384	4	1	0	1	512	15946	52295	1216917	13113	6171904	82957	9	0	0	100.0	0.000
run1_A_sweep	hybrid	off	cold	sweep	16384	16384	4	1	0	2	512	3811	6973	20125	14261	7420496	68998	9	0	0	0.0	0.000
run1_A_sweep	pooled_pread	off	cold	sweep	16384	16384	4	1	0	3	512	17888	59534	1122168	36428	7492983	68331	27	0	0	100.0	0.000
run1_A_sweep	uring	off	cold	sweep	16384	16384	4	1	1	0	512	17947	70548	1215344	14796	7248265	70638	9	0	0	100.0	0.000
run1_A_sweep	hybrid	off	cold	sweep	16384	16384	4	1	1	1	512	2817	4963	13757	10631	5541003	92402	9	0	0	0.0	0.000
run1_A_sweep	pooled_pread	off	cold	sweep	16384	16384	4	1	1	2	512	16576	35805	1226117	32627	6642153	77083	26	0	0	100.0	0.000
run1_A_sweep	pool	off	cold	sweep	16384	16384	4	1	1	3	512	4006	5760	1196828	13979	5140758	99596	13	0	0	0.8	0.000
run1_A_sweep	hybrid	off	cold	sweep	16384	16384	4	1	2	0	512	3013	7289	17934	12195	6114862	83730	9	0	0	0.0	0.000
run1_A_sweep	pooled_pread	off	cold	sweep	16384	16384	4	1	2	1	512	16904	34518	1230446	32117	6624448	77289	22	0	0	100.0	0.000
run1_A_sweep	pool	off	cold	sweep	16384	16384	4	1	2	2	512	4619	6661	616775	15375	4670863	109616	13	0	0	1.6	0.000
run1_A_sweep	uring	off	cold	sweep	16384	16384	4	1	2	3	512	16141	33944	1235847	13087	6536316	78332	9	0	0	100.0	0.000
run1_A_sweep	pooled_pread	off	cold	sweep	16384	16384	4	1	3	0	512	20599	70772	1110874	36713	8936405	57294	25	0	0	100.0	0.000
run1_A_sweep	pool	off	cold	sweep	16384	16384	4	1	3	1	512	3830	6398	1172084	14677	4660233	109866	14	0	0	3.9	0.000
run1_A_sweep	uring	off	cold	sweep	16384	16384	4	1	3	2	512	15411	37490	1169188	12353	5867923	87254	9	0	0	100.0	0.000
run1_A_sweep	hybrid	off	cold	sweep	16384	16384	4	1	3	3	512	2896	5916	16310	11395	5818686	87992	9	0	0	0.0	0.000
run1_A_sweep	pool	off	cold	sweep	16384	16384	4	1	4	0	512	5544	8570	973974	19016	5615786	91172	14	0	0	2.0	0.000
run1_A_sweep	uring	off	cold	sweep	16384	16384	4	1	4	1	512	15170	40800	1178875	12269	5867202	87265	9	0	0	100.0	0.000
run1_A_sweep	hybrid	off	cold	sweep	16384	16384	4	1	4	2	512	3703	6990	16634	14019	9940168	51508	9	0	0	0.0	0.000
run1_A_sweep	pooled_pread	off	cold	sweep	16384	16384	4	1	4	3	512	19890	57275	895558	33030	7203413	71077	23	0	0	100.0	0.000
run1_A_sweep	uring	off	cold	sweep	16384	16384	4	1	5	0	512	16344	35346	1554814	13742	6688735	76547	9	0	0	100.0	0.000
run1_A_sweep	hybrid	off	cold	sweep	16384	16384	4	1	5	1	512	3561	7946	24312	13841	6953156	73636	9	0	0	0.0	0.000
run1_A_sweep	pooled_pread	off	cold	sweep	16384	16384	4	1	5	2	512	15198	32721	1062257	30003	5855133	87445	19	0	0	100.0	0.000
run1_A_sweep	pool	off	cold	sweep	16384	16384	4	1	5	3	512	4061	6659	1075002	14103	4167608	122852	13	0	0	0.8	0.000
run1_A_sweep	pool	off	cold	sweep	16384	16384	8	1	0	0	512	4829	8484	2152013	14948	4381930	116843	17	0	0	2.3	0.000
run1_A_sweep	uring	off	cold	sweep	16384	16384	8	1	0	1	512	22523	65181	1308830	10397	5327507	96105	9	0	0	100.0	0.000
run1_A_sweep	hybrid	off	cold	sweep	16384	16384	8	1	0	2	512	2797	5301	12166	10817	5603665	91369	9	0	0	0.0	0.000
run1_A_sweep	pooled_pread	off	cold	sweep	16384	16384	8	1	0	3	512	19972	131706	1767616	34427	6338900	80771	36	0	0	100.0	0.000
run1_A_sweep	uring	off	cold	sweep	16384	16384	8	1	1	0	512	21087	69273	1160581	10020	4946422	103509	9	0	0	100.0	0.000
run1_A_sweep	hybrid	off	cold	sweep	16384	16384	8	1	1	1	512	2749	5157	13553	10715	5474104	93531	9	0	0	0.0	0.000
run1_A_sweep	pooled_pread	off	cold	sweep	16384	16384	8	1	1	2	512	21585	186099	1384894	37788	6579867	77813	42	0	0	100.0	0.000
run1_A_sweep	pool	off	cold	sweep	16384	16384	8	1	1	3	512	4697	8016	2016863	15832	4109129	124601	20	0	0	3.7	0.000
run1_A_sweep	hybrid	off	cold	sweep	16384	16384	8	1	2	0	512	2735	4757	11957	10434	5319718	96246	9	0	0	0.0	0.000
run1_A_sweep	pooled_pread	off	cold	sweep	16384	16384	8	1	2	1	512	16500	117281	1573265	32724	5597458	91470	34	0	0	100.0	0.000
run1_A_sweep	pool	off	cold	sweep	16384	16384	8	1	2	2	512	5677	7411	2624146	16762	4324629	118392	17	0	0	1.6	0.000
run1_A_sweep	uring	off	cold	sweep	16384	16384	8	1	2	3	512	25968	87111	1282238	10758	5372302	95304	9	0	0	100.0	0.000
run1_A_sweep	pooled_pread	off	cold	sweep	16384	16384	8	1	3	0	512	18450	147779	1511693	33473	6043890	84714	33	0	0	100.0	0.000
run1_A_sweep	pool	off	cold	sweep	16384	16384	8	1	3	1	512	4167	6825	1637327	14909	4386107	116732	17	0	0	2.7	0.000
run1_A_sweep	uring	off	cold	sweep	16384	16384	8	1	3	2	512	22026	60493	1130554	9729	4856179	105433	9	0	0	100.0	0.000
run1_A_sweep	hybrid	off	cold	sweep	16384	16384	8	1	3	3	512	3489	5594	18723	12105	6213395	82403	9	0	0	0.0	0.000
run1_A_sweep	pool	off	cold	sweep	16384	16384	8	1	4	0	512	4237	6903	1609513	15924	4612783	110996	20	0	0	3.5	0.000
run1_A_sweep	uring	off	cold	sweep	16384	16384	8	1	4	1	512	24741	76745	1136280	10783	5251579	97494	9	0	0	100.0	0.000
run1_A_sweep	hybrid	off	cold	sweep	16384	16384	8	1	4	2	512	2640	4272	12435	10401	5279384	96981	9	0	0	0.0	0.000
run1_A_sweep	pooled_pread	off	cold	sweep	16384	16384	8	1	4	3	512	21761	224354	1520157	37717	7187919	71231	37	0	0	100.0	0.000
run1_A_sweep	uring	off	cold	sweep	16384	16384	8	1	5	0	512	22387	52411	1238564	9880	4769783	107342	9	0	0	100.0	0.000
run1_A_sweep	hybrid	off	cold	sweep	16384	16384	8	1	5	1	512	2949	5634	18605	10301	5340007	95880	9	0	0	0.0	0.000
run1_A_sweep	pooled_pread	off	cold	sweep	16384	16384	8	1	5	2	512	16161	151811	1330831	33325	6115395	83723	33	0	0	100.0	0.000
run1_A_sweep	pool	off	cold	sweep	16384	16384	8	1	5	3	512	4103	6663	1548280	14489	4011828	127623	17	0	0	2.3	0.000
run1_A_sweep	pool	off	cold	sweep	16384	16384	16	1	0	0	512	4614	6937	2737764	16785	4895095	104594	25	0	0	4.9	0.000
run1_A_sweep	uring	off	cold	sweep	16384	16384	16	1	0	1	512	47244	247005	1162381	10064	5043916	101508	9	0	0	100.0	0.000
run1_A_sweep	hybrid	off	cold	sweep	16384	16384	16	1	0	2	512	2951	6841	21946	11145	5763987	88827	9	0	0	0.0	0.000
run1_A_sweep	pooled_pread	off	cold	sweep	16384	16384	16	1	0	3	512	31963	524200	2260878	42733	7343912	69718	73	0	0	100.0	0.000
run1_A_sweep	uring	off	cold	sweep	16384	16384	16	1	1	0	512	56297	187923	1330551	11856	5989638	85481	9	0	0	100.0	0.000
run1_A_sweep	hybrid	off	cold	sweep	16384	16384	16	1	1	1	512	3264	6778	16087	11646	6049794	84631	9	0	0	0.0	0.000
run1_A_sweep	pooled_pread	off	cold	sweep	16384	16384	16	1	1	2	512	54556	436193	2776523	40974	8447523	60609	68	0	0	100.0	0.000
run1_A_sweep	pool	off	cold	sweep	16384	16384	16	1	1	3	512	6059	7823	3131651	20819	4743420	107939	27	0	0	4.9	0.000
run1_A_sweep	hybrid	off	cold	sweep	16384	16384	16	1	2	0	512	2654	4699	12855	10500	5251232	97501	9	0	0	0.0	0.000
run1_A_sweep	pooled_pread	off	cold	sweep	16384	16384	16	1	2	1	512	33347	643676	2175137	43614	8035733	63715	95	0	0	100.0	0.000
run1_A_sweep	pool	off	cold	sweep	16384	16384	16	1	2	2	512	5138	9446	2641156	22378	4475497	114401	33	0	0	6.6	0.000
run1_A_sweep	uring	off	cold	sweep	16384	16384	16	1	2	3	512	69532	916435	1900288	14721	9064808	56482	9	0	0	100.0	0.000
run1_A_sweep	pooled_pread	off	cold	sweep	16384	16384	16	1	3	0	512	40628	631016	1779246	44198	8384554	61065	68	0	0	100.0	0.000
run1_A_sweep	pool	off	cold	sweep	16384	16384	16	1	3	1	512	5624	7576	3028604	19367	5086123	100666	26	0	0	4.5	0.000
run1_A_sweep	uring	off	cold	sweep	16384	16384	16	1	3	2	512	60586	462064	1409082	12391	6410813	79865	9	0	0	100.0	0.000
run1_A_sweep	hybrid	off	cold	sweep	16384	16384	16	1	3	3	512	3506	7815	19511	12799	6811569	75166	9	0	0	0.0	0.000
run1_A_sweep	pool	off	cold	sweep	16384	16384	16	1	4	0	512	6748	9924	3620895	22881	5893636	86873	25	0	0	3.1	0.000
run1_A_sweep	uring	off	cold	sweep	16384	16384	16	1	4	1	512	52967	306335	1347389	11339	5830008	87821	9	0	0	100.0	0.000
run1_A_sweep	hybrid	off	cold	sweep	16384	16384	16	1	4	2	512	2916	6301	23239	12606	6559844	78051	9	0	0	0.0	0.000
run1_A_sweep	pooled_pread	off	cold	sweep	16384	16384	16	1	4	3	512	36830	572666	2221107	45907	8714298	58754	95	0	0	100.0	0.000
run1_A_sweep	uring	off	cold	sweep	16384	16384	16	1	5	0	512	93094	158034	1705023	14869	7541422	67892	9	0	0	100.0	0.000
run1_A_sweep	hybrid	off	cold	sweep	16384	16384	16	1	5	1	512	3361	7089	13907	14465	7592084	67439	9	0	0	0.0	0.000
run1_A_sweep	pooled_pread	off	cold	sweep	16384	16384	16	1	5	2	512	80518	457720	2419099	52512	9476986	54026	103	0	0	100.0	0.000
run1_A_sweep	pool	off	cold	sweep	16384	16384	16	1	5	3	512	4681	7105	3570630	19424	5771484	88712	25	0	0	3.1	0.000
run1_A_sweep	pool	off	cold	sweep	16384	16384	32	1	0	0	512	5736	8813	2969843	24612	5053921	101307	41	0	0	7.2	0.000
run1_A_sweep	uring	off	cold	sweep	16384	16384	32	1	0	1	512	253716	1581834	1688724	14640	7827129	65414	9	0	0	100.0	0.000
run1_A_sweep	hybrid	off	cold	sweep	16384	16384	32	1	0	2	512	3333	7400	18447	12244	6259960	81790	9	0	0	0.0	0.000
run1_A_sweep	pooled_pread	off	cold	sweep	16384	16384	32	1	0	3	512	72058	856434	2654622	45066	7747646	66085	85	0	0	100.0	0.000
run1_A_sweep	uring	off	cold	sweep	16384	16384	32	1	1	0	512	108130	1218257	1446413	11477	5962750	85866	9	0	0	100.0	0.000
run1_A_sweep	hybrid	off	cold	sweep	16384	16384	32	1	1	1	512	2852	5709	16931	12104	6187726	82744	9	0	0	0.0	0.000
run1_A_sweep	pooled_pread	off	cold	sweep	16384	16384	32	1	1	2	512	168708	1703344	4623927	58605	12253491	41784	114	0	0	100.0	0.000
run1_A_sweep	pool	off	cold	sweep	16384	16384	32	1	1	3	512	5133	543778	3308375	27320	5802665	88235	51	0	0	11.1	0.000
run1_A_sweep	hybrid	off	cold	sweep	16384	16384	32	1	2	0	512	3538	5237	20962	14125	7359820	69567	9	0	0	0.0	0.000
run1_A_sweep	pooled_pread	off	cold	sweep	16384	16384	32	1	2	1	512	284918	1771657	7377741	45981	15259040	33554	91	0	0	100.0	0.000
run1_A_sweep	pool	off	cold	sweep	16384	16384	32	1	2	2	512	4918	856757	2631070	29993	5538625	92442	59	0	0	15.2	0.000
run1_A_sweep	uring	off	cold	sweep	16384	16384	32	1	2	3	512	152726	1355232	1363478	11616	5909569	86639	9	0	0	100.0	0.000
run1_A_sweep	pooled_pread	off	cold	sweep	16384	16384	32	1	3	0	512	85274	1461576	3219878	56040	9023170	56743	98	0	0	100.0	0.000
run1_A_sweep	pool	off	cold	sweep	16384	16384	32	1	3	1	512	6433	8665	2951742	24014	4614034	110966	41	0	0	6.2	0.000
run1_A_sweep	uring	off	cold	sweep	16384	16384	32	1	3	2	512	221506	1762575	1874488	15475	7927280	64587	9	0	0	100.0	0.000
run1_A_sweep	hybrid	off	cold	sweep	16384	16384	32	1	3	3	512	3373	8397	21100	13364	6848760	74758	9	0	0	0.0	0.000
run1_A_sweep	pool	off	cold	sweep	16384	16384	32	1	4	0	512	5753	1777626	3990978	32117	6427174	79662	70	0	0	14.5	0.000
run1_A_sweep	uring	off	cold	sweep	16384	16384	32	1	4	1	512	138801	1395540	1442168	12493	6319258	81022	9	0	0	100.0	0.000
run1_A_sweep	hybrid	off	cold	sweep	16384	16384	32	1	4	2	512	3915	8194	18562	14621	7486095	68393	9	0	0	0.0	0.000
run1_A_sweep	pooled_pread	off	cold	sweep	16384	16384	32	1	4	3	512	361477	1792024	4404354	67713	12991946	39409	125	0	0	100.0	0.000
run1_A_sweep	uring	off	cold	sweep	16384	16384	32	1	5	0	512	239273	1600419	1681015	13950	7155137	71557	9	0	0	100.0	0.000
run1_A_sweep	hybrid	off	cold	sweep	16384	16384	32	1	5	1	512	3153	5491	15045	12193	6310094	81140	9	0	0	0.0	0.000
run1_A_sweep	pooled_pread	off	cold	sweep	16384	16384	32	1	5	2	512	72561	1058103	2615295	47463	8294907	61725	80	0	0	100.0	0.000
run1_A_sweep	pool	off	cold	sweep	16384	16384	32	1	5	3	512	5936	8711	2856110	24363	4450040	115055	40	0	0	6.2	0.000
run1_A_sweep	pool	off	cold	sweep	16384	16384	64	1	0	0	512	6361	935453	2889430	29306	5020824	101975	58	0	0	12.1	0.000
run1_A_sweep	uring	off	cold	sweep	16384	16384	64	1	0	1	512	982511	1986328	1990091	14488	8061862	63509	9	0	0	100.0	0.000
run1_A_sweep	hybrid	off	cold	sweep	16384	16384	64	1	0	2	512	3430	7896	16703	13675	6841013	74843	9	0	0	0.0	0.000
run1_A_sweep	pooled_pread	off	cold	sweep	16384	16384	64	1	0	3	512	178430	2392851	3024886	48950	7946745	64429	89	0	0	100.0	0.000
run1_A_sweep	uring	off	cold	sweep	16384	16384	64	1	1	0	512	672041	1895598	1897320	13407	6897720	74227	9	0	0	100.0	0.000
run1_A_sweep	hybrid	off	cold	sweep	16384	16384	64	1	1	1	512	3152	9085	19427	13858	7183629	71273	9	0	0	0.0	0.000
run1_A_sweep	pooled_pread	off	cold	sweep	16384	16384	64	1	1	2	512	386031	2387459	3301964	60277	9567822	53513	113	0	0	100.0	0.000
run1_A_sweep	pool	off	cold	sweep	16384	16384	64	1	1	3	512	6504	891008	3336494	30260	5153808	99344	57	0	0	10.7	0.000
run1_A_sweep	hybrid	off	cold	sweep	16384	16384	64	1	2	0	512	3759	10405	31336	15016	7774337	65858	9	0	0	0.0	0.000
run1_A_sweep	pooled_pread	off	cold	sweep	16384	16384	64	1	2	1	512	857793	2302798	3713616	63778	11505280	44501	119	0	0	100.0	0.000
run1_A_sweep	pool	off	cold	sweep	16384	16384	64	1	2	2	512	5361	9198	3749387	28897	5812162	88091	48	0	0	8.8	0.000
run1_A_sweep	uring	off	cold	sweep	16384	16384	64	1	2	3	512	408220	1548136	1553052	12348	6335590	80813	9	0	0	100.0	0.000
run1_A_sweep	pooled_pread	off	cold	sweep	16384	16384	64	1	3	0	512	657127	2215508	3627519	65526	12057698	42462	123	0	0	100.0	0.000
run1_A_sweep	pool	off	cold	sweep	16384	16384	64	1	3	1	512	5458	19860	4067711	29208	5861009	87357	46	0	0	8.0	0.000
run1_A_sweep	uring	off	cold	sweep	16384	16384	64	1	3	2	512	579147	1693923	1697070	13570	6882395	74393	9	0	0	100.0	0.000
run1_A_sweep	hybrid	off	cold	sweep	16384	16384	64	1	3	3	512	4017	9824	16497	17926	9184525	55746	9	0	0	0.0	0.000
run1_A_sweep	pool	off	cold	sweep	16384	16384	64	1	4	0	512	5823	1237823	3609725	30946	5501010	93074	55	0	0	10.0	0.000
run1_A_sweep	uring	off	cold	sweep	16384	16384	64	1	4	1	512	690026	2123569	2125482	17140	8716010	58742	9	0	0	100.0	0.000
run1_A_sweep	hybrid	off	cold	sweep	16384	16384	64	1	4	2	512	3193	8201	21959	12463	6537472	78318	9	0	0	0.0	0.000
run1_A_sweep	pooled_pread	off	cold	sweep	16384	16384	64	1	4	3	512	216157	2460434	3031703	44294	8174928	62631	107	0	0	100.0	0.000
run1_A_sweep	uring	off	cold	sweep	16384	16384	64	1	5	0	512	649386	2300483	2302601	16933	8822326	58035	9	0	0	100.0	0.000
run1_A_sweep	hybrid	off	cold	sweep	16384	16384	64	1	5	1	512	3325	9166	24137	13508	6947205	73699	9	0	0	0.0	0.000
run1_A_sweep	pooled_pread	off	cold	sweep	16384	16384	64	1	5	2	512	263715	2563483	4170075	57368	10228361	50057	130	0	0	100.0	0.000
run1_A_sweep	pool	off	cold	sweep	16384	16384	64	1	5	3	512	5981	1000554	3229517	28542	5743154	89150	50	0	0	9.6	0.000
run1_A_sweep	pool	off	warm	sweep	16384	16384	1	1	0	0	512	2991	3611	5279	3940	1795301	285189	9	0	0	0.0	0.000
run1_A_sweep	uring	off	warm	sweep	16384	16384	1	1	0	1	512	4306	5549	12427	8249	2591061	197602	9	0	0	100.0	0.000
run1_A_sweep	hybrid	off	warm	sweep	16384	16384	1	1	0	2	512	2719	3089	3584	3809	1655725	309230	9	0	0	0.0	0.000
run1_A_sweep	pooled_pread	off	warm	sweep	16384	16384	1	1	0	3	512	15024	18430	32559	22377	8427974	60750	10	0	0	100.0	0.000
run1_A_sweep	uring	off	warm	sweep	16384	16384	1	1	1	0	512	3187	3642	6103	6047	1924457	266049	9	0	0	100.0	0.000
run1_A_sweep	hybrid	off	warm	sweep	16384	16384	1	1	1	1	512	2497	2814	3845	3157	1486039	344540	9	0	0	0.0	0.000
run1_A_sweep	pooled_pread	off	warm	sweep	16384	16384	1	1	1	2	512	12635	14866	34145	18714	7136196	71747	10	0	0	100.0	0.000
run1_A_sweep	pool	off	warm	sweep	16384	16384	1	1	1	3	512	2534	2796	3886	3321	1419350	360729	9	0	0	0.0	0.000
run1_A_sweep	hybrid	off	warm	sweep	16384	16384	1	1	2	0	512	2379	2728	2960	3336	1465848	349286	9	0	0	0.0	0.000
run1_A_sweep	pooled_pread	off	warm	sweep	16384	16384	1	1	2	1	512	11881	12728	56704	17427	6928978	73893	10	0	0	100.0	0.000
run1_A_sweep	pool	off	warm	sweep	16384	16384	1	1	2	2	512	2332	2665	3238	2782	1371431	373333	9	0	0	0.0	0.000
run1_A_sweep	uring	off	warm	sweep	16384	16384	1	1	2	3	512	3145	4671	5671	6067	1967109	260280	9	0	0	100.0	0.000
run1_A_sweep	pooled_pread	off	warm	sweep	16384	16384	1	1	3	0	512	12144	14582	41843	17794	6945049	73722	10	0	0	100.0	0.000
run1_A_sweep	pool	off	warm	sweep	16384	16384	1	1	3	1	512	2599	3051	4607	3289	1568856	326352	9	0	0	0.0	0.000
run1_A_sweep	uring	off	warm	sweep	16384	16384	1	1	3	2	512	3279	4572	5560	6463	2042409	250684	9	0	0	100.0	0.000
run1_A_sweep	hybrid	off	warm	sweep	16384	16384	1	1	3	3	512	2601	2977	4073	3266	1578757	324306	9	0	0	0.0	0.000
run1_A_sweep	pool	off	warm	sweep	16384	16384	1	1	4	0	512	2503	2819	4012	3199	1436218	356492	9	0	0	0.0	0.000
run1_A_sweep	uring	off	warm	sweep	16384	16384	1	1	4	1	512	4295	5179	9659	7837	2501652	204665	9	0	0	100.0	0.000
run1_A_sweep	hybrid	off	warm	sweep	16384	16384	1	1	4	2	512	2564	2823	3113	3215	1560452	328110	9	0	0	0.0	0.000
run1_A_sweep	pooled_pread	off	warm	sweep	16384	16384	1	1	4	3	512	12298	13921	56695	18548	7234048	70776	10	0	0	100.0	0.000
run1_A_sweep	uring	off	warm	sweep	16384	16384	1	1	5	0	512	4259	4981	5449	7285	2365666	216430	9	0	0	100.0	0.000
run1_A_sweep	hybrid	off	warm	sweep	16384	16384	1	1	5	1	512	2445	2786	3007	3353	1478059	346400	9	0	0	0.0	0.000
run1_A_sweep	pooled_pread	off	warm	sweep	16384	16384	1	1	5	2	512	12143	14412	23571	18253	6729305	76085	10	0	0	100.0	0.000
run1_A_sweep	pool	off	warm	sweep	16384	16384	1	1	5	3	512	2438	2786	3902	3050	1387279	369068	9	0	0	0.0	0.000
run1_A_sweep	pool	off	warm	sweep	16384	16384	2	1	0	0	512	2545	2873	3593	3075	753161	679802	9	0	0	0.0	0.000
run1_A_sweep	uring	off	warm	sweep	16384	16384	2	1	0	1	512	6035	6538	13536	5106	1776618	288188	9	0	0	100.0	0.000
run1_A_sweep	hybrid	off	warm	sweep	16384	16384	2	1	0	2	512	2788	3327	4221	3452	1699489	301267	9	0	0	0.0	0.000
run1_A_sweep	pooled_pread	off	warm	sweep	16384	16384	2	1	0	3	512	14127	17472	44140	16384	4104846	124731	14	0	0	100.0	0.000
run1_A_sweep	uring	off	warm	sweep	16384	16384	2	1	1	0	512	5489	5955	11168	5024	1640589	312083	9	0	0	100.0	0.000
run1_A_sweep	hybrid	off	warm	sweep	16384	16384	2	1	1	1	512	2238	2572	2866	2894	1332525	384233	9	0	0	0.0	0.000
run1_A_sweep	pooled_pread	off	warm	sweep	16384	16384	2	1	1	2	512	18647	27332	81687	20715	5342700	95832	14	0	0	100.0	0.000
run1_A_sweep	pool	off	warm	sweep	16384	16384	2	1	1	3	512	3432	4107	7361	4100	1040765	491946	9	0	0	0.0	0.000
run1_A_sweep	hybrid	off	warm	sweep	16384	16384	2	1	2	0	512	2978	3732	4443	3971	1849410	276845	9	0	0	0.0	0.000
run1_A_sweep	pooled_pread	off	warm	sweep	16384	16384	2	1	2	1	512	16532	20273	49374	18567	4697314	108998	13	0	0	100.0	0.000
run1_A_sweep	pool	off	warm	sweep	16384	16384	2	1	2	2	512	3723	4102	8053	4321	1120125	457092	9	0	0	0.0	0.000
run1_A_sweep	uring	off	warm	sweep	16384	16384	2	1	2	3	512	5848	8170	15861	5732	1904910	268779	9	0	0	100.0	0.000
run1_A_sweep	pooled_pread	off	warm	sweep	16384	16384	2	1	3	0	512	18666	26107	94334	21365	5651889	90589	14	0	0	100.0	0.000
run1_A_sweep	pool	off	warm	sweep	16384	16384	2	1	3	1	512	3676	4267	5319	4383	1097248	466622	9	0	0	0.0	0.000
run1_A_sweep	uring	off	warm	sweep	16384	16384	2	1	3	2	512	8461	9743	18131	6597	2353799	217521	9	0	0	100.0	0.000
run1_A_sweep	hybrid	off	warm	sweep	16384	16384	2	1	3	3	512	2825	3191	4939	3712	1737267	294716	9	0	0	0.0	0.000
run1_A_sweep	pool	off	warm	sweep	16384	16384	2	1	4	0	512	3225	3860	6329	3984	1014092	504885	9	0	0	0.0	0.000
run1_A_sweep	uring	off	warm	sweep	16384	16384	2	1	4	1	512	9087	9863	23880	7198	2671200	191674	9	0	0	100.0	0.000
run1_A_sweep	hybrid	off	warm	sweep	16384	16384	2	1	4	2	512	2813	3319	4149	3686	1707602	299836	9	0	0	0.0	0.000
run1_A_sweep	pooled_pread	off	warm	sweep	16384	16384	2	1	4	3	512	16405	18557	54313	20180	4597014	111377	13	0	0	100.0	0.000
run1_A_sweep	uring	off	warm	sweep	16384	16384	2	1	5	0	512	6637	7139	14579	5714	1970800	259793	9	0	0	100.0	0.000
run1_A_sweep	hybrid	off	warm	sweep	16384	16384	2	1	5	1	512	3385	3782	4149	4283	2027847	252485	9	0	0	0.0	0.000
run1_A_sweep	pooled_pread	off	warm	sweep	16384	16384	2	1	5	2	512	16118	21289	66262	20627	4722645	108414	18	0	0	100.0	0.000
run1_A_sweep	pool	off	warm	sweep	16384	16384	2	1	5	3	512	3615	4365	7097	4716	1104814	463426	9	0	0	0.0	0.000
run1_A_sweep	pool	off	warm	sweep	16384	16384	4	1	0	0	512	3921	4422	6218	4852	839239	610077	9	0	0	0.0	0.000
run1_A_sweep	uring	off	warm	sweep	16384	16384	4	1	0	1	512	15521	16551	29501	5665	2323441	220363	9	0	0	100.0	0.000
run1_A_sweep	hybrid	off	warm	sweep	16384	16384	4	1	0	2	512	3391	4039	11853	4745	2232419	229348	9	0	0	0.0	0.000
run1_A_sweep	pooled_pread	off	warm	sweep	16384	16384	4	1	0	3	512	19166	52741	377014	23444	5070104	100984	25	0	0	100.0	0.000
run1_A_sweep	uring	off	warm	sweep	16384	16384	4	1	1	0	512	12653	13548	22263	4800	1868406	274030	9	0	0	100.0	0.000
run1_A_sweep	hybrid	off	warm	sweep	16384	16384	4	1	1	1	512	3402	3813	5364	4312	2082569	245850	9	0	0	0.0	0.000
run1_A_sweep	pooled_pread	off	warm	sweep	16384	16384	4	1	1	2	512	14557	29081	148612	20109	2644380	193618	19	0	0	100.0	0.000
run1_A_sweep	pool	off	warm	sweep	16384	16384	4	1	1	3	512	4218	5247	12355	5220	693525	738257	9	0	0	0.0	0.000
run1_A_sweep	hybrid	off	warm	sweep	16384	16384	4	1	2	0	512	3220	3744	4530	4287	2056667	248946	9	0	0	0.0	0.000
run1_A_sweep	pooled_pread	off	warm	sweep	16384	16384	4	1	2	1	512	16002	46105	126889	25137	3190376	160483	23	0	0	100.0	0.000
run1_A_sweep	pool	off	warm	sweep	16384	16384	4	1	2	2	512	5519	6469	15102	6384	855019	598817	9	0	0	0.0	0.000
run1_A_sweep	uring	off	warm	sweep	16384	16384	4	1	2	3	512	15436	19895	29630	5974	2344705	218364	9	0	0	100.0	0.000
run1_A_sweep	pooled_pread	off	warm	sweep	16384	16384	4	1	3	0	512	14487	30814	130609	23094	2856765	179224	23	0	0	100.0	0.000
run1_A_sweep	pool	off	warm	sweep	16384	16384	4	1	3	1	512	4182	5530	6381	5261	722917	708242	9	0	0	0.0	0.000
run1_A_sweep	uring	off	warm	sweep	16384	16384	4	1	3	2	512	14779	18162	33357	5940	2261433	226405	9	0	0	100.0	0.000
run1_A_sweep	hybrid	off	warm	sweep	16384	16384	4	1	3	3	512	3174	3592	4119	4262	1937883	264206	9	0	0	0.0	0.000
run1_A_sweep	pool	off	warm	sweep	16384	16384	4	1	4	0	512	4652	6182	8012	5827	756437	676857	9	0	0	0.0	0.000
run1_A_sweep	uring	off	warm	sweep	16384	16384	4	1	4	1	512	14837	19817	33618	5900	2369276	216100	9	0	0	100.0	0.000
run1_A_sweep	hybrid	off	warm	sweep	16384	16384	4	1	4	2	512	3804	4419	5735	4994	2329497	219790	9	0	0	0.0	0.000
run1_A_sweep	pooled_pread	off	warm	sweep	16384	16384	4	1	4	3	512	18540	48035	191452	23670	3574047	143255	22	0	0	100.0	0.000
run1_A_sweep	uring	off	warm	sweep	16384	16384	4	1	5	0	512	13416	19663	27434	5646	2222469	230374	9	0	0	100.0	0.000
run1_A_sweep	hybrid	off	warm	sweep	16384	16384	4	1	5	1	512	3181	3677	4880	4418	2004902	255374	9	0	0	0.0	0.000
run1_A_sweep	pooled_pread	off	warm	sweep	16384	16384	4	1	5	2	512	21250	68632	209225	25366	4773794	107252	25	0	0	100.0	0.000
run1_A_sweep	pool	off	warm	sweep	16384	16384	4	1	5	3	512	5666	6808	17187	7085	1095663	467297	9	0	0	0.0	0.000
run1_A_sweep	pool	off	warm	sweep	16384	16384	8	1	0	0	512	4924	6070	6937	5915	846494	604848	9	0	0	0.0	0.000
run1_A_sweep	uring	off	warm	sweep	16384	16384	8	1	0	1	512	29338	39167	50410	5821	2423594	211257	9	0	0	100.0	0.000
run1_A_sweep	hybrid	off	warm	sweep	16384	16384	8	1	0	2	512	3454	3937	4597	4426	2107087	242989	9	0	0	0.0	0.000
run1_A_sweep	pooled_pread	off	warm	sweep	16384	16384	8	1	0	3	512	22565	218515	500214	35324	4722782	108411	44	0	0	100.0	0.000
run1_A_sweep	uring	off	warm	sweep	16384	16384	8	1	1	0	512	36632	40744	65573	6365	2783195	183961	9	0	0	100.0	0.000
run1_A_sweep	hybrid	off	warm	sweep	16384	16384	8	1	1	1	512	3066	3456	5445	4084	1927403	265642	9	0	0	0.0	0.000
run1_A_sweep	pooled_pread	off	warm	sweep	16384	16384	8	1	1	2	512	24938	160997	382926	31097	3653497	140140	37	0	0	100.0	0.000
run1_A_sweep	pool	off	warm	sweep	16384	16384	8	1	1	3	512	4792	5633	6875	5654	1016700	503590	9	0	0	0.0	0.000
run1_A_sweep	hybrid	off	warm	sweep	16384	16384	8	1	2	0	512	3543	4849	6344	4874	2355097	217401	9	0	0	0.0	0.000
run1_A_sweep	pooled_pread	off	warm	sweep	16384	16384	8	1	2	1	512	27239	242991	874043	32638	5748358	89069	55	0	0	100.0	0.000
run1_A_sweep	pool	off	warm	sweep	16384	16384	8	1	2	2	512	4944	6041	19018	6194	682939	749701	9	0	0	0.0	0.000
run1_A_sweep	uring	off	warm	sweep	16384	16384	8	1	2	3	512	24093	52771	103750	5523	2316952	220980	9	0	0	100.0	0.000
run1_A_sweep	pooled_pread	off	warm	sweep	16384	16384	8	1	3	0	512	19966	156336	413100	28777	3395105	150805	34	0	0	100.0	0.000
run1_A_sweep	pool	off	warm	sweep	16384	16384	8	1	3	1	512	5580	6480	18688	6820	658203	777876	9	0	0	0.0	0.000
run1_A_sweep	uring	off	warm	sweep	16384	16384	8	1	3	2	512	24140	25994	42216	4753	1846222	277323	9	0	0	100.0	0.000
run1_A_sweep	hybrid	off	warm	sweep	16384	16384	8	1	3	3	512	3144	3493	4999	4310	1931343	265101	9	0	0	0.0	0.000
run1_A_sweep	pool	off	warm	sweep	16384	16384	8	1	4	0	512	5296	6068	7007	6117	597722	856586	9	0	0	0.0	0.000
run1_A_sweep	uring	off	warm	sweep	16384	16384	8	1	4	1	512	30821	40134	74710	5469	2336599	219122	9	0	0	100.0	0.000
run1_A_sweep	hybrid	off	warm	sweep	16384	16384	8	1	4	2	512	3353	4084	10351	4502	2157021	237364	9	0	0	0.0	0.000
run1_A_sweep	pooled_pread	off	warm	sweep	16384	16384	8	1	4	3	512	21645	199263	426646	34426	4180379	122477	40	0	0	100.0	0.000
run1_A_sweep	uring	off	warm	sweep	16384	16384	8	1	5	0	512	30968	39165	57738	5696	2351839	217702	9	0	0	100.0	0.000
run1_A_sweep	hybrid	off	warm	sweep	16384	16384	8	1	5	1	512	3081	3457	4229	4022	1897074	269889	9	0	0	0.0	0.000
run1_A_sweep	pooled_pread	off	warm	sweep	16384	16384	8	1	5	2	512	18536	123545	362252	26777	3070796	166732	33	0	0	100.0	0.000
run1_A_sweep	pool	off	warm	sweep	16384	16384	8	1	5	3	512	5626	6380	6949	6685	589141	869062	9	0	0	0.0	0.000
run1_A_sweep	pool	off	warm	sweep	16384	16384	16	1	0	0	512	5506	6386	7142	6499	562624	910022	9	0	0	0.0	0.000
run1_A_sweep	uring	off	warm	sweep	16384	16384	16	1	0	1	512	46523	60854	72756	4301	1930483	265219	9	0	0	100.0	0.000
run1_A_sweep	hybrid	off	warm	sweep	16384	16384	16	1	0	2	512	3044	3472	6274	4241	1988043	257540	9	0	0	0.0	0.000
run1_A_sweep	pooled_pread	off	warm	sweep	16384	16384	16	1	0	3	512	38508	373538	1107836	33483	4674825	109523	67	0	0	100.0	0.000
run1_A_sweep	uring	off	warm	sweep	16384	16384	16	1	1	0	512	51995	72303	93412	4933	2217037	230939	9	0	0	100.0	0.000
run1_A_sweep	hybrid	off	warm	sweep	16384	16384	16	1	1	1	512	3738	4737	5872	5360	2519737	203196	9	0	0	0.0	0.000
run1_A_sweep	pooled_pread	off	warm	sweep	16384	16384	16	1	1	2	512	48483	422574	2059361	44291	6462525	79226	96	0	0	100.0	0.000
run1_A_sweep	pool	off	warm	sweep	16384	16384	16	1	1	3	512	8118	10148	25350	9851	1017332	503277	9	0	0	0.0	0.000
run1_A_sweep	hybrid	off	warm	sweep	16384	16384	16	1	2	0	512	3287	3763	5678	4804	2206438	232048	9	0	0	0.0	0.000
run1_A_sweep	pooled_pread	off	warm	sweep	16384	16384	16	1	2	1	512	37420	390347	1219602	40008	4878784	104944	84	0	0	100.0	0.000
run1_A_sweep	pool	off	warm	sweep	16384	16384	16	1	2	2	512	5891	6878	18993	7259	630821	811641	9	0	0	0.0	0.000
run1_A_sweep	uring	off	warm	sweep	16384	16384	16	1	2	3	512	50485	54243	67361	4816	1990116	257271	9	0	0	100.0	0.000
run1_A_sweep	pooled_pread	off	warm	sweep	16384	16384	16	1	3	0	512	40772	370905	1810405	40786	5953005	86007	108	0	0	100.0	0.000
run1_A_sweep	pool	off	warm	sweep	16384	16384	16	1	3	1	512	5812	6671	7581	7016	527574	970480	9	0	0	0.0	0.000
run1_A_sweep	uring	off	warm	sweep	16384	16384	16	1	3	2	512	48986	64976	66498	4696	2112993	242310	9	0	0	100.0	0.000
run1_A_sweep	hybrid	off	warm	sweep	16384	16384	16	1	3	3	512	2939	3322	4152	4231	1903072	269039	9	0	0	0.0	0.000
run1_A_sweep	pool	off	warm	sweep	16384	16384	16	1	4	0	512	5790	6699	7697	6940	523643	977765	9	0	0	0.0	0.000
run1_A_sweep	uring	off	warm	sweep	16384	16384	16	1	4	1	512	42726	49966	69765	3723	1687945	303327	9	0	0	100.0	0.000
run1_A_sweep	hybrid	off	warm	sweep	16384	16384	16	1	4	2	512	2849	3207	4339	3736	1778597	287867	9	0	0	0.0	0.000
run1_A_sweep	pooled_pread	off	warm	sweep	16384	16384	16	1	4	3	512	31252	321815	1526871	31225	4019172	127389	67	0	0	100.0	0.000
run1_A_sweep	uring	off	warm	sweep	16384	16384	16	1	5	0	512	48580	60476	68481	4560	1966018	260425	9	0	0	100.0	0.000
run1_A_sweep	hybrid	off	warm	sweep	16384	16384	16	1	5	1	512	3061	3374	3979	4148	1938430	264131	9	0	0	0.0	0.000
run1_A_sweep	pooled_pread	off	warm	sweep	16384	16384	16	1	5	2	512	37685	383541	1377172	37441	5150285	99412	91	0	0	100.0	0.000
run1_A_sweep	pool	off	warm	sweep	16384	16384	16	1	5	3	512	4372	6458	18771	6022	1143655	447687	9	0	0	0.0	0.000
run1_A_sweep	pool	off	warm	sweep	16384	16384	32	1	0	0	512	5479	6430	15832	6710	722853	708304	9	0	0	0.0	0.000
run1_A_sweep	uring	off	warm	sweep	16384	16384	32	1	0	1	512	131119	157674	181536	6256	2875305	178068	9	0	0	100.0	0.000
run1_A_sweep	hybrid	off	warm	sweep	16384	16384	32	1	0	2	512	3481	3962	6539	5136	2497035	205043	9	0	0	0.0	0.000
run1_A_sweep	pooled_pread	off	warm	sweep	16384	16384	32	1	0	3	512	162170	829608	2342856	48661	6645891	77040	132	0	0	100.0	0.000
run1_A_sweep	uring	off	warm	sweep	16384	16384	32	1	1	0	512	107832	118002	142718	5036	2231644	229427	9	0	0	100.0	0.000
run1_A_sweep	hybrid	off	warm	sweep	16384	16384	32	1	1	1	512	3052	3493	4116	4406	2120581	241443	9	0	0	0.0	0.000
run1_A_sweep	pooled_pread	off	warm	sweep	16384	16384	32	1	1	2	512	79528	1019625	2444096	35027	4868041	105176	87	0	0	100.0	0.000
run1_A_sweep	pool	off	warm	sweep	16384	16384	32	1	1	3	512	4645	5601	6365	5615	740252	691656	9	0	0	0.0	0.000
run1_A_sweep	hybrid	off	warm	sweep	16384	16384	32	1	2	0	512	3685	4138	4789	5409	2596150	197215	9	0	0	0.0	0.000
run1_A_sweep	pooled_pread	off	warm	sweep	16384	16384	32	1	2	1	512	263316	1172772	2683516	55421	9581375	53437	137	0	0	100.0	0.000
run1_A_sweep	pool	off	warm	sweep	16384	16384	32	1	2	2	512	4935	6002	6983	6086	660096	775645	9	0	0	0.0	0.000
run1_A_sweep	uring	off	warm	sweep	16384	16384	32	1	2	3	512	88843	101851	102725	4365	1893757	270362	9	0	0	100.0	0.000
run1_A_sweep	pooled_pread	off	warm	sweep	16384	16384	32	1	3	0	512	82551	830472	2154010	34879	5413239	94583	83	0	0	100.0	0.000
run1_A_sweep	pool	off	warm	sweep	16384	16384	32	1	3	1	512	5843	6801	19542	6983	607445	842875	9	0	0	0.0	0.000
run1_A_sweep	uring	off	warm	sweep	16384	16384	32	1	3	2	512	88632	104219	113625	4275	1919531	266732	9	0	0	100.0	0.000
run1_A_sweep	hybrid	off	warm	sweep	16384	16384	32	1	3	3	512	2895	3295	5869	4273	2045877	250259	9	0	0	0.0	0.000
run1_A_sweep	pool	off	warm	sweep	16384	16384	32	1	4	0	512	5670	6749	7672	6932	1983921	258075	9	0	0	0.0	0.000
run1_A_sweep	uring	off	warm	sweep	16384	16384	32	1	4	1	512	101957	138921	148417	4992	2257146	226835	9	0	0	100.0	0.000
run1_A_sweep	hybrid	off	warm	sweep	16384	16384	32	1	4	2	512	3070	3814	4517	4549	2124811	240963	9	0	0	0.0	0.000
run1_A_sweep	pooled_pread	off	warm	sweep	16384	16384	32	1	4	3	512	91499	846811	2637084	36846	4890144	104700	105	0	0	100.0	0.000
run1_A_sweep	uring	off	warm	sweep	16384	16384	32	1	5	0	512	89761	106959	118542	4458	1924529	266039	9	0	0	100.0	0.000
run1_A_sweep	hybrid	off	warm	sweep	16384	16384	32	1	5	1	512	2824	3180	5452	4313	1997686	256297	9	0	0	0.0	0.000
run1_A_sweep	pooled_pread	off	warm	sweep	16384	16384	32	1	5	2	512	93817	735756	2026980	33028	4661100	109845	96	0	0	100.0	0.000
run1_A_sweep	pool	off	warm	sweep	16384	16384	32	1	5	3	512	5803	6747	24901	7036	609939	839428	9	0	0	0.0	0.000
run1_A_sweep	pool	off	warm	sweep	16384	16384	64	1	0	0	512	5421	6332	7010	6629	568775	900180	9	0	0	0.0	0.000
run1_A_sweep	uring	off	warm	sweep	16384	16384	64	1	0	1	512	189464	279566	281316	5147	2387234	214474	9	0	0	100.0	0.000
run1_A_sweep	hybrid	off	warm	sweep	16384	16384	64	1	0	2	512	2819	3194	4559	4682	2275477	225008	9	0	0	0.0	0.000
run1_A_sweep	pooled_pread	off	warm	sweep	16384	16384	64	1	0	3	512	213411	1808477	3479693	41988	6140727	83378	131	0	0	100.0	0.000
run1_A_sweep	uring	off	warm	sweep	16384	16384	64	1	1	0	512	181457	203783	207382	4950	2291975	223388	9	0	0	100.0	0.000
run1_A_sweep	hybrid	off	warm	sweep	16384	16384	64	1	1	1	512	3180	4562	6665	5718	2715987	188513	9	0	0	0.0	0.000
run1_A_sweep	pooled_pread	off	warm	sweep	16384	16384	64	1	1	2	512	206397	1848352	3481152	37245	5346784	95758	110	0	0	100.0	0.000
run1_A_sweep	pool	off	warm	sweep	16384	16384	64	1	1	3	512	5659	6572	14859	6868	621258	824134	9	0	0	0.0	0.000
run1_A_sweep	hybrid	off	warm	sweep	16384	16384	64	1	2	0	512	3300	4187	5568	5689	2637920	194092	9	0	0	0.0	0.000
run1_A_sweep	pooled_pread	off	warm	sweep	16384	16384	64	1	2	1	512	196411	919910	2005947	37826	4698012	108982	83	0	0	100.0	0.000
run1_A_sweep	pool	off	warm	sweep	16384	16384	64	1	2	2	512	4699	5847	6646	5932	675047	758466	9	0	0	0.0	0.000
run1_A_sweep	uring	off	warm	sweep	16384	16384	64	1	2	3	512	210639	238800	240586	5121	2485954	205957	9	0	0	100.0	0.000
run1_A_sweep	pooled_pread	off	warm	sweep	16384	16384	64	1	3	0	512	233844	1899054	3060098	42013	5698416	89850	109	0	0	100.0	0.000
run1_A_sweep	pool	off	warm	sweep	16384	16384	64	1	3	1	512	5836	6759	22021	7533	795934	643269	9	0	0	0.0	0.000
run1_A_sweep	uring	off	warm	sweep	16384	16384	64	1	3	2	512	214827	244904	246554	5256	2453108	208715	9	0	0	100.0	0.000
run1_A_sweep	hybrid	off	warm	sweep	16384	16384	64	1	3	3	512	3495	4655	6075	5828	2775791	184452	9	0	0	0.0	0.000
run1_A_sweep	pool	off	warm	sweep	16384	16384	64	1	4	0	512	5294	6125	6927	6741	621708	823538	9	0	0	0.0	0.000
run1_A_sweep	uring	off	warm	sweep	16384	16384	64	1	4	1	512	288604	328549	331367	7016	3427299	149389	9	0	0	100.0	0.000
run1_A_sweep	hybrid	off	warm	sweep	16384	16384	64	1	4	2	512	3645	4506	8635	6101	2926984	174924	9	0	0	0.0	0.000
run1_A_sweep	pooled_pread	off	warm	sweep	16384	16384	64	1	4	3	512	197793	1061239	1937404	40126	4758255	107602	79	0	0	100.0	0.000
run1_A_sweep	uring	off	warm	sweep	16384	16384	64	1	5	0	512	203978	228619	230463	5170	2453288	208700	9	0	0	100.0	0.000
run1_A_sweep	hybrid	off	warm	sweep	16384	16384	64	1	5	1	512	3143	3484	4765	5434	2646103	193492	9	0	0	0.0	0.000
run1_A_sweep	pooled_pread	off	warm	sweep	16384	16384	64	1	5	2	512	196829	1513373	2812915	39216	5110126	100193	91	0	0	100.0	0.000
run1_A_sweep	pool	off	warm	sweep	16384	16384	64	1	5	3	512	6107	7080	7821	7729	681830	750920	9	0	0	0.0	0.000
run1_B_prefetch_stride	pool	off	cold	stride	16384	250000	1	1	0	0	512	197105	265691	343586	70829	97479027	5252	10	0	0	89.1	0.000
run1_B_prefetch_stride	hybrid	off	cold	stride	16384	250000	1	1	0	1	512	178946	230509	311272	52650	88985563	5754	9	0	0	90.2	0.000
run1_B_prefetch_stride	uring	off	cold	stride	16384	250000	1	1	0	2	512	182560	238739	295910	51278	89679645	5709	9	0	0	100.0	0.000
run1_B_prefetch_stride	hybrid	off	cold	stride	16384	250000	1	1	1	0	512	189946	247899	397179	56793	94167920	5437	9	0	0	90.2	0.000
run1_B_prefetch_stride	uring	off	cold	stride	16384	250000	1	1	1	1	512	185054	246903	313337	54481	90703972	5645	9	0	0	100.0	0.000
run1_B_prefetch_stride	pool	off	cold	stride	16384	250000	1	1	1	2	512	180561	248163	325771	64521	89891058	5696	11	0	0	90.4	0.000
run1_B_prefetch_stride	uring	off	cold	stride	16384	250000	1	1	2	0	512	177853	229466	323591	48693	87615731	5844	9	0	0	100.0	0.000
run1_B_prefetch_stride	pool	off	cold	stride	16384	250000	1	1	2	1	512	172991	233130	333108	59327	86150792	5943	10	0	0	90.0	0.000
run1_B_prefetch_stride	hybrid	off	cold	stride	16384	250000	1	1	2	2	512	179960	227503	289089	56255	88249641	5802	9	0	0	90.4	0.000
run1_B_prefetch_stride	pool	off	cold	stride	16384	250000	1	1	3	0	512	177867	241491	295430	59128	87938653	5822	10	0	0	90.0	0.000
run1_B_prefetch_stride	hybrid	off	cold	stride	16384	250000	1	1	3	1	512	169655	221958	298409	43096	83709095	6116	9	0	0	90.8	0.000
run1_B_prefetch_stride	uring	off	cold	stride	16384	250000	1	1	3	2	512	176041	233487	331216	42396	87751023	5835	9	0	0	100.0	0.000
run1_B_prefetch_stride	hybrid	off	cold	stride	16384	250000	1	1	4	0	512	226374	493088	592832	95283	139310811	3675	9	0	0	89.5	0.000
run1_B_prefetch_stride	uring	off	cold	stride	16384	250000	1	1	4	1	512	206280	309125	393498	57536	103078257	4967	9	0	0	100.0	0.000
run1_B_prefetch_stride	pool	off	cold	stride	16384	250000	1	1	4	2	512	186250	247345	314477	61733	91066789	5622	10	0	0	90.2	0.000
run1_B_prefetch_stride	uring	off	cold	stride	16384	250000	1	1	5	0	512	171204	234376	332638	43657	86009577	5953	9	0	0	100.0	0.000
run1_B_prefetch_stride	pool	off	cold	stride	16384	250000	1	1	5	1	512	174869	233508	332192	64209	86753992	5902	10	0	0	90.0	0.000
run1_B_prefetch_stride	hybrid	off	cold	stride	16384	250000	1	1	5	2	512	171959	233535	300104	50133	85529056	5986	9	0	0	89.8	0.000
run1_B_prefetch_stride	pool	on	cold	stride	16384	250000	1	1	0	0	512	85218	143502	200722	52820	44877655	11409	10	0	0	80.3	0.000
run1_B_prefetch_stride	hybrid	on	cold	stride	16384	250000	1	1	0	1	512	79644	157988	211557	41315	44667648	11462	9	0	0	74.2	0.000
run1_B_prefetch_stride	uring	on	cold	stride	16384	250000	1	1	0	2	512	81008	149854	213749	38718	43708193	11714	9	0	0	100.0	0.000
run1_B_prefetch_stride	hybrid	on	cold	stride	16384	250000	1	1	1	0	512	79342	154279	200129	39125	43828362	11682	9	0	0	75.2	0.000
run1_B_prefetch_stride	uring	on	cold	stride	16384	250000	1	1	1	1	512	78652	157386	222765	40018	46767296	10948	9	0	0	100.0	0.000
run1_B_prefetch_stride	pool	on	cold	stride	16384	250000	1	1	1	2	512	88243	160252	215816	51471	45942409	11144	10	0	0	78.1	0.000
run1_B_prefetch_stride	uring	on	cold	stride	16384	250000	1	1	2	0	512	82273	147917	203390	39041	43541416	11759	9	0	0	100.0	0.000
run1_B_prefetch_stride	pool	on	cold	stride	16384	250000	1	1	2	1	512	86290	171726	229439	48440	45963152	11139	10	0	0	74.6	0.000
run1_B_prefetch_stride	hybrid	on	cold	stride	16384	250000	1	1	2	2	512	79951	154721	207067	38395	43898262	11663	9	0	0	79.5	0.000
run1_B_prefetch_stride	pool	on	cold	stride	16384	250000	1	1	3	0	512	84339	164077	235971	48718	46249007	11071	10	0	0	74.2	0.000
run1_B_prefetch_stride	hybrid	on	cold	stride	16384	250000	1	1	3	1	512	82093	149882	215998	40617	43916779	11658	9	0	0	77.3	0.000
run1_B_prefetch_stride	uring	on	cold	stride	16384	250000	1	1	3	2	512	79314	152372	203846	37472	43857398	11674	9	0	0	100.0	0.000
run1_B_prefetch_stride	hybrid	on	cold	stride	16384	250000	1	1	4	0	512	89982	182992	249638	50333	51023606	10035	9	0	0	70.7	0.000
run1_B_prefetch_stride	uring	on	cold	stride	16384	250000	1	1	4	1	512	89854	183746	234345	50371	52007621	9845	9	0	0	100.0	0.000
run1_B_prefetch_stride	pool	on	cold	stride	16384	250000	1	1	4	2	512	94785	196458	283063	64512	54582338	9380	10	0	0	64.1	0.000
run1_B_prefetch_stride	uring	on	cold	stride	16384	250000	1	1	5	0	512	83249	176013	241593	47273	51036162	10032	9	0	0	100.0	0.000
run1_B_prefetch_stride	pool	on	cold	stride	16384	250000	1	1	5	1	512	81748	160043	230901	48393	44650039	11467	10	0	0	75.4	0.000
run1_B_prefetch_stride	hybrid	on	cold	stride	16384	250000	1	1	5	2	512	79439	147413	220166	41863	44269444	11566	9	0	0	76.2	0.000
run1_B_prefetch_stride	pool	off	cold	stride	16384	250000	4	1	0	0	512	185584	275510	370194	61605	24659268	20763	14	0	0	92.8	0.000
run1_B_prefetch_stride	hybrid	off	cold	stride	16384	250000	4	1	0	1	512	187743	263030	366976	38962	25827390	19824	9	0	0	90.6	0.000
run1_B_prefetch_stride	uring	off	cold	stride	16384	250000	4	1	0	2	512	193763	303112	455600	38386	26431805	19371	9	0	0	100.0	0.000
run1_B_prefetch_stride	hybrid	off	cold	stride	16384	250000	4	1	1	0	512	184080	258215	361560	38099	25251541	20276	9	0	0	90.8	0.000
run1_B_prefetch_stride	uring	off	cold	stride	16384	250000	4	1	1	1	512	190326	288011	483364	36894	25572874	20021	9	0	0	100.0	0.000
run1_B_prefetch_stride	pool	off	cold	stride	16384	250000	4	1	1	2	512	186929	280019	467046	63278	25182215	20332	15	0	0	91.4	0.000
run1_B_prefetch_stride	uring	off	cold	stride	16384	250000	4	1	2	0	512	190244	284172	418667	37219	25867698	19793	9	0	0	100.0	0.000
run1_B_prefetch_stride	pool	off	cold	stride	16384	250000	4	1	2	1	512	189876	281976	1834737	62278	29113501	17586	14	0	0	93.0	0.000
run1_B_prefetch_stride	hybrid	off	cold	stride	16384	250000	4	1	2	2	512	177234	261776	355165	35925	24851779	20602	9	0	0	90.6	0.000
run1_B_prefetch_stride	pool	off	cold	stride	16384	250000	4	1	3	0	512	182271	265705	356356	59209	24260407	21104	15	0	0	92.8	0.000
run1_B_prefetch_stride	hybrid	off	cold	stride	16384	250000	4	1	3	1	512	183994	255462	333717	37543	25282891	20251	9	0	0	90.6	0.000
run1_B_prefetch_stride	uring	off	cold	stride	16384	250000	4	1	3	2	512	184396	279079	406482	35458	24952789	20519	9	0	0	100.0	0.000
run1_B_prefetch_stride	hybrid	off	cold	stride	16384	250000	4	1	4	0	512	187640	261779	358891	39397	25720136	19907	9	0	0	90.8	0.000
run1_B_prefetch_stride	uring	off	cold	stride	16384	250000	4	1	4	1	512	185819	274448	466826	36111	25237289	20287	9	0	0	100.0	0.000
run1_B_prefetch_stride	pool	off	cold	stride	16384	250000	4	1	4	2	512	191098	276931	374994	64694	25493355	20084	15	0	0	93.2	0.000
run1_B_prefetch_stride	uring	off	cold	stride	16384	250000	4	1	5	0	512	183769	279918	472755	36348	24974510	20501	9	0	0	100.0	0.000
run1_B_prefetch_stride	pool	off	cold	stride	16384	250000	4	1	5	1	512	190411	281250	563217	63899	26650855	19211	14	0	0	92.8	0.000
run1_B_prefetch_stride	hybrid	off	cold	stride	16384	250000	4	1	5	2	512	197931	281866	488515	45617	29067026	17614	9	0	0	90.6	0.000
run1_B_prefetch_stride	pool	on	cold	stride	16384	250000	4	1	0	0	512	104594	463984	1865351	66266	28364838	18051	17	0	0	51.0	0.000
run1_B_prefetch_stride	hybrid	on	cold	stride	16384	250000	4	1	0	1	512	55327	199293	316220	36099	19780312	25884	9	0	0	46.7	0.000
run1_B_prefetch_stride	uring	on	cold	stride	16384	250000	4	1	0	2	512	99455	209571	292913	31952	17705227	28918	9	0	0	100.0	0.000
run1_B_prefetch_stride	hybrid	on	cold	stride	16384	250000	4	1	1	0	512	56917	212765	318914	38793	21741105	23550	9	0	0	43.0	0.000
run1_B_prefetch_stride	uring	on	cold	stride	16384	250000	4	1	1	1	512	123160	235997	377552	43227	23075789	22188	9	0	0	100.0	0.000
run1_B_prefetch_stride	pool	on	cold	stride	16384	250000	4	1	1	2	512	119929	266999	401159	59960	18270901	28023	16	0	0	69.3	0.000
run1_B_prefetch_stride	uring	on	cold	stride	16384	250000	4	1	2	0	512	91777	207432	317828	30038	16937209	30229	9	0	0	100.0	0.000
run1_B_prefetch_stride	pool	on	cold	stride	16384	250000	4	1	2	1	512	113031	296839	481125	58151	18172022	28175	17	0	0	61.5	0.000
run1_B_prefetch_stride	hybrid	on	cold	stride	16384	250000	4	1	2	2	512	74107	204184	327180	32191	18446470	27756	9	0	0	57.0	0.000
run1_B_prefetch_stride	pool	on	cold	stride	16384	250000	4	1	3	0	512	108238	280199	484615	56600	17683805	28953	15	0	0	68.8	0.000
run1_B_prefetch_stride	hybrid	on	cold	stride	16384	250000	4	1	3	1	512	58020	212705	367702	37994	22912798	22346	9	0	0	43.8	0.000
run1_B_prefetch_stride	uring	on	cold	stride	16384	250000	4	1	3	2	512	110825	221556	390074	39093	21453204	23866	9	0	0	100.0	0.000
run1_B_prefetch_stride	hybrid	on	cold	stride	16384	250000	4	1	4	0	512	52898	195348	291240	37615	20891489	24508	9	0	0	39.5	0.000
run1_B_prefetch_stride	uring	on	cold	stride	16384	250000	4	1	4	1	512	95398	213942	299652	30915	17311633	29575	9	0	0	100.0	0.000
run1_B_prefetch_stride	pool	on	cold	stride	16384	250000	4	1	4	2	512	112502	283758	551667	57040	19113859	26787	15	0	0	63.7	0.000
run1_B_prefetch_stride	uring	on	cold	stride	16384	250000	4	1	5	0	512	93188	212271	324059	30476	17234827	29707	9	0	0	100.0	0.000
run1_B_prefetch_stride	pool	on	cold	stride	16384	250000	4	1	5	1	512	102996	286467	452867	58840	17067351	29999	14	0	0	62.7	0.000
run1_B_prefetch_stride	hybrid	on	cold	stride	16384	250000	4	1	5	2	512	64042	199085	297561	32596	18299661	27979	9	0	0	55.3	0.000
run1_B_prefetch_stride	pool	off	cold	stride	16384	250000	16	1	0	0	512	434842	990218	1814135	80456	17509667	29241	38	0	0	93.0	0.000
run1_B_prefetch_stride	hybrid	off	cold	stride	16384	250000	16	1	0	1	512	400300	590072	1213529	36115	19284101	26550	9	0	0	91.0	0.000
run1_B_prefetch_stride	uring	off	cold	stride	16384	250000	16	1	0	2	512	553413	865718	1434498	34701	19666265	26034	9	0	0	100.0	0.000
run1_B_prefetch_stride	hybrid	off	cold	stride	16384	250000	16	1	1	0	512	399906	620144	1208096	37476	19556937	26180	9	0	0	91.0	0.000
run1_B_prefetch_stride	uring	off	cold	stride	16384	250000	16	1	1	1	512	552789	756371	1279317	33274	18090694	28302	9	0	0	100.0	0.000
run1_B_prefetch_stride	pool	off	cold	stride	16384	250000	16	1	1	2	512	417764	862460	1507055	80389	16056193	31888	42	0	0	92.2	0.000
run1_B_prefetch_stride	uring	off	cold	stride	16384	250000	16	1	2	0	512	576913	907400	1401497	36701	20133960	25430	9	0	0	100.0	0.000
run1_B_prefetch_stride	pool	off	cold	stride	16384	250000	16	1	2	1	512	461186	891927	1467906	80718	16642502	30765	34	0	0	91.8	0.000
run1_B_prefetch_stride	hybrid	off	cold	stride	16384	250000	16	1	2	2	512	441141	668816	1381507	41524	21824068	23460	9	0	0	90.2	0.000
run1_B_prefetch_stride	pool	off	cold	stride	16384	250000	16	1	3	0	512	428647	872805	1490811	76587	16497579	31035	33	0	0	92.0	0.000
run1_B_prefetch_stride	hybrid	off	cold	stride	16384	250000	16	1	3	1	512	400070	593142	1079218	37166	19166955	26713	9	0	0	91.0	0.000
run1_B_prefetch_stride	uring	off	cold	stride	16384	250000	16	1	3	2	512	629594	891416	1516705	38404	21190307	24162	9	0	0	100.0	0.000
run1_B_prefetch_stride	hybrid	off	cold	stride	16384	250000	16	1	4	0	512	413206	608943	1258513	39456	20112785	25456	9	0	0	90.6	0.000
run1_B_prefetch_stride	uring	off	cold	stride	16384	250000	16	1	4	1	512	713219	1284649	2569792	43048	27511238	18611	9	0	0	100.0	0.000
run1_B_prefetch_stride	pool	off	cold	stride	16384	250000	16	1	4	2	512	502968	923284	1733783	84802	18420527	27795	40	0	0	92.6	0.000
run1_B_prefetch_stride	uring	off	cold	stride	16384	250000	16	1	5	0	512	577376	817568	1268273	33967	18838447	27178	9	0	0	100.0	0.000
run1_B_prefetch_stride	pool	off	cold	stride	16384	250000	16	1	5	1	512	461929	1023567	1779668	81012	18324983	27940	39	0	0	93.0	0.000
run1_B_prefetch_stride	hybrid	off	cold	stride	16384	250000	16	1	5	2	512	380906	558361	1330023	35375	19256739	26588	9	0	0	91.0	0.000
run1_B_prefetch_stride	pool	on	cold	stride	16384	250000	16	1	0	0	512	60824	1063222	1905446	61164	10928882	46848	34	0	0	34.0	0.000
run1_B_prefetch_stride	hybrid	on	cold	stride	16384	250000	16	1	0	1	512	34310	57783	381000	33224	18328629	27934	9	0	0	2.7	0.000
run1_B_prefetch_stride	uring	on	cold	stride	16384	250000	16	1	0	2	512	340590	596808	794404	35749	19090278	26820	9	0	0	100.0	0.000
run1_B_prefetch_stride	hybrid	on	cold	stride	16384	250000	16	1	1	0	512	36068	56475	392655	33642	18170977	28177	9	0	0	2.5	0.000
run1_B_prefetch_stride	uring	on	cold	stride	16384	250000	16	1	1	1	512	331499	558779	674140	35193	18648548	27455	9	0	0	100.0	0.000
run1_B_prefetch_stride	pool	on	cold	stride	16384	250000	16	1	1	2	512	81079	963468	2229510	64822	11058841	46298	38	0	0	44.9	0.000
run1_B_prefetch_stride	uring	on	cold	stride	16384	250000	16	1	2	0	512	289901	523469	721756	32577	17248337	29684	9	0	0	100.0	0.000
run1_B_prefetch_stride	pool	on	cold	stride	16384	250000	16	1	2	1	512	61472	989522	2225658	61210	10550561	48528	32	0	0	37.7	0.000
run1_B_prefetch_stride	hybrid	on	cold	stride	16384	250000	16	1	2	2	512	31733	52974	265603	31194	17510987	29239	9	0	0	2.9	0.000
run1_B_prefetch_stride	pool	on	cold	stride	16384	250000	16	1	3	0	512	62915	970370	2190010	60447	10180101	50294	30	0	0	36.5	0.000
run1_B_prefetch_stride	hybrid	on	cold	stride	16384	250000	16	1	3	1	512	30292	60186	545703	32586	17673036	28971	9	0	0	3.5	0.000
run1_B_prefetch_stride	uring	on	cold	stride	16384	250000	16	1	3	2	512	302771	520802	680254	31581	16675061	30705	9	0	0	100.0	0.000
run1_B_prefetch_stride	hybrid	on	cold	stride	16384	250000	16	1	4	0	512	30252	48773	379814	29242	15665528	32683	9	0	0	2.3	0.000
run1_B_prefetch_stride	uring	on	cold	stride	16384	250000	16	1	4	1	512	291779	506281	641353	31472	16555189	30927	9	0	0	100.0	0.000
run1_B_prefetch_stride	pool	on	cold	stride	16384	250000	16	1	4	2	512	106482	1212049	3326833	69984	14326604	35738	37	0	0	48.0	0.000
run1_B_prefetch_stride	uring	on	cold	stride	16384	250000	16	1	5	0	512	302470	503549	604114	31844	16683855	30688	9	0	0	100.0	0.000
run1_B_prefetch_stride	pool	on	cold	stride	16384	250000	16	1	5	1	512	67708	1349276	3545508	70223	14648648	34952	37	0	0	33.2	0.000
run1_B_prefetch_stride	hybrid	on	cold	stride	16384	250000	16	1	5	2	512	34704	58666	117042	34585	18652228	27450	9	0	0	2.0	0.000
run1_B_prefetch_sweep	pool	off	cold	sweep	16384	16384	1	1	0	0	512	3653	6772	14971	14834	7443424	68786	9	0	0	0.0	0.000
run1_B_prefetch_sweep	hybrid	off	cold	sweep	16384	16384	1	1	0	1	512	3703	6101	18374	14448	7516784	68114	9	0	0	0.0	0.000
run1_B_prefetch_sweep	uring	off	cold	sweep	16384	16384	1	1	0	2	512	5392	9636	22684	14148	6623934	77295	9	0	0	100.0	0.000
run1_B_prefetch_sweep	hybrid	off	cold	sweep	16384	16384	1	1	1	0	512	3476	6973	17012	12887	6566011	77977	9	0	0	0.0	0.000
run1_B_prefetch_sweep	uring	off	cold	sweep	16384	16384	1	1	1	1	512	5110	8601	37307	15766	7974198	64207	9	0	0	100.0	0.000
run1_B_prefetch_sweep	pool	off	cold	sweep	16384	16384	1	1	1	2	512	3440	8043	19656	13009	6790584	75399	9	0	0	0.0	0.000
run1_B_prefetch_sweep	uring	off	cold	sweep	16384	16384	1	1	2	0	512	5549	11283	34360	16954	8050648	63597	9	0	0	100.0	0.000
run1_B_prefetch_sweep	pool	off	cold	sweep	16384	16384	1	1	2	1	512	3856	7512	16888	13927	7258220	70541	9	0	0	0.0	0.000
run1_B_prefetch_sweep	hybrid	off	cold	sweep	16384	16384	1	1	2	2	512	4003	8392	26218	15694	8765959	58408	9	0	0	0.0	0.000
run1_B_prefetch_sweep	pool	off	cold	sweep	16384	16384	1	1	3	0	512	3315	6522	17122	12133	6263604	81742	9	0	0	0.0	0.000
run1_B_prefetch_sweep	hybrid	off	cold	sweep	16384	16384	1	1	3	1	512	3765	6080	13932	14772	7745982	66099	9	0	0	0.0	0.000
run1_B_prefetch_sweep	uring	off	cold	sweep	16384	16384	1	1	3	2	512	5709	10475	26041	17445	7958337	64335	9	0	0	100.0	0.000
run1_B_prefetch_sweep	hybrid	off	cold	sweep	16384	16384	1	1	4	0	512	4359	8926	29187	17680	9286812	55132	9	0	0	0.4	0.000
run1_B_prefetch_sweep	uring	off	cold	sweep	16384	16384	1	1	4	1	512	5868	10932	43755	16580	7382940	69349	9	0	0	100.0	0.005
run1_B_prefetch_sweep	pool	off	cold	sweep	16384	16384	1	1	4	2	512	3769	6753	19976	14226	7048992	72634	9	0	0	0.0	0.000
run1_B_prefetch_sweep	uring	off	cold	sweep	16384	16384	1	1	5	0	512	7204	10093	31875	18463	7914430	64692	9	0	0	100.0	0.000
run1_B_prefetch_sweep	pool	off	cold	sweep	16384	16384	1	1	5	1	512	3623	4897	15664	14365	7671604	66740	9	0	0	0.0	0.000
run1_B_prefetch_sweep	hybrid	off	cold	sweep	16384	16384	1	1	5	2	512	3070	6205	18942	11833	6113151	83754	9	0	0	0.0	0.000
run1_B_prefetch_sweep	pool	on	cold	sweep	16384	16384	1	1	0	0	512	4731	7509	26059	13799	7049631	72628	9	0	0	0.0	0.000
run1_B_prefetch_sweep	hybrid	on	cold	sweep	16384	16384	1	1	0	1	512	5505	8010	18563	15586	8298687	61697	9	0	0	0.2	0.000
run1_B_prefetch_sweep	uring	on	cold	sweep	16384	16384	1	1	0	2	512	7725	12411	33706	19020	7916439	64676	9	0	0	100.0	0.000
run1_B_prefetch_sweep	hybrid	on	cold	sweep	16384	16384	1	1	1	0	512	3671	8609	22914	12469	6411654	79855	9	0	0	0.0	0.000
run1_B_prefetch_sweep	uring	on	cold	sweep	16384	16384	1	1	1	1	512	5275	13168	41507	16440	7640654	67010	9	0	0	100.0	0.000
run1_B_prefetch_sweep	pool	on	cold	sweep	16384	16384	1	1	1	2	512	4645	8723	18241	15616	8048689	63613	9	0	0	0.0	0.000
run1_B_prefetch_sweep	uring	on	cold	sweep	16384	16384	1	1	2	0	512	7567	15917	36285	18962	8177780	62609	9	0	0	100.0	0.000
run1_B_prefetch_sweep	pool	on	cold	sweep	16384	16384	1	1	2	1	512	3896	7766	18155	11687	5958614	85926	9	0	0	0.0	0.000
run1_B_prefetch_sweep	hybrid	on	cold	sweep	16384	16384	1	1	2	2	512	4932	8292	21953	15907	8149345	62827	9	0	0	0.0	0.000
run1_B_prefetch_sweep	pool	on	cold	sweep	16384	16384	1	1	3	0	512	4331	7929	22576	12640	6598763	77590	9	0	0	0.0	0.000
run1_B_prefetch_sweep	hybrid	on	cold	sweep	16384	16384	1	1	3	1	512	4509	9091	23292	13837	7060740	72514	9	0	0	0.0	0.000
run1_B_prefetch_sweep	uring	on	cold	sweep	16384	16384	1	1	3	2	512	5985	10316	23563	15991	7063668	72484	9	0	0	100.0	0.000
run1_B_prefetch_sweep	hybrid	on	cold	sweep	16384	16384	1	1	4	0	512	3210	5991	15911	10650	5420588	94455	9	0	0	0.0	0.000
run1_B_prefetch_sweep	uring	on	cold	sweep	16384	16384	1	1	4	1	512	7421	10772	30937	17653	7226045	70855	9	0	0	100.0	0.000
run1_B_prefetch_sweep	pool	on	cold	sweep	16384	16384	1	1	4	2	512	3563	6865	15368	10953	5618558	91127	9	0	0	0.0	0.000
run1_B_prefetch_sweep	uring	on	cold	sweep	16384	16384	1	1	5	0	512	5288	9465	20491	13899	6019051	85063	9	0	0	100.0	0.000
run1_B_prefetch_sweep	pool	on	cold	sweep	16384	16384	1	1	5	1	512	4788	6575	18288	14595	11877877	43105	9	0	0	0.0	0.000
run1_B_prefetch_sweep	hybrid	on	cold	sweep	16384	16384	1	1	5	2	512	5197	7510	33980	16870	15660107	32695	9	0	0	0.0	0.000
run1_B_prefetch_sweep	pool	off	cold	sweep	16384	16384	4	1	0	0	512	5227	6967	1357603	16650	5345981	95773	13	0	0	0.8	0.000
run1_B_prefetch_sweep	hybrid	off	cold	sweep	16384	16384	4	1	0	1	512	3278	6774	27661	12312	6271993	81633	9	0	0	0.0	0.000
run1_B_prefetch_sweep	uring	off	cold	sweep	16384	16384	4	1	0	2	512	13394	35423	1238055	12541	5817840	88005	9	0	0	100.0	0.000
run1_B_prefetch_sweep	hybrid	off	cold	sweep	16384	16384	4	1	1	0	512	3481	5535	14795	12231	6350240	80627	9	0	0	0.0	0.000
run1_B_prefetch_sweep	uring	off	cold	sweep	16384	16384	4	1	1	1	512	16980	41670	1725403	15266	7630965	67095	9	0	0	100.0	0.000
run1_B_prefetch_sweep	pool	off	cold	sweep	16384	16384	4	1	1	2	512	4468	6157	713812	16925	4964388	103135	13	0	0	2.1	0.000
run1_B_prefetch_sweep	uring	off	cold	sweep	16384	16384	4	1	2	0	512	11506	35667	1188824	11370	5440998	94100	9	0	0	100.0	0.000
run1_B_prefetch_sweep	pool	off	cold	sweep	16384	16384	4	1	2	1	512	4668	6413	852905	16778	4929057	103874	14	0	0	1.4	0.000
run1_B_prefetch_sweep	hybrid	off	cold	sweep	16384	16384	4	1	2	2	512	3095	5149	12755	11777	6081236	84193	9	0	0	0.0	0.000
run1_B_prefetch_sweep	pool	off	cold	sweep	16384	16384	4	1	3	0	512	4086	5646	1227794	14757	4575108	111910	13	0	0	1.0	0.000
run1_B_prefetch_sweep	hybrid	off	cold	sweep	16384	16384	4	1	3	1	512	3292	5821	22680	12159	6314021	81089	9	0	0	0.0	0.000
run1_B_prefetch_sweep	uring	off	cold	sweep	16384	16384	4	1	3	2	512	15585	40951	1248847	13124	6241056	82037	9	0	0	100.0	0.000
run1_B_prefetch_sweep	hybrid	off	cold	sweep	16384	16384	4	1	4	0	512	3082	4893	12768	12591	6368333	80398	9	0	0	0.0	0.000
run1_B_prefetch_sweep	uring	off	cold	sweep	16384	16384	4	1	4	1	512	18442	37127	1290415	13630	6385145	80186	9	0	0	100.0	0.000
run1_B_prefetch_sweep	pool	off	cold	sweep	16384	16384	4	1	4	2	512	4497	5727	1211651	15349	4756113	107651	13	0	0	0.8	0.000
run1_B_prefetch_sweep	uring	off	cold	sweep	16384	16384	4	1	5	0	512	13860	38529	1172504	12455	5850034	87521	9	0	0	100.0	0.000
run1_B_prefetch_sweep	pool	off	cold	sweep	16384	16384	4	1	5	1	512	4877	7649	852421	16411	4773103	107268	13	0	0	3.1	0.000
run1_B_prefetch_sweep	hybrid	off	cold	sweep	16384	16384	4	1	5	2	512	3183	5167	18108	11866	6067562	84383	9	0	0	0.0	0.000
run1_B_prefetch_sweep	pool	on	cold	sweep	16384	16384	4	1	0	0	512	4815	8573	1122268	14481	4096849	124974	12	0	0	0.6	0.000
run1_B_prefetch_sweep	hybrid	on	cold	sweep	16384	16384	4	1	0	1	512	3759	7879	18853	12408	6393047	80087	9	0	0	0.0	0.000
run1_B_prefetch_sweep	uring	on	cold	sweep	16384	16384	4	1	0	2	512	15725	29158	1103023	12183	5902292	86746	9	0	0	100.0	0.000
run1_B_prefetch_sweep	hybrid	on	cold	sweep	16384	16384	4	1	1	0	512	3865	7007	15661	12380	6161782	83093	9	0	0	0.0	0.000
run1_B_prefetch_sweep	uring	on	cold	sweep	16384	16384	4	1	1	1	512	15812	38144	1115524	12597	5963191	85860	9	0	0	100.0	0.000
run1_B_prefetch_sweep	pool	on	cold	sweep	16384	16384	4	1	1	2	512	5792	8396	1122251	15973	4325722	118362	15	0	0	2.5	0.000
run1_B_prefetch_sweep	uring	on	cold	sweep	16384	16384	4	1	2	0	512	14383	27597	1058031	11426	5722576	89470	9	0	0	100.0	0.000
run1_B_prefetch_sweep	pool	on	cold	sweep	16384	16384	4	1	2	1	512	5335	6935	1156954	14868	4288318	119394	13	0	0	0.8	0.000
run1_B_prefetch_sweep	hybrid	on	cold	sweep	16384	16384	4	1	2	2	512	4698	8027	18372	15187	7815398	65512	9	0	0	0.0	0.000
run1_B_prefetch_sweep	pool	on	cold	sweep	16384	16384	4	1	3	0	512	5390	7571	1105956	15632	4779297	107129	13	0	0	0.8	0.000
run1_B_prefetch_sweep	hybrid	on	cold	sweep	16384	16384	4	1	3	1	512	3605	7954	18659	11283	5909147	86645	9	0	0	0.0	0.000
run1_B_prefetch_sweep	uring	on	cold	sweep	16384	16384	4	1	3	2	512	16906	54874	1070006	12929	6092969	84031	9	0	0	100.0	0.000
run1_B_prefetch_sweep	hybrid	on	cold	sweep	16384	16384	4	1	4	0	512	4010	7417	25068	12416	6688687	76547	9	0	0	0.0	0.000
run1_B_prefetch_sweep	uring	on	cold	sweep	16384	16384	4	1	4	1	512	20272	42346	1119766	13731	6627741	77251	9	0	0	100.0	0.000
run1_B_prefetch_sweep	pool	on	cold	sweep	16384	16384	4	1	4	2	512	6691	9391	1448061	19088	6018255	85074	13	0	0	0.8	0.000
run1_B_prefetch_sweep	uring	on	cold	sweep	16384	16384	4	1	5	0	512	14804	38199	1025802	11703	5535100	92501	9	0	0	100.0	0.000
run1_B_prefetch_sweep	pool	on	cold	sweep	16384	16384	4	1	5	1	512	5639	7006	1088017	14622	4364381	117313	13	0	0	0.8	0.000
run1_B_prefetch_sweep	hybrid	on	cold	sweep	16384	16384	4	1	5	2	512	3403	4447	12232	10609	5543762	92356	9	0	0	0.0	0.000
run1_B_prefetch_sweep	pool	off	cold	sweep	16384	16384	16	1	0	0	512	6353	8081	2451160	19027	4024208	127230	25	0	0	3.1	0.000
run1_B_prefetch_sweep	hybrid	off	cold	sweep	16384	16384	16	1	0	1	512	2694	3988	10854	10007	5183268	98779	9	0	0	0.0	0.000
run1_B_prefetch_sweep	uring	off	cold	sweep	16384	16384	16	1	0	2	512	50965	137980	1043992	9915	4912553	104223	9	0	0	100.0	0.000
run1_B_prefetch_sweep	hybrid	off	cold	sweep	16384	16384	16	1	1	0	512	2909	6714	31022	11385	5784599	88511	9	0	0	0.0	0.000
run1_B_prefetch_sweep	uring	off	cold	sweep	16384	16384	16	1	1	1	512	55162	189635	1269711	10926	5400184	94812	9	0	0	100.0	0.000
run1_B_prefetch_sweep	pool	off	cold	sweep	16384	16384	16	1	1	2	512	5804	8135	2417574	17637	4034897	126893	25	0	0	3.1	0.000
run1_B_prefetch_sweep	uring	off	cold	sweep	16384	16384	16	1	2	0	512	48139	278919	1069433	9600	4931200	103829	9	0	0	100.0	0.000
run1_B_prefetch_sweep	pool	off	cold	sweep	16384	16384	16	1	2	1	512	5191	11889	1941641	19736	3997280	128087	31	0	0	8.0	0.000
run1_B_prefetch_sweep	hybrid	off	cold	sweep	16384	16384	16	1	2	2	512	2638	3959	10239	10074	5061638	101153	9	0	0	0.0	0.000
run1_B_prefetch_sweep	pool	off	cold	sweep	16384	16384	16	1	3	0	512	6234	8547	2517539	17499	3877478	132045	25	0	0	3.1	0.000
run1_B_prefetch_sweep	hybrid	off	cold	sweep	16384	16384	16	1	3	1	512	2542	4224	11265	10074	4978922	102834	9	0	0	0.0	0.000
run1_B_prefetch_sweep	uring	off	cold	sweep	16384	16384	16	1	3	2	512	50585	157215	1138224	10077	5010891	102177	9	0	0	100.0	0.000
run1_B_prefetch_sweep	hybrid	off	cold	sweep	16384	16384	16	1	4	0	512	2620	4638	11300	9679	5047899	101428	9	0	0	0.0	0.000
run1_B_prefetch_sweep	uring	off	cold	sweep	16384	16384	16	1	4	1	512	57151	176003	1159679	10825	5294359	96707	9	0	0	100.0	0.000
run1_B_prefetch_sweep	pool	off	cold	sweep	16384	16384	16	1	4	2	512	4951	8510	2219078	18123	4792641	106830	25	0	0	7.0	0.000
run1_B_prefetch_sweep	uring	off	cold	sweep	16384	16384	16	1	5	0	512	57464	241713	1172468	11212	5579553	91764	9	0	0	100.0	0.000
run1_B_prefetch_sweep	pool	off	cold	sweep	16384	16384	16	1	5	1	512	5675	7709	2796203	19289	4603661	111216	25	0	0	3.1	0.000
run1_B_prefetch_sweep	hybrid	off	cold	sweep	16384	16384	16	1	5	2	512	3296	6484	14574	11570	5940714	86185	9	0	0	0.0	0.000
run1_B_prefetch_sweep	pool	on	cold	sweep	16384	16384	16	1	0	0	512	6045	245731	1788241	25891	4639187	110364	37	0	0	14.3	0.000
run1_B_prefetch_sweep	hybrid	on	cold	sweep	16384	16384	16	1	0	1	512	3946	8879	18797	13366	6852251	74720	9	0	0	0.0	0.000
run1_B_prefetch_sweep	uring	on	cold	sweep	16384	16384	16	1	0	2	512	75799	471657	1225878	13005	6764987	75684	9	0	0	100.0	0.000
run1_B_prefetch_sweep	hybrid	on	cold	sweep	16384	16384	16	1	1	0	512	3531	6040	19099	11094	5768460	88759	9	0	0	0.0	0.000
run1_B_prefetch_sweep	uring	on	cold	sweep	16384	16384	16	1	1	1	512	60530	310306	1182768	11273	5700411	89818	9	0	0	100.0	0.000
run1_B_prefetch_sweep	pool	on	cold	sweep	16384	16384	16	1	1	2	512	5673	14394	2320473	20540	4593099	111472	29	0	0	7.4	0.000
run1_B_prefetch_sweep	uring	on	cold	sweep	16384	16384	16	1	2	0	512	57432	160033	1062883	10478	5298696	96628	9	0	0	100.0	0.000
run1_B_prefetch_sweep	pool	on	cold	sweep	16384	16384	16	1	2	1	512	7274	138454	1380651	23280	4099340	124898	30	0	0	9.6	0.000
run1_B_prefetch_sweep	hybrid	on	cold	sweep	16384	16384	16	1	2	2	512	3565	5730	17760	11473	5835659	87736	9	0	0	0.0	0.000
run1_B_prefetch_sweep	pool	on	cold	sweep	16384	16384	16	1	3	0	512	6594	13960	1767862	20784	4108676	124614	25	0	0	7.6	0.000
run1_B_prefetch_sweep	hybrid	on	cold	sweep	16384	16384	16	1	3	1	512	3550	6393	11911	11115	5634940	90862	9	0	0	0.0	0.000
run1_B_prefetch_sweep	uring	on	cold	sweep	16384	16384	16	1	3	2	512	55302	231645	1123807	10670	5403017	94762	9	0	0	100.0	0.000
run1_B_prefetch_sweep	hybrid	on	cold	sweep	16384	16384	16	1	4	0	512	3331	5787	14799	10436	5427259	94339	9	0	0	0.0	0.000
run1_B_prefetch_sweep	uring	on	cold	sweep	16384	16384	16	1	4	1	512	55957	198199	1104138	10837	5306485	96486	9	0	0	100.0	0.000
run1_B_prefetch_sweep	pool	on	cold	sweep	16384	16384	16	1	4	2	512	7905	11943	1858342	23495	4294093	119234	33	0	0	6.2	0.000
run1_B_prefetch_sweep	uring	on	cold	sweep	16384	16384	16	1	5	0	512	51287	190553	1106422	10572	5275777	97047	9	0	0	100.0	0.000
run1_B_prefetch_sweep	pool	on	cold	sweep	16384	16384	16	1	5	1	512	5631	12972	2131076	20513	4458962	114825	35	0	0	7.4	0.000
run1_B_prefetch_sweep	hybrid	on	cold	sweep	16384	16384	16	1	5	2	512	3807	8037	19101	12933	6632154	77200	9	0	0	0.0	0.000
run1_C_readers	pool	off	cold	stride	16384	250000	1	1	0	0	512	172177	229751	297820	55962	84506561	6059	10	0	0	90.4	0.000
run1_C_readers	uring	off	cold	stride	16384	250000	1	1	0	1	512	170011	225080	276412	45249	83237012	6151	9	0	0	100.0	0.000
run1_C_readers	hybrid	off	cold	stride	16384	250000	1	1	0	2	512	171544	225331	318823	45460	84864336	6033	9	0	0	90.6	0.000
run1_C_readers	uring	off	cold	stride	16384	250000	1	1	1	0	512	182393	242641	343630	46585	89588222	5715	9	0	0	100.0	0.000
run1_C_readers	hybrid	off	cold	stride	16384	250000	1	1	1	1	512	191209	248771	358153	50532	92933288	5509	9	0	0	90.4	0.000
run1_C_readers	pool	off	cold	stride	16384	250000	1	1	1	2	512	174148	237786	317109	56466	86266839	5935	10	0	0	89.8	0.000
run1_C_readers	hybrid	off	cold	stride	16384	250000	1	1	2	0	512	183840	245561	335598	50723	90719155	5644	9	0	0	90.6	0.000
run1_C_readers	pool	off	cold	stride	16384	250000	1	1	2	1	512	180548	249097	325094	61430	89453419	5724	11	0	0	89.6	0.000
run1_C_readers	uring	off	cold	stride	16384	250000	1	1	2	2	512	171979	237712	322844	43350	85941875	5958	9	0	0	100.0	0.000
run1_C_readers	pool	off	cold	stride	16384	250000	1	1	3	0	512	172661	228872	314321	59337	86716506	5904	10	0	0	89.8	0.000
run1_C_readers	uring	off	cold	stride	16384	250000	1	1	3	1	512	165537	227781	285334	44762	82758458	6187	9	0	0	100.0	0.000
run1_C_readers	hybrid	off	cold	stride	16384	250000	1	1	3	2	512	166286	221024	288132	42899	81816373	6258	9	0	0	90.2	0.000
run1_C_readers	uring	off	cold	stride	16384	250000	1	1	4	0	512	179398	235062	333589	48044	87969150	5820	9	0	0	100.0	0.000
run1_C_readers	hybrid	off	cold	stride	16384	250000	1	1	4	1	512	178589	243990	319024	50057	88874669	5761	9	0	0	90.6	0.000
run1_C_readers	pool	off	cold	stride	16384	250000	1	1	4	2	512	180966	243028	314664	65405	89298932	5734	10	0	0	89.3	0.000
run1_C_readers	hybrid	off	cold	stride	16384	250000	1	1	5	0	512	176302	233756	319911	48286	87482022	5853	9	0	0	90.2	0.000
run1_C_readers	pool	off	cold	stride	16384	250000	1	1	5	1	512	176874	242166	308893	61789	87665177	5840	10	0	0	89.8	0.000
run1_C_readers	uring	off	cold	stride	16384	250000	1	1	5	2	512	169968	227908	319090	44109	84122420	6086	9	0	0	100.0	0.000
run1_C_readers	pool	off	cold	stride	16384	250000	4	1	0	0	512	183957	267081	337498	58761	24260553	21104	13	0	0	92.8	0.000
run1_C_readers	uring	off	cold	stride	16384	250000	4	1	0	1	512	183809	279359	389008	36443	24999197	20481	9	0	0	100.0	0.000
run1_C_readers	hybrid	off	cold	stride	16384	250000	4	1	0	2	512	188444	275593	393535	41279	27584037	18561	9	0	0	90.8	0.000
run1_C_readers	uring	off	cold	stride	16384	250000	4	1	1	0	512	191742	277044	515635	38180	25725213	19903	9	0	0	100.0	0.000
run1_C_readers	hybrid	off	cold	stride	16384	250000	4	1	1	1	512	185600	259530	354478	38743	25356888	20192	9	0	0	90.8	0.000
run1_C_readers	pool	off	cold	stride	16384	250000	4	1	1	2	512	188349	275949	366203	62472	25075553	20418	15	0	0	92.8	0.000
run1_C_readers	hybrid	off	cold	stride	16384	250000	4	1	2	0	512	201479	289800	383393	46304	28314011	18083	9	0	0	90.6	0.000
run1_C_readers	pool	off	cold	stride	16384	250000	4	1	2	1	512	195496	280680	386259	65431	25933022	19743	14	0	0	92.8	0.000
run1_C_readers	uring	off	cold	stride	16384	250000	4	1	2	2	512	190395	299040	446538	39060	26162703	19570	9	0	0	100.0	0.000
run1_C_readers	pool	off	cold	stride	16384	250000	4	1	3	0	512	202021	298218	362320	73388	26738871	19148	15	0	0	92.6	0.000
run1_C_readers	uring	off	cold	stride	16384	250000	4	1	3	1	512	209971	315111	665103	45434	28773683	17794	9	0	0	100.0	0.000
run1_C_readers	hybrid	off	cold	stride	16384	250000	4	1	3	2	512	226312	367696	638931	51820	35596313	14384	9	0	0	90.2	0.000
run1_C_readers	uring	off	cold	stride	16384	250000	4	1	4	0	512	225095	321032	774426	48679	30840626	16601	9	0	0	100.0	0.000
run1_C_readers	hybrid	off	cold	stride	16384	250000	4	1	4	1	512	196798	280853	1030988	42664	29405401	17412	9	0	0	90.8	0.000
run1_C_readers	pool	off	cold	stride	16384	250000	4	1	4	2	512	204116	308254	463527	70555	27659285	18511	14	0	0	92.6	0.000
run1_C_readers	hybrid	off	cold	stride	16384	250000	4	1	5	0	512	177590	256291	336687	34446	24506908	20892	9	0	0	90.8	0.000
run1_C_readers	pool	off	cold	stride	16384	250000	4	1	5	1	512	183003	261536	346870	59433	24377593	21003	13	0	0	93.0	0.000
run1_C_readers	uring	off	cold	stride	16384	250000	4	1	5	2	512	179691	278353	387583	36268	24715713	20716	9	0	0	100.0	0.000
run1_C_readers	pool	off	cold	stride	16384	250000	1	4	0	0	2048	5731	223010	362148	33760	40009057	51188	14	0	0	30.5	0.000
run1_C_readers	uring	off	cold	stride	16384	250000	1	4	0	1	2048	7590	252828	394661	30868	42750624	47906	9	0	0	100.0	0.000
run1_C_readers	hybrid	off	cold	stride	16384	250000	1	4	0	2	2048	5980	231094	375308	27520	41630203	49195	9	0	0	30.6	0.000
run1_C_readers	uring	off	cold	stride	16384	250000	1	4	1	0	2048	7384	219073	354003	24937	39078936	52407	9	0	0	100.0	0.000
run1_C_readers	hybrid	off	cold	stride	16384	250000	1	4	1	1	2048	4987	226885	349533	26366	39974981	51232	9	0	0	30.5	0.000
run1_C_readers	pool	off	cold	stride	16384	250000	1	4	1	2	2048	5450	241644	447546	32944	43006529	47621	14	0	0	31.0	0.000
run1_C_readers	hybrid	off	cold	stride	16384	250000	1	4	2	0	2048	3863	246642	406944	28139	45586354	44926	9	0	0	29.9	0.000
run1_C_readers	pool	off	cold	stride	16384	250000	1	4	2	1	2048	4810	203659	327175	29007	36109956	56716	14	0	0	30.8	0.000
run1_C_readers	uring	off	cold	stride	16384	250000	1	4	2	2	2048	6471	211604	331350	24952	38136896	53701	9	0	0	100.0	0.000
run1_C_readers	pool	off	cold	stride	16384	250000	1	4	3	0	2048	6821	226470	524774	32768	43574810	47000	15	0	0	30.8	0.000
run1_C_readers	uring	off	cold	stride	16384	250000	1	4	3	1	2048	6348	232253	359821	26846	41722732	49086	9	0	0	100.0	0.000
run1_C_readers	hybrid	off	cold	stride	16384	250000	1	4	3	2	2048	4862	231719	346086	26443	39718826	51562	9	0	0	30.0	0.000
run1_C_readers	uring	off	cold	stride	16384	250000	1	4	4	0	2048	14452	318960	2077016	36828	83666496	24478	9	0	0	100.0	0.000
run1_C_readers	hybrid	off	cold	stride	16384	250000	1	4	4	1	2048	5873	245919	445087	28793	44064663	46477	9	0	0	30.6	0.000
run1_C_readers	pool	off	cold	stride	16384	250000	1	4	4	2	2048	5785	352612	1258543	39998	68172543	30041	16	0	0	29.8	0.000
run1_C_readers	hybrid	off	cold	stride	16384	250000	1	4	5	0	2048	4786	317548	1069441	33251	63060107	32477	9	0	0	30.4	0.000
run1_C_readers	pool	off	cold	stride	16384	250000	1	4	5	1	2048	4194	829406	2513959	34253	136735536	14978	18	0	0	30.8	0.000
run1_C_readers	uring	off	cold	stride	16384	250000	1	4	5	2	2048	6738	1043076	2721515	32853	160521567	12758	9	0	0	100.0	0.000
run1_C_readers	pool	off	cold	stride	16384	250000	4	4	0	0	2048	6460	2037469	8983921	43551	94159026	21750	42	0	0	30.3	0.000
run1_C_readers	uring	off	cold	stride	16384	250000	4	4	0	1	2048	31153	858265	2892253	30375	43571880	47003	9	0	0	100.0	0.000
run1_C_readers	hybrid	off	cold	stride	16384	250000	4	4	0	2	2048	4529	402108	876940	25498	23880026	85762	9	0	0	30.4	0.000
run1_C_readers	uring	off	cold	stride	16384	250000	4	4	1	0	2048	36663	873060	3115954	30592	45348092	45162	9	0	0	100.0	0.000
run1_C_readers	hybrid	off	cold	stride	16384	250000	4	4	1	1	2048	6273	484324	1158222	27862	29715060	68921	9	0	0	30.4	0.000
run1_C_readers	pool	off	cold	stride	16384	250000	4	4	1	2	2048	6191	690350	1785460	34771	29481784	69467	33	0	0	31.2	0.000
run1_C_readers	hybrid	off	cold	stride	16384	250000	4	4	2	0	2048	5253	340284	780784	25707	22001178	93086	9	0	0	30.0	0.000
run1_C_readers	pool	off	cold	stride	16384	250000	4	4	2	1	2048	6449	491305	2229513	33403	23461785	87291	38	0	0	31.2	0.000
run1_C_readers	uring	off	cold	stride	16384	250000	4	4	2	2	2048	35409	1453442	4876839	36243	71564418	28618	9	0	0	100.0	0.000
run1_C_readers	pool	off	cold	stride	16384	250000	4	4	3	0	2048	6290	987469	2916042	40707	41464073	49392	41	0	0	31.8	0.000
run1_C_readers	uring	off	cold	stride	16384	250000	4	4	3	1	2048	34262	1391584	3877508	32417	66836460	30642	9	0	0	100.0	0.000
run1_C_readers	hybrid	off	cold	stride	16384	250000	4	4	3	2	2048	7139	1239650	6649651	36339	81707654	25065	9	0	0	33.7	0.000
run1_C_readers	uring	off	cold	stride	16384	250000	4	4	4	0	2048	30479	956172	1830821	30000	39944868	51271	9	0	0	100.0	0.000
run1_C_readers	hybrid	off	cold	stride	16384	250000	4	4	4	1	2048	4216	459171	1149331	24810	28383788	72154	9	0	0	31.1	0.000
run1_C_readers	pool	off	cold	stride	16384	250000	4	4	4	2	2048	6979	879394	2920876	38617	40829039	50160	40	0	0	30.9	0.000
run1_C_readers	hybrid	off	cold	stride	16384	250000	4	4	5	0	2048	4940	314691	770941	25265	20579937	99514	9	0	0	30.4	0.000
run1_C_readers	pool	off	cold	stride	16384	250000	4	4	5	1	2048	5472	505151	1359324	33586	24300633	84278	35	0	0	30.7	0.000
run1_C_readers	uring	off	cold	stride	16384	250000	4	4	5	2	2048	30354	461192	949381	26951	22420065	91347	9	0	0	100.0	0.000
run1_C_readers	pool	off	cold	stride	16384	250000	1	16	0	0	8192	5456	12171	833748	13199	31334079	261441	31	0	0	7.9	0.000
run1_C_readers	uring	off	cold	stride	16384	250000	1	16	0	1	8192	6536	16241	1251293	13374	42777618	191502	9	0	0	100.0	0.000
run1_C_readers	hybrid	off	cold	stride	16384	250000	1	16	0	2	8192	5567	15425	1325349	12685	41887013	195574	9	0	0	7.9	0.000
run1_C_readers	uring	off	cold	stride	16384	250000	1	16	1	0	8192	7152	17002	1067346	14620	35356386	231698	9	0	0	100.0	0.000
run1_C_readers	hybrid	off	cold	stride	16384	250000	1	16	1	1	8192	5604	15384	1707622	13460	52549382	155891	9	0	0	7.7	0.000
run1_C_readers	pool	off	cold	stride	16384	250000	1	16	1	2	8192	5047	14927	2250484	15600	62436439	131205	36	0	0	7.9	0.000
run1_C_readers	hybrid	off	cold	stride	16384	250000	1	16	2	0	8192	6394	17817	1053679	14551	35824870	228668	9	0	0	8.2	0.000
run1_C_readers	pool	off	cold	stride	16384	250000	1	16	2	1	8192	5659	16304	996865	14865	37908916	216097	38	0	0	8.2	0.000
run1_C_readers	uring	off	cold	stride	16384	250000	1	16	2	2	8192	7289	17580	908357	15589	39461058	207597	9	0	0	100.0	0.000
run1_C_readers	pool	off	cold	stride	16384	250000	1	16	3	0	8192	6126	15498	1268003	15754	42905925	190929	43	0	0	7.7	0.000
run1_C_readers	uring	off	cold	stride	16384	250000	1	16	3	1	8192	7252	19461	1025583	15326	38079736	215128	9	0	0	100.0	0.000
run1_C_readers	hybrid	off	cold	stride	16384	250000	1	16	3	2	8192	5738	16875	780092	13207	29203459	280515	9	0	0	8.2	0.000
run1_C_readers	uring	off	cold	stride	16384	250000	1	16	4	0	8192	6839	16653	816888	14115	32520243	251905	9	0	0	100.0	0.000
run1_C_readers	hybrid	off	cold	stride	16384	250000	1	16	4	1	8192	5543	13575	950870	13794	34092936	240284	9	0	0	7.8	0.000
run1_C_readers	pool	off	cold	stride	16384	250000	1	16	4	2	8192	5306	12614	1354670	16614	45224917	181139	46	0	0	7.7	0.000
run1_C_readers	hybrid	off	cold	stride	16384	250000	1	16	5	0	8192	5926	15955	841016	13943	33587348	243901	9	0	0	8.0	0.000
run1_C_readers	pool	off	cold	stride	16384	250000	1	16	5	1	8192	5250	12986	1758058	14430	49617973	165101	43	0	0	7.7	0.000
run1_C_readers	uring	off	cold	stride	16384	250000	1	16	5	2	8192	6988	19184	1260591	14749	39988121	204861	9	0	0	100.0	0.000
run1_C_readers	pool	off	cold	stride	16384	250000	4	16	0	0	8192	5551	17879	5134121	16327	35491459	230816	93	0	0	8.2	0.000
run1_C_readers	uring	off	cold	stride	16384	250000	4	16	0	1	8192	26060	344867	4010611	14538	29708709	275744	9	0	0	100.0	0.000
run1_C_readers	hybrid	off	cold	stride	16384	250000	4	16	0	2	8192	5760	15467	2184191	13756	30980697	264423	9	0	0	8.1	0.000
run1_C_readers	uring	off	cold	stride	16384	250000	4	16	1	0	8192	25294	223952	7125832	13727	49155382	166655	9	0	0	100.0	0.000
run1_C_readers	hybrid	off	cold	stride	16384	250000	4	16	1	1	8192	5929	17264	3233923	12969	32897262	249018	9	0	0	8.0	0.000
run1_C_readers	pool	off	cold	stride	16384	250000	4	16	1	2	8192	5065	14632	12989459	15601	73828622	110960	85	0	0	7.8	0.000
run1_C_readers	hybrid	off	cold	stride	16384	250000	4	16	2	0	8192	5994	16049	5186002	13457	55918774	146498	9	0	0	8.2	0.000
run1_C_readers	pool	off	cold	stride	16384	250000	4	16	2	1	8192	5198	15016	8507642	16018	49369451	165933	102	0	0	8.5	0.000
run1_C_readers	uring	off	cold	stride	16384	250000	4	16	2	2	8192	22559	156558	5671507	12925	40965085	199975	9	0	0	100.0	0.000
run1_C_readers	pool	off	cold	stride	16384	250000	4	16	3	0	8192	5471	19749	6099482	15765	40355400	202996	98	0	0	8.5	0.000
run1_C_readers	uring	off	cold	stride	16384	250000	4	16	3	1	8192	24497	341604	4227007	13692	34356485	238441	9	0	0	100.0	0.000
run1_C_readers	hybrid	off	cold	stride	16384	250000	4	16	3	2	8192	5738	14891	2231364	12857	30705956	266789	9	0	0	7.6	0.000
run1_C_readers	uring	off	cold	stride	16384	250000	4	16	4	0	8192	24878	300300	4501313	13940	33276310	246181	9	0	0	100.0	0.000
run1_C_readers	hybrid	off	cold	stride	16384	250000	4	16	4	1	8192	5891	15339	3025539	13455	36291786	225726	9	0	0	8.0	0.000
run1_C_readers	pool	off	cold	stride	16384	250000	4	16	4	2	8192	5824	16895	6894499	16186	38671402	211836	89	0	0	8.2	0.000
run1_C_readers	hybrid	off	cold	stride	16384	250000	4	16	5	0	8192	5647	16304	2664770	13291	30665113	267144	9	0	0	7.8	0.000
run1_C_readers	pool	off	cold	stride	16384	250000	4	16	5	1	8192	5680	16224	5886559	15775	39138958	209306	88	0	0	8.2	0.000
run1_C_readers	uring	off	cold	stride	16384	250000	4	16	5	2	8192	24932	476094	3813647	14643	34257441	239131	9	0	0	100.0	0.000
run1_D_size4096	pool	off	cold	stride	4096	250000	1	1	0	0	512	179959	237593	303210	59550	89232188	5738	10	0	0	90.6	0.000
run1_D_size4096	hybrid	off	cold	stride	4096	250000	1	1	0	1	512	201308	486648	596730	81714	127000516	4031	9	0	0	90.6	0.000
run1_D_size4096	uring	off	cold	stride	4096	250000	1	1	0	2	512	506984	607680	709796	189441	243347379	2104	9	0	0	100.0	0.000
run1_D_size4096	hybrid	off	cold	stride	4096	250000	1	1	1	0	512	516844	605273	689803	196564	248257685	2062	9	0	0	90.6	0.000
run1_D_size4096	uring	off	cold	stride	4096	250000	1	1	1	1	512	512367	601242	665240	188768	243339783	2104	9	0	0	100.0	0.000
run1_D_size4096	pool	off	cold	stride	4096	250000	1	1	1	2	512	233561	454477	1076100	113692	145288521	3524	12	0	0	90.8	0.000
run1_D_size4096	uring	off	cold	stride	4096	250000	1	1	2	0	512	169519	214562	277773	37410	83158653	6157	9	0	0	100.0	0.000
run1_D_size4096	pool	off	cold	stride	4096	250000	1	1	2	1	512	173217	237392	307358	53863	87654587	5841	11	0	0	90.6	0.000
run1_D_size4096	hybrid	off	cold	stride	4096	250000	1	1	2	2	512	163588	216007	284615	36638	81656350	6270	9	0	0	90.6	0.000
run1_D_size4096	pool	off	cold	stride	4096	250000	1	1	3	0	512	179200	236001	292996	52937	88326269	5797	10	0	0	90.6	0.000
run1_D_size4096	hybrid	off	cold	stride	4096	250000	1	1	3	1	512	162391	206137	275645	37061	80539513	6357	9	0	0	90.6	0.000
run1_D_size4096	uring	off	cold	stride	4096	250000	1	1	3	2	512	233895	349291	410225	63696	118034350	4338	9	0	0	100.0	0.000
run1_D_size4096	hybrid	off	cold	stride	4096	250000	1	1	4	0	512	240683	323207	368596	66921	117715949	4349	9	0	0	90.6	0.000
run1_D_size4096	uring	off	cold	stride	4096	250000	1	1	4	1	512	168410	211746	304898	35847	82313029	6220	9	0	0	100.0	0.000
run1_D_size4096	pool	off	cold	stride	4096	250000	1	1	4	2	512	173484	226101	281128	52495	85819007	5966	13	0	0	90.6	0.000
run1_D_size4096	uring	off	cold	stride	4096	250000	1	1	5	0	512	163649	204059	277879	35913	80683817	6346	9	0	0	100.0	0.000
run1_D_size4096	pool	off	cold	stride	4096	250000	1	1	5	1	512	187109	251726	335495	57595	96043603	5331	10	0	0	90.6	0.000
run1_D_size4096	hybrid	off	cold	stride	4096	250000	1	1	5	2	512	163576	210266	302484	37248	81114919	6312	9	0	0	90.6	0.000
run1_D_size4096	pool	off	cold	stride	4096	250000	16	1	0	0	512	333514	701869	1428050	65068	12979939	39445	32	0	0	90.6	0.000
run1_D_size4096	hybrid	off	cold	stride	4096	250000	16	1	0	1	512	331047	485630	607421	29317	14908440	34343	9	0	0	90.6	0.000
run1_D_size4096	uring	off	cold	stride	4096	250000	16	1	0	2	512	401558	595821	886085	24894	13371476	38290	9	0	0	100.0	0.000
run1_D_size4096	hybrid	off	cold	stride	4096	250000	16	1	1	0	512	313212	476577	649274	27422	14065840	36400	9	0	0	90.6	0.000
run1_D_size4096	uring	off	cold	stride	4096	250000	16	1	1	1	512	435789	665454	877648	27016	14776750	34649	9	0	0	100.0	0.000
run1_D_size4096	pool	off	cold	stride	4096	250000	16	1	1	2	512	339868	568087	853819	65020	11731890	43642	33	0	0	90.6	0.000
run1_D_size4096	uring	off	cold	stride	4096	250000	16	1	2	0	512	393212	552547	732601	23749	12796340	40011	9	0	0	100.0	0.000
run1_D_size4096	pool	off	cold	stride	4096	250000	16	1	2	1	512	361715	634749	1228840	68482	12691799	40341	36	0	0	90.6	0.000
run1_D_size4096	hybrid	off	cold	stride	4096	250000	16	1	2	2	512	312988	472240	580557	27161	14106708	36295	9	0	0	90.6	0.000
run1_D_size4096	pool	off	cold	stride	4096	250000	16	1	3	0	512	361737	630779	1041916	65265	12526544	40873	33	0	0	90.6	0.000
run1_D_size4096	hybrid	off	cold	stride	4096	250000	16	1	3	1	512	303310	466817	608258	26392	13656414	37492	9	0	0	90.6	0.000
run1_D_size4096	uring	off	cold	stride	4096	250000	16	1	3	2	512	397313	588811	735405	24460	13268790	38587	9	0	0	100.0	0.000
run1_D_size4096	hybrid	off	cold	stride	4096	250000	16	1	4	0	512	323699	481454	601638	28263	14520148	35261	9	0	0	90.6	0.000
run1_D_size4096	uring	off	cold	stride	4096	250000	16	1	4	1	512	440684	619704	805273	25468	14160911	36156	9	0	0	100.0	0.000
run1_D_size4096	pool	off	cold	stride	4096	250000	16	1	4	2	512	340611	610043	1052484	63592	12111047	42275	32	0	0	90.6	0.000
run1_D_size4096	uring	off	cold	stride	4096	250000	16	1	5	0	512	508729	845843	1127622	28958	17727370	28882	9	0	0	100.0	0.000
run1_D_size4096	pool	off	cold	stride	4096	250000	16	1	5	1	512	381818	756968	1414313	69867	14346245	35689	33	0	0	90.6	0.000
run1_D_size4096	hybrid	off	cold	stride	4096	250000	16	1	5	2	512	355546	514640	617496	31735	16158553	31686	9	0	0	90.6	0.000
run1_D_size4096	pool	off	warm	stride	4096	250000	1	1	0	0	512	1934	2486	3636	2956	1238109	413534	9	0	0	0.0	0.000
run1_D_size4096	hybrid	off	warm	stride	4096	250000	1	1	0	1	512	1909	2678	4249	2939	1346223	380323	9	0	0	0.0	0.000
run1_D_size4096	uring	off	warm	stride	4096	250000	1	1	0	2	512	2461	3769	5890	4975	1656715	309045	9	0	0	100.0	0.000
run1_D_size4096	hybrid	off	warm	stride	4096	250000	1	1	1	0	512	1561	1707	3321	2315	1040106	492258	9	0	0	0.0	0.000
run1_D_size4096	uring	off	warm	stride	4096	250000	1	1	1	1	512	3072	4615	5253	6724	2076838	246529	9	0	0	100.0	0.000
run1_D_size4096	pool	off	warm	stride	4096	250000	1	1	1	2	512	1528	1635	2072	2116	892960	573374	9	0	0	0.0	0.000
run1_D_size4096	uring	off	warm	stride	4096	250000	1	1	2	0	512	3013	3951	8197	5491	1869729	273836	9	0	0	100.0	0.000
run1_D_size4096	pool	off	warm	stride	4096	250000	1	1	2	1	512	1848	2325	4342	2547	1159162	441698	9	0	0	0.0	0.000
run1_D_size4096	hybrid	off	warm	stride	4096	250000	1	1	2	2	512	1701	1981	2287	2779	1084227	472226	9	0	0	0.0	0.000
run1_D_size4096	pool	off	warm	stride	4096	250000	1	1	3	0	512	1505	1738	2061	1878	918339	557528	9	0	0	0.0	0.000
run1_D_size4096	hybrid	off	warm	stride	4096	250000	1	1	3	1	512	1458	1655	3094	2149	982435	521154	9	0	0	0.0	0.000
run1_D_size4096	uring	off	warm	stride	4096	250000	1	1	3	2	512	2202	3747	4083	5047	1574008	325284	9	0	0	100.0	0.000
run1_D_size4096	hybrid	off	warm	stride	4096	250000	1	1	4	0	512	1578	1743	3171	2252	1032666	495804	9	0	0	0.0	0.000
run1_D_size4096	uring	off	warm	stride	4096	250000	1	1	4	1	512	3335	4393	7634	6322	2195025	233255	9	0	0	100.0	0.000
run1_D_size4096	pool	off	warm	stride	4096	250000	1	1	4	2	512	2042	2538	4319	2716	1259419	406537	9	0	0	0.0	0.000
run1_D_size4096	uring	off	warm	stride	4096	250000	1	1	5	0	512	2550	3774	5518	5142	1629250	314255	9	0	0	100.0	0.000
run1_D_size4096	pool	off	warm	stride	4096	250000	1	1	5	1	512	1669	1862	2151	2510	1024628	499694	9	0	0	0.0	0.000
run1_D_size4096	hybrid	off	warm	stride	4096	250000	1	1	5	2	512	1671	1860	3402	2493	1078319	474813	9	0	0	0.0	0.000
run1_D_size4096	pool	off	warm	stride	4096	250000	16	1	0	0	512	2345	2969	4353	3053	360116	1421764	9	0	0	0.0	0.000
run1_D_size4096	hybrid	off	warm	stride	4096	250000	16	1	0	1	512	1797	2148	2743	2689	1191299	429783	9	0	0	0.0	0.000
run1_D_size4096	uring	off	warm	stride	4096	250000	16	1	0	2	512	19633	22611	46944	2510	880877	581239	9	0	0	100.0	0.000
run1_D_size4096	hybrid	off	warm	stride	4096	250000	16	1	1	0	512	1550	1740	2361	2164	1012063	505897	9	0	0	0.0	0.000
run1_D_size4096	uring	off	warm	stride	4096	250000	16	1	1	1	512	18109	19181	25958	2042	801559	638755	9	0	0	100.0	0.000
run1_D_size4096	pool	off	warm	stride	4096	250000	16	1	1	2	512	2498	2828	3308	3312	285690	1792152	9	0	0	0.0	0.000
run1_D_size4096	uring	off	warm	stride	4096	250000	16	1	2	0	512	19072	21044	40319	2163	852295	600731	9	0	0	100.0	0.000
run1_D_size4096	pool	off	warm	stride	4096	250000	16	1	2	1	512	2422	2883	3379	3200	316762	1616355	9	0	0	0.0	0.000
run1_D_size4096	hybrid	off	warm	stride	4096	250000	16	1	2	2	512	1859	2275	3808	2624	1228792	416669	9	0	0	0.0	0.000
run1_D_size4096	pool	off	warm	stride	4096	250000	16	1	3	0	512	2878	3309	3955	4083	326959	1565946	9	0	0	0.0	0.000
run1_D_size4096	hybrid	off	warm	stride	4096	250000	16	1	3	1	512	1582	1943	3255	2360	1044782	490054	9	0	0	0.0	0.000
run1_D_size4096	uring	off	warm	stride	4096	250000	16	1	3	2	512	18878	20124	27761	2296	794507	644425	9	0	0	100.0	0.000
run1_D_size4096	hybrid	off	warm	stride	4096	250000	16	1	4	0	512	1550	1695	2014	2265	1032028	496111	9	0	0	0.0	0.000
run1_D_size4096	uring	off	warm	stride	4096	250000	16	1	4	1	512	21815	24495	36112	2710	984954	519821	9	0	0	100.0	0.000
run1_D_size4096	pool	off	warm	stride	4096	250000	16	1	4	2	512	2397	2896	8965	3255	341378	1499804	9	0	0	0.0	0.000
run1_D_size4096	uring	off	warm	stride	4096	250000	16	1	5	0	512	18257	21888	47898	2143	831686	615617	9	0	0	100.0	0.000
run1_D_size4096	pool	off	warm	stride	4096	250000	16	1	5	1	512	2491	3011	3936	3411	389045	1316043	9	0	0	0.0	0.000
run1_D_size4096	hybrid	off	warm	stride	4096	250000	16	1	5	2	512	1766	2010	2297	2532	1135207	451019	9	0	0	0.0	0.000
run1_D_size65536	pool	off	cold	stride	65536	250000	1	1	0	0	512	202142	272694	321388	68789	98483128	5199	10	0	0	90.4	0.000
run1_D_size65536	hybrid	off	cold	stride	65536	250000	1	1	0	1	512	205542	279803	354225	56623	101542057	5042	9	0	0	91.8	0.000
run1_D_size65536	uring	off	cold	stride	65536	250000	1	1	0	2	512	197814	274341	361553	55259	99957881	5122	9	0	0	100.0	0.000
run1_D_size65536	hybrid	off	cold	stride	65536	250000	1	1	1	0	512	202205	278393	381620	60578	100440639	5098	9	0	0	91.4	0.000
run1_D_size65536	uring	off	cold	stride	65536	250000	1	1	1	1	512	205906	282617	369368	59225	105327797	4861	9	0	0	100.0	0.000
run1_D_size65536	pool	off	cold	stride	65536	250000	1	1	1	2	512	209296	290478	361433	71521	102175844	5011	10	0	0	90.8	0.000
run1_D_size65536	uring	off	cold	stride	65536	250000	1	1	2	0	512	207482	282312	363610	59525	102106914	5014	9	0	0	100.0	0.000
run1_D_size65536	pool	off	cold	stride	65536	250000	1	1	2	1	512	210695	285370	348549	73336	102773688	4982	10	0	0	89.5	0.000
run1_D_size65536	hybrid	off	cold	stride	65536	250000	1	1	2	2	512	205021	289686	359653	58058	103230775	4960	9	0	0	91.8	0.000
run1_D_size65536	pool	off	cold	stride	65536	250000	1	1	3	0	512	206430	274265	333243	70353	99797669	5130	10	0	0	90.4	0.000
run1_D_size65536	hybrid	off	cold	stride	65536	250000	1	1	3	1	512	196697	267404	334004	58511	97293786	5262	9	0	0	91.8	0.000
run1_D_size65536	uring	off	cold	stride	65536	250000	1	1	3	2	512	209049	285722	335068	68107	102625071	4989	9	0	0	100.0	0.000
run1_D_size65536	hybrid	off	cold	stride	65536	250000	1	1	4	0	512	207620	286746	364297	65860	102438212	4998	9	0	0	92.2	0.000
run1_D_size65536	uring	off	cold	stride	65536	250000	1	1	4	1	512	205382	285190	371959	59795	102456010	4997	9	0	0	100.0	0.000
run1_D_size65536	pool	off	cold	stride	65536	250000	1	1	4	2	512	209521	273551	361407	70950	100597966	5090	10	0	0	90.6	0.000
run1_D_size65536	uring	off	cold	stride	65536	250000	1	1	5	0	512	205788	273170	363972	58507	100990940	5070	9	0	0	100.0	0.000
run1_D_size65536	pool	off	cold	stride	65536	250000	1	1	5	1	512	200922	272459	326056	68533	97459197	5253	10	0	0	90.6	0.000
run1_D_size65536	hybrid	off	cold	stride	65536	250000	1	1	5	2	512	202346	289561	396186	61258	102954115	4973	9	0	0	91.2	0.000
run1_D_size65536	pool	off	cold	stride	65536	250000	16	1	0	0	512	517656	1033588	1729595	110718	19433994	26346	36	0	0	93.4	0.000
run1_D_size65536	hybrid	off	cold	stride	65536	250000	16	1	0	1	512	536819	925949	1264450	53232	27733091	18462	9	0	0	93.6	0.000
run1_D_size65536	uring	off	cold	stride	65536	250000	16	1	0	2	512	842204	1210134	1626895	49109	27338396	18728	9	0	0	100.0	0.000
run1_D_size65536	hybrid	off	cold	stride	65536	250000	16	1	1	0	512	525989	862476	1126225	50063	26187480	19551	9	0	0	93.6	0.000
run1_D_size65536	uring	off	cold	stride	65536	250000	16	1	1	1	512	760234	1367895	1964223	46807	27175535	18840	9	0	0	100.0	0.000
run1_D_size65536	pool	off	cold	stride	65536	250000	16	1	1	2	512	486284	1000305	1513933	108864	18115880	28262	37	0	0	93.4	0.000
run1_D_size65536	uring	off	cold	stride	65536	250000	16	1	2	0	512	799122	1082806	1347873	45978	25319222	20222	9	0	0	100.0	0.000
run1_D_size65536	pool	off	cold	stride	65536	250000	16	1	2	1	512	591252	1043370	1635824	111717	20657034	24786	42	0	0	93.6	0.000
run1_D_size65536	hybrid	off	cold	stride	65536	250000	16	1	2	2	512	558680	936218	1261810	55270	28708753	17834	9	0	0	93.6	0.000
run1_D_size65536	pool	off	cold	stride	65536	250000	16	1	3	0	512	603244	1198695	1957048	116291	22247666	23014	42	0	0	93.0	0.000
run1_D_size65536	hybrid	off	cold	stride	65536	250000	16	1	3	1	512	559854	1038752	1588881	55223	29803931	17179	9	0	0	93.4	0.000
run1_D_size65536	uring	off	cold	stride	65536	250000	16	1	3	2	512	1026357	1381739	1682880	56176	33539680	15266	9	0	0	100.0	0.000
run1_D_size65536	hybrid	off	cold	stride	65536	250000	16	1	4	0	512	560289	973716	1334237	56460	29530293	17338	9	0	0	93.4	0.000
run1_D_size65536	uring	off	cold	stride	65536	250000	16	1	4	1	512	1024262	1404898	1923324	55045	32806610	15607	9	0	0	100.0	0.000
run1_D_size65536	pool	off	cold	stride	65536	250000	16	1	4	2	512	539662	1022844	1581714	110537	19525051	26223	37	0	0	93.6	0.000
run1_D_size65536	uring	off	cold	stride	65536	250000	16	1	5	0	512	1015349	1303501	1616260	50635	30375945	16855	9	0	0	100.0	0.000
run1_D_size65536	pool	off	cold	stride	65536	250000	16	1	5	1	512	498023	956442	1567333	106558	18081437	28316	34	0	0	93.2	0.000
run1_D_size65536	hybrid	off	cold	stride	65536	250000	16	1	5	2	512	544282	910038	1439572	51810	27250389	18789	9	0	0	93.6	0.000
run1_D_size65536	pool	off	warm	stride	65536	250000	1	1	0	0	512	8457	9628	21442	9472	4786474	106968	9	0	0	0.0	0.000
run1_D_size65536	hybrid	off	warm	stride	65536	250000	1	1	0	1	512	8262	8740	14392	9210	4577783	111845	9	0	0	0.0	0.000
run1_D_size65536	uring	off	warm	stride	65536	250000	1	1	0	2	512	12080	15141	22313	17463	6690179	76530	9	0	0	100.0	0.000
run1_D_size65536	hybrid	off	warm	stride	65536	250000	1	1	1	0	512	9236	11082	20179	10632	5360136	95520	9	0	0	0.0	0.000
run1_D_size65536	uring	off	warm	stride	65536	250000	1	1	1	1	512	12538	15701	25176	18204	7025498	72877	9	0	0	100.0	0.000
run1_D_size65536	pool	off	warm	stride	65536	250000	1	1	1	2	512	9185	9807	21489	10123	5020329	101985	9	0	0	0.0	0.000
run1_D_size65536	uring	off	warm	stride	65536	250000	1	1	2	0	512	16727	23265	36585	24063	9518646	53789	9	0	0	100.0	0.000
run1_D_size65536	pool	off	warm	stride	65536	250000	1	1	2	1	512	10338	11827	23209	11496	5735468	89269	9	0	0	0.0	0.000
run1_D_size65536	hybrid	off	warm	stride	65536	250000	1	1	2	2	512	11245	13359	22640	12618	6283711	81481	9	0	0	0.0	0.000
run1_D_size65536	pool	off	warm	stride	65536	250000	1	1	3	0	512	9649	10502	20251	10832	5336344	95946	9	0	0	0.0	0.000
run1_D_size65536	hybrid	off	warm	stride	65536	250000	1	1	3	1	512	9720	10642	17666	10954	5406914	94694	9	0	0	0.0	0.000
run1_D_size65536	uring	off	warm	stride	65536	250000	1	1	3	2	512	14446	19293	31897	21863	8070820	63438	9	0	0	100.0	0.000
run1_D_size65536	hybrid	off	warm	stride	65536	250000	1	1	4	0	512	9949	11531	22786	11445	5655541	90531	9	0	0	0.0	0.000
run1_D_size65536	uring	off	warm	stride	65536	250000	1	1	4	1	512	13115	16347	26389	19688	7498052	68284	9	0	0	100.0	0.000
run1_D_size65536	pool	off	warm	stride	65536	250000	1	1	4	2	512	9803	11670	18462	11205	5491604	93233	9	0	0	0.0	0.000
run1_D_size65536	uring	off	warm	stride	65536	250000	1	1	5	0	512	14358	19715	27926	20644	8000304	63998	9	0	0	100.0	0.000
run1_D_size65536	pool	off	warm	stride	65536	250000	1	1	5	1	512	10072	13250	25698	11877	5884916	87002	9	0	0	0.0	0.000
run1_D_size65536	hybrid	off	warm	stride	65536	250000	1	1	5	2	512	9720	10970	21830	11220	5515972	92821	9	0	0	0.0	0.000
run1_D_size65536	pool	off	warm	stride	65536	250000	16	1	0	0	512	22009	24190	47688	22759	1985665	257848	9	0	0	0.0	0.000
run1_D_size65536	hybrid	off	warm	stride	65536	250000	16	1	0	1	512	10373	12712	24668	12768	6413407	79833	9	0	0	0.0	0.000
run1_D_size65536	uring	off	warm	stride	65536	250000	16	1	0	2	512	197416	223901	262948	15590	7518576	68098	9	0	0	100.0	0.000
run1_D_size65536	hybrid	off	warm	stride	65536	250000	16	1	1	0	512	10295	11007	20290	12821	6203682	82532	9	0	0	0.0	0.000
run1_D_size65536	uring	off	warm	stride	65536	250000	16	1	1	1	512	222585	286704	330288	17191	8207767	62380	9	0	0	100.0	0.000
run1_D_size65536	pool	off	warm	stride	65536	250000	16	1	1	2	512	21917	23663	48069	22718	1752683	292124	9	0	0	0.0	0.000
run1_D_size65536	uring	off	warm	stride	65536	250000	16	1	2	0	512	201079	226644	281906	15559	7515605	68125	9	0	0	100.0	0.000
run1_D_size65536	pool	off	warm	stride	65536	250000	16	1	2	1	512	22111	23933	37634	22769	1879430	272423	9	0	0	0.0	0.000
run1_D_size65536	hybrid	off	warm	stride	65536	250000	16	1	2	2	512	10358	11175	21210	13055	6546083	78215	9	0	0	0.0	0.000
run1_D_size65536	pool	off	warm	stride	65536	250000	16	1	3	0	512	23295	25205	41406	25052	1750582	292474	9	0	0	0.0	0.000
run1_D_size65536	hybrid	off	warm	stride	65536	250000	16	1	3	1	512	11335	13208	24189	13930	6988141	73267	9	0	0	0.0	0.000
run1_D_size65536	uring	off	warm	stride	65536	250000	16	1	3	2	512	193994	240075	295880	15534	7510792	68169	9	0	0	100.0	0.000
run1_D_size65536	hybrid	off	warm	stride	65536	250000	16	1	4	0	512	10919	13610	25721	13789	6954651	73620	9	0	0	0.0	0.000
run1_D_size65536	uring	off	warm	stride	65536	250000	16	1	4	1	512	187361	216533	228187	14424	7062215	72499	9	0	0	100.0	0.000
run1_D_size65536	pool	off	warm	stride	65536	250000	16	1	4	2	512	18350	22844	35026	20133	2191476	233632	9	0	0	0.0	0.000
run1_D_size65536	uring	off	warm	stride	65536	250000	16	1	5	0	512	196064	211049	241411	15073	7321896	69927	9	0	0	100.0	0.000
run1_D_size65536	pool	off	warm	stride	65536	250000	16	1	5	1	512	23013	24825	44035	24533	1702509	300733	9	0	0	0.0	0.000
run1_D_size65536	hybrid	off	warm	stride	65536	250000	16	1	5	2	512	11021	13210	28353	14043	6897941	74225	9	0	0	0.0	0.000
run1_D_size250000	pool	off	cold	sweep	250000	250000	1	1	0	0	512	40767	89434	1701846	101271	53141940	9635	9	0	0	0.0	0.000
run1_D_size250000	hybrid	off	cold	sweep	250000	250000	1	1	0	1	512	35644	83264	1451398	93363	49309287	10383	9	0	0	0.0	0.000
run1_D_size250000	uring	off	cold	sweep	250000	250000	1	1	0	2	512	40715	110764	1176648	94403	47647991	10745	9	0	0	100.0	0.000
run1_D_size250000	hybrid	off	cold	sweep	250000	250000	1	1	1	0	512	33167	93226	1273649	85470	45118169	11348	9	0	0	0.0	0.000
run1_D_size250000	uring	off	cold	sweep	250000	250000	1	1	1	1	512	45251	115035	1245274	101399	51027459	10034	9	0	0	100.0	0.000
run1_D_size250000	pool	off	cold	sweep	250000	250000	1	1	1	2	512	30392	86270	1116501	79226	41725288	12271	9	0	0	0.0	0.000
run1_D_size250000	uring	off	cold	sweep	250000	250000	1	1	2	0	512	43303	122637	1312803	102283	50765875	10086	9	0	0	100.0	0.000
run1_D_size250000	pool	off	cold	sweep	250000	250000	1	1	2	1	512	32659	84608	1104900	79813	42385538	12080	9	0	0	0.0	0.000
run1_D_size250000	hybrid	off	cold	sweep	250000	250000	1	1	2	2	512	30711	84441	1210664	81412	42870568	11943	9	0	0	0.0	0.000
run1_D_size250000	pool	off	cold	sweep	250000	250000	1	1	3	0	512	34581	89588	1330850	89386	47148549	10859	9	0	0	0.0	0.000
run1_D_size250000	hybrid	off	cold	sweep	250000	250000	1	1	3	1	512	34555	80373	1275435	84652	44725826	11448	9	0	0	0.0	0.000
run1_D_size250000	uring	off	cold	sweep	250000	250000	1	1	3	2	512	39563	110521	1159323	92350	46368461	11042	9	0	0	100.0	0.000
run1_D_size250000	hybrid	off	cold	sweep	250000	250000	1	1	4	0	512	33823	85516	1297850	84652	45439709	11268	9	0	0	0.0	0.000
run1_D_size250000	uring	off	cold	sweep	250000	250000	1	1	4	1	512	44579	113825	1282895	101670	50793504	10080	9	0	0	100.0	0.000
run1_D_size250000	pool	off	cold	sweep	250000	250000	1	1	4	2	512	32122	92447	1239605	84358	44647101	11468	9	0	0	0.0	0.000
run1_D_size250000	uring	off	cold	sweep	250000	250000	1	1	5	0	512	39830	108711	1166118	94398	47359670	10811	9	0	0	100.0	0.000
run1_D_size250000	pool	off	cold	sweep	250000	250000	1	1	5	1	512	33788	89209	1367937	86967	45881688	11159	9	0	0	0.0	0.000
run1_D_size250000	hybrid	off	cold	sweep	250000	250000	1	1	5	2	512	31986	81539	1223232	80772	42599402	12019	9	0	0	0.0	0.000
run1_D_size250000	pool	off	cold	sweep	250000	250000	16	1	0	0	512	1025319	2757658	4190123	226818	37529692	13643	46	0	0	56.2	0.000
run1_D_size250000	hybrid	off	cold	sweep	250000	250000	16	1	0	1	512	53342	131799	1426565	115666	61214367	8364	9	0	0	0.0	0.000
run1_D_size250000	uring	off	cold	sweep	250000	250000	16	1	0	2	512	2380542	3130403	4196955	126762	66112858	7744	9	0	0	100.0	0.000
run1_D_size250000	hybrid	off	cold	sweep	250000	250000	16	1	1	0	512	51339	132240	1499918	117090	61652874	8305	9	0	0	0.0	0.000
run1_D_size250000	uring	off	cold	sweep	250000	250000	16	1	1	1	512	2586879	3247557	4432604	134140	70842611	7227	9	0	0	100.0	0.000
run1_D_size250000	pool	off	cold	sweep	250000	250000	16	1	1	2	512	1108797	3514972	5930988	227757	45402053	11277	32	0	0	55.3	0.000
run1_D_size250000	uring	off	cold	sweep	250000	250000	16	1	2	0	512	2299976	2766085	3725961	114579	59629279	8586	9	0	0	100.0	0.000
run1_D_size250000	pool	off	cold	sweep	250000	250000	16	1	2	1	512	1033714	2831967	4052134	238922	37810089	13541	36	0	0	52.3	0.000
run1_D_size250000	hybrid	off	cold	sweep	250000	250000	16	1	2	2	512	49204	131970	1452655	113867	60831133	8417	9	0	0	0.0	0.000
run1_D_size250000	pool	off	cold	sweep	250000	250000	16	1	3	0	512	748144	2768135	4176780	235553	36376534	14075	37	0	0	49.4	0.000
run1_D_size250000	hybrid	off	cold	sweep	250000	250000	16	1	3	1	512	67572	133440	1417379	124294	65716928	7791	9	0	0	0.0	0.000
run1_D_size250000	uring	off	cold	sweep	250000	250000	16	1	3	2	512	2201692	2782895	4237328	115187	59841691	8556	9	0	0	100.0	0.000
run1_D_size250000	hybrid	off	cold	sweep	250000	250000	16	1	4	0	512	49051	133112	1520355	115509	62336907	8213	9	0	0	0.0	0.000
run1_D_size250000	uring	off	cold	sweep	250000	250000	16	1	4	1	512	2087709	2632044	3864444	109165	57418087	8917	9	0	0	100.0	0.000
run1_D_size250000	pool	off	cold	sweep	250000	250000	16	1	4	2	512	971412	2251420	3804239	236721	33904597	15101	39	0	0	58.8	0.000
run1_D_size250000	uring	off	cold	sweep	250000	250000	16	1	5	0	512	2608910	3472157	4320592	141970	74158666	6904	9	0	0	100.0	0.000
run1_D_size250000	pool	off	cold	sweep	250000	250000	16	1	5	1	512	898795	2513203	5557451	224239	34795010	14715	36	0	0	56.8	0.000
run1_D_size250000	hybrid	off	cold	sweep	250000	250000	16	1	5	2	512	49814	129897	1374711	114553	60696189	8435	9	0	0	0.0	0.000
run1_D_size250000	pool	off	warm	sweep	250000	250000	1	1	0	0	512	33652	39427	54678	35737	18384362	27850	9	0	0	0.0	0.000
run1_D_size250000	hybrid	off	warm	sweep	250000	250000	1	1	0	1	512	34695	40058	58116	36650	18789695	27249	9	0	0	0.0	0.000
run1_D_size250000	uring	off	warm	sweep	250000	250000	1	1	0	2	512	44821	57516	76687	52383	24131040	21217	9	0	0	100.0	0.000
run1_D_size250000	hybrid	off	warm	sweep	250000	250000	1	1	1	0	512	36682	44471	57138	39187	19898211	25731	9	0	0	0.0	0.000
run1_D_size250000	uring	off	warm	sweep	250000	250000	1	1	1	1	512	45735	57952	78124	52556	24389854	20992	9	0	0	100.0	0.000
run1_D_size250000	pool	off	warm	sweep	250000	250000	1	1	1	2	512	34945	43663	58031	37222	19089834	26821	9	0	0	0.0	0.000
run1_D_size250000	uring	off	warm	sweep	250000	250000	1	1	2	0	512	48238	64664	87750	56519	25939146	19739	9	0	0	100.0	0.000
run1_D_size250000	pool	off	warm	sweep	250000	250000	1	1	2	1	512	35092	40989	68958	36936	19226342	26630	9	0	0	0.0	0.000
run1_D_size250000	hybrid	off	warm	sweep	250000	250000	1	1	2	2	512	35101	45288	69846	38872	19848486	25795	9	0	0	0.0	0.000
run1_D_size250000	pool	off	warm	sweep	250000	250000	1	1	3	0	512	35840	43250	73446	38016	19668709	26031	9	0	0	0.0	0.000
run1_D_size250000	hybrid	off	warm	sweep	250000	250000	1	1	3	1	512	34860	42619	54645	37597	19040994	26889	9	0	0	0.0	0.000
run1_D_size250000	uring	off	warm	sweep	250000	250000	1	1	3	2	512	44030	65993	101206	52294	24553211	20853	9	0	0	100.0	0.000
run1_D_size250000	hybrid	off	warm	sweep	250000	250000	1	1	4	0	512	32775	38062	50137	34704	17696502	28932	9	0	0	0.0	0.000
run1_D_size250000	uring	off	warm	sweep	250000	250000	1	1	4	1	512	42284	54874	75112	49971	23119672	22146	9	0	0	100.0	0.000
run1_D_size250000	pool	off	warm	sweep	250000	250000	1	1	4	2	512	35745	46631	57656	38209	19556819	26180	9	0	0	0.0	0.000
run1_D_size250000	uring	off	warm	sweep	250000	250000	1	1	5	0	512	45263	57195	74763	53678	24377746	21003	9	0	0	100.0	0.000
run1_D_size250000	pool	off	warm	sweep	250000	250000	1	1	5	1	512	34015	40790	53965	36117	18418542	27798	9	0	0	0.0	0.000
run1_D_size250000	hybrid	off	warm	sweep	250000	250000	1	1	5	2	512	35959	43968	54267	38632	19685028	26010	9	0	0	0.0	0.000
run1_D_size250000	pool	off	warm	sweep	250000	250000	16	1	0	0	512	82723	93098	232460	83298	6618874	77355	9	0	0	0.0	0.000
run1_D_size250000	hybrid	off	warm	sweep	250000	250000	16	1	0	1	512	42465	58742	105683	51283	26769661	19126	9	0	0	0.0	0.000
run1_D_size250000	uring	off	warm	sweep	250000	250000	16	1	0	2	512	934970	1046851	1119345	62670	31694140	16154	9	0	0	100.0	0.000
run1_D_size250000	hybrid	off	warm	sweep	250000	250000	16	1	1	0	512	47171	69555	107993	56992	29235040	17513	9	0	0	0.0	0.000
run1_D_size250000	uring	off	warm	sweep	250000	250000	16	1	1	1	512	925208	1169052	1275866	64247	32393156	15806	9	0	0	100.0	0.000
run1_D_size250000	pool	off	warm	sweep	250000	250000	16	1	1	2	512	80728	120631	488485	85918	8033300	63735	9	0	0	0.0	0.000
run1_D_size250000	uring	off	warm	sweep	250000	250000	16	1	2	0	512	854950	1138472	1188745	60592	30395253	16845	9	0	0	100.0	0.000
run1_D_size250000	pool	off	warm	sweep	250000	250000	16	1	2	1	512	89209	107020	160147	93256	6657694	76904	9	0	0	0.0	0.000
run1_D_size250000	hybrid	off	warm	sweep	250000	250000	16	1	2	2	512	43186	60545	89695	49606	25480467	20094	9	0	0	0.0	0.000
run1_D_size250000	pool	off	warm	sweep	250000	250000	16	1	3	0	512	86305	98600	271269	86436	6842982	74821	9	0	0	0.0	0.000
run1_D_size250000	hybrid	off	warm	sweep	250000	250000	16	1	3	1	512	42520	61569	93510	51406	26947230	19000	9	0	0	0.0	0.000
run1_D_size250000	uring	off	warm	sweep	250000	250000	16	1	3	2	512	875744	1111911	1212475	63259	31872045	16064	9	0	0	100.0	0.000
run1_D_size250000	hybrid	off	warm	sweep	250000	250000	16	1	4	0	512	46432	64613	109010	54735	28649983	17871	9	0	0	0.0	0.000
run1_D_size250000	uring	off	warm	sweep	250000	250000	16	1	4	1	512	887054	1158434	1319668	65057	32799210	15610	9	0	0	100.0	0.000
run1_D_size250000	pool	off	warm	sweep	250000	250000	16	1	4	2	512	86990	108565	387286	87949	7361289	69553	9	0	0	0.0	0.000
run1_D_size250000	uring	off	warm	sweep	250000	250000	16	1	5	0	512	940197	1153886	1239063	65286	32906496	15559	9	0	0	100.0	0.000
run1_D_size250000	pool	off	warm	sweep	250000	250000	16	1	5	1	512	89281	105316	257070	91577	6718815	76204	9	0	0	0.0	0.000
run1_D_size250000	hybrid	off	warm	sweep	250000	250000	16	1	5	2	512	42305	61035	100230	51820	27006261	18959	9	0	0	0.0	0.000
run1_E_safety	pool	off	cold	stride	16384	250000	1	1	0	0	512	176999	242468	556506	299425	94406553	5423	10	4816	971744	89.6	0.000
run1_E_safety	uring	off	cold	stride	16384	250000	1	1	0	1	512	183842	239624	339685	293702	90828210	5637	9	6539	265554	100.0	0.000
run1_E_safety	hybrid	off	cold	stride	16384	250000	1	1	0	2	512	183079	234746	292693	288346	89520939	5719	9	5891	140695	90.4	0.000
run1_E_safety	pooled_pread	off	cold	stride	16384	250000	1	1	0	3	512	200968	270202	362052	369986	99327677	5155	11	3744	119271	100.0	0.000
run1_E_safety	uring	off	cold	stride	16384	250000	1	1	1	0	512	180847	233612	314806	285279	88405285	5792	9	5406	191221	100.0	0.000
run1_E_safety	hybrid	off	cold	stride	16384	250000	1	1	1	1	512	180592	240054	319589	287698	89811950	5701	9	5572	829742	90.2	0.000
run1_E_safety	pooled_pread	off	cold	stride	16384	250000	1	1	1	2	512	184082	251287	330111	343295	91354142	5605	11	3356	80314	100.0	0.000
run1_E_safety	pool	off	cold	stride	16384	250000	1	1	1	3	512	162251	205541	299808	258411	79625081	6430	10	3891	937051	90.6	0.000
run1_E_safety	hybrid	off	cold	stride	16384	250000	1	1	2	0	512	168266	229929	293504	264434	84148823	6084	9	5393	944410	90.2	0.000
run1_E_safety	pooled_pread	off	cold	stride	16384	250000	1	1	2	1	512	192668	260241	326746	355371	95570748	5357	11	3456	30485	100.0	0.000
run1_E_safety	pool	off	cold	stride	16384	250000	1	1	2	2	512	168353	224211	535002	287436	88232777	5803	10	4348	922655	89.6	0.000
run1_E_safety	uring	off	cold	stride	16384	250000	1	1	2	3	512	176872	230739	318593	274531	87058884	5881	9	5536	998312	100.0	0.000
run1_E_safety	pooled_pread	off	cold	stride	16384	250000	1	1	3	0	512	189703	251406	303136	346658	93270660	5489	11	3489	111082	100.0	0.000
run1_E_safety	pool	off	cold	stride	16384	250000	1	1	3	1	512	173617	218988	283147	257817	83640621	6121	10	4561	911959	90.8	0.000
run1_E_safety	uring	off	cold	stride	16384	250000	1	1	3	2	512	179846	238401	295490	279516	88272312	5800	9	5558	1160998	100.0	0.000
run1_E_safety	hybrid	off	cold	stride	16384	250000	1	1	3	3	512	182311	246334	292348	291483	89258222	5736	9	5593	231008	90.0	0.000
run1_E_safety	pool	off	cold	stride	16384	250000	1	1	4	0	512	167661	224012	296527	273902	83003928	6168	11	4144	1128605	90.0	0.000
run1_E_safety	uring	off	cold	stride	16384	250000	1	1	4	1	512	179331	233479	288180	284800	87962385	5821	9	5452	932264	100.0	0.000
run1_E_safety	hybrid	off	cold	stride	16384	250000	1	1	4	2	512	177037	235250	296771	280748	87816179	5830	9	6734	218816	90.2	0.000
run1_E_safety	pooled_pread	off	cold	stride	16384	250000	1	1	4	3	512	189132	254007	345459	360676	94346795	5427	11	3553	38388	100.0	0.000
run1_E_safety	uring	off	cold	stride	16384	250000	1	1	5	0	512	183195	241876	329780	289479	91131523	5618	9	6025	231774	100.0	0.000
run1_E_safety	hybrid	off	cold	stride	16384	250000	1	1	5	1	512	176202	231687	326711	278925	88767022	5768	9	5484	901720	90.0	0.000
run1_E_safety	pooled_pread	off	cold	stride	16384	250000	1	1	5	2	512	182633	251939	301340	339635	92078551	5560	11	3508	32638	100.0	0.000
run1_E_safety	pool	off	cold	stride	16384	250000	1	1	5	3	512	165109	211921	291007	257606	81004940	6321	10	4870	1082658	90.0	0.000
run1_E_safety	pool	off	cold	stride	16384	250000	16	1	0	0	512	377900	719068	1087970	82235	13883727	36878	34	245679	1238462	93.0	0.000
run1_E_safety	uring	off	cold	stride	16384	250000	16	1	0	1	512	538903	1029572	1363147	50885	18969017	26991	9	5961	10492851	100.0	0.000
run1_E_safety	hybrid	off	cold	stride	16384	250000	16	1	0	2	512	401432	598734	1154514	91958	19279310	26557	9	5000	84487	90.8	0.000
run1_E_safety	pooled_pread	off	cold	stride	16384	250000	16	1	0	3	512	423174	884983	1913407	103143	16854727	30377	49	12160	1750444	100.0	0.000
run1_E_safety	uring	off	cold	stride	16384	250000	16	1	1	0	512	636568	1009240	1419567	90935	21474750	23842	9	5666	2208175	100.0	0.000
run1_E_safety	hybrid	off	cold	stride	16384	250000	16	1	1	1	512	413374	604960	1240440	56902	19780491	25884	9	5316	13462310	90.2	0.000
run1_E_safety	pooled_pread	off	cold	stride	16384	250000	16	1	1	2	512	385939	992857	2309596	107621	18429434	27782	45	10252	683186	100.0	0.000
run1_E_safety	pool	off	cold	stride	16384	250000	16	1	1	3	512	385089	832681	1276426	82321	14970012	34202	38	118279	1846985	92.4	0.000
run1_E_safety	hybrid	off	cold	stride	16384	250000	16	1	2	0	512	434951	629678	1287146	101047	20695975	24739	9	5300	66603	91.0	0.000
run1_E_safety	pooled_pread	off	cold	stride	16384	250000	16	1	2	1	512	428000	864702	1843253	96396	16648813	30753	41	11676	838537	100.0	0.000
run1_E_safety	pool	off	cold	stride	16384	250000	16	1	2	2	512	395265	871523	1732357	82315	15967764	32065	31	158246	1705956	92.8	0.000
run1_E_safety	uring	off	cold	stride	16384	250000	16	1	2	3	512	724606	1113639	1863973	93204	24933122	20535	9	5831	2760760	100.0	0.000
run1_E_safety	pooled_pread	off	cold	stride	16384	250000	16	1	3	0	512	437566	1120420	1859683	104418	18817929	27208	65	8399	1294362	100.0	0.000
run1_E_safety	pool	off	cold	stride	16384	250000	16	1	3	1	512	429212	852802	1624102	83900	16166602	31670	31	84127	1915340	93.2	0.000
run1_E_safety	uring	off	cold	stride	16384	250000	16	1	3	2	512	620734	974366	1707371	94627	21651057	23648	9	5828	907497	100.0	0.000
run1_E_safety	hybrid	off	cold	stride	16384	250000	16	1	3	3	512	424882	694314	1565009	87905	21767697	23521	9	5087	5072474	90.2	0.000
run1_E_safety	pool	off	cold	stride	16384	250000	16	1	4	0	512	481222	997341	1518974	88085	18034172	28391	35	99413	1995647	93.2	0.000
run1_E_safety	uring	off	cold	stride	16384	250000	16	1	4	1	512	578630	927669	2092571	83469	20682461	24755	9	5836	2509556	100.0	0.000
run1_E_safety	hybrid	off	cold	stride	16384	250000	16	1	4	2	512	423066	666948	1251923	74673	20740602	24686	9	5362	8405440	90.8	0.000
run1_E_safety	pooled_pread	off	cold	stride	16384	250000	16	1	4	3	512	457819	1180136	2303930	107552	19965443	25644	65	10700	2448379	100.0	0.000
run1_E_safety	uring	off	cold	stride	16384	250000	16	1	5	0	512	600732	975540	1312358	63797	20112053	25457	9	5957	5664377	100.0	0.000
run1_E_safety	hybrid	off	cold	stride	16384	250000	16	1	5	1	512	374599	563686	1161983	35247	18196969	28137	9	6260	17933183	90.4	0.000
run1_E_safety	pooled_pread	off	cold	stride	16384	250000	16	1	5	2	512	452874	1188383	2573854	109764	20229167	25310	47	10188	962225	100.0	0.000
run1_E_safety	pool	off	cold	stride	16384	250000	16	1	5	3	512	406600	845846	1213785	80549	15104719	33897	41	224528	1952644	92.6	0.000
run1_E_safety	pool	off	warm	stride	16384	250000	1	1	0	0	512	2893	3224	4122	8461	1684938	303869	9	2798	8869	0.0	0.000
run1_E_safety	uring	off	warm	stride	16384	250000	1	1	0	1	512	3786	4433	6361	10794	2223155	230303	9	4292	18631	100.0	0.000
run1_E_safety	hybrid	off	warm	stride	16384	250000	1	1	0	2	512	3380	4110	5361	9805	2093670	244547	9	4424	14050	0.0	0.000
run1_E_safety	pooled_pread	off	warm	stride	16384	250000	1	1	0	3	512	10773	13084	50315	31925	7187433	71235	11	5384	41316	100.0	0.000
run1_E_safety	uring	off	warm	stride	16384	250000	1	1	1	0	512	6293	6803	11501	9772	3315699	154417	9	3274025	3274025	100.0	0.000
run1_E_safety	hybrid	off	warm	stride	16384	250000	1	1	1	1	512	3061	3494	5715	8682	1884043	271756	9	3301	18745	0.0	0.000
run1_E_safety	pooled_pread	off	warm	stride	16384	250000	1	1	1	2	512	10867	13079	53378	27775	6165467	83043	11	6462	39687	100.0	0.000
run1_E_safety	pool	off	warm	stride	16384	250000	1	1	1	3	512	3902	4305	5089	10621	2160106	237025	9	4070	17150	0.0	0.000
run1_E_safety	hybrid	off	warm	stride	16384	250000	1	1	2	0	512	3091	3716	4524	4075	1865555	274449	9	11146	1812784	0.0	0.000
run1_E_safety	pooled_pread	off	warm	stride	16384	250000	1	1	2	1	512	9765	11482	17080	24665	5312280	96380	11	6363	26563	100.0	0.000
run1_E_safety	pool	off	warm	stride	16384	250000	1	1	2	2	512	2797	3401	4279	3414	1652245	309881	9	4533	1564008	0.0	0.000
run1_E_safety	uring	off	warm	stride	16384	250000	1	1	2	3	512	4406	5970	8454	12188	2677457	191226	9	4995	15258	100.0	0.000
run1_E_safety	pooled_pread	off	warm	stride	16384	250000	1	1	3	0	512	10405	13085	30233	26150	5898454	86802	11	5504	26348	100.0	0.000
run1_E_safety	pool	off	warm	stride	16384	250000	1	1	3	1	512	3584	4062	4752	11083	2075822	246649	9	2923	12232	0.0	0.000
run1_E_safety	uring	off	warm	stride	16384	250000	1	1	3	2	512	4956	5675	13021	8090	2843934	180032	9	3813	2723854	100.0	0.000
run1_E_safety	hybrid	off	warm	stride	16384	250000	1	1	3	3	512	2876	3205	3932	3731	1719358	297786	9	1661910	1661910	0.0	0.000
run1_E_safety	pool	off	warm	stride	16384	250000	1	1	4	0	512	2777	3132	4694	2501	1610453	317923	9	4130	1532222	0.0	0.000
run1_E_safety	uring	off	warm	stride	16384	250000	1	1	4	1	512	4469	5233	10600	7551	2490323	205596	9	8086	2420292	100.0	0.000
run1_E_safety	hybrid	off	warm	stride	16384	250000	1	1	4	2	512	3053	3475	4268	4082	1823619	280760	9	16418	1756222	0.0	0.000
run1_E_safety	pooled_pread	off	warm	stride	16384	250000	1	1	4	3	512	10452	13058	25642	27919	5824489	87905	11	4641	39893	100.0	0.000
run1_E_safety	uring	off	warm	stride	16384	250000	1	1	5	0	512	4584	5283	6465	6793	2497238	205027	9	640	2458153	100.0	0.000
run1_E_safety	hybrid	off	warm	stride	16384	250000	1	1	5	1	512	3242	3873	4914	3855	1965248	260527	9	4723	1898838	0.0	0.000
run1_E_safety	pooled_pread	off	warm	stride	16384	250000	1	1	5	2	512	10698	13425	40537	27600	6035021	84838	11	6151	43290	100.0	0.000
run1_E_safety	pool	off	warm	stride	16384	250000	1	1	5	3	512	2820	3184	4333	3292	1603207	319360	9	578	1558146	0.0	0.000
run1_E_safety	pool	off	warm	stride	16384	250000	16	1	0	0	512	5626	6535	9160	5537	515817	992600	9	459799	459799	0.0	0.000
run1_E_safety	uring	off	warm	stride	16384	250000	16	1	0	1	512	49599	60836	69973	3452	1986464	257744	9	5150	1931125	100.0	0.000
run1_E_safety	hybrid	off	warm	stride	16384	250000	16	1	0	2	512	2970	3317	4153	9125	1984033	258060	9	2975	9452	0.0	0.000
run1_E_safety	pooled_pread	off	warm	stride	16384	250000	16	1	0	3	512	28316	354244	916866	34510	4411225	116068	85	1415715	1528603	100.0	0.000
run1_E_safety	uring	off	warm	stride	16384	250000	16	1	1	0	512	64094	74796	104285	5561	2533834	202065	9	2458425	2458425	100.0	0.000
run1_E_safety	hybrid	off	warm	stride	16384	250000	16	1	1	1	512	3538	4313	5141	10209	2241508	228418	9	4382	7828	0.0	0.000
run1_E_safety	pooled_pread	off	warm	stride	16384	250000	16	1	1	2	512	47245	366612	1927709	41276	6289924	81400	138	398826	2830832	100.0	0.000
run1_E_safety	pool	off	warm	stride	16384	250000	16	1	1	3	512	4929	6045	7253	5856	644799	794046	9	6108	560319	0.0	0.000
run1_E_safety	hybrid	off	warm	stride	16384	250000	16	1	2	0	512	3463	3852	4610	3592	2212098	231454	9	2155981	2155981	0.0	0.000
run1_E_safety	pooled_pread	off	warm	stride	16384	250000	16	1	2	1	512	48239	480088	1340120	44637	6938191	73794	118	4673	5290387	100.0	0.000
run1_E_safety	pool	off	warm	stride	16384	250000	16	1	2	2	512	5400	6357	7072	5194	570965	896727	9	484944	484944	0.0	0.000
run1_E_safety	uring	off	warm	stride	16384	250000	16	1	2	3	512	46112	52205	97937	8883	1930707	265188	9	4975	77943	100.0	0.000
run1_E_safety	pooled_pread	off	warm	stride	16384	250000	16	1	3	0	512	36283	414162	1519057	41950	6653029	76957	101	4000	2470041	100.0	0.000
run1_E_safety	pool	off	warm	stride	16384	250000	16	1	3	1	512	5782	6623	7273	5511	598216	855878	9	523521	523521	0.0	0.000
run1_E_safety	uring	off	warm	stride	16384	250000	16	1	3	2	512	64350	73733	95854	5638	2591979	197532	9	7568	2487382	100.0	0.000
run1_E_safety	hybrid	off	warm	stride	16384	250000	16	1	3	3	512	3008	3455	4744	4349	1946380	263052	9	13706	1875585	0.0	0.000
run1_E_safety	pool	off	warm	stride	16384	250000	16	1	4	0	512	6246	7020	7699	7519	760483	673256	9	6079	570455	0.0	0.000
run1_E_safety	uring	off	warm	stride	16384	250000	16	1	4	1	512	46923	49169	102455	4105	1796492	285000	9	3500	1730899	100.0	0.000
run1_E_safety	hybrid	off	warm	stride	16384	250000	16	1	4	2	512	2956	3362	4248	8169	1926497	265767	9	3336	10393	0.0	0.000
run1_E_safety	pooled_pread	off	warm	stride	16384	250000	16	1	4	3	512	41681	351657	2172632	38877	6887462	74338	126	116365	1481648	100.0	0.000
run1_E_safety	uring	off	warm	stride	16384	250000	16	1	5	0	512	48373	57662	66048	3039	1798070	284750	9	3500	1760895	100.0	0.000
run1_E_safety	hybrid	off	warm	stride	16384	250000	16	1	5	1	512	3014	3461	4322	9234	1947097	262956	9	3107	10878	0.0	0.000
run1_E_safety	pooled_pread	off	warm	stride	16384	250000	16	1	5	2	512	38286	449271	1389878	44762	6601677	77556	124	4241	5696541	100.0	0.000
run1_E_safety	pool	off	warm	stride	16384	250000	16	1	5	3	512	3795	4310	6675	3752	603235	848757	9	549114	549114	0.0	0.000
