label	arm	prefetch	temp	shape	size	stride	depth	readers	repeat	pos	asks	p50_ns	p90_ns	p99_ns	cpu_ns_per_ask	wall_ns	asks_per_s	threads	gap_p99_ns	gap_max_ns	miss_pct	resident_pct
run1_A_stride	pool	off	cold	stride	16384	250000	1	1	0	0	512	100141	134813	385209	82573	56195926	9111	6	0	0	87.9	0.000
run1_A_stride	pool_ringloop	off	cold	stride	16384	250000	1	1	0	1	512	96920	125838	664872	81456	53488011	9572	6	0	0	88.1	0.000
run1_A_stride	hybrid	off	cold	stride	16384	250000	1	1	0	2	512	70487	88816	376230	39197	40429745	12664	5	0	0	87.9	0.000
run1_A_stride	uring	off	cold	stride	16384	250000	1	1	0	3	512	68741	85127	718667	36841	38475969	13307	5	0	0	100.0	0.000
run1_A_stride	pooled_pread	off	cold	stride	16384	250000	1	1	0	4	512	100457	140378	319804	84232	58690292	8724	6	0	0	100.0	0.000
run1_A_stride	pool_ringloop	off	cold	stride	16384	250000	1	1	1	0	512	95424	120673	743570	81328	52313893	9787	6	0	0	88.1	0.000
run1_A_stride	hybrid	off	cold	stride	16384	250000	1	1	1	1	512	68916	81182	508761	37742	37932547	13498	5	0	0	87.7	0.000
run1_A_stride	uring	off	cold	stride	16384	250000	1	1	1	2	512	69380	81856	386593	35992	38200668	13403	5	0	0	100.0	0.000
run1_A_stride	pooled_pread	off	cold	stride	16384	250000	1	1	1	3	512	111192	139041	297228	84048	60431159	8472	6	0	0	100.0	0.000
run1_A_stride	pool	off	cold	stride	16384	250000	1	1	1	4	512	96220	126834	527593	79838	53621729	9548	6	0	0	88.1	0.000
run1_A_stride	hybrid	off	cold	stride	16384	250000	1	1	2	0	512	71860	92630	710277	39083	42372314	12083	5	0	0	87.9	0.000
run1_A_stride	uring	off	cold	stride	16384	250000	1	1	2	1	512	68260	88222	834777	40076	40874074	12526	5	0	0	100.0	0.000
run1_A_stride	pooled_pread	off	cold	stride	16384	250000	1	1	2	2	512	111089	142397	534709	84381	69402168	7377	6	0	0	100.0	0.000
run1_A_stride	pool	off	cold	stride	16384	250000	1	1	2	3	512	108046	131041	741667	82044	57396718	8920	6	0	0	88.1	0.000
run1_A_stride	pool_ringloop	off	cold	stride	16384	250000	1	1	2	4	512	99434	130889	794617	83686	56710314	9028	6	0	0	88.3	0.000
run1_A_stride	uring	off	cold	stride	16384	250000	1	1	3	0	512	67909	89139	557565	38971	38367048	13345	5	0	0	100.0	0.000
run1_A_stride	pooled_pread	off	cold	stride	16384	250000	1	1	3	1	512	100553	123917	494629	84291	57083934	8969	6	0	0	100.0	0.000
run1_A_stride	pool	off	cold	stride	16384	250000	1	1	3	2	512	96839	128908	452929	80332	53224442	9620	6	0	0	87.9	0.000
run1_A_stride	pool_ringloop	off	cold	stride	16384	250000	1	1	3	3	512	96973	118688	697303	81958	51488759	9944	6	0	0	88.1	0.000
run1_A_stride	hybrid	off	cold	stride	16384	250000	1	1	3	4	512	71407	88260	459823	36916	40227109	12728	5	0	0	88.1	0.000
run1_A_stride	pooled_pread	off	cold	stride	16384	250000	1	1	4	0	512	110570	144238	523366	84479	64312211	7961	6	0	0	100.0	0.000
run1_A_stride	pool	off	cold	stride	16384	250000	1	1	4	1	512	107833	126468	777715	83249	55625326	9204	6	0	0	87.7	0.000
run1_A_stride	pool_ringloop	off	cold	stride	16384	250000	1	1	4	2	512	100233	126911	616343	89938	54120320	9460	6	0	0	88.1	0.000
run1_A_stride	hybrid	off	cold	stride	16384	250000	1	1	4	3	512	72687	89839	789306	42325	40622382	12604	5	0	0	88.3	0.000
run1_A_stride	uring	off	cold	stride	16384	250000	1	1	4	4	512	68686	81250	471594	37469	38748323	13213	5	0	0	100.0	0.000
run1_A_stride	pool	off	cold	stride	16384	250000	1	1	5	0	512	95481	116288	503102	77275	50783952	10082	6	0	0	87.7	0.000
run1_A_stride	pool_ringloop	off	cold	stride	16384	250000	1	1	5	1	512	98049	129707	630898	85737	54079743	9468	6	0	0	88.1	0.000
run1_A_stride	hybrid	off	cold	stride	16384	250000	1	1	5	2	512	72623	107411	851110	44055	43873345	11670	5	0	0	87.7	0.000
run1_A_stride	uring	off	cold	stride	16384	250000	1	1	5	3	512	70006	122447	730699	39324	42947510	11922	5	0	0	100.0	0.000
run1_A_stride	pooled_pread	off	cold	stride	16384	250000	1	1	5	4	512	114190	150635	251244	87965	63489341	8064	7	0	0	100.0	0.000
run1_A_stride	pool	off	cold	stride	16384	250000	2	1	0	0	512	120299	159613	875295	75741	34368513	14897	8	0	0	89.3	0.000
run1_A_stride	pool_ringloop	off	cold	stride	16384	250000	2	1	0	1	512	124768	182610	824984	95196	35576792	14391	8	0	0	89.1	0.000
run1_A_stride	hybrid	off	cold	stride	16384	250000	2	1	0	2	512	76675	106980	748658	29350	27188761	18831	5	0	0	88.3	0.000
run1_A_stride	uring	off	cold	stride	16384	250000	2	1	0	3	512	88937	107320	871052	24979	26639512	19220	5	0	0	100.0	0.000
run1_A_stride	pooled_pread	off	cold	stride	16384	250000	2	1	0	4	512	138137	205280	744597	77329	40446209	12659	9	0	0	100.0	0.000
run1_A_stride	pool_ringloop	off	cold	stride	16384	250000	2	1	1	0	512	127305	191621	864022	93816	35792927	14305	8	0	0	88.7	0.000
run1_A_stride	hybrid	off	cold	stride	16384	250000	2	1	1	1	512	99249	137101	236999	48730	39026332	13119	5	0	0	86.7	0.000
run1_A_stride	uring	off	cold	stride	16384	250000	2	1	1	2	512	94781	131020	1101984	27027	30138060	16988	5	0	0	100.0	0.000
run1_A_stride	pooled_pread	off	cold	stride	16384	250000	2	1	1	3	512	147680	192897	1183838	74927	49192371	10408	8	0	0	100.0	0.000
run1_A_stride	pool	off	cold	stride	16384	250000	2	1	1	4	512	139385	192379	1032731	83284	40283888	12710	8	0	0	89.3	0.000
run1_A_stride	hybrid	off	cold	stride	16384	250000	2	1	2	0	512	81858	105511	813357	26981	27346818	18722	5	0	0	88.5	0.000
run1_A_stride	uring	off	cold	stride	16384	250000	2	1	2	1	512	86299	114347	806754	24340	26036052	19665	5	0	0	100.0	0.000
run1_A_stride	pooled_pread	off	cold	stride	16384	250000	2	1	2	2	512	155408	196088	925070	74232	43440566	11786	9	0	0	100.0	0.000
run1_A_stride	pool	off	cold	stride	16384	250000	2	1	2	3	512	115384	150491	866771	72397	33327209	15363	8	0	0	89.3	0.000
run1_A_stride	pool_ringloop	off	cold	stride	16384	250000	2	1	2	4	512	117223	175006	836436	90472	34208247	14967	8	0	0	88.9	0.000
run1_A_stride	uring	off	cold	stride	16384	250000	2	1	3	0	512	88685	120215	841656	27799	26333829	19443	5	0	0	100.0	0.000
run1_A_stride	pooled_pread	off	cold	stride	16384	250000	2	1	3	1	512	156038	189733	775795	74850	42018462	12185	9	0	0	100.0	0.000
run1_A_stride	pool	off	cold	stride	16384	250000	2	1	3	2	512	132402	158692	1026128	73137	35698569	14342	7	0	0	89.3	0.000
run1_A_stride	pool_ringloop	off	cold	stride	16384	250000	2	1	3	3	512	140758	201227	885454	93550	38619297	13258	9	0	0	89.1	0.000
run1_A_stride	hybrid	off	cold	stride	16384	250000	2	1	3	4	512	98952	186419	807325	43254	35428067	14452	5	0	0	88.7	0.000
run1_A_stride	pooled_pread	off	cold	stride	16384	250000	2	1	4	0	512	158691	213946	697720	78926	43239551	11841	9	0	0	100.0	0.000
run1_A_stride	pool	off	cold	stride	16384	250000	2	1	4	1	512	121717	155850	881175	72929	33846812	15127	7	0	0	89.1	0.000
run1_A_stride	pool_ringloop	off	cold	stride	16384	250000	2	1	4	2	512	129830	195424	916034	89481	36985099	13843	9	0	0	89.1	0.000
run1_A_stride	hybrid	off	cold	stride	16384	250000	2	1	4	3	512	69578	92708	769185	25934	25250677	20277	5	0	0	88.7	0.000
run1_A_stride	uring	off	cold	stride	16384	250000	2	1	4	4	512	85615	107236	757829	24794	25123334	20379	5	0	0	100.0	0.000
run1_A_stride	pool	off	cold	stride	16384	250000	2	1	5	0	512	116582	146946	825243	73517	32685230	15665	8	0	0	89.3	0.000
run1_A_stride	pool_ringloop	off	cold	stride	16384	250000	2	1	5	1	512	119556	180573	979208	87010	34459823	14858	10	0	0	89.3	0.000
run1_A_stride	hybrid	off	cold	stride	16384	250000	2	1	5	2	512	72294	101657	713619	26455	25220871	20301	5	0	0	88.3	0.000
run1_A_stride	uring	off	cold	stride	16384	250000	2	1	5	3	512	86563	100894	693445	24301	25134734	20370	5	0	0	100.0	0.000
run1_A_stride	pooled_pread	off	cold	stride	16384	250000	2	1	5	4	512	132553	187003	757552	70645	38325501	13359	8	0	0	100.0	0.000
run1_A_stride	pool	off	cold	stride	16384	250000	4	1	0	0	512	194732	303767	1165248	60882	29521621	17343	11	0	0	91.6	0.000
run1_A_stride	pool_ringloop	off	cold	stride	16384	250000	4	1	0	1	512	189166	303752	1103508	67213	29479640	17368	11	0	0	91.4	0.000
run1_A_stride	hybrid	off	cold	stride	16384	250000	4	1	0	2	512	130894	174514	1036859	17864	25514120	20067	5	0	0	90.0	0.000
run1_A_stride	uring	off	cold	stride	16384	250000	4	1	0	3	512	195756	293912	1062845	18836	29876301	17137	5	0	0	100.0	0.000
run1_A_stride	pooled_pread	off	cold	stride	16384	250000	4	1	0	4	512	172561	297508	1119155	64868	28836401	17755	16	0	0	100.0	0.000
run1_A_stride	pool_ringloop	off	cold	stride	16384	250000	4	1	1	0	512	171502	248350	1074621	65412	26958956	18992	11	0	0	91.6	0.000
run1_A_stride	hybrid	off	cold	stride	16384	250000	4	1	1	1	512	115221	163822	902536	19466	23609428	21686	5	0	0	89.6	0.000
run1_A_stride	uring	off	cold	stride	16384	250000	4	1	1	2	512	166120	232603	919321	17719	26009835	19685	5	0	0	100.0	0.000
run1_A_stride	pooled_pread	off	cold	stride	16384	250000	4	1	1	3	512	166182	251853	1079490	61906	25898445	19770	14	0	0	100.0	0.000
run1_A_stride	pool	off	cold	stride	16384	250000	4	1	1	4	512	144559	220407	892362	57237	22156780	23108	12	0	0	91.6	0.000
run1_A_stride	hybrid	off	cold	stride	16384	250000	4	1	2	0	512	95356	131389	756526	18879	19800872	25857	5	0	0	90.2	0.000
run1_A_stride	uring	off	cold	stride	16384	250000	4	1	2	1	512	136906	230531	766100	17343	21565113	23742	5	0	0	100.0	0.000
run1_A_stride	pooled_pread	off	cold	stride	16384	250000	4	1	2	2	512	154146	237603	832977	60666	23376729	21902	13	0	0	100.0	0.000
run1_A_stride	pool	off	cold	stride	16384	250000	4	1	2	3	512	161407	239808	843308	60033	24213181	21146	12	0	0	91.2	0.000
run1_A_stride	pool_ringloop	off	cold	stride	16384	250000	4	1	2	4	512	161781	254300	970072	72699	25614852	19988	10	0	0	91.4	0.000
run1_A_stride	uring	off	cold	stride	16384	250000	4	1	3	0	512	161466	198379	790168	20689	23623116	21674	5	0	0	100.0	0.000
run1_A_stride	pooled_pread	off	cold	stride	16384	250000	4	1	3	1	512	182023	281394	845240	77640	27123223	18877	15	0	0	100.0	0.000
run1_A_stride	pool	off	cold	stride	16384	250000	4	1	3	2	512	164281	243488	856005	69184	24319319	21053	12	0	0	90.8	0.000
run1_A_stride	pool_ringloop	off	cold	stride	16384	250000	4	1	3	3	512	186236	321766	771771	83794	27289296	18762	12	0	0	90.4	0.000
run1_A_stride	hybrid	off	cold	stride	16384	250000	4	1	3	4	512	121895	167980	743167	23554	23226345	22044	5	0	0	90.4	0.000
run1_A_stride	pooled_pread	off	cold	stride	16384	250000	4	1	4	0	512	188482	296328	879606	77128	28267145	18113	13	0	0	100.0	0.000
run1_A_stride	pool	off	cold	stride	16384	250000	4	1	4	1	512	162309	248617	899189	71476	24515834	20884	12	0	0	91.4	0.000
run1_A_stride	pool_ringloop	off	cold	stride	16384	250000	4	1	4	2	512	179061	289674	845252	86232	26534487	19296	14	0	0	90.8	0.000
run1_A_stride	hybrid	off	cold	stride	16384	250000	4	1	4	3	512	83903	122907	717303	18116	18244562	28063	5	0	0	90.0	0.000
run1_A_stride	uring	off	cold	stride	16384	250000	4	1	4	4	512	169135	230219	847633	20867	25265505	20265	5	0	0	100.0	0.000
run1_A_stride	pool	off	cold	stride	16384	250000	4	1	5	0	512	158112	232281	1137453	66656	23170230	22097	12	0	0	89.5	0.000
run1_A_stride	pool_ringloop	off	cold	stride	16384	250000	4	1	5	1	512	174362	299147	894422	78781	26291677	19474	12	0	0	91.4	0.000
run1_A_stride	hybrid	off	cold	stride	16384	250000	4	1	5	2	512	120095	158949	907626	23649	23722946	21582	5	0	0	90.2	0.000
run1_A_stride	uring	off	cold	stride	16384	250000	4	1	5	3	512	144470	187783	824349	16777	22558777	22696	5	0	0	100.0	0.000
run1_A_stride	pooled_pread	off	cold	stride	16384	250000	4	1	5	4	512	172020	258928	892686	69617	26271251	19489	15	0	0	100.0	0.000
run1_A_stride	pool	off	cold	stride	16384	250000	8	1	0	0	512	269311	396287	1727211	64094	20943227	24447	20	0	0	92.6	0.000
run1_A_stride	pool_ringloop	off	cold	stride	16384	250000	8	1	0	1	512	291336	584858	1708969	72575	23735691	21571	17	0	0	90.4	0.000
run1_A_stride	hybrid	off	cold	stride	16384	250000	8	1	0	2	512	162004	221751	1635993	16626	17850513	28683	5	0	0	92.2	0.000
run1_A_stride	uring	off	cold	stride	16384	250000	8	1	0	3	512	256931	360687	1576890	14357	20385144	25116	5	0	0	100.0	0.000
run1_A_stride	pooled_pread	off	cold	stride	16384	250000	8	1	0	4	512	261958	440489	1935738	65839	21101391	24264	23	0	0	100.0	0.000
run1_A_stride	pool_ringloop	off	cold	stride	16384	250000	8	1	1	0	512	297118	568739	1869406	73601	24540496	20863	16	0	0	92.6	0.000
run1_A_stride	hybrid	off	cold	stride	16384	250000	8	1	1	1	512	197750	275841	1717306	18318	19644402	26063	5	0	0	92.4	0.000
run1_A_stride	uring	off	cold	stride	16384	250000	8	1	1	2	512	255459	310146	1712616	13800	20554933	24909	5	0	0	100.0	0.000
run1_A_stride	pooled_pread	off	cold	stride	16384	250000	8	1	1	3	512	255405	428307	2061333	64096	21318127	24017	27	0	0	100.0	0.000
run1_A_stride	pool	off	cold	stride	16384	250000	8	1	1	4	512	229770	412987	1849818	62413	20198130	25349	17	0	0	92.8	0.000
run1_A_stride	hybrid	off	cold	stride	16384	250000	8	1	2	0	512	228159	293170	1539382	20438	21198453	24153	5	0	0	92.6	0.000
run1_A_stride	uring	off	cold	stride	16384	250000	8	1	2	1	512	279735	357345	1734919	14900	21771679	23517	5	0	0	100.0	0.000
run1_A_stride	pooled_pread	off	cold	stride	16384	250000	8	1	2	2	512	250366	406819	1944938	66188	21185876	24167	25	0	0	100.0	0.000
run1_A_stride	pool	off	cold	stride	16384	250000	8	1	2	3	512	264747	463449	1933378	63983	21933001	23344	16	0	0	92.8	0.000
run1_A_stride	pool_ringloop	off	cold	stride	16384	250000	8	1	2	4	512	319834	513858	1779745	77932	24294139	21075	21	0	0	92.6	0.000
run1_A_stride	uring	off	cold	stride	16384	250000	8	1	3	0	512	255787	311944	1607614	13490	20003510	25596	5	0	0	100.0	0.000
run1_A_stride	pooled_pread	off	cold	stride	16384	250000	8	1	3	1	512	263545	448905	2015915	71057	22490654	22765	28	0	0	100.0	0.000
run1_A_stride	pool	off	cold	stride	16384	250000	8	1	3	2	512	276329	409812	1739698	68565	21144837	24214	24	0	0	92.6	0.000
run1_A_stride	pool_ringloop	off	cold	stride	16384	250000	8	1	3	3	512	295833	530944	1774757	75466	23248052	22023	16	0	0	92.4	0.000
run1_A_stride	hybrid	off	cold	stride	16384	250000	8	1	3	4	512	162874	229018	1641513	14021	17635898	29032	5	0	0	92.6	0.000
run1_A_stride	pooled_pread	off	cold	stride	16384	250000	8	1	4	0	512	278945	395590	1540544	68856	20856492	24549	18	0	0	100.0	0.000
run1_A_stride	pool	off	cold	stride	16384	250000	8	1	4	1	512	258398	432746	1711974	65468	21170914	24184	17	0	0	92.4	0.000
run1_A_stride	pool_ringloop	off	cold	stride	16384	250000	8	1	4	2	512	304495	615444	1663969	74522	23977404	21353	16	0	0	91.0	0.000
run1_A_stride	hybrid	off	cold	stride	16384	250000	8	1	4	3	512	157893	221429	1683573	14511	17299488	29596	5	0	0	92.6	0.000
run1_A_stride	uring	off	cold	stride	16384	250000	8	1	4	4	512	223307	343504	1852330	13956	18427440	27785	5	0	0	100.0	0.000
run1_A_stride	pool	off	cold	stride	16384	250000	8	1	5	0	512	253111	471882	1447396	68535	19685057	26010	23	0	0	92.8	0.000
run1_A_stride	pool_ringloop	off	cold	stride	16384	250000	8	1	5	1	512	283218	499511	1662202	75368	21828415	23456	17	0	0	91.8	0.000
run1_A_stride	hybrid	off	cold	stride	16384	250000	8	1	5	2	512	150335	212702	1590880	14287	16739632	30586	5	0	0	92.4	0.000
run1_A_stride	uring	off	cold	stride	16384	250000	8	1	5	3	512	316881	380560	2048647	17104	22327140	22932	5	0	0	100.0	0.000
run1_A_stride	pooled_pread	off	cold	stride	16384	250000	8	1	5	4	512	257495	428740	1993093	61702	21021261	24356	19	0	0	100.0	0.000
run1_A_stride	pool	off	cold	stride	16384	250000	16	1	0	0	512	422772	735220	3054900	65647	17131725	29886	32	0	0	92.6	0.000
run1_A_stride	pool_ringloop	off	cold	stride	16384	250000	16	1	0	1	512	493578	1086733	2808255	69827	19752278	25921	30	0	0	91.6	0.000
run1_A_stride	hybrid	off	cold	stride	16384	250000	16	1	0	2	512	293173	372129	3021342	13115	15611633	32796	5	0	0	92.8	0.000
run1_A_stride	uring	off	cold	stride	16384	250000	16	1	0	3	512	427713	542148	2242512	11701	16236058	31535	5	0	0	100.0	0.000
run1_A_stride	pooled_pread	off	cold	stride	16384	250000	16	1	0	4	512	489275	831333	2649841	72874	18851115	27160	46	0	0	100.0	0.000
run1_A_stride	pool_ringloop	off	cold	stride	16384	250000	16	1	1	0	512	478604	973200	3197826	66183	19724365	25958	26	0	0	92.0	0.000
run1_A_stride	hybrid	off	cold	stride	16384	250000	16	1	1	1	512	301170	369929	3210232	12488	15762338	32482	5	0	0	92.8	0.000
run1_A_stride	uring	off	cold	stride	16384	250000	16	1	1	2	512	583170	647576	3125819	16374	21706404	23588	5	0	0	100.0	0.000
run1_A_stride	pooled_pread	off	cold	stride	16384	250000	16	1	1	3	512	453879	724713	3371362	60765	18320026	27948	31	0	0	100.0	0.000
run1_A_stride	pool	off	cold	stride	16384	250000	16	1	1	4	512	399993	665454	3101632	59398	16803730	30469	27	0	0	92.6	0.000
run1_A_stride	hybrid	off	cold	stride	16384	250000	16	1	2	0	512	318080	474146	2633074	14582	16379074	31259	5	0	0	92.6	0.000
run1_A_stride	uring	off	cold	stride	16384	250000	16	1	2	1	512	437778	504236	2750499	11123	17106683	29930	5	0	0	100.0	0.000
run1_A_stride	pooled_pread	off	cold	stride	16384	250000	16	1	2	2	512	475066	818679	2873170	61454	18450325	27750	38	0	0	100.0	0.000
run1_A_stride	pool	off	cold	stride	16384	250000	16	1	2	3	512	389330	717983	3286684	62173	17354890	29502	31	0	0	92.6	0.000
run1_A_stride	pool_ringloop	off	cold	stride	16384	250000	16	1	2	4	512	515614	888863	3095039	70996	19955148	25658	25	0	0	92.2	0.000
run1_A_stride	uring	off	cold	stride	16384	250000	16	1	3	0	512	622667	703706	3476811	16460	23118825	22146	5	0	0	100.0	0.000
run1_A_stride	pooled_pread	off	cold	stride	16384	250000	16	1	3	1	512	537261	929438	3856486	71794	22637446	22617	51	0	0	100.0	0.000
run1_A_stride	pool	off	cold	stride	16384	250000	16	1	3	2	512	501225	864134	3975957	66435	20874286	24528	27	0	0	92.4	0.000
run1_A_stride	pool_ringloop	off	cold	stride	16384	250000	16	1	3	3	512	552478	1182617	4424833	71803	22583481	22671	26	0	0	92.6	0.000
run1_A_stride	hybrid	off	cold	stride	16384	250000	16	1	3	4	512	406330	515419	3723090	17904	20744035	24682	5	0	0	92.8	0.000
run1_A_stride	pooled_pread	off	cold	stride	16384	250000	16	1	4	0	512	477595	922346	3873234	61846	20600468	24854	42	0	0	100.0	0.000
run1_A_stride	pool	off	cold	stride	16384	250000	16	1	4	1	512	426658	734939	3421510	59670	17666851	28981	34	0	0	92.8	0.000
run1_A_stride	pool_ringloop	off	cold	stride	16384	250000	16	1	4	2	512	481158	911844	3249457	67952	19818811	25834	27	0	0	92.6	0.000
run1_A_stride	hybrid	off	cold	stride	16384	250000	16	1	4	3	512	389434	494473	3266858	17754	19172748	26705	5	0	0	92.6	0.000
run1_A_stride	uring	off	cold	stride	16384	250000	16	1	4	4	512	496190	662233	3396608	13234	19850386	25793	5	0	0	100.0	0.000
run1_A_stride	pool	off	cold	stride	16384	250000	16	1	5	0	512	462220	808888	3681981	59849	19747443	25927	24	0	0	92.6	0.000
run1_A_stride	pool_ringloop	off	cold	stride	16384	250000	16	1	5	1	512	535709	1139063	3651171	69328	21803286	23483	28	0	0	92.6	0.000
run1_A_stride	hybrid	off	cold	stride	16384	250000	16	1	5	2	512	333324	407778	3303523	13601	17206337	29756	5	0	0	92.6	0.000
run1_A_stride	uring	off	cold	stride	16384	250000	16	1	5	3	512	475622	509370	3177059	11885	18878154	27121	5	0	0	100.0	0.000
run1_A_stride	pooled_pread	off	cold	stride	16384	250000	16	1	5	4	512	449526	684093	2982874	55821	17439318	29359	31	0	0	100.0	0.000
run1_A_stride	pool	off	cold	stride	16384	250000	32	1	0	0	512	910855	1608485	4514243	61119	17565182	29149	44	0	0	92.6	0.000
run1_A_stride	pool_ringloop	off	cold	stride	16384	250000	32	1	0	1	512	929571	1996040	4772201	60888	18488033	27694	38	0	0	92.4	0.000
run1_A_stride	hybrid	off	cold	stride	16384	250000	32	1	0	2	512	514672	673935	5405795	14892	15320422	33419	5	0	0	92.8	0.000
run1_A_stride	uring	off	cold	stride	16384	250000	32	1	0	3	512	821139	1048983	4506286	12723	16466928	31093	5	0	0	100.0	0.000
run1_A_stride	pooled_pread	off	cold	stride	16384	250000	32	1	0	4	512	767050	1672940	3957490	68712	16395007	31229	73	0	0	100.0	0.000
run1_A_stride	pool_ringloop	off	cold	stride	16384	250000	32	1	1	0	512	783050	1709185	4970390	64794	16855707	30375	49	0	0	92.4	0.000
run1_A_stride	hybrid	off	cold	stride	16384	250000	32	1	1	1	512	645721	851961	4691793	17840	16634396	30780	5	0	0	91.8	0.000
run1_A_stride	uring	off	cold	stride	16384	250000	32	1	1	2	512	932169	1180451	5569773	15086	18557010	27591	5	0	0	100.0	0.000
run1_A_stride	pooled_pread	off	cold	stride	16384	250000	32	1	1	3	512	771962	2148677	3986073	68979	17738593	28864	73	0	0	100.0	0.000
run1_A_stride	pool	off	cold	stride	16384	250000	32	1	1	4	512	714442	1596616	3595454	64161	14912641	34333	50	0	0	92.8	0.000
run1_A_stride	hybrid	off	cold	stride	16384	250000	32	1	2	0	512	587740	812636	4998187	15892	15750470	32507	5	0	0	92.8	0.000
run1_A_stride	uring	off	cold	stride	16384	250000	32	1	2	1	512	878802	1115441	5281308	14091	17680610	28958	5	0	0	100.0	0.000
run1_A_stride	pooled_pread	off	cold	stride	16384	250000	32	1	2	2	512	774844	1790568	3469621	58848	16112840	31776	55	0	0	100.0	0.000
run1_A_stride	pool	off	cold	stride	16384	250000	32	1	2	3	512	667008	1477868	3997536	58155	15170345	33750	45	0	0	92.6	0.000
run1_A_stride	pool_ringloop	off	cold	stride	16384	250000	32	1	2	4	512	792422	2017820	4990192	63766	17305086	29587	40	0	0	92.6	0.000
run1_A_stride	uring	off	cold	stride	16384	250000	32	1	3	0	512	1085184	1478924	4190579	20472	20455118	25030	5	0	0	100.0	0.000
run1_A_stride	pooled_pread	off	cold	stride	16384	250000	32	1	3	1	512	724280	1488915	3173526	62126	15319048	33422	61	0	0	100.0	0.000
run1_A_stride	pool	off	cold	stride	16384	250000	32	1	3	2	512	774785	1914245	3031442	65340	15928557	32144	49	0	0	92.6	0.000
run1_A_stride	pool_ringloop	off	cold	stride	16384	250000	32	1	3	3	512	809684	1946763	4744782	71176	16232485	31542	52	0	0	92.4	0.000
run1_A_stride	hybrid	off	cold	stride	16384	250000	32	1	3	4	512	542648	838988	4440308	13364	14869613	34433	5	0	0	91.8	0.000
run1_A_stride	pooled_pread	off	cold	stride	16384	250000	32	1	4	0	512	795122	1563945	3398093	61222	15745798	32517	56	0	0	100.0	0.000
run1_A_stride	pool	off	cold	stride	16384	250000	32	1	4	1	512	705176	1994311	3582601	57466	15331578	33395	47	0	0	92.8	0.000
run1_A_stride	pool_ringloop	off	cold	stride	16384	250000	32	1	4	2	512	794541	2115220	4800164	61965	17086129	29966	43	0	0	91.6	0.000
run1_A_stride	hybrid	off	cold	stride	16384	250000	32	1	4	3	512	680008	814185	4338721	16430	16384708	31249	5	0	0	91.8	0.000
run1_A_stride	uring	off	cold	stride	16384	250000	32	1	4	4	512	938227	1112817	4985155	14585	18387122	27846	5	0	0	100.0	0.000
run1_A_stride	pool	off	cold	stride	16384	250000	32	1	5	0	512	721516	1744802	2995563	62028	14378492	35609	49	0	0	92.8	0.000
run1_A_stride	pool_ringloop	off	cold	stride	16384	250000	32	1	5	1	512	987539	2332447	5197279	78387	20807500	24607	56	0	0	91.8	0.000
run1_A_stride	hybrid	off	cold	stride	16384	250000	32	1	5	2	512	519206	698697	4906552	15014	15342057	33372	5	0	0	92.6	0.000
run1_A_stride	uring	off	cold	stride	16384	250000	32	1	5	3	512	926030	1012235	4380293	15517	17435197	29366	5	0	0	100.0	0.000
run1_A_stride	pooled_pread	off	cold	stride	16384	250000	32	1	5	4	512	824675	1877028	2893654	70264	16739665	30586	65	0	0	100.0	0.000
run1_A_stride	pool	off	cold	stride	16384	250000	64	1	0	0	512	1151412	2630029	4473848	66730	13713955	37334	67	0	0	92.8	0.000
run1_A_stride	pool_ringloop	off	cold	stride	16384	250000	64	1	0	1	512	1255691	5410286	5793463	66786	15571031	32882	74	0	0	92.8	0.000
run1_A_stride	hybrid	off	cold	stride	16384	250000	64	1	0	2	512	1060901	3751089	4718171	19772	13859270	36943	5	0	0	90.8	0.000
run1_A_stride	uring	off	cold	stride	16384	250000	64	1	0	3	512	1088385	3880752	5156489	15526	13652519	37502	5	0	0	100.0	0.000
run1_A_stride	pooled_pread	off	cold	stride	16384	250000	64	1	0	4	512	1492466	3339821	5086579	86384	18450308	27750	87	0	0	100.0	0.000
run1_A_stride	pool_ringloop	off	cold	stride	16384	250000	64	1	1	0	512	1533040	6101758	6796106	70960	18165308	28186	72	0	0	92.2	0.000
run1_A_stride	hybrid	off	cold	stride	16384	250000	64	1	1	1	512	1085841	3202985	4075648	16406	13338903	38384	5	0	0	91.0	0.000
run1_A_stride	uring	off	cold	stride	16384	250000	64	1	1	2	512	1076780	3254554	4216524	14568	12272729	41719	5	0	0	100.0	0.000
run1_A_stride	pooled_pread	off	cold	stride	16384	250000	64	1	1	3	512	1238596	3308193	4295673	71882	16487757	31053	97	0	0	100.0	0.000
run1_A_stride	pool	off	cold	stride	16384	250000	64	1	1	4	512	1381236	2587823	4453504	75052	16190581	31623	70	0	0	92.0	0.000
run1_A_stride	hybrid	off	cold	stride	16384	250000	64	1	2	0	512	810803	3964305	5187002	13894	12602657	40626	5	0	0	91.8	0.000
run1_A_stride	uring	off	cold	stride	16384	250000	64	1	2	1	512	1003018	4547842	4791195	11754	13005372	39368	5	0	0	100.0	0.000
run1_A_stride	pooled_pread	off	cold	stride	16384	250000	64	1	2	2	512	1244146	2883171	3999397	69033	14407718	35537	83	0	0	100.0	0.000
run1_A_stride	pool	off	cold	stride	16384	250000	64	1	2	3	512	1226504	3242298	4957264	74081	15068675	33978	69	0	0	92.4	0.000
run1_A_stride	pool_ringloop	off	cold	stride	16384	250000	64	1	2	4	512	1624527	4567778	6327144	73276	17513349	29235	92	0	0	92.8	0.000
run1_A_stride	uring	off	cold	stride	16384	250000	64	1	3	0	512	1151451	4100216	4967424	12251	12936527	39578	5	0	0	100.0	0.000
run1_A_stride	pooled_pread	off	cold	stride	16384	250000	64	1	3	1	512	1389113	3239647	4664973	73868	16763330	30543	107	0	0	100.0	0.000
run1_A_stride	pool	off	cold	stride	16384	250000	64	1	3	2	512	1294553	2700770	4784133	75826	15816627	32371	70	0	0	92.6	0.000
run1_A_stride	pool_ringloop	off	cold	stride	16384	250000	64	1	3	3	512	1595649	4380290	7221986	73161	16908450	30281	76	0	0	92.2	0.000
run1_A_stride	hybrid	off	cold	stride	16384	250000	64	1	3	4	512	1102206	4879197	5906379	16718	14698585	34833	5	0	0	91.8	0.000
run1_A_stride	pooled_pread	off	cold	stride	16384	250000	64	1	4	0	512	1325298	3067467	4748342	72010	15722404	32565	100	0	0	100.0	0.000
run1_A_stride	pool	off	cold	stride	16384	250000	64	1	4	1	512	1166969	3168050	4663145	70786	15208418	33666	85	0	0	92.4	0.000
run1_A_stride	pool_ringloop	off	cold	stride	16384	250000	64	1	4	2	512	1204492	4925998	6679311	68253	15592013	32837	78	0	0	92.6	0.000
run1_A_stride	hybrid	off	cold	stride	16384	250000	64	1	4	3	512	1034998	4220889	5139383	16386	14441780	35453	5	0	0	91.8	0.000
run1_A_stride	uring	off	cold	stride	16384	250000	64	1	4	4	512	1611638	3151873	3991739	16264	15001340	34130	5	0	0	100.0	0.000
run1_A_stride	pool	off	cold	stride	16384	250000	64	1	5	0	512	1404373	2465161	4043548	72993	15110937	33883	78	0	0	92.8	0.000
run1_A_stride	pool_ringloop	off	cold	stride	16384	250000	64	1	5	1	512	1591102	4066226	5856334	67843	15543232	32940	75	0	0	91.4	0.000
run1_A_stride	hybrid	off	cold	stride	16384	250000	64	1	5	2	512	1086901	4030244	5210744	13750	13729537	37292	5	0	0	91.8	0.000
run1_A_stride	uring	off	cold	stride	16384	250000	64	1	5	3	512	1192226	3195428	3947055	16275	13159467	38907	5	0	0	100.0	0.000
run1_A_stride	pooled_pread	off	cold	stride	16384	250000	64	1	5	4	512	1196203	2426306	4318665	65528	14457493	35414	86	0	0	100.0	0.000
run1_A_stride	pool	off	warm	stride	16384	250000	1	1	0	0	512	4315	4905	8797	5127	2536144	201881	5	0	0	0.0	0.000
run1_A_stride	pool_ringloop	off	warm	stride	16384	250000	1	1	0	1	512	2902	3388	4255	3591	1731517	295694	5	0	0	0.0	0.000
run1_A_stride	hybrid	off	warm	stride	16384	250000	1	1	0	2	512	2895	3402	4711	3813	1850988	276609	5	0	0	0.0	0.000
run1_A_stride	uring	off	warm	stride	16384	250000	1	1	0	3	512	16069	17436	28305	17345	7469661	68544	5	0	0	100.0	0.000
run1_A_stride	pooled_pread	off	warm	stride	16384	250000	1	1	0	4	512	48374	59941	112943	58339	27235712	18799	7	0	0	100.0	0.000
run1_A_stride	pool_ringloop	off	warm	stride	16384	250000	1	1	1	0	512	2790	3331	6295	4096	1968494	260097	5	0	0	0.0	0.000
run1_A_stride	hybrid	off	warm	stride	16384	250000	1	1	1	1	512	2588	3043	4034	3518	1656417	309101	5	0	0	0.0	0.000
run1_A_stride	uring	off	warm	stride	16384	250000	1	1	1	2	512	5168	16749	27564	13505	5505603	92996	5	0	0	100.0	0.000
run1_A_stride	pooled_pread	off	warm	stride	16384	250000	1	1	1	3	512	51428	61460	100324	62026	28523089	17950	6	0	0	100.0	0.000
run1_A_stride	pool	off	warm	stride	16384	250000	1	1	1	4	512	2371	2827	3773	3011	1434392	356946	5	0	0	0.0	0.000
run1_A_stride	hybrid	off	warm	stride	16384	250000	1	1	2	0	512	2173	2586	3485	3425	1571452	325813	5	0	0	0.0	0.000
run1_A_stride	uring	off	warm	stride	16384	250000	1	1	2	1	512	15869	17518	27461	14300	5910540	86625	5	0	0	100.0	0.000
run1_A_stride	pooled_pread	off	warm	stride	16384	250000	1	1	2	2	512	50035	56996	102430	59525	27158734	18852	6	0	0	100.0	0.000
run1_A_stride	pool	off	warm	stride	16384	250000	1	1	2	3	512	2243	2638	3610	2927	1392353	367723	5	0	0	0.0	0.000
run1_A_stride	pool_ringloop	off	warm	stride	16384	250000	1	1	2	4	512	1994	2383	2977	2500	1220390	419538	5	0	0	0.0	0.000
run1_A_stride	uring	off	warm	stride	16384	250000	1	1	3	0	512	4849	17301	36910	14254	5821290	87953	5	0	0	100.0	0.000
run1_A_stride	pooled_pread	off	warm	stride	16384	250000	1	1	3	1	512	51536	59214	104803	62390	28527333	17948	6	0	0	100.0	0.000
run1_A_stride	pool	off	warm	stride	16384	250000	1	1	3	2	512	4060	5123	13036	4927	2452884	208734	5	0	0	0.0	0.000
run1_A_stride	pool_ringloop	off	warm	stride	16384	250000	1	1	3	3	512	2456	2893	3900	3136	1520338	336767	5	0	0	0.0	0.000
run1_A_stride	hybrid	off	warm	stride	16384	250000	1	1	3	4	512	3195	3689	9131	4268	2057524	248843	5	0	0	0.0	0.000
run1_A_stride	pooled_pread	off	warm	stride	16384	250000	1	1	4	0	512	47834	51785	95925	55600	25681593	19936	6	0	0	100.0	0.000
run1_A_stride	pool	off	warm	stride	16384	250000	1	1	4	1	512	2307	2707	3101	2892	1382437	370360	5	0	0	0.0	0.000
run1_A_stride	pool_ringloop	off	warm	stride	16384	250000	1	1	4	2	512	1987	2355	2674	2664	1230860	415969	5	0	0	0.0	0.000
run1_A_stride	hybrid	off	warm	stride	16384	250000	1	1	4	3	512	2123	2428	2764	2930	1363434	375522	5	0	0	0.0	0.000
run1_A_stride	uring	off	warm	stride	16384	250000	1	1	4	4	512	14154	16290	35672	13015	5455825	93845	5	0	0	100.0	0.000
run1_A_stride	pool	off	warm	stride	16384	250000	1	1	5	0	512	3743	4352	10072	4527	2240247	228546	5	0	0	0.0	0.000
run1_A_stride	pool_ringloop	off	warm	stride	16384	250000	1	1	5	1	512	2504	2978	4024	3343	1568152	326499	5	0	0	0.0	0.000
run1_A_stride	hybrid	off	warm	stride	16384	250000	1	1	5	2	512	2312	2720	3159	3555	1505400	340109	5	0	0	0.0	0.000
run1_A_stride	uring	off	warm	stride	16384	250000	1	1	5	3	512	17014	20466	36656	17532	7254931	70573	5	0	0	100.0	0.000
run1_A_stride	pooled_pread	off	warm	stride	16384	250000	1	1	5	4	512	56264	66366	122028	65249	30801200	16623	7	0	0	100.0	0.000
run1_A_stride	pool	off	warm	stride	16384	250000	2	1	0	0	512	2960	3541	4202	3738	931478	549664	5	0	0	0.0	0.000
run1_A_stride	pool_ringloop	off	warm	stride	16384	250000	2	1	0	1	512	2251	2694	4120	3012	1442225	355007	5	0	0	0.0	0.000
run1_A_stride	hybrid	off	warm	stride	16384	250000	2	1	0	2	512	2169	2511	3031	3103	1480483	345833	5	0	0	0.0	0.000
run1_A_stride	uring	off	warm	stride	16384	250000	2	1	0	3	512	18342	19150	40601	11971	5098934	100413	5	0	0	100.0	0.000
run1_A_stride	pooled_pread	off	warm	stride	16384	250000	2	1	0	4	512	41864	74016	146026	45468	11645085	43967	11	0	0	100.0	0.000
run1_A_stride	pool_ringloop	off	warm	stride	16384	250000	2	1	1	0	512	3175	3846	4888	3784	1872016	273502	5	0	0	0.0	0.000
run1_A_stride	hybrid	off	warm	stride	16384	250000	2	1	1	1	512	2778	3253	5017	3590	1804756	283695	5	0	0	0.0	0.000
run1_A_stride	uring	off	warm	stride	16384	250000	2	1	1	2	512	19927	24554	44699	13521	5761206	88870	5	0	0	100.0	0.000
run1_A_stride	pooled_pread	off	warm	stride	16384	250000	2	1	1	3	512	40721	76070	132718	43033	11695961	43776	11	0	0	100.0	0.000
run1_A_stride	pool	off	warm	stride	16384	250000	2	1	1	4	512	3190	3810	6064	4231	1098918	465913	5	0	0	0.0	0.000
run1_A_stride	hybrid	off	warm	stride	16384	250000	2	1	2	0	512	2305	2828	7180	3327	1587035	322614	5	0	0	0.0	0.000
run1_A_stride	uring	off	warm	stride	16384	250000	2	1	2	1	512	17638	18386	39746	11538	4848272	105605	5	0	0	100.0	0.000
run1_A_stride	pooled_pread	off	warm	stride	16384	250000	2	1	2	2	512	36938	73221	120076	42750	10799755	47408	10	0	0	100.0	0.000
run1_A_stride	pool	off	warm	stride	16384	250000	2	1	2	3	512	2693	4270	5204	3845	989431	517469	5	0	0	0.0	0.000
run1_A_stride	pool_ringloop	off	warm	stride	16384	250000	2	1	2	4	512	2095	2518	2971	2698	1295113	395332	5	0	0	0.0	0.000
run1_A_stride	uring	off	warm	stride	16384	250000	2	1	3	0	512	19599	20762	39581	12386	5314098	96347	5	0	0	100.0	0.000
run1_A_stride	pooled_pread	off	warm	stride	16384	250000	2	1	3	1	512	41716	85064	128472	43430	12310334	41591	10	0	0	100.0	0.000
run1_A_stride	pool	off	warm	stride	16384	250000	2	1	3	2	512	2203	2631	3268	2793	1337173	382897	5	0	0	0.0	0.000
run1_A_stride	pool_ringloop	off	warm	stride	16384	250000	2	1	3	3	512	1890	2229	3006	2518	1193507	428988	5	0	0	0.0	0.000
run1_A_stride	hybrid	off	warm	stride	16384	250000	2	1	3	4	512	1902	2154	2452	2661	1266117	404386	5	0	0	0.0	0.000
run1_A_stride	pooled_pread	off	warm	stride	16384	250000	2	1	4	0	512	43611	83355	150815	44936	12563693	40752	12	0	0	100.0	0.000
run1_A_stride	pool	off	warm	stride	16384	250000	2	1	4	1	512	3005	4579	7673	4225	1104020	463760	5	0	0	0.0	0.000
run1_A_stride	pool_ringloop	off	warm	stride	16384	250000	2	1	4	2	512	2573	3060	4505	3288	1604442	319114	5	0	0	0.0	0.000
run1_A_stride	hybrid	off	warm	stride	16384	250000	2	1	4	3	512	2017	2463	3556	3050	1484796	344829	5	0	0	0.0	0.000
run1_A_stride	uring	off	warm	stride	16384	250000	2	1	4	4	512	19601	20743	43329	12425	5273968	97081	5	0	0	100.0	0.000
run1_A_stride	pool	off	warm	stride	16384	250000	2	1	5	0	512	2459	4338	5726	3762	970460	527585	5	0	0	0.0	0.000
run1_A_stride	pool_ringloop	off	warm	stride	16384	250000	2	1	5	1	512	2176	2585	3004	2792	1318492	388322	5	0	0	0.0	0.000
run1_A_stride	hybrid	off	warm	stride	16384	250000	2	1	5	2	512	2200	2575	3143	3146	1495419	342379	5	0	0	0.0	0.000
run1_A_stride	uring	off	warm	stride	16384	250000	2	1	5	3	512	17333	18535	40827	10638	4414504	115981	5	0	0	100.0	0.000
run1_A_stride	pooled_pread	off	warm	stride	16384	250000	2	1	5	4	512	45411	82752	169585	41815	12497247	40969	10	0	0	100.0	0.000
run1_A_stride	pool	off	warm	stride	16384	250000	4	1	0	0	512	2665	4056	6755	4097	642655	796695	5	0	0	0.0	0.000
run1_A_stride	pool_ringloop	off	warm	stride	16384	250000	4	1	0	1	512	1975	2382	3042	2543	1212713	422194	5	0	0	0.0	0.000
run1_A_stride	hybrid	off	warm	stride	16384	250000	4	1	0	2	512	3717	4368	11067	4865	2405535	212842	5	0	0	0.0	0.000
run1_A_stride	uring	off	warm	stride	16384	250000	4	1	0	3	512	25199	29953	50928	8399	3639819	140666	5	0	0	100.0	0.000
run1_A_stride	pooled_pread	off	warm	stride	16384	250000	4	1	0	4	512	35401	94407	217391	37122	6237795	82080	17	0	0	100.0	0.000
run1_A_stride	pool_ringloop	off	warm	stride	16384	250000	4	1	1	0	512	2083	2474	3303	2760	1345363	380566	5	0	0	0.0	0.000
run1_A_stride	hybrid	off	warm	stride	16384	250000	4	1	1	1	512	3360	4048	4549	4498	2098841	243944	5	0	0	0.0	0.000
run1_A_stride	uring	off	warm	stride	16384	250000	4	1	1	2	512	25652	31432	60932	8962	3782020	135377	5	0	0	100.0	0.000
run1_A_stride	pooled_pread	off	warm	stride	16384	250000	4	1	1	3	512	37613	116738	355562	35862	7111641	71995	16	0	0	100.0	0.000
run1_A_stride	pool	off	warm	stride	16384	250000	4	1	1	4	512	2675	3348	4477	3660	691546	740370	5	0	0	0.0	0.000
run1_A_stride	hybrid	off	warm	stride	16384	250000	4	1	2	0	512	2032	2429	3092	2912	1444583	354428	5	0	0	0.0	0.000
run1_A_stride	uring	off	warm	stride	16384	250000	4	1	2	1	512	24542	26078	55035	8227	3547994	144307	5	0	0	100.0	0.000
run1_A_stride	pooled_pread	off	warm	stride	16384	250000	4	1	2	2	512	33805	121560	324873	39431	7333544	69816	22	0	0	100.0	0.000
run1_A_stride	pool	off	warm	stride	16384	250000	4	1	2	3	512	2718	3523	4760	3756	610029	839304	5	0	0	0.0	0.000
run1_A_stride	pool_ringloop	off	warm	stride	16384	250000	4	1	2	4	512	2170	2655	3488	2806	1375921	372114	5	0	0	0.0	0.000
run1_A_stride	uring	off	warm	stride	16384	250000	4	1	3	0	512	23200	24615	54749	7801	3398332	150662	5	0	0	100.0	0.000
run1_A_stride	pooled_pread	off	warm	stride	16384	250000	4	1	3	1	512	35728	113657	251054	36689	6771570	75610	16	0	0	100.0	0.000
run1_A_stride	pool	off	warm	stride	16384	250000	4	1	3	2	512	2844	3809	5503	4146	1107320	462378	5	0	0	0.0	0.000
run1_A_stride	pool_ringloop	off	warm	stride	16384	250000	4	1	3	3	512	2853	3682	5355	3570	1746001	293242	5	0	0	0.0	0.000
run1_A_stride	hybrid	off	warm	stride	16384	250000	4	1	3	4	512	2268	2734	3196	3149	1501728	340941	5	0	0	0.0	0.000
run1_A_stride	pooled_pread	off	warm	stride	16384	250000	4	1	4	0	512	38468	106565	250988	36128	6659924	76878	15	0	0	100.0	0.000
run1_A_stride	pool	off	warm	stride	16384	250000	4	1	4	1	512	2736	3450	8564	3956	639091	801138	5	0	0	0.0	0.000
run1_A_stride	pool_ringloop	off	warm	stride	16384	250000	4	1	4	2	512	1964	2343	2868	2635	1244427	411434	5	0	0	0.0	0.000
run1_A_stride	hybrid	off	warm	stride	16384	250000	4	1	4	3	512	1906	2244	2678	2650	1282758	399140	5	0	0	0.0	0.000
run1_A_stride	uring	off	warm	stride	16384	250000	4	1	4	4	512	21567	22393	44355	7181	3125945	163790	5	0	0	100.0	0.000
run1_A_stride	pool	off	warm	stride	16384	250000	4	1	5	0	512	2419	3595	5703	3692	630553	811986	5	0	0	0.0	0.000
run1_A_stride	pool_ringloop	off	warm	stride	16384	250000	4	1	5	1	512	1903	2326	3555	2608	1236171	414182	5	0	0	0.0	0.000
run1_A_stride	hybrid	off	warm	stride	16384	250000	4	1	5	2	512	1998	2279	3435	2875	1402608	365034	5	0	0	0.0	0.000
run1_A_stride	uring	off	warm	stride	16384	250000	4	1	5	3	512	21554	24503	52866	7453	3201158	159942	5	0	0	100.0	0.000
run1_A_stride	pooled_pread	off	warm	stride	16384	250000	4	1	5	4	512	44019	104407	248890	37336	6961214	73550	16	0	0	100.0	0.000
run1_A_stride	pool	off	warm	stride	16384	250000	8	1	0	0	512	2890	4116	8386	4156	619347	826677	5	0	0	0.0	0.000
run1_A_stride	pool_ringloop	off	warm	stride	16384	250000	8	1	0	1	512	2011	2411	3345	2786	1340483	381952	5	0	0	0.0	0.000
run1_A_stride	hybrid	off	warm	stride	16384	250000	8	1	0	2	512	2104	2470	2911	2990	1426238	358986	5	0	0	0.0	0.000
run1_A_stride	uring	off	warm	stride	16384	250000	8	1	0	3	512	30035	31576	57736	5084	2288621	223716	5	0	0	100.0	0.000
run1_A_stride	pooled_pread	off	warm	stride	16384	250000	8	1	0	4	512	37770	270395	961978	37128	6527049	78443	47	0	0	100.0	0.000
run1_A_stride	pool_ringloop	off	warm	stride	16384	250000	8	1	1	0	512	3527	4168	5765	4228	2088492	245153	5	0	0	0.0	0.000
run1_A_stride	hybrid	off	warm	stride	16384	250000	8	1	1	1	512	2117	2541	4213	3021	1467217	348960	5	0	0	0.0	0.000
run1_A_stride	uring	off	warm	stride	16384	250000	8	1	1	2	512	33550	44419	51698	5641	2517178	203402	5	0	0	100.0	0.000
run1_A_stride	pooled_pread	off	warm	stride	16384	250000	8	1	1	3	512	33110	179363	778390	32689	5694240	89915	30	0	0	100.0	0.000
run1_A_stride	pool	off	warm	stride	16384	250000	8	1	1	4	512	2532	4100	9391	4013	780493	655996	5	0	0	0.0	0.000
run1_A_stride	hybrid	off	warm	stride	16384	250000	8	1	2	0	512	2035	2525	3386	2921	1383376	370109	5	0	0	0.0	0.000
run1_A_stride	uring	off	warm	stride	16384	250000	8	1	2	1	512	32538	36997	55560	5530	2441503	209707	5	0	0	100.0	0.000
run1_A_stride	pooled_pread	off	warm	stride	16384	250000	8	1	2	2	512	37262	282997	649763	34370	6343833	80708	43	0	0	100.0	0.000
run1_A_stride	pool	off	warm	stride	16384	250000	8	1	2	3	512	2548	3783	4849	3637	554784	922882	5	0	0	0.0	0.000
run1_A_stride	pool_ringloop	off	warm	stride	16384	250000	8	1	2	4	512	2347	2708	3133	3146	1457123	351377	5	0	0	0.0	0.000
run1_A_stride	uring	off	warm	stride	16384	250000	8	1	3	0	512	34955	38901	75045	6276	2817517	181720	5	0	0	100.0	0.000
run1_A_stride	pooled_pread	off	warm	stride	16384	250000	8	1	3	1	512	36086	207479	751468	34516	5713678	89610	30	0	0	100.0	0.000
run1_A_stride	pool	off	warm	stride	16384	250000	8	1	3	2	512	2653	3062	4543	3551	669076	765234	5	0	0	0.0	0.000
run1_A_stride	pool_ringloop	off	warm	stride	16384	250000	8	1	3	3	512	2104	2518	2867	2850	1313090	389920	5	0	0	0.0	0.000
run1_A_stride	hybrid	off	warm	stride	16384	250000	8	1	3	4	512	2732	3135	4579	3849	1862638	274879	5	0	0	0.0	0.000
run1_A_stride	pooled_pread	off	warm	stride	16384	250000	8	1	4	0	512	46715	160977	636567	31504	5444742	94036	26	0	0	100.0	0.000
run1_A_stride	pool	off	warm	stride	16384	250000	8	1	4	1	512	2460	3172	29869	4153	667253	767325	5	0	0	0.0	0.000
run1_A_stride	pool_ringloop	off	warm	stride	16384	250000	8	1	4	2	512	1819	2120	2613	2351	1148772	445693	5	0	0	0.0	0.000
run1_A_stride	hybrid	off	warm	stride	16384	250000	8	1	4	3	512	1864	2159	2698	2800	1316575	388888	5	0	0	0.0	0.000
run1_A_stride	uring	off	warm	stride	16384	250000	8	1	4	4	512	29738	35228	81303	5190	2332978	219462	5	0	0	100.0	0.000
run1_A_stride	pool	off	warm	stride	16384	250000	8	1	5	0	512	2362	3289	33870	3990	777686	658363	5	0	0	0.0	0.000
run1_A_stride	pool_ringloop	off	warm	stride	16384	250000	8	1	5	1	512	1837	2119	2623	2495	1179549	434064	5	0	0	0.0	0.000
run1_A_stride	hybrid	off	warm	stride	16384	250000	8	1	5	2	512	1902	2159	2577	2761	1296578	394886	5	0	0	0.0	0.000
run1_A_stride	uring	off	warm	stride	16384	250000	8	1	5	3	512	33035	35540	48415	5601	2532434	202177	5	0	0	100.0	0.000
run1_A_stride	pooled_pread	off	warm	stride	16384	250000	8	1	5	4	512	44634	216579	742890	34853	6299077	81282	36	0	0	100.0	0.000
run1_A_stride	pool	off	warm	stride	16384	250000	16	1	0	0	512	2540	3458	4269	3702	591351	865814	5	0	0	0.0	0.000
run1_A_stride	pool_ringloop	off	warm	stride	16384	250000	16	1	0	1	512	1874	2186	2480	2651	1270708	402925	5	0	0	0.0	0.000
run1_A_stride	hybrid	off	warm	stride	16384	250000	16	1	0	2	512	1968	2305	2672	2987	1431174	357748	5	0	0	0.0	0.000
run1_A_stride	uring	off	warm	stride	16384	250000	16	1	0	3	512	46861	50597	79392	4140	1934364	264686	5	0	0	100.0	0.000
run1_A_stride	pooled_pread	off	warm	stride	16384	250000	16	1	0	4	512	77533	421991	1328924	34575	5982481	85583	39	0	0	100.0	0.000
run1_A_stride	pool_ringloop	off	warm	stride	16384	250000	16	1	1	0	512	1935	2267	3216	2790	1422442	359944	5	0	0	0.0	0.000
run1_A_stride	hybrid	off	warm	stride	16384	250000	16	1	1	1	512	1928	2266	2617	3063	1441641	355151	5	0	0	0.0	0.000
run1_A_stride	uring	off	warm	stride	16384	250000	16	1	1	2	512	47620	51120	81860	4240	1954572	261950	5	0	0	100.0	0.000
run1_A_stride	pooled_pread	off	warm	stride	16384	250000	16	1	1	3	512	76739	797500	1374111	44599	8401209	60944	67	0	0	100.0	0.000
run1_A_stride	pool	off	warm	stride	16384	250000	16	1	1	4	512	2727	3797	5360	4409	685892	746473	5	0	0	0.0	0.000
run1_A_stride	hybrid	off	warm	stride	16384	250000	16	1	2	0	512	2200	2661	3710	3454	1617827	316474	5	0	0	0.0	0.000
run1_A_stride	uring	off	warm	stride	16384	250000	16	1	2	1	512	52475	72227	96898	4672	2150859	238044	5	0	0	100.0	0.000
run1_A_stride	pooled_pread	off	warm	stride	16384	250000	16	1	2	2	512	82803	711088	1647314	40974	8415328	60841	47	0	0	100.0	0.000
run1_A_stride	pool	off	warm	stride	16384	250000	16	1	2	3	512	2626	4054	5589	3949	731652	699786	5	0	0	0.0	0.000
run1_A_stride	pool_ringloop	off	warm	stride	16384	250000	16	1	2	4	512	2094	2490	2919	3024	1455846	351686	5	0	0	0.0	0.000
run1_A_stride	uring	off	warm	stride	16384	250000	16	1	3	0	512	54077	71028	106077	4734	2176297	235262	5	0	0	100.0	0.000
run1_A_stride	pooled_pread	off	warm	stride	16384	250000	16	1	3	1	512	76104	442138	1113190	32191	5523652	92692	40	0	0	100.0	0.000
run1_A_stride	pool	off	warm	stride	16384	250000	16	1	3	2	512	2996	3483	4531	4106	629916	812807	5	0	0	0.0	0.000
run1_A_stride	pool_ringloop	off	warm	stride	16384	250000	16	1	3	3	512	2501	2877	7796	3545	1688385	303248	5	0	0	0.0	0.000
run1_A_stride	hybrid	off	warm	stride	16384	250000	16	1	3	4	512	2870	3271	5126	4124	2028028	252462	5	0	0	0.0	0.000
run1_A_stride	pooled_pread	off	warm	stride	16384	250000	16	1	4	0	512	111274	681027	1431292	45980	8520739	60089	67	0	0	100.0	0.000
run1_A_stride	pool	off	warm	stride	16384	250000	16	1	4	1	512	2714	3452	6512	4143	642560	796813	5	0	0	0.0	0.000
run1_A_stride	pool_ringloop	off	warm	stride	16384	250000	16	1	4	2	512	2698	3134	3563	3473	1665326	307447	5	0	0	0.0	0.000
run1_A_stride	hybrid	off	warm	stride	16384	250000	16	1	4	3	512	2137	2548	3088	3232	1555647	329124	5	0	0	0.0	0.000
run1_A_stride	uring	off	warm	stride	16384	250000	16	1	4	4	512	51130	58540	120730	4552	2116637	241893	5	0	0	100.0	0.000
run1_A_stride	pool	off	warm	stride	16384	250000	16	1	5	0	512	2759	3336	4655	4185	669244	765042	5	0	0	0.0	0.000
run1_A_stride	pool_ringloop	off	warm	stride	16384	250000	16	1	5	1	512	2303	2641	3205	3183	1518488	337178	5	0	0	0.0	0.000
run1_A_stride	hybrid	off	warm	stride	16384	250000	16	1	5	2	512	2492	2854	3220	3702	1697805	301566	5	0	0	0.0	0.000
run1_A_stride	uring	off	warm	stride	16384	250000	16	1	5	3	512	57981	61888	91978	4926	2251115	227443	5	0	0	100.0	0.000
run1_A_stride	pooled_pread	off	warm	stride	16384	250000	16	1	5	4	512	84040	587178	1568299	37518	6769141	75637	53	0	0	100.0	0.000
run1_A_stride	pool	off	warm	stride	16384	250000	32	1	0	0	512	2937	3500	6099	4371	684751	747717	5	0	0	0.0	0.000
run1_A_stride	pool_ringloop	off	warm	stride	16384	250000	32	1	0	1	512	2513	2924	4800	3635	1779727	287685	5	0	0	0.0	0.000
run1_A_stride	hybrid	off	warm	stride	16384	250000	32	1	0	2	512	2328	2968	4055	3921	1880083	272328	5	0	0	0.0	0.000
run1_A_stride	uring	off	warm	stride	16384	250000	32	1	0	3	512	100627	123725	138852	4852	2258047	226745	5	0	0	100.0	0.000
run1_A_stride	pooled_pread	off	warm	stride	16384	250000	32	1	0	4	512	172749	1290098	2475214	42828	8028107	63776	69	0	0	100.0	0.000
run1_A_stride	pool_ringloop	off	warm	stride	16384	250000	32	1	1	0	512	2648	3195	3918	4106	1998041	256251	5	0	0	0.0	0.000
run1_A_stride	hybrid	off	warm	stride	16384	250000	32	1	1	1	512	2597	3218	7674	4670	2132325	240113	5	0	0	0.0	0.000
run1_A_stride	uring	off	warm	stride	16384	250000	32	1	1	2	512	117331	138719	145312	5278	2494405	205259	5	0	0	100.0	0.000
run1_A_stride	pooled_pread	off	warm	stride	16384	250000	32	1	1	3	512	182069	965887	2151058	37395	7109227	72019	63	0	0	100.0	0.000
run1_A_stride	pool	off	warm	stride	16384	250000	32	1	1	4	512	2581	4029	4954	3882	565773	904957	5	0	0	0.0	0.000
run1_A_stride	hybrid	off	warm	stride	16384	250000	32	1	2	0	512	2063	2464	3088	3555	1753198	292038	5	0	0	0.0	0.000
run1_A_stride	uring	off	warm	stride	16384	250000	32	1	2	1	512	90249	112210	124287	4490	2168692	236087	5	0	0	100.0	0.000
run1_A_stride	pooled_pread	off	warm	stride	16384	250000	32	1	2	2	512	177090	996127	2628085	43911	9293544	55092	62	0	0	100.0	0.000
run1_A_stride	pool	off	warm	stride	16384	250000	32	1	2	3	512	2794	3480	4534	3913	586288	873291	5	0	0	0.0	0.000
run1_A_stride	pool_ringloop	off	warm	stride	16384	250000	32	1	2	4	512	2302	2667	3486	3387	1658618	308691	5	0	0	0.0	0.000
run1_A_stride	uring	off	warm	stride	16384	250000	32	1	3	0	512	107865	130463	135248	4914	2343041	218519	5	0	0	100.0	0.000
run1_A_stride	pooled_pread	off	warm	stride	16384	250000	32	1	3	1	512	168913	1068937	2507216	40138	8422980	60786	58	0	0	100.0	0.000
run1_A_stride	pool	off	warm	stride	16384	250000	32	1	3	2	512	2693	3439	6912	4127	683457	749133	5	0	0	0.0	0.000
run1_A_stride	pool_ringloop	off	warm	stride	16384	250000	32	1	3	3	512	2832	3390	4420	4009	1947871	262851	5	0	0	0.0	0.000
run1_A_stride	hybrid	off	warm	stride	16384	250000	32	1	3	4	512	2822	3323	4393	4307	2101431	243643	5	0	0	0.0	0.000
run1_A_stride	pooled_pread	off	warm	stride	16384	250000	32	1	4	0	512	290677	1251811	2873847	48561	9513637	53817	74	0	0	100.0	0.000
run1_A_stride	pool	off	warm	stride	16384	250000	32	1	4	1	512	2926	3615	8349	4446	691919	739971	5	0	0	0.0	0.000
run1_A_stride	pool_ringloop	off	warm	stride	16384	250000	32	1	4	2	512	1958	2347	2853	2856	1412872	362382	5	0	0	0.0	0.000
run1_A_stride	hybrid	off	warm	stride	16384	250000	32	1	4	3	512	2163	2497	3809	3683	1809369	282972	5	0	0	0.0	0.000
run1_A_stride	uring	off	warm	stride	16384	250000	32	1	4	4	512	95097	120854	132218	4545	2164980	236492	5	0	0	100.0	0.000
run1_A_stride	pool	off	warm	stride	16384	250000	32	1	5	0	512	2310	3808	12317	3924	669463	764792	5	0	0	0.0	0.000
run1_A_stride	pool_ringloop	off	warm	stride	16384	250000	32	1	5	1	512	2096	2470	3468	3160	1527468	335195	5	0	0	0.0	0.000
run1_A_stride	hybrid	off	warm	stride	16384	250000	32	1	5	2	512	2195	2636	3116	3858	1843740	277696	5	0	0	0.0	0.000
run1_A_stride	uring	off	warm	stride	16384	250000	32	1	5	3	512	100079	135447	155547	4349	2041225	250830	5	0	0	100.0	0.000
run1_A_stride	pooled_pread	off	warm	stride	16384	250000	32	1	5	4	512	211050	1141099	2192740	40480	7976323	64190	62	0	0	100.0	0.000
run1_A_stride	pool	off	warm	stride	16384	250000	64	1	0	0	512	2773	3182	9350	4386	697447	734106	5	0	0	0.0	0.000
run1_A_stride	pool_ringloop	off	warm	stride	16384	250000	64	1	0	1	512	2264	2656	3393	4119	2049208	249853	5	0	0	0.0	0.000
run1_A_stride	hybrid	off	warm	stride	16384	250000	64	1	0	2	512	2517	2925	3507	4368	2161860	236833	5	0	0	0.0	0.000
run1_A_stride	uring	off	warm	stride	16384	250000	64	1	0	3	512	216594	269145	270728	5601	2710761	188877	5	0	0	100.0	0.000
run1_A_stride	pooled_pread	off	warm	stride	16384	250000	64	1	0	4	512	355534	858439	1564547	36224	6155712	83175	41	0	0	100.0	0.000
run1_A_stride	pool_ringloop	off	warm	stride	16384	250000	64	1	1	0	512	2161	2498	3006	3975	1959617	261276	5	0	0	0.0	0.000
run1_A_stride	hybrid	off	warm	stride	16384	250000	64	1	1	1	512	3314	3822	5233	5400	2679225	191100	5	0	0	0.0	0.000
run1_A_stride	uring	off	warm	stride	16384	250000	64	1	1	2	512	244065	298666	300373	6011	2814529	181913	5	0	0	100.0	0.000
run1_A_stride	pooled_pread	off	warm	stride	16384	250000	64	1	1	3	512	407500	1190339	2654187	40134	7435496	68859	51	0	0	100.0	0.000
run1_A_stride	pool	off	warm	stride	16384	250000	64	1	1	4	512	2566	2987	3515	3926	1052135	486630	5	0	0	0.0	0.000
run1_A_stride	hybrid	off	warm	stride	16384	250000	64	1	2	0	512	2395	2939	3816	4841	2394650	213810	5	0	0	0.0	0.000
run1_A_stride	uring	off	warm	stride	16384	250000	64	1	2	1	512	244664	307252	308850	5945	2957815	173101	5	0	0	100.0	0.000
run1_A_stride	pooled_pread	off	warm	stride	16384	250000	64	1	2	2	512	474659	1962355	3303674	42844	9117716	56154	59	0	0	100.0	0.000
run1_A_stride	pool	off	warm	stride	16384	250000	64	1	2	3	512	2946	3948	8808	4775	718739	712359	5	0	0	0.0	0.000
run1_A_stride	pool_ringloop	off	warm	stride	16384	250000	64	1	2	4	512	2134	2615	3394	4123	1944588	263295	5	0	0	0.0	0.000
run1_A_stride	uring	off	warm	stride	16384	250000	64	1	3	0	512	299126	362724	364604	6934	3354102	152649	5	0	0	100.0	0.000
run1_A_stride	pooled_pread	off	warm	stride	16384	250000	64	1	3	1	512	405311	1226164	2882413	39370	7237505	70743	60	0	0	100.0	0.000
run1_A_stride	pool	off	warm	stride	16384	250000	64	1	3	2	512	2810	3590	4650	4474	684495	747997	5	0	0	0.0	0.000
run1_A_stride	pool_ringloop	off	warm	stride	16384	250000	64	1	3	3	512	2064	2514	6613	4077	2029490	252280	5	0	0	0.0	0.000
run1_A_stride	hybrid	off	warm	stride	16384	250000	64	1	3	4	512	2542	3273	7853	5387	2678322	191164	5	0	0	0.0	0.000
run1_A_stride	pooled_pread	off	warm	stride	16384	250000	64	1	4	0	512	436982	1549556	3076369	41033	7339681	69758	54	0	0	100.0	0.000
run1_A_stride	pool	off	warm	stride	16384	250000	64	1	4	1	512	2997	3596	7729	4605	721759	709378	5	0	0	0.0	0.000
run1_A_stride	pool_ringloop	off	warm	stride	16384	250000	64	1	4	2	512	2314	2733	3894	4360	2180896	234766	5	0	0	0.0	0.000
run1_A_stride	hybrid	off	warm	stride	16384	250000	64	1	4	3	512	2298	2842	3507	4367	2149200	238228	5	0	0	0.0	0.000
run1_A_stride	uring	off	warm	stride	16384	250000	64	1	4	4	512	283193	296575	297487	6295	3082070	166122	5	0	0	100.0	0.000
run1_A_stride	pool	off	warm	stride	16384	250000	64	1	5	0	512	2671	3223	8840	4123	608022	842075	5	0	0	0.0	0.000
run1_A_stride	pool_ringloop	off	warm	stride	16384	250000	64	1	5	1	512	1892	2292	2900	4013	1917855	266965	5	0	0	0.0	0.000
run1_A_stride	hybrid	off	warm	stride	16384	250000	64	1	5	2	512	3135	3569	5693	5376	2645711	193521	5	0	0	0.0	0.000
run1_A_stride	uring	off	warm	stride	16384	250000	64	1	5	3	512	182531	246287	248277	6489	3046790	168046	5	0	0	100.0	0.000
run1_A_stride	pooled_pread	off	warm	stride	16384	250000	64	1	5	4	512	495781	1455061	2646657	39263	7440059	68817	45	0	0	100.0	0.000
run1_A_sweep	pool	off	cold	sweep	16384	16384	1	1	0	0	512	2516	2950	659405	6790	8358541	61255	6	0	0	1.2	0.000
run1_A_sweep	pool_ringloop	off	cold	sweep	16384	16384	1	1	0	1	512	3025	5735	473979	6982	8070990	63437	6	0	0	1.4	0.000
run1_A_sweep	hybrid	off	cold	sweep	16384	16384	1	1	0	2	512	3284	5682	552537	6487	11916685	42965	5	0	0	1.4	0.000
run1_A_sweep	uring	off	cold	sweep	16384	16384	1	1	0	3	512	16290	19122	37135	18736	7893344	64865	5	0	0	100.0	0.229
run1_A_sweep	pooled_pread	off	cold	sweep	16384	16384	1	1	0	4	512	56574	65901	118577	66378	31469100	16270	7	0	0	100.0	0.000
run1_A_sweep	pool_ringloop	off	cold	sweep	16384	16384	1	1	1	0	512	2851	3330	449242	5843	9619304	53226	6	0	0	1.4	0.000
run1_A_sweep	hybrid	off	cold	sweep	16384	16384	1	1	1	1	512	2580	2987	525555	4869	9198584	55661	5	0	0	1.4	0.000
run1_A_sweep	uring	off	cold	sweep	16384	16384	1	1	1	2	512	16160	18693	38483	19629	8372789	61150	5	0	0	100.0	0.000
run1_A_sweep	pooled_pread	off	cold	sweep	16384	16384	1	1	1	3	512	52500	65325	106505	64906	29759898	17204	6	0	0	100.0	0.000
run1_A_sweep	pool	off	cold	sweep	16384	16384	1	1	1	4	512	5333	6200	442403	9421	10239988	50000	6	0	0	1.2	0.000
run1_A_sweep	hybrid	off	cold	sweep	16384	16384	1	1	2	0	512	2672	5524	564539	5297	7439235	68824	5	0	0	1.2	0.000
run1_A_sweep	uring	off	cold	sweep	16384	16384	1	1	2	1	512	5184	17558	41828	13650	7068722	72432	5	0	0	100.0	0.000
run1_A_sweep	pooled_pread	off	cold	sweep	16384	16384	1	1	2	2	512	57227	65870	128242	65669	30730449	16661	7	0	0	100.0	0.000
run1_A_sweep	pool	off	cold	sweep	16384	16384	1	1	2	3	512	5313	6123	430192	8459	9469161	54070	6	0	0	1.2	0.000
run1_A_sweep	pool_ringloop	off	cold	sweep	16384	16384	1	1	2	4	512	2847	3251	578658	6266	11426565	44808	6	0	0	1.4	0.000
run1_A_sweep	uring	off	cold	sweep	16384	16384	1	1	3	0	512	3493	14260	77902	7195	9092866	56308	5	0	0	100.0	0.000
run1_A_sweep	pooled_pread	off	cold	sweep	16384	16384	1	1	3	1	512	56935	64920	121520	64553	30960509	16537	6	0	0	100.0	0.000
run1_A_sweep	pool	off	cold	sweep	16384	16384	1	1	3	2	512	4770	5987	437431	7327	9876586	51840	6	0	0	1.2	0.000
run1_A_sweep	pool_ringloop	off	cold	sweep	16384	16384	1	1	3	3	512	5307	6060	380128	8933	11281741	45383	6	0	0	1.4	0.000
run1_A_sweep	hybrid	off	cold	sweep	16384	16384	1	1	3	4	512	4775	5359	479762	7130	9832568	52072	5	0	0	1.2	0.000
run1_A_sweep	pooled_pread	off	cold	sweep	16384	16384	1	1	4	0	512	56878	72339	141868	65474	30487525	16794	7	0	0	100.0	0.000
run1_A_sweep	pool	off	cold	sweep	16384	16384	1	1	4	1	512	5192	5978	410301	8789	9483677	53987	6	0	0	1.2	0.000
run1_A_sweep	pool_ringloop	off	cold	sweep	16384	16384	1	1	4	2	512	2576	3102	632098	6228	7836549	65335	6	0	0	1.4	0.000
run1_A_sweep	hybrid	off	cold	sweep	16384	16384	1	1	4	3	512	5027	5920	281917	7196	7138268	71726	5	0	0	1.2	0.000
run1_A_sweep	uring	off	cold	sweep	16384	16384	1	1	4	4	512	5105	18769	40526	13735	11150893	45916	5	0	0	100.0	0.000
run1_A_sweep	pool	off	cold	sweep	16384	16384	1	1	5	0	512	2600	3072	508982	5795	7230196	70814	6	0	0	1.2	0.000
run1_A_sweep	pool_ringloop	off	cold	sweep	16384	16384	1	1	5	1	512	5289	5993	276373	8270	7343062	69726	6	0	0	1.4	0.000
run1_A_sweep	hybrid	off	cold	sweep	16384	16384	1	1	5	2	512	2621	3133	628536	5746	8863129	57767	5	0	0	1.2	0.000
run1_A_sweep	uring	off	cold	sweep	16384	16384	1	1	5	3	512	17586	19836	40503	19150	9376667	54604	5	0	0	100.0	0.000
run1_A_sweep	pooled_pread	off	cold	sweep	16384	16384	1	1	5	4	512	58583	71251	136972	66863	32251122	15875	7	0	0	100.0	0.000
run1_A_sweep	pool	off	cold	sweep	16384	16384	2	1	0	0	512	3607	7150	723181	9650	9745595	52537	7	0	0	2.7	0.000
run1_A_sweep	pool_ringloop	off	cold	sweep	16384	16384	2	1	0	1	512	5072	6115	877851	9723	11710689	43721	7	0	0	2.7	0.000
run1_A_sweep	hybrid	off	cold	sweep	16384	16384	2	1	0	2	512	5168	6172	508917	8230	10053465	50928	5	0	0	2.1	0.000
run1_A_sweep	uring	off	cold	sweep	16384	16384	2	1	0	3	512	24225	26181	55250	16200	9515014	53810	5	0	0	100.0	0.000
run1_A_sweep	pooled_pread	off	cold	sweep	16384	16384	2	1	0	4	512	46393	99226	187345	47559	16816240	30447	10	0	0	100.0	0.000
run1_A_sweep	pool_ringloop	off	cold	sweep	16384	16384	2	1	1	0	512	3083	5696	847873	9462	11112548	46074	7	0	0	2.3	0.000
run1_A_sweep	hybrid	off	cold	sweep	16384	16384	2	1	1	1	512	4773	5750	679364	7563	8020252	63838	5	0	0	2.3	0.000
run1_A_sweep	uring	off	cold	sweep	16384	16384	2	1	1	2	512	18404	19709	550121	9403	7498455	68281	5	0	0	100.0	0.000
run1_A_sweep	pooled_pread	off	cold	sweep	16384	16384	2	1	1	3	512	45811	83149	238371	48006	13713618	37335	9	0	0	100.0	0.000
run1_A_sweep	pool	off	cold	sweep	16384	16384	2	1	1	4	512	4082	7629	817679	9693	9017072	56781	7	0	0	2.7	0.000
run1_A_sweep	hybrid	off	cold	sweep	16384	16384	2	1	2	0	512	2631	3093	536053	4909	8690370	58916	5	0	0	2.1	0.000
run1_A_sweep	uring	off	cold	sweep	16384	16384	2	1	2	1	512	19012	20250	312297	11249	8614401	59435	5	0	0	100.0	0.000
run1_A_sweep	pooled_pread	off	cold	sweep	16384	16384	2	1	2	2	512	48839	94662	232661	47235	14771892	34660	11	0	0	100.0	0.000
run1_A_sweep	pool	off	cold	sweep	16384	16384	2	1	2	3	512	3119	6779	808617	7917	7716107	66355	7	0	0	2.7	0.000
run1_A_sweep	pool_ringloop	off	cold	sweep	16384	16384	2	1	2	4	512	4955	6250	569000	9818	10120017	50593	7	0	0	2.3	0.000
run1_A_sweep	uring	off	cold	sweep	16384	16384	2	1	3	0	512	6244	18609	612053	6297	10828884	47281	5	0	0	100.0	0.000
run1_A_sweep	pooled_pread	off	cold	sweep	16384	16384	2	1	3	1	512	45573	91183	215160	48035	14209379	36033	11	0	0	100.0	0.000
run1_A_sweep	pool	off	cold	sweep	16384	16384	2	1	3	2	512	3010	4702	758627	7796	9221838	55520	7	0	0	2.7	0.000
run1_A_sweep	pool_ringloop	off	cold	sweep	16384	16384	2	1	3	3	512	4526	6210	868531	9864	11574547	44235	7	0	0	2.7	0.000
run1_A_sweep	hybrid	off	cold	sweep	16384	16384	2	1	3	4	512	2787	5775	630606	6344	9015383	56792	5	0	0	1.4	0.000
run1_A_sweep	pooled_pread	off	cold	sweep	16384	16384	2	1	4	0	512	33851	80184	165482	42726	11621598	44056	10	0	0	100.0	0.000
run1_A_sweep	pool	off	cold	sweep	16384	16384	2	1	4	1	512	3548	7331	862910	9341	10562143	48475	7	0	0	2.3	0.000
run1_A_sweep	pool_ringloop	off	cold	sweep	16384	16384	2	1	4	2	512	2895	5717	928135	7977	8005017	63960	7	0	0	2.3	0.000
run1_A_sweep	hybrid	off	cold	sweep	16384	16384	2	1	4	3	512	2726	5718	601093	5232	7452491	68702	5	0	0	2.1	0.000
run1_A_sweep	uring	off	cold	sweep	16384	16384	2	1	4	4	512	10949	20066	356952	9012	10862106	47136	5	0	0	100.0	0.000
run1_A_sweep	pool	off	cold	sweep	16384	16384	2	1	5	0	512	3289	7652	782631	9022	12713365	40273	7	0	0	2.7	0.000
run1_A_sweep	pool_ringloop	off	cold	sweep	16384	16384	2	1	5	1	512	2751	5153	884632	8019	10365765	49393	7	0	0	2.3	0.000
run1_A_sweep	hybrid	off	cold	sweep	16384	16384	2	1	5	2	512	2738	3278	610864	5181	8919834	57400	5	0	0	2.0	0.000
run1_A_sweep	uring	off	cold	sweep	16384	16384	2	1	5	3	512	20180	21452	144575	12451	10101949	50683	5	0	0	100.0	0.000
run1_A_sweep	pooled_pread	off	cold	sweep	16384	16384	2	1	5	4	512	43784	93117	174762	45865	16497898	31034	10	0	0	100.0	0.000
run1_A_sweep	pool	off	cold	sweep	16384	16384	4	1	0	0	512	3502	10018	1496612	12214	13579968	37703	10	0	0	4.9	0.000
run1_A_sweep	pool_ringloop	off	cold	sweep	16384	16384	4	1	0	1	512	2969	6070	1325410	11129	7832948	65365	9	0	0	5.5	0.000
run1_A_sweep	hybrid	off	cold	sweep	16384	16384	4	1	0	2	512	2779	3428	1513027	4806	7445817	68763	5	0	0	3.1	0.000
run1_A_sweep	uring	off	cold	sweep	16384	16384	4	1	0	3	512	12277	38599	705594	6229	8393233	61002	5	0	0	100.0	0.000
run1_A_sweep	pooled_pread	off	cold	sweep	16384	16384	4	1	0	4	512	53046	150845	359140	45698	10415511	49157	18	0	0	100.0	0.000
run1_A_sweep	pool_ringloop	off	cold	sweep	16384	16384	4	1	1	0	512	3317	6059	1422691	11532	12571950	40726	10	0	0	5.5	0.000
run1_A_sweep	hybrid	off	cold	sweep	16384	16384	4	1	1	1	512	2721	3434	727363	5462	7493854	68323	5	0	0	3.5	0.000
run1_A_sweep	uring	off	cold	sweep	16384	16384	4	1	1	2	512	14109	33501	577236	6539	7147749	71631	5	0	0	100.0	0.000
run1_A_sweep	pooled_pread	off	cold	sweep	16384	16384	4	1	1	3	512	46569	132812	552753	44246	14072778	36382	18	0	0	100.0	0.000
run1_A_sweep	pool	off	cold	sweep	16384	16384	4	1	1	4	512	4348	12521	1160015	13796	14039139	36469	10	0	0	6.2	0.000
run1_A_sweep	hybrid	off	cold	sweep	16384	16384	4	1	2	0	512	5101	6269	1142289	8025	8523833	60067	5	0	0	2.5	0.000
run1_A_sweep	uring	off	cold	sweep	16384	16384	4	1	2	1	512	38988	54233	246175	12498	7712113	66389	5	0	0	100.0	0.000
run1_A_sweep	pooled_pread	off	cold	sweep	16384	16384	4	1	2	2	512	38996	152013	653614	42723	14211033	36028	22	0	0	100.0	0.000
run1_A_sweep	pool	off	cold	sweep	16384	16384	4	1	2	3	512	3873	7891	1780421	18079	15277431	33513	9	0	0	5.5	0.000
run1_A_sweep	pool_ringloop	off	cold	sweep	16384	16384	4	1	2	4	512	5310	6389	3057118	11161	12649533	40476	9	0	0	3.1	0.000
run1_A_sweep	uring	off	cold	sweep	16384	16384	4	1	3	0	512	19526	26778	1221993	7569	11633380	44011	5	0	0	100.0	0.000
run1_A_sweep	pooled_pread	off	cold	sweep	16384	16384	4	1	3	1	512	41235	136405	374515	41903	8782585	58297	19	0	0	100.0	0.000
run1_A_sweep	pool	off	cold	sweep	16384	16384	4	1	3	2	512	3578	8345	1440662	10600	7909886	64729	10	0	0	5.5	0.000
run1_A_sweep	pool_ringloop	off	cold	sweep	16384	16384	4	1	3	3	512	4840	6340	3302334	10395	12404387	41276	10	0	0	3.3	0.000
run1_A_sweep	hybrid	off	cold	sweep	16384	16384	4	1	3	4	512	5137	5863	919474	7816	7547339	67838	5	0	0	4.7	0.000
run1_A_sweep	pooled_pread	off	cold	sweep	16384	16384	4	1	4	0	512	36390	147641	483699	36009	8492306	60290	19	0	0	100.0	0.000
run1_A_sweep	pool	off	cold	sweep	16384	16384	4	1	4	1	512	3759	9953	1458657	11334	9125345	56107	9	0	0	5.5	0.000
run1_A_sweep	pool_ringloop	off	cold	sweep	16384	16384	4	1	4	2	512	3377	5985	2540702	9392	8814427	58087	9	0	0	3.1	0.000
run1_A_sweep	hybrid	off	cold	sweep	16384	16384	4	1	4	3	512	5019	6192	682849	7370	13457880	38045	5	0	0	4.7	0.000
run1_A_sweep	uring	off	cold	sweep	16384	16384	4	1	4	4	512	11022	31288	1014602	5659	10930329	46842	5	0	0	100.0	0.000
run1_A_sweep	pool	off	cold	sweep	16384	16384	4	1	5	0	512	3523	9150	1191772	12440	8196618	62465	10	0	0	4.7	0.000
run1_A_sweep	pool_ringloop	off	cold	sweep	16384	16384	4	1	5	1	512	4816	6842	1497911	12201	8577918	59688	9	0	0	5.5	0.000
run1_A_sweep	hybrid	off	cold	sweep	16384	16384	4	1	5	2	512	2666	5915	754470	6963	13336167	38392	5	0	0	3.5	0.000
run1_A_sweep	uring	off	cold	sweep	16384	16384	4	1	5	3	512	11212	24045	950415	5710	10361089	49416	5	0	0	100.0	0.000
run1_A_sweep	pooled_pread	off	cold	sweep	16384	16384	4	1	5	4	512	34473	154608	667009	40791	14248951	35932	18	0	0	100.0	0.000
run1_A_sweep	pool	off	cold	sweep	16384	16384	8	1	0	0	512	3204	353095	1780651	13520	11036035	46393	14	0	0	10.2	0.000
run1_A_sweep	pool_ringloop	off	cold	sweep	16384	16384	8	1	0	1	512	2767	5362	1368236	12904	12734739	40205	14	0	0	8.8	0.000
run1_A_sweep	hybrid	off	cold	sweep	16384	16384	8	1	0	2	512	2537	7543	677288	5828	11942040	42874	5	0	0	8.8	0.000
run1_A_sweep	uring	off	cold	sweep	16384	16384	8	1	0	3	512	20350	42551	996080	4706	6394320	80071	5	0	0	100.0	0.000
run1_A_sweep	pooled_pread	off	cold	sweep	16384	16384	8	1	0	4	512	44737	271063	977775	36829	7512626	68152	34	0	0	100.0	0.000
run1_A_sweep	pool_ringloop	off	cold	sweep	16384	16384	8	1	1	0	512	4697	310150	1438146	14934	13307408	38475	16	0	0	10.2	0.000
run1_A_sweep	hybrid	off	cold	sweep	16384	16384	8	1	1	1	512	2913	3683	747130	6015	7986384	64109	5	0	0	5.1	0.000
run1_A_sweep	uring	off	cold	sweep	16384	16384	8	1	1	2	512	39887	202065	749846	7687	7971044	64232	5	0	0	100.0	0.000
run1_A_sweep	pooled_pread	off	cold	sweep	16384	16384	8	1	1	3	512	47940	332084	1014115	41068	13841012	36992	40	0	0	100.0	0.000
run1_A_sweep	pool	off	cold	sweep	16384	16384	8	1	1	4	512	3952	41561	3029678	15953	9852795	51965	16	0	0	9.0	0.000
run1_A_sweep	hybrid	off	cold	sweep	16384	16384	8	1	2	0	512	3214	4122	2760818	9287	10232415	50037	5	0	0	1.6	0.000
run1_A_sweep	uring	off	cold	sweep	16384	16384	8	1	2	1	512	22015	188514	650607	5595	10375556	49347	5	0	0	100.0	0.000
run1_A_sweep	pooled_pread	off	cold	sweep	16384	16384	8	1	2	2	512	31976	210709	871261	28836	8846139	57878	29	0	0	100.0	0.000
run1_A_sweep	pool	off	cold	sweep	16384	16384	8	1	2	3	512	2908	412279	1433409	11439	9835793	52055	15	0	0	12.5	0.000
run1_A_sweep	pool_ringloop	off	cold	sweep	16384	16384	8	1	2	4	512	2381	2918	2453408	8113	9931090	51555	13	0	0	3.9	0.000
run1_A_sweep	uring	off	cold	sweep	16384	16384	8	1	3	0	512	23653	410860	737370	5866	11255659	45488	5	0	0	100.0	0.000
run1_A_sweep	pooled_pread	off	cold	sweep	16384	16384	8	1	3	1	512	23144	310922	1114729	31223	10725326	47737	44	0	0	100.0	0.000
run1_A_sweep	pool	off	cold	sweep	16384	16384	8	1	3	2	512	3710	487736	1716794	12920	10530643	48620	17	0	0	10.5	0.000
run1_A_sweep	pool_ringloop	off	cold	sweep	16384	16384	8	1	3	3	512	3142	28954	2975424	11809	9814784	52166	14	0	0	9.6	0.000
run1_A_sweep	hybrid	off	cold	sweep	16384	16384	8	1	3	4	512	2865	3784	622341	5629	9261314	55284	5	0	0	6.2	0.000
run1_A_sweep	pooled_pread	off	cold	sweep	16384	16384	8	1	4	0	512	31128	150484	1253653	24949	9390800	54521	29	0	0	100.0	0.000
run1_A_sweep	pool	off	cold	sweep	16384	16384	8	1	4	1	512	3475	9128	1682568	11748	12596282	40647	15	0	0	5.9	0.000
run1_A_sweep	pool_ringloop	off	cold	sweep	16384	16384	8	1	4	2	512	2774	606061	1321768	13360	8184665	62556	15	0	0	13.3	0.000
run1_A_sweep	hybrid	off	cold	sweep	16384	16384	8	1	4	3	512	2563	3046	1404821	4518	6440931	79492	5	0	0	3.9	0.000
run1_A_sweep	uring	off	cold	sweep	16384	16384	8	1	4	4	512	23960	187101	2505580	5216	6908001	74117	5	0	0	100.0	0.000
run1_A_sweep	pool	off	cold	sweep	16384	16384	8	1	5	0	512	2807	4576	1584435	9857	6872751	74497	15	0	0	5.9	0.000
run1_A_sweep	pool_ringloop	off	cold	sweep	16384	16384	8	1	5	1	512	3045	465385	1161961	12390	8168834	62677	14	0	0	11.9	0.000
run1_A_sweep	hybrid	off	cold	sweep	16384	16384	8	1	5	2	512	2731	3888	2300929	5076	6853487	74706	5	0	0	7.0	0.000
run1_A_sweep	uring	off	cold	sweep	16384	16384	8	1	5	3	512	21408	405239	554519	4892	9798060	52255	5	0	0	100.0	0.000
run1_A_sweep	pooled_pread	off	cold	sweep	16384	16384	8	1	5	4	512	40822	231532	1369487	32257	7975911	64193	48	0	0	100.0	0.000
run1_A_sweep	pool	off	cold	sweep	16384	16384	16	1	0	0	512	3520	935333	3481652	17015	9007618	56841	24	0	0	21.1	0.000
run1_A_sweep	pool_ringloop	off	cold	sweep	16384	16384	16	1	0	1	512	2873	70732	3016271	11167	8716466	58739	22	0	0	9.8	0.000
run1_A_sweep	hybrid	off	cold	sweep	16384	16384	16	1	0	2	512	2848	3717	1825759	5378	9232852	55454	5	0	0	5.5	0.000
run1_A_sweep	uring	off	cold	sweep	16384	16384	16	1	0	3	512	50562	372279	2701248	5577	6486530	78933	5	0	0	100.0	0.000
run1_A_sweep	pooled_pread	off	cold	sweep	16384	16384	16	1	0	4	512	68560	656989	1621309	36490	8302958	61665	69	0	0	100.0	0.000
run1_A_sweep	pool_ringloop	off	cold	sweep	16384	16384	16	1	1	0	512	2878	748729	2201560	13733	7575742	67584	24	0	0	14.8	0.000
run1_A_sweep	hybrid	off	cold	sweep	16384	16384	16	1	1	1	512	2897	3828	991453	5136	8007778	63938	5	0	0	5.5	0.000
run1_A_sweep	uring	off	cold	sweep	16384	16384	16	1	1	2	512	44807	517127	1256445	5473	10354812	49446	5	0	0	100.0	0.000
run1_A_sweep	pooled_pread	off	cold	sweep	16384	16384	16	1	1	3	512	69090	587473	2229246	30817	13127867	39001	58	0	0	100.0	0.000
run1_A_sweep	pool	off	cold	sweep	16384	16384	16	1	1	4	512	3388	814524	1945359	18561	13171781	38871	35	0	0	18.8	0.000
run1_A_sweep	hybrid	off	cold	sweep	16384	16384	16	1	2	0	512	2856	3595	757245	5988	7745765	66101	5	0	0	5.5	0.000
run1_A_sweep	uring	off	cold	sweep	16384	16384	16	1	2	1	512	58167	784569	1405728	6364	7890253	64890	5	0	0	100.0	0.000
run1_A_sweep	pooled_pread	off	cold	sweep	16384	16384	16	1	2	2	512	61769	713857	2439301	34422	14268788	35883	69	0	0	100.0	0.000
run1_A_sweep	pool	off	cold	sweep	16384	16384	16	1	2	3	512	3536	826838	2816964	17213	8549040	59890	30	0	0	15.0	0.000
run1_A_sweep	pool_ringloop	off	cold	sweep	16384	16384	16	1	2	4	512	3034	992972	3223565	16503	10429707	49091	23	0	0	18.4	0.000
run1_A_sweep	uring	off	cold	sweep	16384	16384	16	1	3	0	512	54379	668758	1390730	5988	11352557	45100	5	0	0	100.0	0.000
run1_A_sweep	pooled_pread	off	cold	sweep	16384	16384	16	1	3	1	512	61512	604570	1981355	35614	9264400	55265	72	0	0	100.0	0.000
run1_A_sweep	pool	off	cold	sweep	16384	16384	16	1	3	2	512	3533	1118164	2645958	16922	12714546	40269	27	0	0	15.8	0.000
run1_A_sweep	pool_ringloop	off	cold	sweep	16384	16384	16	1	3	3	512	3743	976179	1711888	19509	13151535	38931	27	0	0	18.9	0.000
run1_A_sweep	hybrid	off	cold	sweep	16384	16384	16	1	3	4	512	3001	3931	1531572	6202	7797932	65658	5	0	0	5.1	0.000
run1_A_sweep	pooled_pread	off	cold	sweep	16384	16384	16	1	4	0	512	91774	845419	1735795	44603	9858180	51937	91	0	0	100.0	0.000
run1_A_sweep	pool	off	cold	sweep	16384	16384	16	1	4	1	512	3468	796707	2252696	18392	11780491	43462	29	0	0	16.2	0.000
run1_A_sweep	pool_ringloop	off	cold	sweep	16384	16384	16	1	4	2	512	3185	814527	1414955	17996	8711437	58773	24	0	0	26.2	0.000
run1_A_sweep	hybrid	off	cold	sweep	16384	16384	16	1	4	3	512	2796	4644	1481638	5251	6996503	73179	5	0	0	8.6	0.000
run1_A_sweep	uring	off	cold	sweep	16384	16384	16	1	4	4	512	49306	760745	1323740	5666	11395770	44929	5	0	0	100.0	0.000
run1_A_sweep	pool	off	cold	sweep	16384	16384	16	1	5	0	512	3491	810480	11958231	15679	15515760	32999	26	0	0	15.4	0.000
run1_A_sweep	pool_ringloop	off	cold	sweep	16384	16384	16	1	5	1	512	2871	892483	1974671	15621	10238827	50006	34	0	0	18.9	0.000
run1_A_sweep	hybrid	off	cold	sweep	16384	16384	16	1	5	2	512	2869	3550	756227	5892	8239367	62141	5	0	0	3.3	0.000
run1_A_sweep	uring	off	cold	sweep	16384	16384	16	1	5	3	512	47806	688241	1303186	5698	9525633	53750	5	0	0	100.0	0.000
run1_A_sweep	pooled_pread	off	cold	sweep	16384	16384	16	1	5	4	512	78983	737122	1482222	39086	8740136	58580	80	0	0	100.0	0.000
run1_A_sweep	pool	off	cold	sweep	16384	16384	32	1	0	0	512	3741	1225745	2066287	24830	13341221	38377	50	0	0	27.7	0.000
run1_A_sweep	pool_ringloop	off	cold	sweep	16384	16384	32	1	0	1	512	3488	1131118	3971870	19693	11077020	46222	39	0	0	16.6	0.000
run1_A_sweep	hybrid	off	cold	sweep	16384	16384	32	1	0	2	512	3523	5002	1820362	7778	7919173	64653	5	0	0	8.8	0.000
run1_A_sweep	uring	off	cold	sweep	16384	16384	32	1	0	3	512	141840	723665	2509020	6328	7355615	69607	5	0	0	100.0	0.000
run1_A_sweep	pooled_pread	off	cold	sweep	16384	16384	32	1	0	4	512	142166	1114354	2445110	35014	9067404	56466	70	0	0	100.0	0.000
run1_A_sweep	pool_ringloop	off	cold	sweep	16384	16384	32	1	1	0	512	3198	1117006	3416209	21583	11612907	44089	39	0	0	27.0	0.000
run1_A_sweep	hybrid	off	cold	sweep	16384	16384	32	1	1	1	512	3927	62870	1632181	8282	8049120	63609	5	0	0	10.0	0.000
run1_A_sweep	uring	off	cold	sweep	16384	16384	32	1	1	2	512	160610	719424	2518392	8278	8113420	63105	5	0	0	100.0	0.000
run1_A_sweep	pooled_pread	off	cold	sweep	16384	16384	32	1	1	3	512	263947	882001	2479521	42408	11939759	42882	51	0	0	100.0	0.000
run1_A_sweep	pool	off	cold	sweep	16384	16384	32	1	1	4	512	4667	1190797	4993973	29254	10489373	48811	43	0	0	31.2	0.000
run1_A_sweep	hybrid	off	cold	sweep	16384	16384	32	1	2	0	512	3292	9454	1850758	7260	10669459	47987	5	0	0	9.2	0.000
run1_A_sweep	uring	off	cold	sweep	16384	16384	32	1	2	1	512	139404	800961	2745999	6775	8181025	62584	5	0	0	100.0	0.000
run1_A_sweep	pooled_pread	off	cold	sweep	16384	16384	32	1	2	2	512	232367	943552	2250954	37575	8265556	61944	46	0	0	100.0	0.000
run1_A_sweep	pool	off	cold	sweep	16384	16384	32	1	2	3	512	4107	1142563	2131708	24307	7286445	70267	37	0	0	23.2	0.000
run1_A_sweep	pool_ringloop	off	cold	sweep	16384	16384	32	1	2	4	512	3104	1888842	3019384	24993	7480155	68448	47	0	0	25.8	0.000
run1_A_sweep	uring	off	cold	sweep	16384	16384	32	1	3	0	512	165835	704613	999764	7121	10712773	47793	5	0	0	100.0	0.000
run1_A_sweep	pooled_pread	off	cold	sweep	16384	16384	32	1	3	1	512	319234	1354835	3881236	51606	16558402	30921	83	0	0	100.0	0.000
run1_A_sweep	pool	off	cold	sweep	16384	16384	32	1	3	2	512	3670	1295005	2865892	24274	11728505	43654	54	0	0	25.4	0.000
run1_A_sweep	pool_ringloop	off	cold	sweep	16384	16384	32	1	3	3	512	3184	1557591	1729098	21598	7720545	66317	36	0	0	25.6	0.000
run1_A_sweep	hybrid	off	cold	sweep	16384	16384	32	1	3	4	512	3058	631440	871661	6261	7003171	73110	5	0	0	15.0	0.000
run1_A_sweep	pooled_pread	off	cold	sweep	16384	16384	32	1	4	0	512	294199	1315752	3241122	48286	14513556	35277	90	0	0	100.0	0.000
run1_A_sweep	pool	off	cold	sweep	16384	16384	32	1	4	1	512	3773	1484220	2156791	22310	11218768	45638	42	0	0	23.6	0.000
run1_A_sweep	pool_ringloop	off	cold	sweep	16384	16384	32	1	4	2	512	3248	1937868	2951231	24307	12261872	41755	42	0	0	25.4	0.000
run1_A_sweep	hybrid	off	cold	sweep	16384	16384	32	1	4	3	512	2915	4204	670194	6107	10478061	48864	5	0	0	8.2	0.000
run1_A_sweep	uring	off	cold	sweep	16384	16384	32	1	4	4	512	132564	820715	1411557	6469	7996976	64024	5	0	0	100.0	0.000
run1_A_sweep	pool	off	cold	sweep	16384	16384	32	1	5	0	512	4046	1439514	2502268	22684	12037524	42534	48	0	0	21.5	0.000
run1_A_sweep	pool_ringloop	off	cold	sweep	16384	16384	32	1	5	1	512	3894	1527268	2092634	28070	9305585	55021	44	0	0	35.0	0.000
run1_A_sweep	hybrid	off	cold	sweep	16384	16384	32	1	5	2	512	3320	769986	2761057	6143	7704350	66456	5	0	0	21.7	0.000
run1_A_sweep	uring	off	cold	sweep	16384	16384	32	1	5	3	512	144874	785837	1215990	6447	8879078	57664	5	0	0	100.0	0.000
run1_A_sweep	pooled_pread	off	cold	sweep	16384	16384	32	1	5	4	512	199585	1088369	2046397	42076	8737690	58597	53	0	0	100.0	0.000
run1_A_sweep	pool	off	cold	sweep	16384	16384	64	1	0	0	512	4494	2523070	3343970	37698	9313073	54976	68	0	0	29.7	0.000
run1_A_sweep	pool_ringloop	off	cold	sweep	16384	16384	64	1	0	1	512	3556	3864821	4815121	37616	9649187	53061	71	0	0	35.0	0.000
run1_A_sweep	hybrid	off	cold	sweep	16384	16384	64	1	0	2	512	3552	1058583	1215351	8678	7989943	64081	5	0	0	36.1	0.000
run1_A_sweep	uring	off	cold	sweep	16384	16384	64	1	0	3	512	678751	1180694	1182297	7195	7667035	66779	5	0	0	100.0	0.000
run1_A_sweep	pooled_pread	off	cold	sweep	16384	16384	64	1	0	4	512	682087	1367585	3555282	41006	12840922	39873	83	0	0	100.0	0.000
run1_A_sweep	pool_ringloop	off	cold	sweep	16384	16384	64	1	1	0	512	3127	2324365	3208624	22920	7792034	65708	39	0	0	29.9	0.000
run1_A_sweep	hybrid	off	cold	sweep	16384	16384	64	1	1	1	512	3587	814545	1076248	7143	7469143	68549	5	0	0	38.1	0.000
run1_A_sweep	uring	off	cold	sweep	16384	16384	64	1	1	2	512	625576	2668509	2670124	6749	7157180	71537	5	0	0	100.0	0.000
run1_A_sweep	pooled_pread	off	cold	sweep	16384	16384	64	1	1	3	512	745813	2277826	4650683	53116	11536548	44381	70	0	0	100.0	0.000
run1_A_sweep	pool	off	cold	sweep	16384	16384	64	1	1	4	512	4092	2103441	3594307	34901	11666240	43887	68	0	0	38.5	0.000
run1_A_sweep	hybrid	off	cold	sweep	16384	16384	64	1	2	0	512	3497	4293	1058690	7419	9778633	52359	5	0	0	4.7	0.000
run1_A_sweep	uring	off	cold	sweep	16384	16384	64	1	2	1	512	752348	1213182	1214913	7402	9515449	53807	5	0	0	100.0	0.000
run1_A_sweep	pooled_pread	off	cold	sweep	16384	16384	64	1	2	2	512	730135	2260352	4281676	51120	16171494	31661	92	0	0	100.0	0.000
run1_A_sweep	pool	off	cold	sweep	16384	16384	64	1	2	3	512	3929	2690900	4649414	34608	9901567	51709	51	0	0	27.0	0.000
run1_A_sweep	pool_ringloop	off	cold	sweep	16384	16384	64	1	2	4	512	3999	3105691	3149414	36493	10390077	49278	58	0	0	39.8	0.000
run1_A_sweep	uring	off	cold	sweep	16384	16384	64	1	3	0	512	942859	1453949	1455904	8615	13623695	37582	5	0	0	100.0	0.000
run1_A_sweep	pooled_pread	off	cold	sweep	16384	16384	64	1	3	1	512	416028	2284051	3481205	44632	16018666	31963	73	0	0	100.0	0.000
run1_A_sweep	pool	off	cold	sweep	16384	16384	64	1	3	2	512	4261	2194104	3804979	31467	9496774	53913	44	0	0	23.4	0.000
run1_A_sweep	pool_ringloop	off	cold	sweep	16384	16384	64	1	3	3	512	3496	2914306	5526623	27500	8468492	60459	50	0	0	22.1	0.000
run1_A_sweep	hybrid	off	cold	sweep	16384	16384	64	1	3	4	512	3394	1019647	1050590	7605	14352349	35674	5	0	0	16.4	0.000
run1_A_sweep	pooled_pread	off	cold	sweep	16384	16384	64	1	4	0	512	641495	1911450	4020144	51716	16716080	30629	77	0	0	100.0	0.000
run1_A_sweep	pool	off	cold	sweep	16384	16384	64	1	4	1	512	6677	2186668	5462416	35360	13629674	37565	53	0	0	27.0	0.000
run1_A_sweep	pool_ringloop	off	cold	sweep	16384	16384	64	1	4	2	512	5150	3337764	3417660	23122	7396173	69225	34	0	0	25.6	0.000
run1_A_sweep	hybrid	off	cold	sweep	16384	16384	64	1	4	3	512	4784	1148408	1175257	8358	7275499	70373	5	0	0	14.8	0.000
run1_A_sweep	uring	off	cold	sweep	16384	16384	64	1	4	4	512	451574	1124749	1126477	9564	11087394	46179	5	0	0	100.0	0.000
run1_A_sweep	pool	off	cold	sweep	16384	16384	64	1	5	0	512	5798	1868372	3490188	26594	11723704	43672	50	0	0	18.8	0.000
run1_A_sweep	pool_ringloop	off	cold	sweep	16384	16384	64	1	5	1	512	4540	2626998	4158113	33173	12397848	41297	60	0	0	33.8	0.000
run1_A_sweep	hybrid	off	cold	sweep	16384	16384	64	1	5	2	512	4922	1497568	1524256	8950	6995892	73186	5	0	0	35.9	0.000
run1_A_sweep	uring	off	cold	sweep	16384	16384	64	1	5	3	512	655635	2743438	2745035	7162	7148887	71620	5	0	0	100.0	0.000
run1_A_sweep	pooled_pread	off	cold	sweep	16384	16384	64	1	5	4	512	713108	2362128	5184720	51114	11106429	46099	87	0	0	100.0	0.000
run1_A_sweep	pool	off	warm	sweep	16384	16384	1	1	0	0	512	3407	5143	9463	4621	2236846	228894	5	0	0	0.0	0.000
run1_A_sweep	pool_ringloop	off	warm	sweep	16384	16384	1	1	0	1	512	2885	3929	8843	3933	1932150	264990	5	0	0	0.0	0.000
run1_A_sweep	hybrid	off	warm	sweep	16384	16384	1	1	0	2	512	2650	3336	6539	3807	1812951	282412	5	0	0	0.0	0.000
run1_A_sweep	uring	off	warm	sweep	16384	16384	1	1	0	3	512	14622	19613	27219	14371	6026553	84957	5	0	0	100.0	0.000
run1_A_sweep	pooled_pread	off	warm	sweep	16384	16384	1	1	0	4	512	53302	61086	104700	61703	28480888	17977	6	0	0	100.0	0.000
run1_A_sweep	pool_ringloop	off	warm	sweep	16384	16384	1	1	1	0	512	2629	3459	7912	3675	1756703	291455	5	0	0	0.0	0.000
run1_A_sweep	hybrid	off	warm	sweep	16384	16384	1	1	1	1	512	2477	3061	7572	3720	1774954	288458	5	0	0	0.0	0.000
run1_A_sweep	uring	off	warm	sweep	16384	16384	1	1	1	2	512	16052	20227	35748	16732	7040171	72726	5	0	0	100.0	0.000
run1_A_sweep	pooled_pread	off	warm	sweep	16384	16384	1	1	1	3	512	55813	69634	99618	64336	30230894	16936	7	0	0	100.0	0.000
run1_A_sweep	pool	off	warm	sweep	16384	16384	1	1	1	4	512	3014	3634	7908	3787	1850790	276639	5	0	0	0.0	0.000
run1_A_sweep	hybrid	off	warm	sweep	16384	16384	1	1	2	0	512	2623	3127	6815	3586	1749345	292681	5	0	0	0.0	0.000
run1_A_sweep	uring	off	warm	sweep	16384	16384	1	1	2	1	512	14350	17523	37603	13931	5855807	87435	5	0	0	100.0	0.000
run1_A_sweep	pooled_pread	off	warm	sweep	16384	16384	1	1	2	2	512	49855	59330	99948	59295	27405980	18682	6	0	0	100.0	0.000
run1_A_sweep	pool	off	warm	sweep	16384	16384	1	1	2	3	512	3175	3897	9303	4145	2079023	246270	5	0	0	0.0	0.000
run1_A_sweep	pool_ringloop	off	warm	sweep	16384	16384	1	1	2	4	512	2694	3338	7619	3423	1656590	309069	5	0	0	0.0	0.000
run1_A_sweep	uring	off	warm	sweep	16384	16384	1	1	3	0	512	16087	18426	37301	16461	7046264	72663	5	0	0	100.0	0.000
run1_A_sweep	pooled_pread	off	warm	sweep	16384	16384	1	1	3	1	512	48513	57430	105832	57729	26810498	19097	6	0	0	100.0	0.000
run1_A_sweep	pool	off	warm	sweep	16384	16384	1	1	3	2	512	2868	3619	7421	3549	1745338	293353	5	0	0	0.0	0.000
run1_A_sweep	pool_ringloop	off	warm	sweep	16384	16384	1	1	3	3	512	2431	3087	7556	3502	1501406	341014	5	0	0	0.0	0.000
run1_A_sweep	hybrid	off	warm	sweep	16384	16384	1	1	3	4	512	2329	2966	7382	3220	1603636	319274	5	0	0	0.0	0.000
run1_A_sweep	pooled_pread	off	warm	sweep	16384	16384	1	1	4	0	512	48379	56712	111267	56927	26470092	19343	6	0	0	100.0	0.000
run1_A_sweep	pool	off	warm	sweep	16384	16384	1	1	4	1	512	2883	3489	4162	3534	1731627	295676	5	0	0	0.0	0.000
run1_A_sweep	pool_ringloop	off	warm	sweep	16384	16384	1	1	4	2	512	2557	3160	4306	3206	1543870	331634	5	0	0	0.0	0.000
run1_A_sweep	hybrid	off	warm	sweep	16384	16384	1	1	4	3	512	2593	2945	3634	3473	1639789	312235	5	0	0	0.0	0.000
run1_A_sweep	uring	off	warm	sweep	16384	16384	1	1	4	4	512	14841	17012	33253	15516	6529228	78417	5	0	0	100.0	0.000
run1_A_sweep	pool	off	warm	sweep	16384	16384	1	1	5	0	512	2322	2780	3332	2892	1384260	369873	5	0	0	0.0	0.000
run1_A_sweep	pool_ringloop	off	warm	sweep	16384	16384	1	1	5	1	512	2256	2725	3554	2947	1411422	362755	5	0	0	0.0	0.000
run1_A_sweep	hybrid	off	warm	sweep	16384	16384	1	1	5	2	512	2168	2600	3936	2947	1442836	354857	5	0	0	0.0	0.000
run1_A_sweep	uring	off	warm	sweep	16384	16384	1	1	5	3	512	15808	17050	35805	15904	6660463	76872	5	0	0	100.0	0.000
run1_A_sweep	pooled_pread	off	warm	sweep	16384	16384	1	1	5	4	512	48446	57546	93605	56846	26517361	19308	7	0	0	100.0	0.000
run1_A_sweep	pool	off	warm	sweep	16384	16384	2	1	0	0	512	2997	3557	5320	4063	977504	523783	5	0	0	0.0	0.000
run1_A_sweep	pool_ringloop	off	warm	sweep	16384	16384	2	1	0	1	512	2386	2781	3487	2983	1419906	360587	5	0	0	0.0	0.000
run1_A_sweep	hybrid	off	warm	sweep	16384	16384	2	1	0	2	512	2338	2747	7681	3217	1558971	328422	5	0	0	0.0	0.000
run1_A_sweep	uring	off	warm	sweep	16384	16384	2	1	0	3	512	17697	18805	30024	11378	4890131	104701	5	0	0	100.0	0.000
run1_A_sweep	pooled_pread	off	warm	sweep	16384	16384	2	1	0	4	512	31425	72187	149200	34383	10348827	49474	11	0	0	100.0	0.000
run1_A_sweep	pool_ringloop	off	warm	sweep	16384	16384	2	1	1	0	512	2151	2674	3171	2764	1362763	375707	5	0	0	0.0	0.000
run1_A_sweep	hybrid	off	warm	sweep	16384	16384	2	1	1	1	512	2097	2566	2985	2979	1376278	372018	5	0	0	0.0	0.000
run1_A_sweep	uring	off	warm	sweep	16384	16384	2	1	1	2	512	17638	18467	46612	11755	4989594	102614	5	0	0	100.0	0.000
run1_A_sweep	pooled_pread	off	warm	sweep	16384	16384	2	1	1	3	512	32417	68436	120528	38354	9746317	52533	13	0	0	100.0	0.000
run1_A_sweep	pool	off	warm	sweep	16384	16384	2	1	1	4	512	2616	3011	4063	3391	897652	570377	5	0	0	0.0	0.000
run1_A_sweep	hybrid	off	warm	sweep	16384	16384	2	1	2	0	512	2117	2630	3027	3186	1475310	347046	5	0	0	0.0	0.000
run1_A_sweep	uring	off	warm	sweep	16384	16384	2	1	2	1	512	17397	18965	42232	11252	4719514	108486	5	0	0	100.0	0.000
run1_A_sweep	pooled_pread	off	warm	sweep	16384	16384	2	1	2	2	512	33790	67593	130983	37027	9778615	52359	10	0	0	100.0	0.000
run1_A_sweep	pool	off	warm	sweep	16384	16384	2	1	2	3	512	2626	2987	5143	3645	870890	587904	5	0	0	0.0	0.000
run1_A_sweep	pool_ringloop	off	warm	sweep	16384	16384	2	1	2	4	512	2107	2592	2970	2759	1308732	391218	5	0	0	0.0	0.000
run1_A_sweep	uring	off	warm	sweep	16384	16384	2	1	3	0	512	17185	18920	40123	11243	4775860	107206	5	0	0	100.0	0.000
run1_A_sweep	pooled_pread	off	warm	sweep	16384	16384	2	1	3	1	512	36752	72775	117499	37638	10807258	47376	11	0	0	100.0	0.000
run1_A_sweep	pool	off	warm	sweep	16384	16384	2	1	3	2	512	2539	2874	5919	3306	880496	581490	5	0	0	0.0	0.000
run1_A_sweep	pool_ringloop	off	warm	sweep	16384	16384	2	1	3	3	512	2141	2484	3713	2694	1298089	394426	5	0	0	0.0	0.000
run1_A_sweep	hybrid	off	warm	sweep	16384	16384	2	1	3	4	512	2202	2506	2954	3002	1478279	346349	5	0	0	0.0	0.000
run1_A_sweep	pooled_pread	off	warm	sweep	16384	16384	2	1	4	0	512	35865	67203	119492	38546	10265419	49876	11	0	0	100.0	0.000
run1_A_sweep	pool	off	warm	sweep	16384	16384	2	1	4	1	512	2546	2960	5163	3521	932604	549000	5	0	0	0.0	0.000
run1_A_sweep	pool_ringloop	off	warm	sweep	16384	16384	2	1	4	2	512	2189	2654	3228	2858	1418082	361051	5	0	0	0.0	0.000
run1_A_sweep	hybrid	off	warm	sweep	16384	16384	2	1	4	3	512	2081	2515	2972	2933	1387615	368978	5	0	0	0.0	0.000
run1_A_sweep	uring	off	warm	sweep	16384	16384	2	1	4	4	512	17384	23203	43384	11101	4726112	108334	5	0	0	100.0	0.000
run1_A_sweep	pool	off	warm	sweep	16384	16384	2	1	5	0	512	2373	2678	5099	3222	847269	604295	5	0	0	0.0	0.000
run1_A_sweep	pool_ringloop	off	warm	sweep	16384	16384	2	1	5	1	512	2009	2310	2954	2689	1260213	406281	5	0	0	0.0	0.000
run1_A_sweep	hybrid	off	warm	sweep	16384	16384	2	1	5	2	512	2048	2367	2751	3004	1381360	370649	5	0	0	0.0	0.000
run1_A_sweep	uring	off	warm	sweep	16384	16384	2	1	5	3	512	16810	17494	39330	10981	4545426	112641	5	0	0	100.0	0.000
run1_A_sweep	pooled_pread	off	warm	sweep	16384	16384	2	1	5	4	512	35375	69293	111680	35786	10160335	50392	11	0	0	100.0	0.000
run1_A_sweep	pool	off	warm	sweep	16384	16384	4	1	0	0	512	2617	3101	4099	3331	549973	930955	5	0	0	0.0	0.000
run1_A_sweep	pool_ringloop	off	warm	sweep	16384	16384	4	1	0	1	512	1936	2344	2893	2444	1172142	436807	5	0	0	0.0	0.000
run1_A_sweep	hybrid	off	warm	sweep	16384	16384	4	1	0	2	512	1947	2423	2839	2783	1325498	386270	5	0	0	0.0	0.000
run1_A_sweep	uring	off	warm	sweep	16384	16384	4	1	0	3	512	21075	22025	46619	7189	3079930	166238	5	0	0	100.0	0.000
run1_A_sweep	pooled_pread	off	warm	sweep	16384	16384	4	1	0	4	512	26848	83076	195230	29726	5302300	96562	19	0	0	100.0	0.000
run1_A_sweep	pool_ringloop	off	warm	sweep	16384	16384	4	1	1	0	512	2042	2497	2964	2668	1267449	403961	5	0	0	0.0	0.000
run1_A_sweep	hybrid	off	warm	sweep	16384	16384	4	1	1	1	512	2191	2584	3205	3059	1459843	350723	5	0	0	0.0	0.000
run1_A_sweep	uring	off	warm	sweep	16384	16384	4	1	1	2	512	22201	23654	55320	7421	3271235	156516	5	0	0	100.0	0.000
run1_A_sweep	pooled_pread	off	warm	sweep	16384	16384	4	1	1	3	512	21824	93238	376378	29460	5777419	88621	16	0	0	100.0	0.000
run1_A_sweep	pool	off	warm	sweep	16384	16384	4	1	1	4	512	2600	2988	4422	3367	518346	987757	5	0	0	0.0	0.000
run1_A_sweep	hybrid	off	warm	sweep	16384	16384	4	1	2	0	512	2092	2486	2820	2922	1401009	365451	5	0	0	0.0	0.000
run1_A_sweep	uring	off	warm	sweep	16384	16384	4	1	2	1	512	21217	23394	34263	7162	3055370	167574	5	0	0	100.0	0.000
run1_A_sweep	pooled_pread	off	warm	sweep	16384	16384	4	1	2	2	512	23562	92674	270327	28840	5555494	92161	21	0	0	100.0	0.000
run1_A_sweep	pool	off	warm	sweep	16384	16384	4	1	2	3	512	2426	2737	9698	3318	482948	1060156	5	0	0	0.0	0.000
run1_A_sweep	pool_ringloop	off	warm	sweep	16384	16384	4	1	2	4	512	1904	2262	2618	2439	1166822	438799	5	0	0	0.0	0.000
run1_A_sweep	uring	off	warm	sweep	16384	16384	4	1	3	0	512	20482	21341	44253	6702	2930265	174728	5	0	0	100.0	0.000
run1_A_sweep	pooled_pread	off	warm	sweep	16384	16384	4	1	3	1	512	22165	84001	346390	28246	5513791	92858	19	0	0	100.0	0.000
run1_A_sweep	pool	off	warm	sweep	16384	16384	4	1	3	2	512	2413	2677	3045	3094	495261	1033798	5	0	0	0.0	0.000
run1_A_sweep	pool_ringloop	off	warm	sweep	16384	16384	4	1	3	3	512	1923	2291	2813	2337	1143965	447566	5	0	0	0.0	0.000
run1_A_sweep	hybrid	off	warm	sweep	16384	16384	4	1	3	4	512	2067	2374	2950	3016	1401837	365235	5	0	0	0.0	0.000
run1_A_sweep	pooled_pread	off	warm	sweep	16384	16384	4	1	4	0	512	20584	82624	311056	27834	5338903	95900	17	0	0	100.0	0.000
run1_A_sweep	pool	off	warm	sweep	16384	16384	4	1	4	1	512	2423	2703	2960	3082	468832	1092076	5	0	0	0.0	0.000
run1_A_sweep	pool_ringloop	off	warm	sweep	16384	16384	4	1	4	2	512	1842	2336	2917	2507	1198744	427114	5	0	0	0.0	0.000
run1_A_sweep	hybrid	off	warm	sweep	16384	16384	4	1	4	3	512	2191	2479	2993	2997	1483555	345117	5	0	0	0.0	0.000
run1_A_sweep	uring	off	warm	sweep	16384	16384	4	1	4	4	512	21483	22401	45390	7187	3090045	165693	5	0	0	100.0	0.000
run1_A_sweep	pool	off	warm	sweep	16384	16384	4	1	5	0	512	2418	2725	4513	3358	505365	1013129	5	0	0	0.0	0.000
run1_A_sweep	pool_ringloop	off	warm	sweep	16384	16384	4	1	5	1	512	2025	2284	2607	2533	1245550	411063	5	0	0	0.0	0.000
run1_A_sweep	hybrid	off	warm	sweep	16384	16384	4	1	5	2	512	1905	2333	2535	2806	1329519	385102	5	0	0	0.0	0.000
run1_A_sweep	uring	off	warm	sweep	16384	16384	4	1	5	3	512	22200	23305	47320	7392	3219470	159032	5	0	0	100.0	0.000
run1_A_sweep	pooled_pread	off	warm	sweep	16384	16384	4	1	5	4	512	27970	89040	276824	29647	5956451	85957	19	0	0	100.0	0.000
run1_A_sweep	pool	off	warm	sweep	16384	16384	8	1	0	0	512	2458	2813	28556	3697	536848	953715	5	0	0	0.0	0.000
run1_A_sweep	pool_ringloop	off	warm	sweep	16384	16384	8	1	0	1	512	2206	2487	3544	2857	1391248	368015	5	0	0	0.0	0.000
run1_A_sweep	hybrid	off	warm	sweep	16384	16384	8	1	0	2	512	1931	2325	2797	2742	1310319	390745	5	0	0	0.0	0.000
run1_A_sweep	uring	off	warm	sweep	16384	16384	8	1	0	3	512	28029	29588	64812	4848	2147058	238466	5	0	0	100.0	0.000
run1_A_sweep	pooled_pread	off	warm	sweep	16384	16384	8	1	0	4	512	29466	146326	592593	25635	4335034	118107	39	0	0	100.0	0.000
run1_A_sweep	pool_ringloop	off	warm	sweep	16384	16384	8	1	1	0	512	2051	2441	3297	2736	1321690	387383	5	0	0	0.0	0.000
run1_A_sweep	hybrid	off	warm	sweep	16384	16384	8	1	1	1	512	2177	2496	3506	3179	1603669	319268	5	0	0	0.0	0.000
run1_A_sweep	uring	off	warm	sweep	16384	16384	8	1	1	2	512	28039	29492	49036	4829	2124808	240963	5	0	0	100.0	0.000
run1_A_sweep	pooled_pread	off	warm	sweep	16384	16384	8	1	1	3	512	22248	208662	571920	27264	5240403	97702	53	0	0	100.0	0.000
run1_A_sweep	pool	off	warm	sweep	16384	16384	8	1	1	4	512	2529	2870	3204	3357	521156	982431	5	0	0	0.0	0.000
run1_A_sweep	hybrid	off	warm	sweep	16384	16384	8	1	2	0	512	1985	2433	4020	2898	1396895	366527	5	0	0	0.0	0.000
run1_A_sweep	uring	off	warm	sweep	16384	16384	8	1	2	1	512	27128	29359	60626	4610	2062880	248197	5	0	0	100.0	0.000
run1_A_sweep	pooled_pread	off	warm	sweep	16384	16384	8	1	2	2	512	31975	238212	968618	29644	5967585	85797	45	0	0	100.0	0.000
run1_A_sweep	pool	off	warm	sweep	16384	16384	8	1	2	3	512	2674	2991	4305	3618	533514	959675	5	0	0	0.0	0.000
run1_A_sweep	pool_ringloop	off	warm	sweep	16384	16384	8	1	2	4	512	2010	2434	2744	2559	1249315	409825	5	0	0	0.0	0.000
run1_A_sweep	uring	off	warm	sweep	16384	16384	8	1	3	0	512	28594	36670	72385	4976	2237340	228843	5	0	0	100.0	0.000
run1_A_sweep	pooled_pread	off	warm	sweep	16384	16384	8	1	3	1	512	36549	203850	542742	29663	5120394	99992	40	0	0	100.0	0.000
run1_A_sweep	pool	off	warm	sweep	16384	16384	8	1	3	2	512	2746	3186	6016	3919	566811	903299	5	0	0	0.0	0.000
run1_A_sweep	pool_ringloop	off	warm	sweep	16384	16384	8	1	3	3	512	2462	3020	3938	3117	1538056	332888	5	0	0	0.0	0.000
run1_A_sweep	hybrid	off	warm	sweep	16384	16384	8	1	3	4	512	2097	2474	2816	3250	1474731	347182	5	0	0	0.0	0.000
run1_A_sweep	pooled_pread	off	warm	sweep	16384	16384	8	1	4	0	512	38105	153100	553349	26974	4829793	106009	28	0	0	100.0	0.000
run1_A_sweep	pool	off	warm	sweep	16384	16384	8	1	4	1	512	2701	3159	37053	4047	795374	643722	5	0	0	0.0	0.000
run1_A_sweep	pool_ringloop	off	warm	sweep	16384	16384	8	1	4	2	512	2064	2540	3010	2596	1254374	408172	5	0	0	0.0	0.000
run1_A_sweep	hybrid	off	warm	sweep	16384	16384	8	1	4	3	512	2113	2453	3118	2977	1429497	358168	5	0	0	0.0	0.000
run1_A_sweep	uring	off	warm	sweep	16384	16384	8	1	4	4	512	27830	30781	50560	4658	2097863	244058	5	0	0	100.0	0.000
run1_A_sweep	pool	off	warm	sweep	16384	16384	8	1	5	0	512	2390	2810	7696	3605	696577	735023	5	0	0	0.0	0.000
run1_A_sweep	pool_ringloop	off	warm	sweep	16384	16384	8	1	5	1	512	1944	2318	2707	2547	1207013	424188	5	0	0	0.0	0.000
run1_A_sweep	hybrid	off	warm	sweep	16384	16384	8	1	5	2	512	2079	2398	2751	2904	1390058	368330	5	0	0	0.0	0.000
run1_A_sweep	uring	off	warm	sweep	16384	16384	8	1	5	3	512	29718	34813	63524	4997	2267966	225753	5	0	0	100.0	0.000
run1_A_sweep	pooled_pread	off	warm	sweep	16384	16384	8	1	5	4	512	36047	129068	431114	26289	4241482	120713	27	0	0	100.0	0.000
run1_A_sweep	pool	off	warm	sweep	16384	16384	16	1	0	0	512	2473	2798	32140	3834	568455	900687	5	0	0	0.0	0.000
run1_A_sweep	pool_ringloop	off	warm	sweep	16384	16384	16	1	0	1	512	1909	2277	3052	2763	1316996	388764	5	0	0	0.0	0.000
run1_A_sweep	hybrid	off	warm	sweep	16384	16384	16	1	0	2	512	2007	2372	2790	2991	1468407	348677	5	0	0	0.0	0.000
run1_A_sweep	uring	off	warm	sweep	16384	16384	16	1	0	3	512	45648	48566	55271	3997	1828285	280044	5	0	0	100.0	0.000
run1_A_sweep	pooled_pread	off	warm	sweep	16384	16384	16	1	0	4	512	66472	468637	1251624	32412	6076589	84258	54	0	0	100.0	0.000
run1_A_sweep	pool_ringloop	off	warm	sweep	16384	16384	16	1	1	0	512	2676	3199	7462	3623	1757569	291311	5	0	0	0.0	0.000
run1_A_sweep	hybrid	off	warm	sweep	16384	16384	16	1	1	1	512	2572	3106	7178	4092	2031040	252088	5	0	0	0.0	0.000
run1_A_sweep	uring	off	warm	sweep	16384	16384	16	1	1	2	512	52998	74308	86212	4732	2198111	232927	5	0	0	100.0	0.000
run1_A_sweep	pooled_pread	off	warm	sweep	16384	16384	16	1	1	3	512	56583	632554	1425264	34404	7269460	70432	74	0	0	100.0	0.000
run1_A_sweep	pool	off	warm	sweep	16384	16384	16	1	1	4	512	2692	3101	9440	3894	593347	862901	5	0	0	0.0	0.000
run1_A_sweep	hybrid	off	warm	sweep	16384	16384	16	1	2	0	512	2082	2524	4556	3288	1538272	332841	5	0	0	0.0	0.000
run1_A_sweep	uring	off	warm	sweep	16384	16384	16	1	2	1	512	49789	66738	77898	4443	2044397	250441	5	0	0	100.0	0.000
run1_A_sweep	pooled_pread	off	warm	sweep	16384	16384	16	1	2	2	512	66108	498863	1506960	32804	6307450	81174	61	0	0	100.0	0.000
run1_A_sweep	pool	off	warm	sweep	16384	16384	16	1	2	3	512	2792	3275	11059	3990	606456	844249	5	0	0	0.0	0.000
run1_A_sweep	pool_ringloop	off	warm	sweep	16384	16384	16	1	2	4	512	2110	2472	2975	2950	1374325	372547	5	0	0	0.0	0.000
run1_A_sweep	uring	off	warm	sweep	16384	16384	16	1	3	0	512	48998	61364	79864	4364	2025062	252832	5	0	0	100.0	0.000
run1_A_sweep	pooled_pread	off	warm	sweep	16384	16384	16	1	3	1	512	69767	568830	1481792	34645	6887268	74340	65	0	0	100.0	0.000
run1_A_sweep	pool	off	warm	sweep	16384	16384	16	1	3	2	512	2665	3029	3369	3490	626719	816953	5	0	0	0.0	0.000
run1_A_sweep	pool_ringloop	off	warm	sweep	16384	16384	16	1	3	3	512	2000	2458	3896	2906	1397830	366282	5	0	0	0.0	0.000
run1_A_sweep	hybrid	off	warm	sweep	16384	16384	16	1	3	4	512	2175	2527	4501	3451	1704543	300374	5	0	0	0.0	0.000
run1_A_sweep	pooled_pread	off	warm	sweep	16384	16384	16	1	4	0	512	67067	499878	1259776	31650	6008848	85208	60	0	0	100.0	0.000
run1_A_sweep	pool	off	warm	sweep	16384	16384	16	1	4	1	512	2661	3038	9066	4031	599052	854684	5	0	0	0.0	0.000
run1_A_sweep	pool_ringloop	off	warm	sweep	16384	16384	16	1	4	2	512	1990	2408	5774	2981	1421348	360221	5	0	0	0.0	0.000
run1_A_sweep	hybrid	off	warm	sweep	16384	16384	16	1	4	3	512	2090	2584	3542	3298	1598956	320209	5	0	0	0.0	0.000
run1_A_sweep	uring	off	warm	sweep	16384	16384	16	1	4	4	512	48095	61729	114795	4360	2003976	255492	5	0	0	100.0	0.000
run1_A_sweep	pool	off	warm	sweep	16384	16384	16	1	5	0	512	2546	2795	4339	3225	616255	830825	5	0	0	0.0	0.000
run1_A_sweep	pool_ringloop	off	warm	sweep	16384	16384	16	1	5	1	512	1884	2285	3129	2509	1236838	413959	5	0	0	0.0	0.000
run1_A_sweep	hybrid	off	warm	sweep	16384	16384	16	1	5	2	512	2115	2424	3560	3171	1601317	319737	5	0	0	0.0	0.000
run1_A_sweep	uring	off	warm	sweep	16384	16384	16	1	5	3	512	44994	50083	75147	4144	1870333	273748	5	0	0	100.0	0.000
run1_A_sweep	pooled_pread	off	warm	sweep	16384	16384	16	1	5	4	512	63478	469568	897905	29406	5301908	96569	42	0	0	100.0	0.000
run1_A_sweep	pool	off	warm	sweep	16384	16384	32	1	0	0	512	2481	2738	7211	3451	539582	948883	5	0	0	0.0	0.000
run1_A_sweep	pool_ringloop	off	warm	sweep	16384	16384	32	1	0	1	512	1898	2276	2707	3040	1467029	349005	5	0	0	0.0	0.000
run1_A_sweep	hybrid	off	warm	sweep	16384	16384	32	1	0	2	512	2114	2579	3731	3628	1777854	287988	5	0	0	0.0	0.000
run1_A_sweep	uring	off	warm	sweep	16384	16384	32	1	0	3	512	88476	109978	111168	4394	2046342	250203	5	0	0	100.0	0.000
run1_A_sweep	pooled_pread	off	warm	sweep	16384	16384	32	1	0	4	512	125588	773657	1897857	29641	5698959	89841	49	0	0	100.0	0.000
run1_A_sweep	pool_ringloop	off	warm	sweep	16384	16384	32	1	1	0	512	2071	2530	2875	3229	1590493	321913	5	0	0	0.0	0.000
run1_A_sweep	hybrid	off	warm	sweep	16384	16384	32	1	1	1	512	2059	2454	5543	3429	1727398	296400	5	0	0	0.0	0.000
run1_A_sweep	uring	off	warm	sweep	16384	16384	32	1	1	2	512	98673	114636	129350	4377	2053792	249295	5	0	0	100.0	0.000
run1_A_sweep	pooled_pread	off	warm	sweep	16384	16384	32	1	1	3	512	142698	852947	1764920	30358	6084089	84154	53	0	0	100.0	0.000
run1_A_sweep	pool	off	warm	sweep	16384	16384	32	1	1	4	512	2618	3096	7354	3654	975548	524833	5	0	0	0.0	0.000
run1_A_sweep	hybrid	off	warm	sweep	16384	16384	32	1	2	0	512	2194	2718	7967	3785	1835309	278972	5	0	0	0.0	0.000
run1_A_sweep	uring	off	warm	sweep	16384	16384	32	1	2	1	512	94269	121482	126348	4529	2203539	232354	5	0	0	100.0	0.000
run1_A_sweep	pooled_pread	off	warm	sweep	16384	16384	32	1	2	2	512	240743	922489	2460138	34838	6659011	76888	55	0	0	100.0	0.000
run1_A_sweep	pool	off	warm	sweep	16384	16384	32	1	2	3	512	2454	3079	3618	3228	1594790	321045	5	0	0	0.0	0.000
run1_A_sweep	pool_ringloop	off	warm	sweep	16384	16384	32	1	2	4	512	2230	2792	3920	3508	1715358	298480	5	0	0	0.0	0.000
run1_A_sweep	uring	off	warm	sweep	16384	16384	32	1	3	0	512	101854	135255	142687	4744	2293349	223254	5	0	0	100.0	0.000
run1_A_sweep	pooled_pread	off	warm	sweep	16384	16384	32	1	3	1	512	149228	780761	1759959	32221	6075750	84269	60	0	0	100.0	0.000
run1_A_sweep	pool	off	warm	sweep	16384	16384	32	1	3	2	512	2581	2945	3200	3408	670207	763943	5	0	0	0.0	0.000
run1_A_sweep	pool_ringloop	off	warm	sweep	16384	16384	32	1	3	3	512	2023	2461	2779	3163	1562623	327654	5	0	0	0.0	0.000
run1_A_sweep	hybrid	off	warm	sweep	16384	16384	32	1	3	4	512	2097	2597	8115	3908	1813348	282351	5	0	0	0.0	0.000
run1_A_sweep	pooled_pread	off	warm	sweep	16384	16384	32	1	4	0	512	158486	662841	1457863	29065	5323249	96182	50	0	0	100.0	0.000
run1_A_sweep	pool	off	warm	sweep	16384	16384	32	1	4	1	512	2566	2995	8627	3935	612456	835978	5	0	0	0.0	0.000
run1_A_sweep	pool_ringloop	off	warm	sweep	16384	16384	32	1	4	2	512	1961	2279	3097	3246	1534450	333670	5	0	0	0.0	0.000
run1_A_sweep	hybrid	off	warm	sweep	16384	16384	32	1	4	3	512	1958	2329	3011	3282	1613063	317409	5	0	0	0.0	0.000
run1_A_sweep	uring	off	warm	sweep	16384	16384	32	1	4	4	512	92995	122528	186743	4521	2197201	233024	5	0	0	100.0	0.000
run1_A_sweep	pool	off	warm	sweep	16384	16384	32	1	5	0	512	2498	2750	4601	3365	495624	1033041	5	0	0	0.0	0.000
run1_A_sweep	pool_ringloop	off	warm	sweep	16384	16384	32	1	5	1	512	1910	2255	6639	3002	1448013	353588	5	0	0	0.0	0.000
run1_A_sweep	hybrid	off	warm	sweep	16384	16384	32	1	5	2	512	2038	2460	7201	3651	1784779	286870	5	0	0	0.0	0.000
run1_A_sweep	uring	off	warm	sweep	16384	16384	32	1	5	3	512	92378	122494	132871	5203	2508971	204068	5	0	0	100.0	0.000
run1_A_sweep	pooled_pread	off	warm	sweep	16384	16384	32	1	5	4	512	122954	848621	2024742	32545	6388918	80139	61	0	0	100.0	0.000
run1_A_sweep	pool	off	warm	sweep	16384	16384	64	1	0	0	512	3115	4166	6414	4829	1399027	365969	5	0	0	0.0	0.000
run1_A_sweep	pool_ringloop	off	warm	sweep	16384	16384	64	1	0	1	512	2372	3056	4167	4418	2079718	246187	5	0	0	0.0	0.000
run1_A_sweep	hybrid	off	warm	sweep	16384	16384	64	1	0	2	512	2500	2926	4719	4750	2330160	219727	5	0	0	0.0	0.000
run1_A_sweep	uring	off	warm	sweep	16384	16384	64	1	0	3	512	239783	298789	300732	6098	2941684	174050	5	0	0	100.0	0.000
run1_A_sweep	pooled_pread	off	warm	sweep	16384	16384	64	1	0	4	512	618067	1331742	2158625	33754	6136580	83434	29	0	0	100.0	0.000
run1_A_sweep	pool_ringloop	off	warm	sweep	16384	16384	64	1	1	0	512	2139	2657	3853	3995	1949872	262581	5	0	0	0.0	0.000
run1_A_sweep	hybrid	off	warm	sweep	16384	16384	64	1	1	1	512	2196	2627	3155	4014	1966257	260393	5	0	0	0.0	0.000
run1_A_sweep	uring	off	warm	sweep	16384	16384	64	1	1	2	512	174108	226198	227791	5012	2444284	209468	5	0	0	100.0	0.000
run1_A_sweep	pooled_pread	off	warm	sweep	16384	16384	64	1	1	3	512	215677	658004	1209448	34505	6213173	82406	39	0	0	100.0	0.000
run1_A_sweep	pool	off	warm	sweep	16384	16384	64	1	1	4	512	3317	4167	8828	4954	782556	654266	5	0	0	0.0	0.000
run1_A_sweep	hybrid	off	warm	sweep	16384	16384	64	1	2	0	512	2264	2774	4635	4580	2225923	230017	5	0	0	0.0	0.000
run1_A_sweep	uring	off	warm	sweep	16384	16384	64	1	2	1	512	173690	228517	230095	5050	2528589	202484	5	0	0	100.0	0.000
run1_A_sweep	pooled_pread	off	warm	sweep	16384	16384	64	1	2	2	512	328574	1685199	2376661	36501	7183471	71275	65	0	0	100.0	0.000
run1_A_sweep	pool	off	warm	sweep	16384	16384	64	1	2	3	512	3213	3764	10175	4703	706199	725008	5	0	0	0.0	0.000
run1_A_sweep	pool_ringloop	off	warm	sweep	16384	16384	64	1	2	4	512	2385	2938	3712	4563	2244474	228116	5	0	0	0.0	0.000
run1_A_sweep	uring	off	warm	sweep	16384	16384	64	1	3	0	512	209673	253309	254901	5548	2739134	186920	5	0	0	100.0	0.000
run1_A_sweep	pooled_pread	off	warm	sweep	16384	16384	64	1	3	1	512	388392	1516763	2624441	34895	6522941	78492	65	0	0	100.0	0.000
run1_A_sweep	pool	off	warm	sweep	16384	16384	64	1	3	2	512	2911	3623	9885	4518	708189	722971	5	0	0	0.0	0.000
run1_A_sweep	pool_ringloop	off	warm	sweep	16384	16384	64	1	3	3	512	2122	2590	6197	4341	2129052	240483	5	0	0	0.0	0.000
run1_A_sweep	hybrid	off	warm	sweep	16384	16384	64	1	3	4	512	2251	2779	4759	4491	2231800	229411	5	0	0	0.0	0.000
run1_A_sweep	pooled_pread	off	warm	sweep	16384	16384	64	1	4	0	512	616875	1486408	2538444	41884	7980089	64160	85	0	0	100.0	0.000
run1_A_sweep	pool	off	warm	sweep	16384	16384	64	1	4	1	512	3057	3618	5684	4813	699910	731523	5	0	0	0.0	0.000
run1_A_sweep	pool_ringloop	off	warm	sweep	16384	16384	64	1	4	2	512	2233	2637	3391	4213	2073349	246943	5	0	0	0.0	0.000
run1_A_sweep	hybrid	off	warm	sweep	16384	16384	64	1	4	3	512	2318	2873	3610	4495	2243536	228211	5	0	0	0.0	0.000
run1_A_sweep	uring	off	warm	sweep	16384	16384	64	1	4	4	512	205634	238901	240484	5292	2591327	197582	5	0	0	100.0	0.000
run1_A_sweep	pool	off	warm	sweep	16384	16384	64	1	5	0	512	2566	2953	8942	3904	594167	861711	5	0	0	0.0	0.000
run1_A_sweep	pool_ringloop	off	warm	sweep	16384	16384	64	1	5	1	512	2102	2431	6106	4239	2098892	243938	5	0	0	0.0	0.000
run1_A_sweep	hybrid	off	warm	sweep	16384	16384	64	1	5	2	512	2346	2929	4023	4693	2301558	222458	5	0	0	0.0	0.000
run1_A_sweep	uring	off	warm	sweep	16384	16384	64	1	5	3	512	181827	242730	244350	5370	2646990	193427	5	0	0	100.0	0.000
run1_A_sweep	pooled_pread	off	warm	sweep	16384	16384	64	1	5	4	512	311613	1953658	3920252	34903	6895655	74250	71	0	0	100.0	0.000
run1_C_readers	pool	off	cold	stride	16384	250000	1	1	0	0	512	91323	116626	272308	75902	48954186	10459	6	0	0	88.1	0.000
run1_C_readers	pool_ringloop	off	cold	stride	16384	250000	1	1	0	1	512	92593	118641	753483	79879	50022659	10235	6	0	0	88.3	0.000
run1_C_readers	hybrid	off	cold	stride	16384	250000	1	1	0	2	512	66651	80246	455152	36768	37535591	13640	5	0	0	87.9	0.000
run1_C_readers	uring	off	cold	stride	16384	250000	1	1	0	3	512	67476	78896	448438	35533	37316732	13720	5	0	0	100.0	0.000
run1_C_readers	pool_ringloop	off	cold	stride	16384	250000	1	1	1	0	512	102123	128079	754573	83817	54656989	9368	6	0	0	87.5	0.000
run1_C_readers	hybrid	off	cold	stride	16384	250000	1	1	1	1	512	70416	93624	454294	39199	40315612	12700	5	0	0	87.9	0.000
run1_C_readers	uring	off	cold	stride	16384	250000	1	1	1	2	512	65564	151560	728705	46085	42274161	12111	5	0	0	100.0	0.000
run1_C_readers	pool	off	cold	stride	16384	250000	1	1	1	3	512	94227	115780	671877	81835	49401728	10364	6	0	0	88.3	0.000
run1_C_readers	hybrid	off	cold	stride	16384	250000	1	1	2	0	512	65182	150162	510440	48306	42550996	12033	5	0	0	88.1	0.000
run1_C_readers	uring	off	cold	stride	16384	250000	1	1	2	1	512	68097	82145	117502	38111	35907451	14259	5	0	0	100.0	0.000
run1_C_readers	pool	off	cold	stride	16384	250000	1	1	2	2	512	97105	130919	757502	93235	52782827	9700	6	0	0	88.3	0.000
run1_C_readers	pool_ringloop	off	cold	stride	16384	250000	1	1	2	3	512	100908	126079	798972	84057	54412491	9410	6	0	0	88.3	0.000
run1_C_readers	uring	off	cold	stride	16384	250000	1	1	3	0	512	58851	77667	792071	37150	35569844	14394	5	0	0	100.0	0.000
run1_C_readers	pool	off	cold	stride	16384	250000	1	1	3	1	512	100481	127838	790598	80855	54352820	9420	6	0	0	88.1	0.000
run1_C_readers	pool_ringloop	off	cold	stride	16384	250000	1	1	3	2	512	95982	121133	786480	80246	51662094	9911	7	0	0	87.9	0.000
run1_C_readers	hybrid	off	cold	stride	16384	250000	1	1	3	3	512	67562	80542	497776	36786	37702623	13580	5	0	0	87.9	0.000
run1_C_readers	pool	off	cold	stride	16384	250000	1	1	4	0	512	108061	131408	746712	81338	56091791	9128	6	0	0	88.1	0.000
run1_C_readers	pool_ringloop	off	cold	stride	16384	250000	1	1	4	1	512	97315	123121	210908	88061	51025954	10034	6	0	0	87.5	0.000
run1_C_readers	hybrid	off	cold	stride	16384	250000	1	1	4	2	512	72829	93093	537858	42112	41291200	12400	5	0	0	87.7	0.000
run1_C_readers	uring	off	cold	stride	16384	250000	1	1	4	3	512	69497	83178	748638	37158	38645611	13249	5	0	0	100.0	0.000
run1_C_readers	pool_ringloop	off	cold	stride	16384	250000	1	1	5	0	512	95404	121898	612375	83104	51401608	9961	6	0	0	87.7	0.000
run1_C_readers	hybrid	off	cold	stride	16384	250000	1	1	5	1	512	69278	88579	383756	38468	39454989	12977	5	0	0	87.9	0.000
run1_C_readers	uring	off	cold	stride	16384	250000	1	1	5	2	512	70291	87632	157252	36621	38479641	13306	5	0	0	100.0	0.000
run1_C_readers	pool	off	cold	stride	16384	250000	1	1	5	3	512	97199	119310	588248	79229	52392538	9772	6	0	0	87.9	0.000
run1_C_readers	pool	off	cold	stride	16384	250000	4	1	0	0	512	150116	224019	949023	63348	23523251	21766	12	0	0	91.8	0.000
run1_C_readers	pool_ringloop	off	cold	stride	16384	250000	4	1	0	1	512	171782	280913	914435	74869	26556266	19280	12	0	0	90.4	0.000
run1_C_readers	hybrid	off	cold	stride	16384	250000	4	1	0	2	512	99242	147376	804089	18832	21154842	24202	5	0	0	90.6	0.000
run1_C_readers	uring	off	cold	stride	16384	250000	4	1	0	3	512	135629	176927	836176	16949	21656405	23642	5	0	0	100.0	0.000
run1_C_readers	pool_ringloop	off	cold	stride	16384	250000	4	1	1	0	512	161638	251783	1513476	76126	24687744	20739	12	0	0	89.1	0.000
run1_C_readers	hybrid	off	cold	stride	16384	250000	4	1	1	1	512	98736	134503	865142	17970	20496052	24980	5	0	0	90.4	0.000
run1_C_readers	uring	off	cold	stride	16384	250000	4	1	1	2	512	146977	198744	746425	17787	22502327	22753	5	0	0	100.0	0.000
run1_C_readers	pool	off	cold	stride	16384	250000	4	1	1	3	512	155796	214234	966703	57089	22189061	23074	11	0	0	89.8	0.000
run1_C_readers	hybrid	off	cold	stride	16384	250000	4	1	2	0	512	92706	135561	893627	18032	19898931	25730	5	0	0	90.6	0.000
run1_C_readers	uring	off	cold	stride	16384	250000	4	1	2	1	512	137198	168035	1107675	15765	21378162	23950	5	0	0	100.0	0.000
run1_C_readers	pool	off	cold	stride	16384	250000	4	1	2	2	512	152647	207376	1196121	60696	22321304	22938	11	0	0	89.8	0.000
run1_C_readers	pool_ringloop	off	cold	stride	16384	250000	4	1	2	3	512	165325	304297	858921	79700	26003526	19690	11	0	0	91.8	0.000
run1_C_readers	uring	off	cold	stride	16384	250000	4	1	3	0	512	131430	181871	814508	16303	20377299	25126	5	0	0	100.0	0.000
run1_C_readers	pool	off	cold	stride	16384	250000	4	1	3	1	512	143871	236105	796843	57849	22412565	22844	13	0	0	92.4	0.000
run1_C_readers	pool_ringloop	off	cold	stride	16384	250000	4	1	3	2	512	165105	306584	1172785	72958	26225879	19523	12	0	0	89.6	0.000
run1_C_readers	hybrid	off	cold	stride	16384	250000	4	1	3	3	512	122020	161695	710553	23171	22840143	22417	5	0	0	89.5	0.000
run1_C_readers	pool	off	cold	stride	16384	250000	4	1	4	0	512	169560	247850	907769	74534	25130226	20374	11	0	0	91.8	0.000
run1_C_readers	pool_ringloop	off	cold	stride	16384	250000	4	1	4	1	512	183456	333953	954388	86467	28203350	18154	11	0	0	90.8	0.000
run1_C_readers	hybrid	off	cold	stride	16384	250000	4	1	4	2	512	126446	175497	805540	23136	23989873	21342	5	0	0	90.0	0.000
run1_C_readers	uring	off	cold	stride	16384	250000	4	1	4	3	512	140688	204842	885567	17627	21979270	23295	5	0	0	100.0	0.000
run1_C_readers	pool_ringloop	off	cold	stride	16384	250000	4	1	5	0	512	191726	302475	945060	84614	27733778	18461	13	0	0	91.0	0.000
run1_C_readers	hybrid	off	cold	stride	16384	250000	4	1	5	1	512	92889	125589	814217	17213	18578237	27559	5	0	0	89.1	0.000
run1_C_readers	uring	off	cold	stride	16384	250000	4	1	5	2	512	175218	211178	753444	22048	25420601	20141	5	0	0	100.0	0.000
run1_C_readers	pool	off	cold	stride	16384	250000	4	1	5	3	512	153184	247650	1077152	70229	23769889	21540	13	0	0	90.8	0.000
run1_C_readers	pool	off	cold	stride	16384	250000	1	4	0	0	2048	151453	381434	768889	51199	85132031	24057	13	0	0	60.1	0.000
run1_C_readers	pool_ringloop	off	cold	stride	16384	250000	1	4	0	1	2048	148041	257475	849492	52299	68392377	29945	12	0	0	60.1	0.000
run1_C_readers	hybrid	off	cold	stride	16384	250000	1	4	0	2	2048	126245	241922	820382	38772	63192290	32409	5	0	0	60.1	0.000
run1_C_readers	uring	off	cold	stride	16384	250000	1	4	0	3	2048	132513	258209	835872	40801	68285724	29992	5	0	0	100.0	0.000
run1_C_readers	pool_ringloop	off	cold	stride	16384	250000	1	4	1	0	2048	146276	248393	928968	55805	68929467	29712	13	0	0	60.1	0.000
run1_C_readers	hybrid	off	cold	stride	16384	250000	1	4	1	1	2048	124935	256656	753120	46894	66680188	30714	5	0	0	60.1	0.000
run1_C_readers	uring	off	cold	stride	16384	250000	1	4	1	2	2048	126582	256030	678876	44725	67781818	30215	5	0	0	100.0	0.000
run1_C_readers	pool	off	cold	stride	16384	250000	1	4	1	3	2048	141648	239584	740874	51828	65905732	31075	13	0	0	59.9	0.000
run1_C_readers	hybrid	off	cold	stride	16384	250000	1	4	2	0	2048	119848	258242	596359	46323	66482890	30805	5	0	0	59.6	0.000
run1_C_readers	uring	off	cold	stride	16384	250000	1	4	2	1	2048	116114	244389	471318	41874	64109763	31945	5	0	0	100.0	0.000
run1_C_readers	pool	off	cold	stride	16384	250000	1	4	2	2	2048	137655	244909	810097	54589	68596062	29856	12	0	0	60.2	0.000
run1_C_readers	pool_ringloop	off	cold	stride	16384	250000	1	4	2	3	2048	141251	228875	527250	55007	64456434	31773	13	0	0	59.7	0.000
run1_C_readers	uring	off	cold	stride	16384	250000	1	4	3	0	2048	116877	229754	473684	40032	63609141	32197	5	0	0	100.0	0.000
run1_C_readers	pool	off	cold	stride	16384	250000	1	4	3	1	2048	136217	232403	880247	49813	64721504	31643	14	0	0	59.7	0.000
run1_C_readers	pool_ringloop	off	cold	stride	16384	250000	1	4	3	2	2048	141231	246095	752175	53260	67308164	30427	13	0	0	60.1	0.000
run1_C_readers	hybrid	off	cold	stride	16384	250000	1	4	3	3	2048	117472	232770	441294	38369	60808686	33679	5	0	0	59.8	0.000
run1_C_readers	pool	off	cold	stride	16384	250000	1	4	4	0	2048	141700	235753	860636	48813	65976411	31041	13	0	0	59.7	0.000
run1_C_readers	pool_ringloop	off	cold	stride	16384	250000	1	4	4	1	2048	153891	256434	880547	57055	70474696	29060	12	0	0	60.3	0.000
run1_C_readers	hybrid	off	cold	stride	16384	250000	1	4	4	2	2048	120019	237367	621579	39055	61628130	33232	5	0	0	60.0	0.000
run1_C_readers	uring	off	cold	stride	16384	250000	1	4	4	3	2048	120058	234475	850010	38504	62385303	32828	5	0	0	100.0	0.000
run1_C_readers	pool_ringloop	off	cold	stride	16384	250000	1	4	5	0	2048	147683	233750	861520	51028	65997959	31031	12	0	0	59.7	0.000
run1_C_readers	hybrid	off	cold	stride	16384	250000	1	4	5	1	2048	123313	236331	610484	39151	62073362	32993	5	0	0	60.3	0.000
run1_C_readers	uring	off	cold	stride	16384	250000	1	4	5	2	2048	117923	229446	847395	38485	60978748	33585	5	0	0	100.0	0.000
run1_C_readers	pool	off	cold	stride	16384	250000	1	4	5	3	2048	144783	233034	852960	49810	66089689	30988	11	0	0	60.7	0.000
run1_C_readers	pool	off	cold	stride	16384	250000	4	4	0	0	2048	335336	710442	2211205	40096	45937115	44583	31	0	0	60.0	0.000
run1_C_readers	pool_ringloop	off	cold	stride	16384	250000	4	4	0	1	2048	326002	601530	2064010	34640	40259121	50870	26	0	0	60.7	0.000
run1_C_readers	hybrid	off	cold	stride	16384	250000	4	4	0	2	2048	317133	526879	2325413	19170	40772498	50230	5	0	0	60.4	0.000
run1_C_readers	uring	off	cold	stride	16384	250000	4	4	0	3	2048	369938	565525	2285823	18691	42203982	48526	5	0	0	100.0	0.000
run1_C_readers	pool_ringloop	off	cold	stride	16384	250000	4	4	1	0	2048	312490	654139	2393316	35528	42725659	47934	26	0	0	59.9	0.000
run1_C_readers	hybrid	off	cold	stride	16384	250000	4	4	1	1	2048	316998	516829	2349604	19526	40516708	50547	5	0	0	60.6	0.000
run1_C_readers	uring	off	cold	stride	16384	250000	4	4	1	2	2048	388841	622642	2221935	19343	45287593	45222	5	0	0	100.0	0.000
run1_C_readers	pool	off	cold	stride	16384	250000	4	4	1	3	2048	349271	644934	2318888	35494	44036732	46507	29	0	0	60.3	0.000
run1_C_readers	hybrid	off	cold	stride	16384	250000	4	4	2	0	2048	328369	534530	2048349	19290	41234369	49667	5	0	0	60.4	0.000
run1_C_readers	uring	off	cold	stride	16384	250000	4	4	2	1	2048	383393	581172	2297465	18401	43864102	46690	5	0	0	100.0	0.000
run1_C_readers	pool	off	cold	stride	16384	250000	4	4	2	2	2048	352587	626909	2353981	33176	43466596	47117	27	0	0	60.4	0.000
run1_C_readers	pool_ringloop	off	cold	stride	16384	250000	4	4	2	3	2048	357842	613903	2298272	34425	42612133	48061	28	0	0	60.2	0.000
run1_C_readers	uring	off	cold	stride	16384	250000	4	4	3	0	2048	384392	600084	2325737	18391	43267982	47333	5	0	0	100.0	0.000
run1_C_readers	pool	off	cold	stride	16384	250000	4	4	3	1	2048	336241	666887	2222623	33747	43018874	47607	29	0	0	60.3	0.000
run1_C_readers	pool_ringloop	off	cold	stride	16384	250000	4	4	3	2	2048	324682	648188	2475957	36072	43103498	47514	32	0	0	60.0	0.000
run1_C_readers	hybrid	off	cold	stride	16384	250000	4	4	3	3	2048	341052	551896	2170115	20156	42693820	47969	5	0	0	60.7	0.000
run1_C_readers	pool	off	cold	stride	16384	250000	4	4	4	0	2048	334502	656654	2565614	35203	43901787	46650	26	0	0	60.4	0.000
run1_C_readers	pool_ringloop	off	cold	stride	16384	250000	4	4	4	1	2048	366780	683686	2353116	37218	46014756	44507	29	0	0	60.2	0.000
run1_C_readers	hybrid	off	cold	stride	16384	250000	4	4	4	2	2048	304919	500926	2099148	19261	39348588	52048	5	0	0	60.4	0.000
run1_C_readers	uring	off	cold	stride	16384	250000	4	4	4	3	2048	377730	587570	2013102	18483	43564150	47011	5	0	0	100.0	0.000
run1_C_readers	pool_ringloop	off	cold	stride	16384	250000	4	4	5	0	2048	315195	611638	2199075	35247	40856264	50127	26	0	0	60.1	0.000
run1_C_readers	hybrid	off	cold	stride	16384	250000	4	4	5	1	2048	336771	524620	2292476	19250	41549954	49290	5	0	0	60.4	0.000
run1_C_readers	uring	off	cold	stride	16384	250000	4	4	5	2	2048	378721	616406	2241615	18550	43595615	46977	5	0	0	100.0	0.000
run1_C_readers	pool	off	cold	stride	16384	250000	4	4	5	3	2048	355185	660660	2202019	34309	44451551	46073	26	0	0	60.5	0.000
run1_C_readers	pool	off	cold	stride	16384	250000	1	16	0	0	8192	5556	445879	2449476	18006	81956902	99955	27	0	0	16.9	0.000
run1_C_readers	pool_ringloop	off	cold	stride	16384	250000	1	16	0	1	8192	5260	464228	2877725	17617	85050932	96319	29	0	0	16.8	0.000
run1_C_readers	hybrid	off	cold	stride	16384	250000	1	16	0	2	8192	5325	459734	2411550	15174	83667888	97911	5	0	0	17.0	0.000
run1_C_readers	uring	off	cold	stride	16384	250000	1	16	0	3	8192	6432	442572	2096558	15079	79247662	103372	5	0	0	100.0	0.000
run1_C_readers	pool_ringloop	off	cold	stride	16384	250000	1	16	1	0	8192	5158	442575	2362832	19800	83531788	98070	30	0	0	16.6	0.000
run1_C_readers	hybrid	off	cold	stride	16384	250000	1	16	1	1	8192	5027	458201	2500618	13429	81071229	101047	5	0	0	16.9	0.000
run1_C_readers	uring	off	cold	stride	16384	250000	1	16	1	2	8192	6863	403630	2209580	16663	81444415	100584	5	0	0	100.0	0.000
run1_C_readers	pool	off	cold	stride	16384	250000	1	16	1	3	8192	5594	419506	2568875	22856	92959369	88125	34	0	0	16.6	0.000
run1_C_readers	hybrid	off	cold	stride	16384	250000	1	16	2	0	8192	7628	534016	2141955	28806	110657876	74030	5	0	0	16.5	0.000
run1_C_readers	uring	off	cold	stride	16384	250000	1	16	2	1	8192	19744	544559	2171219	34433	125643924	65200	5	0	0	100.0	0.000
run1_C_readers	pool	off	cold	stride	16384	250000	1	16	2	2	8192	5600	579889	2486852	30812	112251670	72979	36	0	0	16.2	0.000
run1_C_readers	pool_ringloop	off	cold	stride	16384	250000	1	16	2	3	8192	21790	580571	2805356	39734	128346573	63827	36	0	0	16.2	0.000
run1_C_readers	uring	off	cold	stride	16384	250000	1	16	3	0	8192	6285	517925	2021492	17603	91901770	89139	5	0	0	100.0	0.000
run1_C_readers	pool	off	cold	stride	16384	250000	1	16	3	1	8192	5115	473822	2495677	16888	83229578	98427	30	0	0	17.5	0.000
run1_C_readers	pool_ringloop	off	cold	stride	16384	250000	1	16	3	2	8192	5002	452938	1931615	16453	76507092	107075	27	0	0	17.2	0.000
run1_C_readers	hybrid	off	cold	stride	16384	250000	1	16	3	3	8192	5122	418524	2357481	13360	77561924	105619	5	0	0	16.8	0.000
run1_C_readers	pool	off	cold	stride	16384	250000	1	16	4	0	8192	5017	443607	2449603	16185	80791642	101397	28	0	0	17.1	0.000
run1_C_readers	pool_ringloop	off	cold	stride	16384	250000	1	16	4	1	8192	4848	459014	1968572	17019	78845579	103899	30	0	0	17.0	0.000
run1_C_readers	hybrid	off	cold	stride	16384	250000	1	16	4	2	8192	4910	455640	2299429	13721	78656101	104150	5	0	0	17.0	0.000
run1_C_readers	uring	off	cold	stride	16384	250000	1	16	4	3	8192	6052	436119	2222427	14857	78087151	104908	5	0	0	100.0	0.000
run1_C_readers	pool_ringloop	off	cold	stride	16384	250000	1	16	5	0	8192	4682	429683	2086615	15196	78313439	104605	28	0	0	16.8	0.000
run1_C_readers	hybrid	off	cold	stride	16384	250000	1	16	5	1	8192	4992	473470	2149856	13324	84926518	96460	5	0	0	17.0	0.000
run1_C_readers	uring	off	cold	stride	16384	250000	1	16	5	2	8192	6437	446407	2500541	15519	83179321	98486	5	0	0	100.0	0.000
run1_C_readers	pool	off	cold	stride	16384	250000	1	16	5	3	8192	4800	446543	2318811	15242	81054500	101068	29	0	0	16.8	0.000
run1_C_readers	pool	off	cold	stride	16384	250000	4	16	0	0	8192	4965	1489880	8930837	16107	68429246	119715	76	0	0	18.4	0.000
run1_C_readers	pool_ringloop	off	cold	stride	16384	250000	4	16	0	1	8192	5027	1507313	8167418	17344	69517383	117841	84	0	0	18.8	0.000
run1_C_readers	hybrid	off	cold	stride	16384	250000	4	16	0	2	8192	5044	1336603	4592144	12030	71318367	114865	5	0	0	17.0	0.000
run1_C_readers	uring	off	cold	stride	16384	250000	4	16	0	3	8192	21296	1474021	6827539	12627	68523326	119551	5	0	0	100.0	0.000
run1_C_readers	pool_ringloop	off	cold	stride	16384	250000	4	16	1	0	8192	5058	1479249	10438097	17285	71926165	113895	89	0	0	18.4	0.000
run1_C_readers	hybrid	off	cold	stride	16384	250000	4	16	1	1	8192	5170	1300264	4814627	12613	71058717	115285	5	0	0	17.2	0.000
run1_C_readers	uring	off	cold	stride	16384	250000	4	16	1	2	8192	22568	1429725	8069019	13172	69781658	117395	5	0	0	100.0	0.000
run1_C_readers	pool	off	cold	stride	16384	250000	4	16	1	3	8192	5173	1433078	10244377	17067	70598653	116036	83	0	0	18.6	0.000
run1_C_readers	hybrid	off	cold	stride	16384	250000	4	16	2	0	8192	5266	1379985	4855359	12381	76033711	107742	5	0	0	17.0	0.000
run1_C_readers	uring	off	cold	stride	16384	250000	4	16	2	1	8192	23327	1312763	9277085	14693	65707272	124674	5	0	0	100.0	0.000
run1_C_readers	pool	off	cold	stride	16384	250000	4	16	2	2	8192	5220	1500043	10370814	17973	71081458	115248	76	0	0	17.8	0.000
run1_C_readers	pool_ringloop	off	cold	stride	16384	250000	4	16	2	3	8192	5050	1539699	10237513	17875	74501494	109958	79	0	0	18.8	0.000
run1_C_readers	uring	off	cold	stride	16384	250000	4	16	3	0	8192	22573	1438276	6777884	12650	69491648	117885	5	0	0	100.0	0.000
run1_C_readers	pool	off	cold	stride	16384	250000	4	16	3	1	8192	4991	1499088	10060512	16375	71859645	114000	85	0	0	18.4	0.000
run1_C_readers	pool_ringloop	off	cold	stride	16384	250000	4	16	3	2	8192	5084	1434036	10596866	16952	70966391	115435	76	0	0	18.3	0.000
run1_C_readers	hybrid	off	cold	stride	16384	250000	4	16	3	3	8192	5159	1387539	4374605	11911	71670665	114301	5	0	0	17.3	0.000
run1_C_readers	pool	off	cold	stride	16384	250000	4	16	4	0	8192	4987	1403039	9559816	16666	69574472	117744	86	0	0	18.5	0.000
run1_C_readers	pool_ringloop	off	cold	stride	16384	250000	4	16	4	1	8192	4945	1578250	7924879	17712	71358499	114801	81	0	0	19.3	0.000
run1_C_readers	hybrid	off	cold	stride	16384	250000	4	16	4	2	8192	5236	1347333	4468785	11680	70876043	115582	5	0	0	17.2	0.000
run1_C_readers	uring	off	cold	stride	16384	250000	4	16	4	3	8192	20157	1472883	8006950	12492	72539875	112931	5	0	0	100.0	0.000
run1_C_readers	pool_ringloop	off	cold	stride	16384	250000	4	16	5	0	8192	5084	1417123	12399097	17664	76042332	107729	91	0	0	18.0	0.000
run1_C_readers	hybrid	off	cold	stride	16384	250000	4	16	5	1	8192	5095	1325872	4670532	11690	73255947	111827	5	0	0	17.0	0.000
run1_C_readers	uring	off	cold	stride	16384	250000	4	16	5	2	8192	21930	1480133	6972153	12640	71429288	114687	5	0	0	100.0	0.000
run1_C_readers	pool	off	cold	stride	16384	250000	4	16	5	3	8192	5074	1512451	9328120	16899	72492008	113006	73	0	0	18.4	0.000
run2_A_stride	pool	off	cold	stride	16384	250000	1	1	0	0	512	98773	122240	269444	79173	52179304	9812	6	0	0	87.7	0.000
run2_A_stride	pool_ringloop	off	cold	stride	16384	250000	1	1	0	1	512	94702	111738	590653	78748	50357484	10167	6	0	0	87.9	0.000
run2_A_stride	hybrid	off	cold	stride	16384	250000	1	1	0	2	512	70641	88088	552982	37244	39335070	13016	5	0	0	88.1	0.000
run2_A_stride	uring	off	cold	stride	16384	250000	1	1	0	3	512	70428	87343	429787	37995	39455513	12977	5	0	0	100.0	0.000
run2_A_stride	pooled_pread	off	cold	stride	16384	250000	1	1	0	4	512	111388	144920	454978	84913	63868970	8016	6	0	0	100.0	0.000
run2_A_stride	pool_ringloop	off	cold	stride	16384	250000	1	1	1	0	512	94105	115082	210919	77946	49135045	10420	6	0	0	87.5	0.000
run2_A_stride	hybrid	off	cold	stride	16384	250000	1	1	1	1	512	69429	83354	441673	37171	38107755	13436	5	0	0	88.1	0.000
run2_A_stride	uring	off	cold	stride	16384	250000	1	1	1	2	512	67876	82653	376563	36377	37358362	13705	5	0	0	100.0	0.000
run2_A_stride	pooled_pread	off	cold	stride	16384	250000	1	1	1	3	512	109052	128168	220277	79934	57930372	8838	6	0	0	100.0	0.000
run2_A_stride	pool	off	cold	stride	16384	250000	1	1	1	4	512	95545	116256	618139	77557	51097384	10020	6	0	0	88.1	0.000
run2_A_stride	hybrid	off	cold	stride	16384	250000	1	1	2	0	512	67488	78576	461844	36722	37131438	13789	5	0	0	87.7	0.000
run2_A_stride	uring	off	cold	stride	16384	250000	1	1	2	1	512	66540	75408	345872	34753	36158780	14160	5	0	0	100.0	0.000
run2_A_stride	pooled_pread	off	cold	stride	16384	250000	1	1	2	2	512	101776	127346	198612	81466	55563207	9215	6	0	0	100.0	0.000
run2_A_stride	pool	off	cold	stride	16384	250000	1	1	2	3	512	96835	124367	804571	86273	52311525	9788	6	0	0	88.1	0.000
run2_A_stride	pool_ringloop	off	cold	stride	16384	250000	1	1	2	4	512	102683	123720	801846	89254	54849737	9335	6	0	0	87.7	0.000
run2_A_stride	uring	off	cold	stride	16384	250000	1	1	3	0	512	67386	82752	411613	36303	37418206	13683	5	0	0	100.0	0.000
run2_A_stride	pooled_pread	off	cold	stride	16384	250000	1	1	3	1	512	122610	150543	426988	89430	65268059	7845	6	0	0	100.0	0.000
run2_A_stride	pool	off	cold	stride	16384	250000	1	1	3	2	512	93641	113666	839044	77674	50842578	10070	6	0	0	87.9	0.000
run2_A_stride	pool_ringloop	off	cold	stride	16384	250000	1	1	3	3	512	93517	114289	462679	78160	48809776	10490	6	0	0	87.9	0.000
run2_A_stride	hybrid	off	cold	stride	16384	250000	1	1	3	4	512	67672	81355	479082	37133	37617383	13611	5	0	0	87.9	0.000
run2_A_stride	pooled_pread	off	cold	stride	16384	250000	1	1	4	0	512	108460	128976	223775	80135	57457717	8911	6	0	0	100.0	0.000
run2_A_stride	pool	off	cold	stride	16384	250000	1	1	4	1	512	91772	108266	549079	75079	48705211	10512	6	0	0	87.9	0.000
run2_A_stride	pool_ringloop	off	cold	stride	16384	250000	1	1	4	2	512	97174	118818	473342	85349	50508539	10137	6	0	0	87.1	0.000
run2_A_stride	hybrid	off	cold	stride	16384	250000	1	1	4	3	512	65002	75827	418282	35807	35365217	14478	5	0	0	87.7	0.000
run2_A_stride	uring	off	cold	stride	16384	250000	1	1	4	4	512	67485	83608	253185	37283	36821031	13905	5	0	0	100.0	0.000
run2_A_stride	pool	off	cold	stride	16384	250000	1	1	5	0	512	93658	114719	680870	76331	51359757	9969	6	0	0	88.1	0.000
run2_A_stride	pool_ringloop	off	cold	stride	16384	250000	1	1	5	1	512	95468	117890	548058	78873	51122921	10015	6	0	0	87.9	0.000
run2_A_stride	hybrid	off	cold	stride	16384	250000	1	1	5	2	512	67991	80689	494565	35863	37038824	13823	5	0	0	87.3	0.000
run2_A_stride	uring	off	cold	stride	16384	250000	1	1	5	3	512	70311	89941	292752	38174	39372243	13004	5	0	0	100.0	0.000
run2_A_stride	pooled_pread	off	cold	stride	16384	250000	1	1	5	4	512	122687	152256	216347	96528	65346031	7835	7	0	0	100.0	0.000
run2_A_stride	pool	off	cold	stride	16384	250000	2	1	0	0	512	117259	158609	913269	74264	34016994	15051	7	0	0	89.3	0.000
run2_A_stride	pool_ringloop	off	cold	stride	16384	250000	2	1	0	1	512	112151	163680	773975	83069	31508810	16249	9	0	0	88.7	0.000
run2_A_stride	hybrid	off	cold	stride	16384	250000	2	1	0	2	512	71122	95634	680892	25003	24493399	20904	5	0	0	88.3	0.000
run2_A_stride	uring	off	cold	stride	16384	250000	2	1	0	3	512	85801	106878	810685	24263	25762172	19874	5	0	0	100.0	0.000
run2_A_stride	pooled_pread	off	cold	stride	16384	250000	2	1	0	4	512	132213	172954	668796	73931	37156337	13780	10	0	0	100.0	0.000
run2_A_stride	pool_ringloop	off	cold	stride	16384	250000	2	1	1	0	512	118072	179050	711751	85582	33128627	15455	9	0	0	89.3	0.000
run2_A_stride	hybrid	off	cold	stride	16384	250000	2	1	1	1	512	65817	92963	795734	25126	25014465	20468	5	0	0	88.7	0.000
run2_A_stride	uring	off	cold	stride	16384	250000	2	1	1	2	512	85505	104619	699997	23759	24865753	20591	5	0	0	100.0	0.000
run2_A_stride	pooled_pread	off	cold	stride	16384	250000	2	1	1	3	512	131907	167661	732942	73731	36821836	13905	9	0	0	100.0	0.000
run2_A_stride	pool	off	cold	stride	16384	250000	2	1	1	4	512	111916	149332	710481	71989	31823525	16089	8	0	0	89.3	0.000
run2_A_stride	hybrid	off	cold	stride	16384	250000	2	1	2	0	512	64660	89813	686308	24456	24120957	21226	5	0	0	88.5	0.000
run2_A_stride	uring	off	cold	stride	16384	250000	2	1	2	1	512	87726	116936	730664	28768	26221497	19526	5	0	0	100.0	0.000
run2_A_stride	pooled_pread	off	cold	stride	16384	250000	2	1	2	2	512	138565	174783	770530	75403	38707944	13227	9	0	0	100.0	0.000
run2_A_stride	pool	off	cold	stride	16384	250000	2	1	2	3	512	127733	173223	967418	79440	36569609	14001	8	0	0	89.3	0.000
run2_A_stride	pool_ringloop	off	cold	stride	16384	250000	2	1	2	4	512	127570	183911	798834	89906	35943112	14245	8	0	0	89.3	0.000
run2_A_stride	uring	off	cold	stride	16384	250000	2	1	3	0	512	88319	112383	863620	24322	26939887	19005	5	0	0	100.0	0.000
run2_A_stride	pooled_pread	off	cold	stride	16384	250000	2	1	3	1	512	131403	167006	648127	70412	35887217	14267	9	0	0	100.0	0.000
run2_A_stride	pool	off	cold	stride	16384	250000	2	1	3	2	512	116030	156070	719245	75490	32442415	15782	9	0	0	89.3	0.000
run2_A_stride	pool_ringloop	off	cold	stride	16384	250000	2	1	3	3	512	114687	178273	813657	83769	33357194	15349	8	0	0	89.3	0.000
run2_A_stride	hybrid	off	cold	stride	16384	250000	2	1	3	4	512	68762	116579	682667	28712	25679257	19938	5	0	0	88.1	0.000
run2_A_stride	pooled_pread	off	cold	stride	16384	250000	2	1	4	0	512	141494	183355	726516	81100	39498927	12962	9	0	0	100.0	0.000
run2_A_stride	pool	off	cold	stride	16384	250000	2	1	4	1	512	124167	170602	766163	78494	34627578	14786	9	0	0	89.1	0.000
run2_A_stride	pool_ringloop	off	cold	stride	16384	250000	2	1	4	2	512	103356	159647	790820	78436	30546651	16761	8	0	0	89.3	0.000
run2_A_stride	hybrid	off	cold	stride	16384	250000	2	1	4	3	512	65346	92155	624292	24060	24183103	21172	5	0	0	88.5	0.000
run2_A_stride	uring	off	cold	stride	16384	250000	2	1	4	4	512	96677	129775	667488	25232	27310630	18747	5	0	0	100.0	0.000
run2_A_stride	pool	off	cold	stride	16384	250000	2	1	5	0	512	112669	148090	839612	71883	32541220	15734	8	0	0	89.3	0.000
run2_A_stride	pool_ringloop	off	cold	stride	16384	250000	2	1	5	1	512	124894	185463	796273	87359	35541741	14406	9	0	0	88.9	0.000
run2_A_stride	hybrid	off	cold	stride	16384	250000	2	1	5	2	512	61800	91261	705770	25412	23727570	21578	5	0	0	88.5	0.000
run2_A_stride	uring	off	cold	stride	16384	250000	2	1	5	3	512	85894	103050	735119	23620	24440097	20949	5	0	0	100.0	0.000
run2_A_stride	pooled_pread	off	cold	stride	16384	250000	2	1	5	4	512	142601	186656	729260	80378	39365392	13006	9	0	0	100.0	0.000
run2_A_stride	pool	off	cold	stride	16384	250000	4	1	0	0	512	184491	279421	900295	68283	27208572	18818	11	0	0	91.8	0.000
run2_A_stride	pool_ringloop	off	cold	stride	16384	250000	4	1	0	1	512	190146	308062	948003	89387	28748372	17810	12	0	0	91.0	0.000
run2_A_stride	hybrid	off	cold	stride	16384	250000	4	1	0	2	512	108198	154422	782512	20443	21903034	23376	5	0	0	89.1	0.000
run2_A_stride	uring	off	cold	stride	16384	250000	4	1	0	3	512	138982	173713	789040	16688	21390276	23936	5	0	0	100.0	0.000
run2_A_stride	pooled_pread	off	cold	stride	16384	250000	4	1	0	4	512	178868	268592	956207	69737	26586284	19258	12	0	0	100.0	0.000
run2_A_stride	pool_ringloop	off	cold	stride	16384	250000	4	1	1	0	512	171069	306449	827040	82195	25893911	19773	12	0	0	90.8	0.000
run2_A_stride	hybrid	off	cold	stride	16384	250000	4	1	1	1	512	98601	139046	680813	17543	19528014	26219	5	0	0	89.8	0.000
run2_A_stride	uring	off	cold	stride	16384	250000	4	1	1	2	512	137918	172720	731391	16189	20839210	24569	5	0	0	100.0	0.000
run2_A_stride	pooled_pread	off	cold	stride	16384	250000	4	1	1	3	512	180554	255261	968944	69784	26374458	19413	12	0	0	100.0	0.000
run2_A_stride	pool	off	cold	stride	16384	250000	4	1	1	4	512	141833	241600	916952	61055	22732858	22522	12	0	0	91.0	0.000
run2_A_stride	hybrid	off	cold	stride	16384	250000	4	1	2	0	512	96467	134126	700845	17107	19324702	26495	5	0	0	89.8	0.000
run2_A_stride	uring	off	cold	stride	16384	250000	4	1	2	1	512	141562	180339	782837	16520	21733003	23559	5	0	0	100.0	0.000
run2_A_stride	pooled_pread	off	cold	stride	16384	250000	4	1	2	2	512	171178	250960	858499	67166	25554822	20035	16	0	0	100.0	0.000
run2_A_stride	pool	off	cold	stride	16384	250000	4	1	2	3	512	152153	212383	859267	64463	22980468	22280	11	0	0	91.2	0.000
run2_A_stride	pool_ringloop	off	cold	stride	16384	250000	4	1	2	4	512	171230	292004	1006668	82878	27219178	18810	11	0	0	90.8	0.000
run2_A_stride	uring	off	cold	stride	16384	250000	4	1	3	0	512	172324	219131	931252	19751	26442957	19362	5	0	0	100.0	0.000
run2_A_stride	pooled_pread	off	cold	stride	16384	250000	4	1	3	1	512	200045	273278	883865	77485	28994711	17658	14	0	0	100.0	0.000
run2_A_stride	pool	off	cold	stride	16384	250000	4	1	3	2	512	176576	227942	893224	69476	24807392	20639	12	0	0	91.2	0.000
run2_A_stride	pool_ringloop	off	cold	stride	16384	250000	4	1	3	3	512	190386	289405	817180	79364	26633045	19224	11	0	0	90.8	0.000
run2_A_stride	hybrid	off	cold	stride	16384	250000	4	1	3	4	512	103239	159417	792564	22714	21740734	23550	5	0	0	90.0	0.000
run2_A_stride	pooled_pread	off	cold	stride	16384	250000	4	1	4	0	512	168381	257070	965111	61811	25311684	20228	13	0	0	100.0	0.000
run2_A_stride	pool	off	cold	stride	16384	250000	4	1	4	1	512	146511	219551	912855	57126	22788506	22467	12	0	0	91.6	0.000
run2_A_stride	pool_ringloop	off	cold	stride	16384	250000	4	1	4	2	512	170877	290507	770733	65205	25982800	19705	11	0	0	91.2	0.000
run2_A_stride	hybrid	off	cold	stride	16384	250000	4	1	4	3	512	96569	133340	748032	18233	20030141	25561	5	0	0	90.4	0.000
run2_A_stride	uring	off	cold	stride	16384	250000	4	1	4	4	512	140923	175578	852299	16000	22129524	23137	5	0	0	100.0	0.000
run2_A_stride	pool	off	cold	stride	16384	250000	4	1	5	0	512	148400	216217	903952	57665	22870989	22386	12	0	0	92.0	0.000
run2_A_stride	pool_ringloop	off	cold	stride	16384	250000	4	1	5	1	512	159458	278347	769311	69275	23651888	21647	11	0	0	91.0	0.000
run2_A_stride	hybrid	off	cold	stride	16384	250000	4	1	5	2	512	96079	131547	719467	16846	19163357	26718	5	0	0	90.6	0.000
run2_A_stride	uring	off	cold	stride	16384	250000	4	1	5	3	512	139105	170230	750747	16101	21352901	23978	5	0	0	100.0	0.000
run2_A_stride	pooled_pread	off	cold	stride	16384	250000	4	1	5	4	512	157110	231416	881355	61338	24138296	21211	14	0	0	100.0	0.000
run2_A_stride	pool	off	cold	stride	16384	250000	8	1	0	0	512	223698	333524	1454611	51414	17552546	29170	16	0	0	92.8	0.000
run2_A_stride	pool_ringloop	off	cold	stride	16384	250000	8	1	0	1	512	273442	537935	1711526	61919	21862825	23419	16	0	0	92.4	0.000
run2_A_stride	hybrid	off	cold	stride	16384	250000	8	1	0	2	512	154214	231380	1430374	14404	16735390	30594	5	0	0	92.6	0.000
run2_A_stride	uring	off	cold	stride	16384	250000	8	1	0	3	512	251039	325682	1481289	14877	19893189	25737	5	0	0	100.0	0.000
run2_A_stride	pooled_pread	off	cold	stride	16384	250000	8	1	0	4	512	227941	356532	1446896	53196	18560239	27586	25	0	0	100.0	0.000
run2_A_stride	pool_ringloop	off	cold	stride	16384	250000	8	1	1	0	512	250854	429517	1564911	62223	19887725	25745	17	0	0	91.6	0.000
run2_A_stride	hybrid	off	cold	stride	16384	250000	8	1	1	1	512	159623	216875	1296804	16876	16846585	30392	5	0	0	92.6	0.000
run2_A_stride	uring	off	cold	stride	16384	250000	8	1	1	2	512	252680	318545	1583575	13748	19670160	26029	5	0	0	100.0	0.000
run2_A_stride	pooled_pread	off	cold	stride	16384	250000	8	1	1	3	512	248115	403684	1802259	56617	20608817	24844	21	0	0	100.0	0.000
run2_A_stride	pool	off	cold	stride	16384	250000	8	1	1	4	512	233482	346401	1478107	52874	17998669	28447	18	0	0	92.8	0.000
run2_A_stride	hybrid	off	cold	stride	16384	250000	8	1	2	0	512	170798	267605	1600060	15571	18374149	27865	5	0	0	92.6	0.000
run2_A_stride	uring	off	cold	stride	16384	250000	8	1	2	1	512	290236	350093	1474986	15149	21961360	23314	5	0	0	100.0	0.000
run2_A_stride	pooled_pread	off	cold	stride	16384	250000	8	1	2	2	512	261868	374932	1700000	57272	20384667	25117	20	0	0	100.0	0.000
run2_A_stride	pool	off	cold	stride	16384	250000	8	1	2	3	512	269131	374251	1855594	60856	21438264	23883	17	0	0	92.8	0.000
run2_A_stride	pool_ringloop	off	cold	stride	16384	250000	8	1	2	4	512	301728	580052	1631645	70309	23214183	22055	17	0	0	91.0	0.000
run2_A_stride	uring	off	cold	stride	16384	250000	8	1	3	0	512	256091	304514	1471303	13436	19362718	26443	5	0	0	100.0	0.000
run2_A_stride	pooled_pread	off	cold	stride	16384	250000	8	1	3	1	512	246518	402102	1501202	55818	19304717	26522	29	0	0	100.0	0.000
run2_A_stride	pool	off	cold	stride	16384	250000	8	1	3	2	512	239833	368609	1655401	55342	18907202	27080	20	0	0	92.8	0.000
run2_A_stride	pool_ringloop	off	cold	stride	16384	250000	8	1	3	3	512	289763	550231	1678312	66409	23352806	21925	17	0	0	92.4	0.000
run2_A_stride	hybrid	off	cold	stride	16384	250000	8	1	3	4	512	154551	204793	1551366	15211	16899944	30296	5	0	0	92.2	0.000
run2_A_stride	pooled_pread	off	cold	stride	16384	250000	8	1	4	0	512	230312	360847	1441846	53955	18134391	28234	18	0	0	100.0	0.000
run2_A_stride	pool	off	cold	stride	16384	250000	8	1	4	1	512	244791	374614	1757057	56132	19801312	25857	17	0	0	92.8	0.000
run2_A_stride	pool_ringloop	off	cold	stride	16384	250000	8	1	4	2	512	279161	572761	1672055	64844	22917298	22341	16	0	0	92.6	0.000
run2_A_stride	hybrid	off	cold	stride	16384	250000	8	1	4	3	512	155718	209611	1998813	14971	17993589	28455	5	0	0	92.6	0.000
run2_A_stride	uring	off	cold	stride	16384	250000	8	1	4	4	512	271041	333869	1663459	13858	21160506	24196	5	0	0	100.0	0.000
run2_A_stride	pool	off	cold	stride	16384	250000	8	1	5	0	512	232997	364129	1498629	53547	18393440	27836	17	0	0	92.6	0.000
run2_A_stride	pool_ringloop	off	cold	stride	16384	250000	8	1	5	1	512	290963	555933	1494463	68901	22632980	22622	16	0	0	92.2	0.000
run2_A_stride	hybrid	off	cold	stride	16384	250000	8	1	5	2	512	168061	229607	1555613	17483	17824506	28724	5	0	0	92.6	0.000
run2_A_stride	uring	off	cold	stride	16384	250000	8	1	5	3	512	253651	310388	1348614	12886	19075561	26841	5	0	0	100.0	0.000
run2_A_stride	pooled_pread	off	cold	stride	16384	250000	8	1	5	4	512	250741	427778	1775144	58209	21058358	24313	29	0	0	100.0	0.000
run2_A_stride	pool	off	cold	stride	16384	250000	16	1	0	0	512	449447	757739	3598239	52691	18695047	27387	29	0	0	92.6	0.000
run2_A_stride	pool_ringloop	off	cold	stride	16384	250000	16	1	0	1	512	459445	899822	3451904	60001	19290614	26541	30	0	0	92.0	0.000
run2_A_stride	hybrid	off	cold	stride	16384	250000	16	1	0	2	512	327323	442914	3424308	13403	17681265	28957	5	0	0	92.8	0.000
run2_A_stride	uring	off	cold	stride	16384	250000	16	1	0	3	512	470219	545420	6721723	11945	23161210	22106	5	0	0	100.0	0.000
run2_A_stride	pooled_pread	off	cold	stride	16384	250000	16	1	0	4	512	426597	617697	2909209	48752	16854790	30377	33	0	0	100.0	0.000
run2_A_stride	pool_ringloop	off	cold	stride	16384	250000	16	1	1	0	512	442379	753152	3110013	53434	18316952	27952	26	0	0	92.8	0.000
run2_A_stride	hybrid	off	cold	stride	16384	250000	16	1	1	1	512	311125	397032	2768954	12946	15927217	32146	5	0	0	92.8	0.000
run2_A_stride	uring	off	cold	stride	16384	250000	16	1	1	2	512	456481	514673	2831497	11541	17750653	28844	5	0	0	100.0	0.000
run2_A_stride	pooled_pread	off	cold	stride	16384	250000	16	1	1	3	512	389371	586486	2673599	44341	15507527	33016	31	0	0	100.0	0.000
run2_A_stride	pool	off	cold	stride	16384	250000	16	1	1	4	512	404959	662070	3064244	51538	16434523	31154	32	0	0	92.8	0.000
run2_A_stride	hybrid	off	cold	stride	16384	250000	16	1	2	0	512	304470	394027	2736889	13571	15657714	32700	5	0	0	92.8	0.000
run2_A_stride	uring	off	cold	stride	16384	250000	16	1	2	1	512	459969	504454	3298212	11931	18459287	27737	5	0	0	100.0	0.000
run2_A_stride	pooled_pread	off	cold	stride	16384	250000	16	1	2	2	512	389032	576574	3043345	43410	15671358	32671	32	0	0	100.0	0.000
run2_A_stride	pool	off	cold	stride	16384	250000	16	1	2	3	512	385466	584092	2869159	46337	16065215	31870	25	0	0	92.8	0.000
run2_A_stride	pool_ringloop	off	cold	stride	16384	250000	16	1	2	4	512	467286	991378	2774663	56682	18830310	27190	27	0	0	92.2	0.000
run2_A_stride	uring	off	cold	stride	16384	250000	16	1	3	0	512	445255	524192	2594404	11703	16972354	30167	5	0	0	100.0	0.000
run2_A_stride	pooled_pread	off	cold	stride	16384	250000	16	1	3	1	512	375481	767124	3176476	50914	16545178	30946	43	0	0	100.0	0.000
run2_A_stride	pool	off	cold	stride	16384	250000	16	1	3	2	512	392970	675272	2769552	50409	16276397	31457	30	0	0	92.6	0.000
run2_A_stride	pool_ringloop	off	cold	stride	16384	250000	16	1	3	3	512	443793	746401	3038756	55986	17747337	28849	26	0	0	92.4	0.000
run2_A_stride	hybrid	off	cold	stride	16384	250000	16	1	3	4	512	289095	373460	2680766	12168	14759919	34689	5	0	0	91.8	0.000
run2_A_stride	pooled_pread	off	cold	stride	16384	250000	16	1	4	0	512	412050	683033	2748526	50424	16730922	30602	41	0	0	100.0	0.000
run2_A_stride	pool	off	cold	stride	16384	250000	16	1	4	1	512	429607	951956	3037615	55225	18273034	28019	39	0	0	92.8	0.000
run2_A_stride	pool_ringloop	off	cold	stride	16384	250000	16	1	4	2	512	505264	830758	3400518	58707	20200525	25346	25	0	0	92.6	0.000
run2_A_stride	hybrid	off	cold	stride	16384	250000	16	1	4	3	512	264523	360098	3110594	14801	15742437	32524	5	0	0	92.8	0.000
run2_A_stride	uring	off	cold	stride	16384	250000	16	1	4	4	512	469300	558776	2466555	12039	17437557	29362	5	0	0	100.0	0.000
run2_A_stride	pool	off	cold	stride	16384	250000	16	1	5	0	512	408663	686296	2735174	50068	16057619	31885	27	0	0	92.8	0.000
run2_A_stride	pool_ringloop	off	cold	stride	16384	250000	16	1	5	1	512	468930	831764	2804246	57921	18484410	27699	27	0	0	92.4	0.000
run2_A_stride	hybrid	off	cold	stride	16384	250000	16	1	5	2	512	300211	377611	3341002	12882	16463659	31099	5	0	0	92.8	0.000
run2_A_stride	uring	off	cold	stride	16384	250000	16	1	5	3	512	472515	555728	2970366	11841	18270244	28024	5	0	0	100.0	0.000
run2_A_stride	pooled_pread	off	cold	stride	16384	250000	16	1	5	4	512	425151	934599	2832016	51297	18070587	28333	44	0	0	100.0	0.000
run2_A_stride	pool	off	cold	stride	16384	250000	32	1	0	0	512	686232	1283265	4138589	47420	15250075	33574	43	0	0	92.8	0.000
run2_A_stride	pool_ringloop	off	cold	stride	16384	250000	32	1	0	1	512	806793	2357483	4746421	54065	17163272	29831	39	0	0	92.8	0.000
run2_A_stride	hybrid	off	cold	stride	16384	250000	32	1	0	2	512	594425	793240	4929193	13044	15770738	32465	5	0	0	92.8	0.000
run2_A_stride	uring	off	cold	stride	16384	250000	32	1	0	3	512	832854	881200	5197063	11272	17103860	29935	5	0	0	100.0	0.000
run2_A_stride	pooled_pread	off	cold	stride	16384	250000	32	1	0	4	512	717243	1523934	3961589	46144	14927527	34299	58	0	0	100.0	0.000
run2_A_stride	pool_ringloop	off	cold	stride	16384	250000	32	1	1	0	512	737191	2031517	5482240	56505	17021157	30080	44	0	0	92.4	0.000
run2_A_stride	hybrid	off	cold	stride	16384	250000	32	1	1	1	512	584385	742818	5153128	12863	15457879	33122	5	0	0	92.6	0.000
run2_A_stride	uring	off	cold	stride	16384	250000	32	1	1	2	512	787898	840352	4797503	10426	15788903	32428	5	0	0	100.0	0.000
run2_A_stride	pooled_pread	off	cold	stride	16384	250000	32	1	1	3	512	751942	1921495	3976476	52433	16374767	31268	67	0	0	100.0	0.000
run2_A_stride	pool	off	cold	stride	16384	250000	32	1	1	4	512	715364	1584957	4089684	48240	14806165	34580	47	0	0	92.8	0.000
run2_A_stride	hybrid	off	cold	stride	16384	250000	32	1	2	0	512	576641	945781	4779858	12428	15848996	32305	5	0	0	92.8	0.000
run2_A_stride	uring	off	cold	stride	16384	250000	32	1	2	1	512	844075	979732	4541932	11363	16906244	30285	5	0	0	100.0	0.000
run2_A_stride	pooled_pread	off	cold	stride	16384	250000	32	1	2	2	512	685274	1543444	4380155	43846	14940219	34270	57	0	0	100.0	0.000
run2_A_stride	pool	off	cold	stride	16384	250000	32	1	2	3	512	735147	1674204	3908212	53345	15551183	32924	48	0	0	92.4	0.000
run2_A_stride	pool_ringloop	off	cold	stride	16384	250000	32	1	2	4	512	834792	1539799	4949299	56531	17043328	30041	46	0	0	92.8	0.000
run2_A_stride	uring	off	cold	stride	16384	250000	32	1	3	0	512	849164	898028	4777427	12019	16917266	30265	5	0	0	100.0	0.000
run2_A_stride	pooled_pread	off	cold	stride	16384	250000	32	1	3	1	512	711267	1342082	3143559	44383	14090902	36336	52	0	0	100.0	0.000
run2_A_stride	pool	off	cold	stride	16384	250000	32	1	3	2	512	830681	1484757	4681682	53453	16986342	30142	45	0	0	92.8	0.000
run2_A_stride	pool_ringloop	off	cold	stride	16384	250000	32	1	3	3	512	761278	1998553	4779517	57658	16657508	30737	55	0	0	92.4	0.000
run2_A_stride	hybrid	off	cold	stride	16384	250000	32	1	3	4	512	572582	722307	5242812	12880	15905274	32191	5	0	0	92.6	0.000
run2_A_stride	pooled_pread	off	cold	stride	16384	250000	32	1	4	0	512	752202	1414340	4537943	50773	16469285	31088	64	0	0	100.0	0.000
run2_A_stride	pool	off	cold	stride	16384	250000	32	1	4	1	512	683975	1153852	4229498	48826	15025816	34075	46	0	0	92.6	0.000
run2_A_stride	pool_ringloop	off	cold	stride	16384	250000	32	1	4	2	512	820433	2182031	5467436	56996	17747428	28849	48	0	0	91.4	0.000
run2_A_stride	hybrid	off	cold	stride	16384	250000	32	1	4	3	512	583867	754217	4652456	12929	15480998	33073	5	0	0	92.6	0.000
run2_A_stride	uring	off	cold	stride	16384	250000	32	1	4	4	512	852605	947049	4424170	11023	16797638	30480	5	0	0	100.0	0.000
run2_A_stride	pool	off	cold	stride	16384	250000	32	1	5	0	512	744136	1402039	3378934	50225	15267730	33535	47	0	0	92.6	0.000
run2_A_stride	pool_ringloop	off	cold	stride	16384	250000	32	1	5	1	512	926502	1907338	5049573	64720	18201990	28129	51	0	0	92.2	0.000
run2_A_stride	hybrid	off	cold	stride	16384	250000	32	1	5	2	512	563688	711772	4769389	12273	15235996	33605	5	0	0	92.8	0.000
run2_A_stride	uring	off	cold	stride	16384	250000	32	1	5	3	512	845432	977366	4549166	11909	16898415	30299	5	0	0	100.0	0.000
run2_A_stride	pooled_pread	off	cold	stride	16384	250000	32	1	5	4	512	758441	1682693	3804567	50559	16361152	31294	54	0	0	100.0	0.000
run2_A_stride	pool	off	cold	stride	16384	250000	64	1	0	0	512	1158325	2476371	4801239	60061	13974356	36639	79	0	0	92.8	0.000
run2_A_stride	pool_ringloop	off	cold	stride	16384	250000	64	1	0	1	512	1319554	5570836	6784442	59999	15575774	32872	78	0	0	91.6	0.000
run2_A_stride	hybrid	off	cold	stride	16384	250000	64	1	0	2	512	1095805	3876789	4560950	12810	12761472	40121	5	0	0	91.8	0.000
run2_A_stride	uring	off	cold	stride	16384	250000	64	1	0	3	512	1298270	4017064	4734409	11462	12839701	39876	5	0	0	100.0	0.000
run2_A_stride	pooled_pread	off	cold	stride	16384	250000	64	1	0	4	512	1316096	2907323	4166810	59891	15503816	33024	106	0	0	100.0	0.000
run2_A_stride	pool_ringloop	off	cold	stride	16384	250000	64	1	1	0	512	1235807	4283561	5934518	60046	14597569	35074	103	0	0	91.8	0.000
run2_A_stride	hybrid	off	cold	stride	16384	250000	64	1	1	1	512	996839	4806150	5919499	16017	14087475	36344	5	0	0	91.8	0.000
run2_A_stride	uring	off	cold	stride	16384	250000	64	1	1	2	512	1109444	4390917	5192038	15007	13236792	38680	5	0	0	100.0	0.000
run2_A_stride	pooled_pread	off	cold	stride	16384	250000	64	1	1	3	512	1302368	2294729	4473496	58249	14234452	35969	105	0	0	100.0	0.000
run2_A_stride	pool	off	cold	stride	16384	250000	64	1	1	4	512	1113571	2669427	4361558	58861	14369944	35630	80	0	0	92.8	0.000
run2_A_stride	hybrid	off	cold	stride	16384	250000	64	1	2	0	512	1354950	5522110	6590773	13775	16413747	31193	5	0	0	92.8	0.000
run2_A_stride	uring	off	cold	stride	16384	250000	64	1	2	1	512	1275582	5586288	6746417	13944	15507323	33017	5	0	0	100.0	0.000
run2_A_stride	pooled_pread	off	cold	stride	16384	250000	64	1	2	2	512	1249334	3128840	4055328	58698	14233966	35970	99	0	0	100.0	0.000
run2_A_stride	pool	off	cold	stride	16384	250000	64	1	2	3	512	1294622	2331730	5477432	55284	13963848	36666	75	0	0	92.8	0.000
run2_A_stride	pool_ringloop	off	cold	stride	16384	250000	64	1	2	4	512	1304539	4428994	5690783	57658	14417910	35511	77	0	0	91.8	0.000
run2_A_stride	uring	off	cold	stride	16384	250000	64	1	3	0	512	1283450	4755180	6030820	14578	14584652	35105	5	0	0	100.0	0.000
run2_A_stride	pooled_pread	off	cold	stride	16384	250000	64	1	3	1	512	1226597	2165442	3922825	57502	12863420	39803	94	0	0	100.0	0.000
run2_A_stride	pool	off	cold	stride	16384	250000	64	1	3	2	512	1295125	3322266	5302419	58492	15281799	33504	76	0	0	92.8	0.000
run2_A_stride	pool_ringloop	off	cold	stride	16384	250000	64	1	3	3	512	1087111	3642836	5925330	54869	13345871	38364	77	0	0	91.8	0.000
run2_A_stride	hybrid	off	cold	stride	16384	250000	64	1	3	4	512	1054143	4561915	5383038	13975	13738197	37268	5	0	0	91.8	0.000
run2_A_stride	pooled_pread	off	cold	stride	16384	250000	64	1	4	0	512	1105849	3230467	5592413	68827	15786509	32433	137	0	0	100.0	0.000
run2_A_stride	pool	off	cold	stride	16384	250000	64	1	4	1	512	1112875	2575635	5066503	55305	13270590	38582	83	0	0	92.8	0.000
run2_A_stride	pool_ringloop	off	cold	stride	16384	250000	64	1	4	2	512	1233641	3440826	5407528	52471	14213516	36022	83	0	0	91.6	0.000
run2_A_stride	hybrid	off	cold	stride	16384	250000	64	1	4	3	512	1084800	4127324	4867539	13959	13261347	38608	5	0	0	91.8	0.000
run2_A_stride	uring	off	cold	stride	16384	250000	64	1	4	4	512	1316316	4646155	5498787	13433	13984754	36611	5	0	0	100.0	0.000
run2_A_stride	pool	off	cold	stride	16384	250000	64	1	5	0	512	1285404	2996925	4435634	59857	14484632	35348	85	0	0	92.8	0.000
run2_A_stride	pool_ringloop	off	cold	stride	16384	250000	64	1	5	1	512	1450080	3493123	5836547	56510	15355534	33343	88	0	0	91.8	0.000
run2_A_stride	hybrid	off	cold	stride	16384	250000	64	1	5	2	512	999497	4360660	5125210	15437	13470703	38008	5	0	0	91.8	0.000
run2_A_stride	uring	off	cold	stride	16384	250000	64	1	5	3	512	1347445	4819214	5739756	13184	14509320	35288	5	0	0	100.0	0.000
run2_A_stride	pooled_pread	off	cold	stride	16384	250000	64	1	5	4	512	1492546	2538434	5121029	57100	16199358	31606	91	0	0	100.0	0.000
run2_A_stride	pool	off	warm	stride	16384	250000	1	1	0	0	512	3333	3992	7586	4020	1992027	257025	5	0	0	0.0	0.000
run2_A_stride	pool_ringloop	off	warm	stride	16384	250000	1	1	0	1	512	2955	3488	8601	3775	1803761	283851	5	0	0	0.0	0.000
run2_A_stride	hybrid	off	warm	stride	16384	250000	1	1	0	2	512	2831	3364	4185	3688	1803201	283940	5	0	0	0.0	0.000
run2_A_stride	uring	off	warm	stride	16384	250000	1	1	0	3	512	16749	18245	46021	18773	8076430	63394	5	0	0	100.0	0.000
run2_A_stride	pooled_pread	off	warm	stride	16384	250000	1	1	0	4	512	51692	61666	93346	60141	28009801	18279	6	0	0	100.0	0.000
run2_A_stride	pool_ringloop	off	warm	stride	16384	250000	1	1	1	0	512	3092	3785	7753	4241	1922393	266335	5	0	0	0.0	0.000
run2_A_stride	hybrid	off	warm	stride	16384	250000	1	1	1	1	512	2711	3256	4171	3529	1733188	295409	5	0	0	0.0	0.000
run2_A_stride	uring	off	warm	stride	16384	250000	1	1	1	2	512	16280	17428	37635	17500	7470105	68540	5	0	0	100.0	0.000
run2_A_stride	pooled_pread	off	warm	stride	16384	250000	1	1	1	3	512	50649	62496	109942	60266	27959065	18312	6	0	0	100.0	0.000
run2_A_stride	pool	off	warm	stride	16384	250000	1	1	1	4	512	3674	4628	13716	4720	2316870	220988	5	0	0	0.0	0.000
run2_A_stride	hybrid	off	warm	stride	16384	250000	1	1	2	0	512	2842	3269	6556	4017	1882363	271999	5	0	0	0.0	0.000
run2_A_stride	uring	off	warm	stride	16384	250000	1	1	2	1	512	17011	20323	46678	21375	9088503	56335	5	0	0	100.0	0.000
run2_A_stride	pooled_pread	off	warm	stride	16384	250000	1	1	2	2	512	51956	60784	92274	60826	28057120	18248	6	0	0	100.0	0.000
run2_A_stride	pool	off	warm	stride	16384	250000	1	1	2	3	512	3775	4456	6505	4535	2222371	230385	5	0	0	0.0	0.000
run2_A_stride	pool_ringloop	off	warm	stride	16384	250000	1	1	2	4	512	3136	3600	4669	3871	1928583	265480	5	0	0	0.0	0.000
run2_A_stride	uring	off	warm	stride	16384	250000	1	1	3	0	512	17149	23118	39840	20667	8689209	58924	5	0	0	100.0	0.000
run2_A_stride	pooled_pread	off	warm	stride	16384	250000	1	1	3	1	512	51053	63672	101429	61191	28417773	18017	6	0	0	100.0	0.000
run2_A_stride	pool	off	warm	stride	16384	250000	1	1	3	2	512	4172	4775	20838	5151	2537701	201757	5	0	0	0.0	0.000
run2_A_stride	pool_ringloop	off	warm	stride	16384	250000	1	1	3	3	512	3552	4058	11736	4270	2115822	241986	5	0	0	0.0	0.000
run2_A_stride	hybrid	off	warm	stride	16384	250000	1	1	3	4	512	3112	3708	9121	4195	2077861	246407	5	0	0	0.0	0.000
run2_A_stride	pooled_pread	off	warm	stride	16384	250000	1	1	4	0	512	49679	59659	97269	59077	27137271	18867	6	0	0	100.0	0.000
run2_A_stride	pool	off	warm	stride	16384	250000	1	1	4	1	512	3398	3910	5190	4151	1988799	257442	5	0	0	0.0	0.000
run2_A_stride	pool_ringloop	off	warm	stride	16384	250000	1	1	4	2	512	3032	3466	4497	3613	1767983	289596	5	0	0	0.0	0.000
run2_A_stride	hybrid	off	warm	stride	16384	250000	1	1	4	3	512	2600	3004	3926	3403	1655515	309269	5	0	0	0.0	0.000
run2_A_stride	uring	off	warm	stride	16384	250000	1	1	4	4	512	16032	17487	37341	17531	7409684	69099	5	0	0	100.0	0.000
run2_A_stride	pool	off	warm	stride	16384	250000	1	1	5	0	512	2513	2927	3501	3179	1577957	324470	5	0	0	0.0	0.000
run2_A_stride	pool_ringloop	off	warm	stride	16384	250000	1	1	5	1	512	2387	2732	8613	3208	1609954	318022	5	0	0	0.0	0.000
run2_A_stride	hybrid	off	warm	stride	16384	250000	1	1	5	2	512	2317	2591	3187	3042	1498732	341622	5	0	0	0.0	0.000
run2_A_stride	uring	off	warm	stride	16384	250000	1	1	5	3	512	16031	19626	38754	18321	7756566	66009	5	0	0	100.0	0.000
run2_A_stride	pooled_pread	off	warm	stride	16384	250000	1	1	5	4	512	48422	56548	99915	56646	26191415	19548	7	0	0	100.0	0.000
run2_A_stride	pool	off	warm	stride	16384	250000	2	1	0	0	512	2792	3220	5525	3621	930827	550049	5	0	0	0.0	0.000
run2_A_stride	pool_ringloop	off	warm	stride	16384	250000	2	1	0	1	512	2409	2806	3578	2959	1431159	357752	5	0	0	0.0	0.000
run2_A_stride	hybrid	off	warm	stride	16384	250000	2	1	0	2	512	2270	2637	4560	3079	1513600	338266	5	0	0	0.0	0.000
run2_A_stride	uring	off	warm	stride	16384	250000	2	1	0	3	512	18226	23417	41674	12083	5197298	98513	5	0	0	100.0	0.000
run2_A_stride	pooled_pread	off	warm	stride	16384	250000	2	1	0	4	512	34167	75870	136442	37144	10640656	48117	11	0	0	100.0	0.000
run2_A_stride	pool_ringloop	off	warm	stride	16384	250000	2	1	1	0	512	2674	3169	5702	3155	1582613	323516	5	0	0	0.0	0.000
run2_A_stride	hybrid	off	warm	stride	16384	250000	2	1	1	1	512	2253	2574	4540	3086	1488100	344063	5	0	0	0.0	0.000
run2_A_stride	uring	off	warm	stride	16384	250000	2	1	1	2	512	17633	19927	39160	11428	4831056	105981	5	0	0	100.0	0.000
run2_A_stride	pooled_pread	off	warm	stride	16384	250000	2	1	1	3	512	40328	76820	127879	40132	11403754	44897	11	0	0	100.0	0.000
run2_A_stride	pool	off	warm	stride	16384	250000	2	1	1	4	512	2343	2661	3254	2960	784404	652725	5	0	0	0.0	0.000
run2_A_stride	hybrid	off	warm	stride	16384	250000	2	1	2	0	512	2130	2444	3828	3004	1474248	347296	5	0	0	0.0	0.000
run2_A_stride	uring	off	warm	stride	16384	250000	2	1	2	1	512	17850	18657	37674	11431	4882376	104867	5	0	0	100.0	0.000
run2_A_stride	pooled_pread	off	warm	stride	16384	250000	2	1	2	2	512	23900	66574	165506	32560	9134182	56053	10	0	0	100.0	0.000
run2_A_stride	pool	off	warm	stride	16384	250000	2	1	2	3	512	2660	3295	4072	3412	907591	564131	5	0	0	0.0	0.000
run2_A_stride	pool_ringloop	off	warm	stride	16384	250000	2	1	2	4	512	2334	2691	3980	3106	1446621	353928	5	0	0	0.0	0.000
run2_A_stride	uring	off	warm	stride	16384	250000	2	1	3	0	512	18249	19732	56320	11912	5078210	100823	5	0	0	100.0	0.000
run2_A_stride	pooled_pread	off	warm	stride	16384	250000	2	1	3	1	512	37319	68978	109513	37715	10499664	48763	11	0	0	100.0	0.000
run2_A_stride	pool	off	warm	stride	16384	250000	2	1	3	2	512	2408	2744	7012	3187	827515	618720	5	0	0	0.0	0.000
run2_A_stride	pool_ringloop	off	warm	stride	16384	250000	2	1	3	3	512	2230	2595	4013	2826	1389192	368560	5	0	0	0.0	0.000
run2_A_stride	hybrid	off	warm	stride	16384	250000	2	1	3	4	512	2124	2448	3704	2967	1408930	363396	5	0	0	0.0	0.000
run2_A_stride	pooled_pread	off	warm	stride	16384	250000	2	1	4	0	512	24492	57947	176881	30946	8678264	58998	9	0	0	100.0	0.000
run2_A_stride	pool	off	warm	stride	16384	250000	2	1	4	1	512	2316	2648	9135	3247	817299	626454	5	0	0	0.0	0.000
run2_A_stride	pool_ringloop	off	warm	stride	16384	250000	2	1	4	2	512	2140	2447	3410	2672	1286691	397920	5	0	0	0.0	0.000
run2_A_stride	hybrid	off	warm	stride	16384	250000	2	1	4	3	512	2138	2448	3502	2981	1427991	358546	5	0	0	0.0	0.000
run2_A_stride	uring	off	warm	stride	16384	250000	2	1	4	4	512	17538	18590	43038	11172	4676171	109491	5	0	0	100.0	0.000
run2_A_stride	pool	off	warm	stride	16384	250000	2	1	5	0	512	2317	2611	2887	3181	829373	617334	5	0	0	0.0	0.000
run2_A_stride	pool_ringloop	off	warm	stride	16384	250000	2	1	5	1	512	2157	2487	8343	2932	1404751	364477	5	0	0	0.0	0.000
run2_A_stride	hybrid	off	warm	stride	16384	250000	2	1	5	2	512	2200	2530	8300	3271	1562810	327615	5	0	0	0.0	0.000
run2_A_stride	uring	off	warm	stride	16384	250000	2	1	5	3	512	23642	27174	52903	15042	6600258	77573	5	0	0	100.0	0.000
run2_A_stride	pooled_pread	off	warm	stride	16384	250000	2	1	5	4	512	38806	76094	119965	40784	11144501	45942	11	0	0	100.0	0.000
run2_A_stride	pool	off	warm	stride	16384	250000	4	1	0	0	512	2572	2943	6175	3469	673538	760165	5	0	0	0.0	0.000
run2_A_stride	pool_ringloop	off	warm	stride	16384	250000	4	1	0	1	512	2238	2562	4347	2900	1397828	366283	5	0	0	0.0	0.000
run2_A_stride	hybrid	off	warm	stride	16384	250000	4	1	0	2	512	2193	2480	4130	3097	1496911	342038	5	0	0	0.0	0.000
run2_A_stride	uring	off	warm	stride	16384	250000	4	1	0	3	512	22244	26953	46496	7487	3225890	158716	5	0	0	100.0	0.000
run2_A_stride	pooled_pread	off	warm	stride	16384	250000	4	1	0	4	512	31058	94166	321350	31174	6031172	84892	17	0	0	100.0	0.000
run2_A_stride	pool_ringloop	off	warm	stride	16384	250000	4	1	1	0	512	2198	2467	4683	2801	1379830	371060	5	0	0	0.0	0.000
run2_A_stride	hybrid	off	warm	stride	16384	250000	4	1	1	1	512	2255	2517	2925	3061	1460865	350477	5	0	0	0.0	0.000
run2_A_stride	uring	off	warm	stride	16384	250000	4	1	1	2	512	22098	23193	43552	7089	3146289	162731	5	0	0	100.0	0.000
run2_A_stride	pooled_pread	off	warm	stride	16384	250000	4	1	1	3	512	36541	99690	217906	33110	6275132	81592	19	0	0	100.0	0.000
run2_A_stride	pool	off	warm	stride	16384	250000	4	1	1	4	512	2631	3167	4914	3456	543217	942533	5	0	0	0.0	0.000
run2_A_stride	hybrid	off	warm	stride	16384	250000	4	1	2	0	512	2202	2538	7494	3136	1582941	323449	5	0	0	0.0	0.000
run2_A_stride	uring	off	warm	stride	16384	250000	4	1	2	1	512	22242	23834	47189	7300	3209146	159544	5	0	0	100.0	0.000
run2_A_stride	pooled_pread	off	warm	stride	16384	250000	4	1	2	2	512	15361	131851	452964	27961	6631789	77204	22	0	0	100.0	0.000
run2_A_stride	pool	off	warm	stride	16384	250000	4	1	2	3	512	2345	2628	2999	3153	492305	1040006	5	0	0	0.0	0.000
run2_A_stride	pool_ringloop	off	warm	stride	16384	250000	4	1	2	4	512	2035	2242	4482	2724	1302423	393113	5	0	0	0.0	0.000
run2_A_stride	uring	off	warm	stride	16384	250000	4	1	3	0	512	21715	25029	47112	7300	3204102	159795	5	0	0	100.0	0.000
run2_A_stride	pooled_pread	off	warm	stride	16384	250000	4	1	3	1	512	27078	96665	410144	29516	6100331	83930	18	0	0	100.0	0.000
run2_A_stride	pool	off	warm	stride	16384	250000	4	1	3	2	512	2259	2544	4907	3227	616133	830989	5	0	0	0.0	0.000
run2_A_stride	pool_ringloop	off	warm	stride	16384	250000	4	1	3	3	512	2016	2225	3509	2652	1232523	415408	5	0	0	0.0	0.000
run2_A_stride	hybrid	off	warm	stride	16384	250000	4	1	3	4	512	2109	2329	2598	2990	1405581	364262	5	0	0	0.0	0.000
run2_A_stride	pooled_pread	off	warm	stride	16384	250000	4	1	4	0	512	26882	95724	289943	30718	6117094	83700	19	0	0	100.0	0.000
run2_A_stride	pool	off	warm	stride	16384	250000	4	1	4	1	512	2396	2735	7309	3447	563640	908381	5	0	0	0.0	0.000
run2_A_stride	pool_ringloop	off	warm	stride	16384	250000	4	1	4	2	512	2179	2451	3332	2858	1396652	366591	5	0	0	0.0	0.000
run2_A_stride	hybrid	off	warm	stride	16384	250000	4	1	4	3	512	2134	2375	2798	2881	1409199	363327	5	0	0	0.0	0.000
run2_A_stride	uring	off	warm	stride	16384	250000	4	1	4	4	512	8938	9494	18855	2999	1425790	359099	5	0	0	100.0	0.000
run2_A_stride	pool	off	warm	stride	16384	250000	4	1	5	0	512	2210	2432	2853	2905	450897	1135514	5	0	0	0.0	0.000
run2_A_stride	pool_ringloop	off	warm	stride	16384	250000	4	1	5	1	512	2005	2212	5453	2669	1223370	418516	5	0	0	0.0	0.000
run2_A_stride	hybrid	off	warm	stride	16384	250000	4	1	5	2	512	2134	2330	3502	2961	1422705	359878	5	0	0	0.0	0.000
run2_A_stride	uring	off	warm	stride	16384	250000	4	1	5	3	512	22094	25191	48375	7322	3194998	160250	5	0	0	100.0	0.000
run2_A_stride	pooled_pread	off	warm	stride	16384	250000	4	1	5	4	512	25242	101515	261913	29814	5791458	88406	16	0	0	100.0	0.000
run2_A_stride	pool	off	warm	stride	16384	250000	8	1	0	0	512	2556	2945	5742	3582	556467	920090	5	0	0	0.0	0.000
run2_A_stride	pool_ringloop	off	warm	stride	16384	250000	8	1	0	1	512	2225	2500	2937	2760	1353962	378149	5	0	0	0.0	0.000
run2_A_stride	hybrid	off	warm	stride	16384	250000	8	1	0	2	512	2245	2596	5294	3152	1526688	335366	5	0	0	0.0	0.000
run2_A_stride	uring	off	warm	stride	16384	250000	8	1	0	3	512	31588	33606	111848	5440	2469965	207290	5	0	0	100.0	0.000
run2_A_stride	pooled_pread	off	warm	stride	16384	250000	8	1	0	4	512	35819	165697	607216	28683	4768951	107361	33	0	0	100.0	0.000
run2_A_stride	pool_ringloop	off	warm	stride	16384	250000	8	1	1	0	512	2263	2638	3438	3015	1454109	352106	5	0	0	0.0	0.000
run2_A_stride	hybrid	off	warm	stride	16384	250000	8	1	1	1	512	2545	3004	5440	3535	1735037	295095	5	0	0	0.0	0.000
run2_A_stride	uring	off	warm	stride	16384	250000	8	1	1	2	512	39529	48210	136858	6467	3008796	170168	5	0	0	100.0	0.000
run2_A_stride	pooled_pread	off	warm	stride	16384	250000	8	1	1	3	512	32020	240397	706407	32272	5511408	92898	41	0	0	100.0	0.000
run2_A_stride	pool	off	warm	stride	16384	250000	8	1	1	4	512	2491	3061	7790	3656	590168	867550	5	0	0	0.0	0.000
run2_A_stride	hybrid	off	warm	stride	16384	250000	8	1	2	0	512	2239	2507	3122	3295	1565426	327068	5	0	0	0.0	0.000
run2_A_stride	uring	off	warm	stride	16384	250000	8	1	2	1	512	31550	40880	134119	5619	2559792	200016	5	0	0	100.0	0.000
run2_A_stride	pooled_pread	off	warm	stride	16384	250000	8	1	2	2	512	36668	160281	507235	28327	4749021	107812	33	0	0	100.0	0.000
run2_A_stride	pool	off	warm	stride	16384	250000	8	1	2	3	512	2342	2671	3478	3235	565651	905152	5	0	0	0.0	0.000
run2_A_stride	pool_ringloop	off	warm	stride	16384	250000	8	1	2	4	512	2100	2321	2722	2720	1327806	385598	5	0	0	0.0	0.000
run2_A_stride	uring	off	warm	stride	16384	250000	8	1	3	0	512	31913	34514	56548	5379	2423652	211251	5	0	0	100.0	0.000
run2_A_stride	pooled_pread	off	warm	stride	16384	250000	8	1	3	1	512	35647	157647	468138	26869	4714462	108602	29	0	0	100.0	0.000
run2_A_stride	pool	off	warm	stride	16384	250000	8	1	3	2	512	2428	2748	3206	3173	481284	1063821	5	0	0	0.0	0.000
run2_A_stride	pool_ringloop	off	warm	stride	16384	250000	8	1	3	3	512	2122	2348	2721	2743	1297739	394532	5	0	0	0.0	0.000
run2_A_stride	hybrid	off	warm	stride	16384	250000	8	1	3	4	512	2108	2404	8105	3219	1498798	341607	5	0	0	0.0	0.000
run2_A_stride	pooled_pread	off	warm	stride	16384	250000	8	1	4	0	512	31873	208298	619080	29367	5333661	95994	41	0	0	100.0	0.000
run2_A_stride	pool	off	warm	stride	16384	250000	8	1	4	1	512	2430	2709	4392	3340	519506	985552	5	0	0	0.0	0.000
run2_A_stride	pool_ringloop	off	warm	stride	16384	250000	8	1	4	2	512	2065	2288	2555	2705	1309246	391065	5	0	0	0.0	0.000
run2_A_stride	hybrid	off	warm	stride	16384	250000	8	1	4	3	512	2102	2371	2704	2883	1409436	363266	5	0	0	0.0	0.000
run2_A_stride	uring	off	warm	stride	16384	250000	8	1	4	4	512	31146	37581	55929	5179	2352816	217612	5	0	0	100.0	0.000
run2_A_stride	pool	off	warm	stride	16384	250000	8	1	5	0	512	2302	2589	5250	3271	601686	850942	5	0	0	0.0	0.000
run2_A_stride	pool_ringloop	off	warm	stride	16384	250000	8	1	5	1	512	2124	2386	3972	2791	1332850	384139	5	0	0	0.0	0.000
run2_A_stride	hybrid	off	warm	stride	16384	250000	8	1	5	2	512	2178	2425	2912	2986	1438641	355891	5	0	0	0.0	0.000
run2_A_stride	uring	off	warm	stride	16384	250000	8	1	5	3	512	30581	32587	53292	5021	2270218	225529	5	0	0	100.0	0.000
run2_A_stride	pooled_pread	off	warm	stride	16384	250000	8	1	5	4	512	32317	185358	678892	29927	5249533	97532	38	0	0	100.0	0.000
run2_A_stride	pool	off	warm	stride	16384	250000	16	1	0	0	512	2402	2860	3590	3277	608890	840874	5	0	0	0.0	0.000
run2_A_stride	pool_ringloop	off	warm	stride	16384	250000	16	1	0	1	512	2096	2395	2689	2854	1385741	369477	5	0	0	0.0	0.000
run2_A_stride	hybrid	off	warm	stride	16384	250000	16	1	0	2	512	2357	2700	4462	3480	1686924	303511	5	0	0	0.0	0.000
run2_A_stride	uring	off	warm	stride	16384	250000	16	1	0	3	512	51095	62854	153817	4569	2155703	237510	5	0	0	100.0	0.000
run2_A_stride	pooled_pread	off	warm	stride	16384	250000	16	1	0	4	512	58828	364748	1305868	27321	5111097	100174	43	0	0	100.0	0.000
run2_A_stride	pool_ringloop	off	warm	stride	16384	250000	16	1	1	0	512	2307	2607	4020	3120	1544256	331551	5	0	0	0.0	0.000
run2_A_stride	hybrid	off	warm	stride	16384	250000	16	1	1	1	512	2370	2673	3720	3593	1717318	298139	5	0	0	0.0	0.000
run2_A_stride	uring	off	warm	stride	16384	250000	16	1	1	2	512	52813	68706	116308	4669	2181020	234753	5	0	0	100.0	0.000
run2_A_stride	pooled_pread	off	warm	stride	16384	250000	16	1	1	3	512	58649	584237	1399740	33585	6866501	74565	75	0	0	100.0	0.000
run2_A_stride	pool	off	warm	stride	16384	250000	16	1	1	4	512	2696	3075	4691	3551	543898	941353	5	0	0	0.0	0.000
run2_A_stride	hybrid	off	warm	stride	16384	250000	16	1	2	0	512	2345	2719	5318	3588	1733658	295329	5	0	0	0.0	0.000
run2_A_stride	uring	off	warm	stride	16384	250000	16	1	2	1	512	59330	75262	147651	5216	2432832	210454	5	0	0	100.0	0.000
run2_A_stride	pooled_pread	off	warm	stride	16384	250000	16	1	2	2	512	60292	561959	1151694	32733	6289614	81404	68	0	0	100.0	0.000
run2_A_stride	pool	off	warm	stride	16384	250000	16	1	2	3	512	2489	2835	4483	3489	667971	766500	5	0	0	0.0	0.000
run2_A_stride	pool_ringloop	off	warm	stride	16384	250000	16	1	2	4	512	2223	2533	2888	2973	1434121	357013	5	0	0	0.0	0.000
run2_A_stride	uring	off	warm	stride	16384	250000	16	1	3	0	512	53185	59747	78024	4700	2152443	237869	5	0	0	100.0	0.000
run2_A_stride	pooled_pread	off	warm	stride	16384	250000	16	1	3	1	512	59318	517981	1364423	31946	6144317	83329	56	0	0	100.0	0.000
run2_A_stride	pool	off	warm	stride	16384	250000	16	1	3	2	512	2600	2992	11368	3814	576444	888204	5	0	0	0.0	0.000
run2_A_stride	pool_ringloop	off	warm	stride	16384	250000	16	1	3	3	512	2170	2516	5507	3133	1524329	335885	5	0	0	0.0	0.000
run2_A_stride	hybrid	off	warm	stride	16384	250000	16	1	3	4	512	2275	2583	4059	3440	1682588	304293	5	0	0	0.0	0.000
run2_A_stride	pooled_pread	off	warm	stride	16384	250000	16	1	4	0	512	55731	416481	1396359	28500	5473461	93542	55	0	0	100.0	0.000
run2_A_stride	pool	off	warm	stride	16384	250000	16	1	4	1	512	2458	2862	3831	3406	602804	849364	5	0	0	0.0	0.000
run2_A_stride	pool_ringloop	off	warm	stride	16384	250000	16	1	4	2	512	2234	2681	4246	3076	1508250	339466	5	0	0	0.0	0.000
run2_A_stride	hybrid	off	warm	stride	16384	250000	16	1	4	3	512	2224	2537	4035	3373	1665204	307470	5	0	0	0.0	0.000
run2_A_stride	uring	off	warm	stride	16384	250000	16	1	4	4	512	50429	69900	127605	4477	2112015	242423	5	0	0	100.0	0.000
run2_A_stride	pool	off	warm	stride	16384	250000	16	1	5	0	512	2184	2417	6377	3195	487124	1051067	5	0	0	0.0	0.000
run2_A_stride	pool_ringloop	off	warm	stride	16384	250000	16	1	5	1	512	2048	2401	3052	2849	1368493	374134	5	0	0	0.0	0.000
run2_A_stride	hybrid	off	warm	stride	16384	250000	16	1	5	2	512	2189	2398	2892	3174	1539606	332553	5	0	0	0.0	0.000
run2_A_stride	uring	off	warm	stride	16384	250000	16	1	5	3	512	65439	90585	160188	5717	2697144	189830	5	0	0	100.0	0.000
run2_A_stride	pooled_pread	off	warm	stride	16384	250000	16	1	5	4	512	57853	241111	1439028	26942	4546210	112621	40	0	0	100.0	0.000
run2_A_stride	pool	off	warm	stride	16384	250000	32	1	0	0	512	2565	3127	4221	3605	578210	885491	5	0	0	0.0	0.000
run2_A_stride	pool_ringloop	off	warm	stride	16384	250000	32	1	0	1	512	2200	2447	3780	3514	1685921	303692	5	0	0	0.0	0.000
run2_A_stride	hybrid	off	warm	stride	16384	250000	32	1	0	2	512	2378	2703	3857	3928	1972554	259562	5	0	0	0.0	0.000
run2_A_stride	uring	off	warm	stride	16384	250000	32	1	0	3	512	98635	142708	164224	4698	2220845	230543	5	0	0	100.0	0.000
run2_A_stride	pooled_pread	off	warm	stride	16384	250000	32	1	0	4	512	156904	727121	1935602	27703	5235704	97790	36	0	0	100.0	0.000
run2_A_stride	pool_ringloop	off	warm	stride	16384	250000	32	1	1	0	512	2288	2589	3316	3804	1737849	294617	5	0	0	0.0	0.000
run2_A_stride	hybrid	off	warm	stride	16384	250000	32	1	1	1	512	2365	2673	3877	3933	1973197	259477	5	0	0	0.0	0.000
run2_A_stride	uring	off	warm	stride	16384	250000	32	1	1	2	512	105847	131361	140167	4550	2178405	235034	5	0	0	100.0	0.000
run2_A_stride	pooled_pread	off	warm	stride	16384	250000	32	1	1	3	512	131977	978615	2323251	31859	6720242	76188	76	0	0	100.0	0.000
run2_A_stride	pool	off	warm	stride	16384	250000	32	1	1	4	512	2923	3543	4346	3779	689633	742424	5	0	0	0.0	0.000
run2_A_stride	hybrid	off	warm	stride	16384	250000	32	1	2	0	512	3072	3607	4467	4728	2352840	217609	5	0	0	0.0	0.000
run2_A_stride	uring	off	warm	stride	16384	250000	32	1	2	1	512	109474	133800	171344	5046	2442224	209645	5	0	0	100.0	0.000
run2_A_stride	pooled_pread	off	warm	stride	16384	250000	32	1	2	2	512	156625	995163	2037243	35908	6935628	73822	75	0	0	100.0	0.000
run2_A_stride	pool	off	warm	stride	16384	250000	32	1	2	3	512	3092	3665	6535	4373	654152	782693	5	0	0	0.0	0.000
run2_A_stride	pool_ringloop	off	warm	stride	16384	250000	32	1	2	4	512	2394	2787	3607	3641	1732975	295446	5	0	0	0.0	0.000
run2_A_stride	uring	off	warm	stride	16384	250000	32	1	3	0	512	109000	134225	136698	4981	2396247	213667	5	0	0	100.0	0.000
run2_A_stride	pooled_pread	off	warm	stride	16384	250000	32	1	3	1	512	158795	1063394	2142298	34325	6734183	76030	53	0	0	100.0	0.000
run2_A_stride	pool	off	warm	stride	16384	250000	32	1	3	2	512	2474	2778	3220	3612	572084	894973	5	0	0	0.0	0.000
run2_A_stride	pool_ringloop	off	warm	stride	16384	250000	32	1	3	3	512	2090	2377	3031	3189	1550948	330121	5	0	0	0.0	0.000
run2_A_stride	hybrid	off	warm	stride	16384	250000	32	1	3	4	512	2394	2676	3102	3739	1847447	277139	5	0	0	0.0	0.000
run2_A_stride	pooled_pread	off	warm	stride	16384	250000	32	1	4	0	512	114994	665779	1756294	25114	4694968	109053	47	0	0	100.0	0.000
run2_A_stride	pool	off	warm	stride	16384	250000	32	1	4	1	512	2857	3534	4603	4068	703401	727892	5	0	0	0.0	0.000
run2_A_stride	pool_ringloop	off	warm	stride	16384	250000	32	1	4	2	512	2304	2665	8945	3424	1685591	303751	5	0	0	0.0	0.000
run2_A_stride	hybrid	off	warm	stride	16384	250000	32	1	4	3	512	2449	2767	3302	3804	1849349	276854	5	0	0	0.0	0.000
run2_A_stride	uring	off	warm	stride	16384	250000	32	1	4	4	512	101901	128760	139216	4484	2141004	239140	5	0	0	100.0	0.000
run2_A_stride	pool	off	warm	stride	16384	250000	32	1	5	0	512	2243	2552	4610	3128	588048	870677	5	0	0	0.0	0.000
run2_A_stride	pool_ringloop	off	warm	stride	16384	250000	32	1	5	1	512	2073	2334	3623	3180	1572286	325641	5	0	0	0.0	0.000
run2_A_stride	hybrid	off	warm	stride	16384	250000	32	1	5	2	512	2486	3012	3557	4116	2031040	252088	5	0	0	0.0	0.000
run2_A_stride	uring	off	warm	stride	16384	250000	32	1	5	3	512	101934	159876	231587	4946	2418859	211670	5	0	0	100.0	0.000
run2_A_stride	pooled_pread	off	warm	stride	16384	250000	32	1	5	4	512	140417	719145	1675493	30334	5539513	92427	47	0	0	100.0	0.000
run2_A_stride	pool	off	warm	stride	16384	250000	64	1	0	0	512	2521	2842	5010	3640	712482	718615	5	0	0	0.0	0.000
run2_A_stride	pool_ringloop	off	warm	stride	16384	250000	64	1	0	1	512	2148	2423	2876	3983	1968110	260148	5	0	0	0.0	0.000
run2_A_stride	hybrid	off	warm	stride	16384	250000	64	1	0	2	512	2556	2971	6627	4626	2204884	232212	5	0	0	0.0	0.000
run2_A_stride	uring	off	warm	stride	16384	250000	64	1	0	3	512	194571	248780	250395	5523	2728945	187618	5	0	0	100.0	0.000
run2_A_stride	pooled_pread	off	warm	stride	16384	250000	64	1	0	4	512	319053	724422	1428226	31244	5481173	93411	43	0	0	100.0	0.000
run2_A_stride	pool_ringloop	off	warm	stride	16384	250000	64	1	1	0	512	2449	2799	4888	4016	1976817	259002	5	0	0	0.0	0.000
run2_A_stride	hybrid	off	warm	stride	16384	250000	64	1	1	1	512	2812	3244	9522	5080	2541669	201442	5	0	0	0.0	0.000
run2_A_stride	uring	off	warm	stride	16384	250000	64	1	1	2	512	201225	243014	244729	5652	2770612	184797	5	0	0	100.0	0.000
run2_A_stride	pooled_pread	off	warm	stride	16384	250000	64	1	1	3	512	253454	2738785	4200588	37982	7994439	64045	88	0	0	100.0	0.000
run2_A_stride	pool	off	warm	stride	16384	250000	64	1	1	4	512	2954	3482	6531	4351	815672	627703	5	0	0	0.0	0.000
run2_A_stride	hybrid	off	warm	stride	16384	250000	64	1	2	0	512	2819	3362	4105	5136	2483924	206125	5	0	0	0.0	0.000
run2_A_stride	uring	off	warm	stride	16384	250000	64	1	2	1	512	219740	291837	293492	5820	2821702	181451	5	0	0	100.0	0.000
run2_A_stride	pooled_pread	off	warm	stride	16384	250000	64	1	2	2	512	248188	894016	1818988	30291	5447088	93995	51	0	0	100.0	0.000
run2_A_stride	pool	off	warm	stride	16384	250000	64	1	2	3	512	2658	3093	33304	4327	652772	784347	5	0	0	0.0	0.000
run2_A_stride	pool_ringloop	off	warm	stride	16384	250000	64	1	2	4	512	2195	2527	2977	4114	2096043	244270	5	0	0	0.0	0.000
run2_A_stride	uring	off	warm	stride	16384	250000	64	1	3	0	512	209164	273015	274662	5585	2716043	188510	5	0	0	100.0	0.000
run2_A_stride	pooled_pread	off	warm	stride	16384	250000	64	1	3	1	512	248021	830048	2237129	27912	5172688	98981	50	0	0	100.0	0.000
run2_A_stride	pool	off	warm	stride	16384	250000	64	1	3	2	512	2470	2817	5389	3505	723546	707626	5	0	0	0.0	0.000
run2_A_stride	pool_ringloop	off	warm	stride	16384	250000	64	1	3	3	512	2229	2538	2872	4169	2074076	246857	5	0	0	0.0	0.000
run2_A_stride	hybrid	off	warm	stride	16384	250000	64	1	3	4	512	2613	2994	5090	4981	2465962	207627	5	0	0	0.0	0.000
run2_A_stride	pooled_pread	off	warm	stride	16384	250000	64	1	4	0	512	351768	1531387	2128243	37157	7155544	71553	84	0	0	100.0	0.000
run2_A_stride	pool	off	warm	stride	16384	250000	64	1	4	1	512	2590	3126	9949	4286	671096	762931	5	0	0	0.0	0.000
run2_A_stride	pool_ringloop	off	warm	stride	16384	250000	64	1	4	2	512	2457	3151	9740	4575	2180610	234797	5	0	0	0.0	0.000
run2_A_stride	hybrid	off	warm	stride	16384	250000	64	1	4	3	512	2603	3162	8441	5045	2449311	209038	5	0	0	0.0	0.000
run2_A_stride	uring	off	warm	stride	16384	250000	64	1	4	4	512	210877	290503	292279	6360	3174381	161291	5	0	0	100.0	0.000
run2_A_stride	pool	off	warm	stride	16384	250000	64	1	5	0	512	2337	2627	8019	3629	555564	921586	5	0	0	0.0	0.000
run2_A_stride	pool_ringloop	off	warm	stride	16384	250000	64	1	5	1	512	2063	2323	8455	3882	1919484	266738	5	0	0	0.0	0.000
run2_A_stride	hybrid	off	warm	stride	16384	250000	64	1	5	2	512	2478	2960	7788	5923	2962543	172824	5	0	0	0.0	0.000
run2_A_stride	uring	off	warm	stride	16384	250000	64	1	5	3	512	198702	230620	232203	5059	2450316	208953	5	0	0	100.0	0.000
run2_A_stride	pooled_pread	off	warm	stride	16384	250000	64	1	5	4	512	344657	763097	2191082	30818	5879210	87087	48	0	0	100.0	0.000
run2_A_sweep	pool	off	cold	sweep	16384	16384	1	1	0	0	512	2808	3274	524425	6355	6968296	73476	6	0	0	1.2	0.000
run2_A_sweep	pool_ringloop	off	cold	sweep	16384	16384	1	1	0	1	512	2961	3458	560696	6097	7344792	69709	6	0	0	1.4	0.000
run2_A_sweep	hybrid	off	cold	sweep	16384	16384	1	1	0	2	512	2646	3023	499278	5137	7002341	73118	5	0	0	1.4	0.000
run2_A_sweep	uring	off	cold	sweep	16384	16384	1	1	0	3	512	16103	18278	39902	17899	8300025	61687	5	0	0	100.0	0.000
run2_A_sweep	pooled_pread	off	cold	sweep	16384	16384	1	1	0	4	512	52291	63204	153504	62371	29603761	17295	6	0	0	100.0	0.000
run2_A_sweep	pool_ringloop	off	cold	sweep	16384	16384	1	1	1	0	512	3011	3523	626404	6478	9852725	51965	6	0	0	1.4	0.000
run2_A_sweep	hybrid	off	cold	sweep	16384	16384	1	1	1	1	512	2931	3603	504706	5801	7456473	68665	5	0	0	1.4	0.000
run2_A_sweep	uring	off	cold	sweep	16384	16384	1	1	1	2	512	15836	17425	45953	16511	7656434	66872	5	0	0	100.0	0.000
run2_A_sweep	pooled_pread	off	cold	sweep	16384	16384	1	1	1	3	512	51503	62215	116232	62837	29333798	17454	6	0	0	100.0	0.000
run2_A_sweep	pool	off	cold	sweep	16384	16384	1	1	1	4	512	3018	3475	572184	6294	7811498	65544	6	0	0	1.4	0.000
run2_A_sweep	hybrid	off	cold	sweep	16384	16384	1	1	2	0	512	2942	3623	476556	5394	10512683	48703	5	0	0	1.2	0.000
run2_A_sweep	uring	off	cold	sweep	16384	16384	1	1	2	1	512	3769	15924	51362	10211	11034668	46399	5	0	0	100.0	0.000
run2_A_sweep	pooled_pread	off	cold	sweep	16384	16384	1	1	2	2	512	50516	59893	112299	60836	28408529	18023	7	0	0	100.0	0.000
run2_A_sweep	pool	off	cold	sweep	16384	16384	1	1	2	3	512	2918	3574	564328	6120	7703062	66467	6	0	0	1.4	0.000
run2_A_sweep	pool_ringloop	off	cold	sweep	16384	16384	1	1	2	4	512	3176	3697	591572	6983	7854025	65190	6	0	0	1.4	0.000
run2_A_sweep	uring	off	cold	sweep	16384	16384	1	1	3	0	512	16298	19037	53273	18932	8471909	60435	5	0	0	100.0	0.000
run2_A_sweep	pooled_pread	off	cold	sweep	16384	16384	1	1	3	1	512	50279	61758	115948	62052	28858165	17742	7	0	0	100.0	0.000
run2_A_sweep	pool	off	cold	sweep	16384	16384	1	1	3	2	512	3028	3560	594331	6280	7875518	65012	6	0	0	1.4	0.000
run2_A_sweep	pool_ringloop	off	cold	sweep	16384	16384	1	1	3	3	512	2989	3637	557136	6500	11199886	45715	6	0	0	1.4	0.000
run2_A_sweep	hybrid	off	cold	sweep	16384	16384	1	1	3	4	512	2903	3425	603447	5819	7865466	65095	5	0	0	1.4	0.000
run2_A_sweep	pooled_pread	off	cold	sweep	16384	16384	1	1	4	0	512	49606	59773	122850	60295	27961075	18311	6	0	0	100.0	0.000
run2_A_sweep	pool	off	cold	sweep	16384	16384	1	1	4	1	512	3105	4067	549420	6865	9614984	53250	6	0	0	1.4	0.000
run2_A_sweep	pool_ringloop	off	cold	sweep	16384	16384	1	1	4	2	512	3035	3538	619394	6616	10333391	49548	6	0	0	1.4	0.000
run2_A_sweep	hybrid	off	cold	sweep	16384	16384	1	1	4	3	512	2802	3330	585014	5490	10982502	46620	5	0	0	1.4	0.000
run2_A_sweep	uring	off	cold	sweep	16384	16384	1	1	4	4	512	3289	16237	179880	7667	8951162	57199	5	0	0	100.0	0.000
run2_A_sweep	pool	off	cold	sweep	16384	16384	1	1	5	0	512	3054	3432	524159	6596	7738425	66163	6	0	0	1.4	0.000
run2_A_sweep	pool_ringloop	off	cold	sweep	16384	16384	1	1	5	1	512	3097	3620	610310	6580	8556576	59837	6	0	0	1.6	0.000
run2_A_sweep	hybrid	off	cold	sweep	16384	16384	1	1	5	2	512	2809	3387	461545	5411	9524171	53758	5	0	0	1.4	0.000
run2_A_sweep	uring	off	cold	sweep	16384	16384	1	1	5	3	512	3106	7265	544021	6568	9882316	51810	5	0	0	100.0	0.000
run2_A_sweep	pooled_pread	off	cold	sweep	16384	16384	1	1	5	4	512	48877	60497	120163	59760	27978948	18299	6	0	0	100.0	0.000
run2_A_sweep	pool	off	cold	sweep	16384	16384	2	1	0	0	512	3221	4297	722388	7934	9534274	53701	7	0	0	3.1	0.000
run2_A_sweep	pool_ringloop	off	cold	sweep	16384	16384	2	1	0	1	512	3126	3680	892493	8547	11355723	45087	7	0	0	2.7	0.000
run2_A_sweep	hybrid	off	cold	sweep	16384	16384	2	1	0	2	512	2964	3488	672855	5812	11449824	44717	5	0	0	3.1	0.000
run2_A_sweep	uring	off	cold	sweep	16384	16384	2	1	0	3	512	6347	20133	683924	6532	10525977	48642	5	0	0	100.0	0.000
run2_A_sweep	pooled_pread	off	cold	sweep	16384	16384	2	1	0	4	512	49332	88822	169742	45801	13850160	36967	10	0	0	100.0	0.000
run2_A_sweep	pool_ringloop	off	cold	sweep	16384	16384	2	1	1	0	512	3006	3556	871547	7487	7770916	65887	7	0	0	2.7	0.000
run2_A_sweep	hybrid	off	cold	sweep	16384	16384	2	1	1	1	512	2686	3087	616913	5052	10347575	49480	5	0	0	2.1	0.000
run2_A_sweep	uring	off	cold	sweep	16384	16384	2	1	1	2	512	5826	19160	668128	6065	11412449	44863	5	0	0	100.0	0.000
run2_A_sweep	pooled_pread	off	cold	sweep	16384	16384	2	1	1	3	512	42481	82985	166998	42742	12865625	39796	11	0	0	100.0	0.000
run2_A_sweep	pool	off	cold	sweep	16384	16384	2	1	1	4	512	3230	5166	785635	8012	7647742	66948	7	0	0	2.7	0.000
run2_A_sweep	hybrid	off	cold	sweep	16384	16384	2	1	2	0	512	2681	3195	558669	5384	6993823	73207	5	0	0	2.5	0.000
run2_A_sweep	uring	off	cold	sweep	16384	16384	2	1	2	1	512	5692	14031	773805	5309	8114616	63096	5	0	0	100.0	0.000
run2_A_sweep	pooled_pread	off	cold	sweep	16384	16384	2	1	2	2	512	37330	73436	179290	42031	11687405	43808	10	0	0	100.0	0.000
run2_A_sweep	pool	off	cold	sweep	16384	16384	2	1	2	3	512	3393	5027	697163	8033	7749331	66070	7	0	0	3.1	0.000
run2_A_sweep	pool_ringloop	off	cold	sweep	16384	16384	2	1	2	4	512	2958	3429	713076	8335	7290416	70229	7	0	0	2.7	0.000
run2_A_sweep	uring	off	cold	sweep	16384	16384	2	1	3	0	512	6967	20628	634206	7754	9187767	55726	5	0	0	100.0	0.000
run2_A_sweep	pooled_pread	off	cold	sweep	16384	16384	2	1	3	1	512	39438	77369	261347	39344	13682870	37419	10	0	0	100.0	0.000
run2_A_sweep	pool	off	cold	sweep	16384	16384	2	1	3	2	512	3368	5012	745814	8518	8851508	57843	7	0	0	3.1	0.000
run2_A_sweep	pool_ringloop	off	cold	sweep	16384	16384	2	1	3	3	512	3048	3855	841994	8545	9442927	54220	8	0	0	3.1	0.000
run2_A_sweep	hybrid	off	cold	sweep	16384	16384	2	1	3	4	512	2935	3822	673634	5509	8443383	60639	5	0	0	3.1	0.000
run2_A_sweep	pooled_pread	off	cold	sweep	16384	16384	2	1	4	0	512	41254	85582	186561	40083	13200817	38785	11	0	0	100.0	0.000
run2_A_sweep	pool	off	cold	sweep	16384	16384	2	1	4	1	512	3441	4452	702250	8517	7725000	66278	7	0	0	3.1	0.000
run2_A_sweep	pool_ringloop	off	cold	sweep	16384	16384	2	1	4	2	512	3167	3873	774786	8408	8119454	63058	7	0	0	2.3	0.390
run2_A_sweep	hybrid	off	cold	sweep	16384	16384	2	1	4	3	512	2894	3428	607851	5595	8563246	59790	5	0	0	3.1	0.000
run2_A_sweep	uring	off	cold	sweep	16384	16384	2	1	4	4	512	6355	19057	644105	8201	7574246	67597	5	0	0	100.0	0.000
run2_A_sweep	pool	off	cold	sweep	16384	16384	2	1	5	0	512	3388	5486	736065	9102	7889653	64895	7	0	0	3.1	0.000
run2_A_sweep	pool_ringloop	off	cold	sweep	16384	16384	2	1	5	1	512	3115	3965	799180	8291	7488778	68369	7	0	0	2.7	0.000
run2_A_sweep	hybrid	off	cold	sweep	16384	16384	2	1	5	2	512	2920	3718	581043	5661	7542763	67880	5	0	0	3.1	0.000
run2_A_sweep	uring	off	cold	sweep	16384	16384	2	1	5	3	512	19147	20446	47208	13142	10425634	49110	5	0	0	100.0	0.000
run2_A_sweep	pooled_pread	off	cold	sweep	16384	16384	2	1	5	4	512	37790	74929	198820	42822	11624442	44045	10	0	0	100.0	0.000
run2_A_sweep	pool	off	cold	sweep	16384	16384	4	1	0	0	512	3480	6011	938221	9553	7912462	64708	10	0	0	6.4	0.000
run2_A_sweep	pool_ringloop	off	cold	sweep	16384	16384	4	1	0	1	512	2891	3465	1376489	9253	7342678	69729	9	0	0	5.5	0.000
run2_A_sweep	hybrid	off	cold	sweep	16384	16384	4	1	0	2	512	2776	3463	615116	5133	7370952	69462	5	0	0	6.2	0.000
run2_A_sweep	uring	off	cold	sweep	16384	16384	4	1	0	3	512	11967	26823	938571	5815	10196175	50215	5	0	0	100.0	0.000
run2_A_sweep	pooled_pread	off	cold	sweep	16384	16384	4	1	0	4	512	25988	121461	800226	33048	7846552	65252	18	0	0	100.0	0.000
run2_A_sweep	pool_ringloop	off	cold	sweep	16384	16384	4	1	1	0	512	3113	4370	1118043	10186	8340300	61389	10	0	0	6.2	0.000
run2_A_sweep	hybrid	off	cold	sweep	16384	16384	4	1	1	1	512	2796	3268	618125	5741	7480952	68440	5	0	0	3.9	0.000
run2_A_sweep	uring	off	cold	sweep	16384	16384	4	1	1	2	512	11847	28529	648930	5900	7607123	67305	5	0	0	100.0	0.000
run2_A_sweep	pooled_pread	off	cold	sweep	16384	16384	4	1	1	3	512	26462	105951	552435	31499	7791778	65710	14	0	0	100.0	0.000
run2_A_sweep	pool	off	cold	sweep	16384	16384	4	1	1	4	512	3614	7364	894198	10295	9033097	56680	11	0	0	6.6	0.000
run2_A_sweep	hybrid	off	cold	sweep	16384	16384	4	1	2	0	512	2843	3424	643174	5246	7140591	71703	5	0	0	5.5	0.000
run2_A_sweep	uring	off	cold	sweep	16384	16384	4	1	2	1	512	14000	26104	614197	6280	7282104	70309	5	0	0	100.0	0.000
run2_A_sweep	pooled_pread	off	cold	sweep	16384	16384	4	1	2	2	512	31933	97427	310129	31457	9145572	55983	17	0	0	100.0	0.000
run2_A_sweep	pool	off	cold	sweep	16384	16384	4	1	2	3	512	3377	6821	1834742	9649	9315760	54961	10	0	0	7.4	0.000
run2_A_sweep	pool_ringloop	off	cold	sweep	16384	16384	4	1	2	4	512	3022	3771	1559896	9825	7603373	67339	10	0	0	6.2	0.000
run2_A_sweep	uring	off	cold	sweep	16384	16384	4	1	3	0	512	12547	30626	653066	6452	7674045	66718	5	0	0	100.0	0.000
run2_A_sweep	pooled_pread	off	cold	sweep	16384	16384	4	1	3	1	512	37762	121291	370029	34495	7499221	68274	17	0	0	100.0	0.000
run2_A_sweep	pool	off	cold	sweep	16384	16384	4	1	3	2	512	3421	6252	1020949	9811	8072793	63423	10	0	0	6.6	0.000
run2_A_sweep	pool_ringloop	off	cold	sweep	16384	16384	4	1	3	3	512	2874	3569	1225334	8328	10915298	46907	9	0	0	6.4	0.000
run2_A_sweep	hybrid	off	cold	sweep	16384	16384	4	1	3	4	512	2948	3792	664673	5484	7848652	65234	5	0	0	6.2	0.000
run2_A_sweep	pooled_pread	off	cold	sweep	16384	16384	4	1	4	0	512	32941	112685	497616	32349	7504023	68230	20	0	0	100.0	0.000
run2_A_sweep	pool	off	cold	sweep	16384	16384	4	1	4	1	512	3479	8858	795553	10117	7208406	71028	10	0	0	6.4	0.000
run2_A_sweep	pool_ringloop	off	cold	sweep	16384	16384	4	1	4	2	512	3130	4522	1178176	9704	7395238	69234	9	0	0	6.2	0.000
run2_A_sweep	hybrid	off	cold	sweep	16384	16384	4	1	4	3	512	2786	3600	620489	5157	6983541	73315	5	0	0	6.2	0.000
run2_A_sweep	uring	off	cold	sweep	16384	16384	4	1	4	4	512	12572	28129	819411	5834	8986354	56975	5	0	0	100.0	0.000
run2_A_sweep	pool	off	cold	sweep	16384	16384	4	1	5	0	512	3435	5968	1113599	10255	11322501	45220	9	0	0	6.2	0.000
run2_A_sweep	pool_ringloop	off	cold	sweep	16384	16384	4	1	5	1	512	3032	4485	1546923	10950	8315816	61569	10	0	0	6.2	0.000
run2_A_sweep	hybrid	off	cold	sweep	16384	16384	4	1	5	2	512	2715	3261	594999	5812	7344671	69710	5	0	0	4.7	0.000
run2_A_sweep	uring	off	cold	sweep	16384	16384	4	1	5	3	512	11465	24533	670047	5832	7180010	71309	5	0	0	100.0	0.000
run2_A_sweep	pooled_pread	off	cold	sweep	16384	16384	4	1	5	4	512	32343	105505	790809	32159	7958295	64335	21	0	0	100.0	0.000
run2_A_sweep	pool	off	cold	sweep	16384	16384	8	1	0	0	512	3705	637067	1078528	13043	7921118	64637	17	0	0	12.9	0.000
run2_A_sweep	pool_ringloop	off	cold	sweep	16384	16384	8	1	0	1	512	3103	540289	1006623	13731	11220158	45632	15	0	0	14.1	0.000
run2_A_sweep	hybrid	off	cold	sweep	16384	16384	8	1	0	2	512	3065	3989	725687	6017	7888415	64905	5	0	0	6.2	0.000
run2_A_sweep	uring	off	cold	sweep	16384	16384	8	1	0	3	512	26098	606130	693044	6021	7907426	64749	5	0	0	100.0	0.000
run2_A_sweep	pooled_pread	off	cold	sweep	16384	16384	8	1	0	4	512	35180	282379	1292137	30839	9368133	54653	46	0	0	100.0	0.000
run2_A_sweep	pool_ringloop	off	cold	sweep	16384	16384	8	1	1	0	512	3219	496524	1317527	14114	7643037	66989	16	0	0	12.5	0.000
run2_A_sweep	hybrid	off	cold	sweep	16384	16384	8	1	1	1	512	2999	3897	650292	6240	7536822	67933	5	0	0	6.2	0.000
run2_A_sweep	uring	off	cold	sweep	16384	16384	8	1	1	2	512	23511	645153	742631	5425	7902138	64793	5	0	0	100.0	0.000
run2_A_sweep	pooled_pread	off	cold	sweep	16384	16384	8	1	1	3	512	34652	277032	1083671	32956	11589225	44179	38	0	0	100.0	0.000
run2_A_sweep	pool	off	cold	sweep	16384	16384	8	1	1	4	512	3671	572520	908587	13509	7677245	66691	18	0	0	12.5	0.000
run2_A_sweep	hybrid	off	cold	sweep	16384	16384	8	1	2	0	512	3000	4166	608568	5721	7564613	67684	5	0	0	6.2	0.000
run2_A_sweep	uring	off	cold	sweep	16384	16384	8	1	2	1	512	27732	585949	649790	6179	11299453	45312	5	0	0	100.0	0.000
run2_A_sweep	pooled_pread	off	cold	sweep	16384	16384	8	1	2	2	512	37639	248114	888098	30144	7324916	69898	34	0	0	100.0	0.000
run2_A_sweep	pool	off	cold	sweep	16384	16384	8	1	2	3	512	3626	511265	1114621	11713	7625211	67146	15	0	0	11.9	0.000
run2_A_sweep	pool_ringloop	off	cold	sweep	16384	16384	8	1	2	4	512	3160	470026	1244977	11876	7697430	66516	14	0	0	11.9	0.000
run2_A_sweep	uring	off	cold	sweep	16384	16384	8	1	3	0	512	23527	489199	870791	5525	7735814	66186	5	0	0	100.0	0.000
run2_A_sweep	pooled_pread	off	cold	sweep	16384	16384	8	1	3	1	512	40795	220692	681403	28126	7142528	71683	27	0	0	100.0	0.000
run2_A_sweep	pool	off	cold	sweep	16384	16384	8	1	3	2	512	3551	576316	978572	12033	7927599	64584	14	0	0	11.7	0.000
run2_A_sweep	pool_ringloop	off	cold	sweep	16384	16384	8	1	3	3	512	3094	407585	1664699	12960	7495336	68309	19	0	0	11.7	0.000
run2_A_sweep	hybrid	off	cold	sweep	16384	16384	8	1	3	4	512	2728	3670	1158663	4947	7075188	72366	5	0	0	4.7	0.000
run2_A_sweep	pooled_pread	off	cold	sweep	16384	16384	8	1	4	0	512	37308	262542	1185211	32717	7591425	67445	37	0	0	100.0	0.000
run2_A_sweep	pool	off	cold	sweep	16384	16384	8	1	4	1	512	3378	9198	1606797	11140	7244587	70673	15	0	0	7.8	0.000
run2_A_sweep	pool_ringloop	off	cold	sweep	16384	16384	8	1	4	2	512	2746	301310	1536444	11698	7202656	71085	14	0	0	10.4	0.000
run2_A_sweep	hybrid	off	cold	sweep	16384	16384	8	1	4	3	512	2780	3507	1185684	4965	7257759	70545	5	0	0	3.3	0.000
run2_A_sweep	uring	off	cold	sweep	16384	16384	8	1	4	4	512	21825	470319	581021	4948	10136903	50509	5	0	0	100.0	0.000
run2_A_sweep	pool	off	cold	sweep	16384	16384	8	1	5	0	512	3286	9327	1614859	11116	9578300	53454	15	0	0	7.6	0.000
run2_A_sweep	pool_ringloop	off	cold	sweep	16384	16384	8	1	5	1	512	3006	4034	3623873	9614	7352389	69637	13	0	0	5.7	0.000
run2_A_sweep	hybrid	off	cold	sweep	16384	16384	8	1	5	2	512	3298	4132	1965909	5368	9689906	52838	5	0	0	5.5	0.000
run2_A_sweep	uring	off	cold	sweep	16384	16384	8	1	5	3	512	30533	236619	673245	6580	7260343	70520	5	0	0	100.0	0.000
run2_A_sweep	pooled_pread	off	cold	sweep	16384	16384	8	1	5	4	512	44424	362199	1059842	39330	8531213	60015	57	0	0	100.0	0.000
run2_A_sweep	pool	off	cold	sweep	16384	16384	16	1	0	0	512	3396	425700	2837997	16206	7486925	68386	26	0	0	10.4	0.000
run2_A_sweep	pool_ringloop	off	cold	sweep	16384	16384	16	1	0	1	512	3058	897452	1779199	16530	7886336	64922	23	0	0	19.1	0.000
run2_A_sweep	hybrid	off	cold	sweep	16384	16384	16	1	0	2	512	2798	3677	1412242	5596	6613692	77415	5	0	0	4.9	0.000
run2_A_sweep	uring	off	cold	sweep	16384	16384	16	1	0	3	512	50258	692511	1449277	5508	7516836	68114	5	0	0	100.0	0.000
run2_A_sweep	pooled_pread	off	cold	sweep	16384	16384	16	1	0	4	512	69529	766549	2047312	40500	10236848	50015	64	0	0	100.0	0.000
run2_A_sweep	pool_ringloop	off	cold	sweep	16384	16384	16	1	1	0	512	3061	1034545	2218248	19016	8798622	58191	32	0	0	19.1	0.000
run2_A_sweep	hybrid	off	cold	sweep	16384	16384	16	1	1	1	512	3186	4870	744944	6113	7937144	64507	5	0	0	6.8	0.000
run2_A_sweep	uring	off	cold	sweep	16384	16384	16	1	1	2	512	56078	615618	1026085	6815	7178108	71328	5	0	0	100.0	0.000
run2_A_sweep	pooled_pread	off	cold	sweep	16384	16384	16	1	1	3	512	98156	933580	2253683	48226	12221788	41892	69	0	0	100.0	0.000
run2_A_sweep	pool	off	cold	sweep	16384	16384	16	1	1	4	512	4126	1031183	1344118	20034	12821560	39933	22	0	0	23.8	0.000
run2_A_sweep	hybrid	off	cold	sweep	16384	16384	16	1	2	0	512	2746	3548	1520434	6127	10341370	49510	5	0	0	4.9	0.000
run2_A_sweep	uring	off	cold	sweep	16384	16384	16	1	2	1	512	72114	624737	703789	7335	10554933	48508	5	0	0	100.0	0.000
run2_A_sweep	pooled_pread	off	cold	sweep	16384	16384	16	1	2	2	512	72507	1031170	2021514	46687	11956505	42822	83	0	0	100.0	0.000
run2_A_sweep	pool	off	cold	sweep	16384	16384	16	1	2	3	512	3639	1062473	1927994	18153	10418158	49145	25	0	0	17.4	0.000
run2_A_sweep	pool_ringloop	off	cold	sweep	16384	16384	16	1	2	4	512	3140	827061	1314994	18061	8031986	63745	26	0	0	23.6	0.000
run2_A_sweep	uring	off	cold	sweep	16384	16384	16	1	3	0	512	45435	583476	1305280	5522	7194945	71161	5	0	0	100.0	0.000
run2_A_sweep	pooled_pread	off	cold	sweep	16384	16384	16	1	3	1	512	78107	829696	1818838	41737	9687128	52854	85	0	0	100.0	0.000
run2_A_sweep	pool	off	cold	sweep	16384	16384	16	1	3	2	512	3519	780393	3302762	18167	11241096	45547	31	0	0	19.3	0.000
run2_A_sweep	pool_ringloop	off	cold	sweep	16384	16384	16	1	3	3	512	3130	988218	3053492	16866	9605934	53300	26	0	0	22.7	0.000
run2_A_sweep	hybrid	off	cold	sweep	16384	16384	16	1	3	4	512	3082	4107	666096	6103	7773536	65864	5	0	0	6.2	0.000
run2_A_sweep	pooled_pread	off	cold	sweep	16384	16384	16	1	4	0	512	58060	534906	1272097	34080	7999189	64006	60	0	0	100.0	0.000
run2_A_sweep	pool	off	cold	sweep	16384	16384	16	1	4	1	512	3430	977042	1241569	17395	8496000	60264	37	0	0	21.1	0.000
run2_A_sweep	pool_ringloop	off	cold	sweep	16384	16384	16	1	4	2	512	3005	730236	2828505	13994	7321584	69930	23	0	0	15.2	0.000
run2_A_sweep	hybrid	off	cold	sweep	16384	16384	16	1	4	3	512	2663	3245	527894	5393	8503356	60212	5	0	0	5.5	0.000
run2_A_sweep	uring	off	cold	sweep	16384	16384	16	1	4	4	512	48234	735436	1015272	5395	9338412	54827	5	0	0	100.0	0.000
run2_A_sweep	pool	off	cold	sweep	16384	16384	16	1	5	0	512	3434	700654	1697302	17854	11123544	46028	31	0	0	20.3	0.000
run2_A_sweep	pool_ringloop	off	cold	sweep	16384	16384	16	1	5	1	512	3010	830545	1843375	16054	7137361	71735	29	0	0	15.6	0.000
run2_A_sweep	hybrid	off	cold	sweep	16384	16384	16	1	5	2	512	2928	3680	668967	5370	7904416	64774	5	0	0	5.5	0.000
run2_A_sweep	uring	off	cold	sweep	16384	16384	16	1	5	3	512	51806	736284	888415	5878	11557263	44301	5	0	0	100.0	0.000
run2_A_sweep	pooled_pread	off	cold	sweep	16384	16384	16	1	5	4	512	64810	627047	1883916	36811	8157156	62767	59	0	0	100.0	0.000
run2_A_sweep	pool	off	cold	sweep	16384	16384	32	1	0	0	512	4029	1192942	1994602	28064	8465153	60483	59	0	0	30.5	0.000
run2_A_sweep	pool_ringloop	off	cold	sweep	16384	16384	32	1	0	1	512	3291	1314438	1827353	21448	7695938	66529	40	0	0	25.8	0.000
run2_A_sweep	hybrid	off	cold	sweep	16384	16384	32	1	0	2	512	3186	793327	1859518	5632	7084879	72267	5	0	0	18.0	0.000
run2_A_sweep	uring	off	cold	sweep	16384	16384	32	1	0	3	512	140152	709898	1315247	5515	10351985	49459	5	0	0	100.0	0.000
run2_A_sweep	pooled_pread	off	cold	sweep	16384	16384	32	1	0	4	512	213423	1242511	2367374	39502	9506030	53861	83	0	0	100.0	0.000
run2_A_sweep	pool_ringloop	off	cold	sweep	16384	16384	32	1	1	0	512	3182	1375073	2107636	23615	8172389	62650	48	0	0	32.6	0.000
run2_A_sweep	hybrid	off	cold	sweep	16384	16384	32	1	1	1	512	3099	802947	1859748	6512	7018757	72947	5	0	0	14.8	0.000
run2_A_sweep	uring	off	cold	sweep	16384	16384	32	1	1	2	512	150516	1040062	2524981	6689	8239503	62140	5	0	0	100.0	0.000
run2_A_sweep	pooled_pread	off	cold	sweep	16384	16384	32	1	1	3	512	167920	990809	2853810	36330	7884792	64935	63	0	0	100.0	0.000
run2_A_sweep	pool	off	cold	sweep	16384	16384	32	1	1	4	512	3530	1256175	2452569	21122	10392806	49265	54	0	0	17.6	0.000
run2_A_sweep	hybrid	off	cold	sweep	16384	16384	32	1	2	0	512	2973	3544	689780	6463	10479294	48858	5	0	0	2.7	0.000
run2_A_sweep	uring	off	cold	sweep	16384	16384	32	1	2	1	512	120189	959871	1783782	6612	8839873	57919	5	0	0	100.0	0.000
run2_A_sweep	pooled_pread	off	cold	sweep	16384	16384	32	1	2	2	512	181007	1211816	2583448	39387	9360465	54698	82	0	0	100.0	0.000
run2_A_sweep	pool	off	cold	sweep	16384	16384	32	1	2	3	512	3758	1666575	2397447	26124	8281715	61823	58	0	0	23.6	0.000
run2_A_sweep	pool_ringloop	off	cold	sweep	16384	16384	32	1	2	4	512	3088	1991995	2074313	19450	10940288	46799	39	0	0	21.7	0.000
run2_A_sweep	uring	off	cold	sweep	16384	16384	32	1	3	0	512	121737	953618	1898501	6688	9073466	56428	5	0	0	100.0	0.000
run2_A_sweep	pooled_pread	off	cold	sweep	16384	16384	32	1	3	1	512	175651	1054649	2911266	38454	9315499	54962	71	0	0	100.0	0.000
run2_A_sweep	pool	off	cold	sweep	16384	16384	32	1	3	2	512	3675	1451231	3798493	25397	10407711	49194	49	0	0	24.8	0.000
run2_A_sweep	pool_ringloop	off	cold	sweep	16384	16384	32	1	3	3	512	3571	1330113	3103382	28161	8480510	60374	54	0	0	32.0	0.000
run2_A_sweep	hybrid	off	cold	sweep	16384	16384	32	1	3	4	512	3221	4185	637765	6042	7466770	68570	5	0	0	4.7	0.000
run2_A_sweep	pooled_pread	off	cold	sweep	16384	16384	32	1	4	0	512	136948	1280347	3780330	40165	13281560	38550	94	0	0	100.0	0.000
run2_A_sweep	pool	off	cold	sweep	16384	16384	32	1	4	1	512	3908	1092323	2031493	26251	8572956	59723	53	0	0	33.0	0.000
run2_A_sweep	pool_ringloop	off	cold	sweep	16384	16384	32	1	4	2	512	3383	1247092	2289752	23588	7715696	66358	45	0	0	33.8	0.000
run2_A_sweep	hybrid	off	cold	sweep	16384	16384	32	1	4	3	512	3083	4147	575576	6635	7617650	67212	5	0	0	3.9	0.000
run2_A_sweep	uring	off	cold	sweep	16384	16384	32	1	4	4	512	175121	724982	726529	6550	8098182	63224	5	0	0	100.0	0.000
run2_A_sweep	pool	off	cold	sweep	16384	16384	32	1	5	0	512	5484	1163625	1672469	30945	9195078	55682	50	0	0	44.5	0.000
run2_A_sweep	pool_ringloop	off	cold	sweep	16384	16384	32	1	5	1	512	3987	1432094	3183537	26745	9199631	55654	40	0	0	31.2	0.000
run2_A_sweep	hybrid	off	cold	sweep	16384	16384	32	1	5	2	512	4980	6658	743380	9543	12150448	42138	5	0	0	4.7	0.000
run2_A_sweep	uring	off	cold	sweep	16384	16384	32	1	5	3	512	215939	806372	1043138	9385	9677148	52908	5	0	0	100.0	0.000
run2_A_sweep	pooled_pread	off	cold	sweep	16384	16384	32	1	5	4	512	352366	1107135	2177253	48379	9746384	52532	77	0	0	100.0	0.000
run2_A_sweep	pool	off	cold	sweep	16384	16384	64	1	0	0	512	5216	1848285	3928803	40448	13380954	38263	76	0	0	39.8	0.000
run2_A_sweep	pool_ringloop	off	cold	sweep	16384	16384	64	1	0	1	512	577359	2369656	2868773	40610	10592692	48335	69	0	0	61.9	0.000
run2_A_sweep	hybrid	off	cold	sweep	16384	16384	64	1	0	2	512	3529	1194799	1223246	8361	10142092	50483	5	0	0	16.4	0.000
run2_A_sweep	uring	off	cold	sweep	16384	16384	64	1	0	3	512	836119	968877	970804	7530	12442199	41150	5	0	0	100.0	0.000
run2_A_sweep	pooled_pread	off	cold	sweep	16384	16384	64	1	0	4	512	639578	1274368	2246191	38965	8395161	60988	59	0	0	100.0	0.000
run2_A_sweep	pool_ringloop	off	cold	sweep	16384	16384	64	1	1	0	512	3184	3448773	3505870	22099	7316627	69978	49	0	0	27.3	0.000
run2_A_sweep	hybrid	off	cold	sweep	16384	16384	64	1	1	1	512	3539	1165971	2102649	7815	8369575	61174	5	0	0	15.6	0.000
run2_A_sweep	uring	off	cold	sweep	16384	16384	64	1	1	2	512	697785	917249	982913	7511	7391593	69268	5	0	0	100.0	0.000
run2_A_sweep	pooled_pread	off	cold	sweep	16384	16384	64	1	1	3	512	598885	1683121	3742810	41013	12234135	41850	81	0	0	100.0	0.000
run2_A_sweep	pool	off	cold	sweep	16384	16384	64	1	1	4	512	3915	1879744	3223034	30166	8458155	60533	61	0	0	40.0	0.000
run2_A_sweep	hybrid	off	cold	sweep	16384	16384	64	1	2	0	512	3335	872715	1321046	7728	8352262	61301	5	0	0	15.8	0.000
run2_A_sweep	uring	off	cold	sweep	16384	16384	64	1	2	1	512	719979	908129	909810	7137	7124626	71863	5	0	0	100.0	0.000
run2_A_sweep	pooled_pread	off	cold	sweep	16384	16384	64	1	2	2	512	327812	1841200	3070356	36375	9757325	52473	80	0	0	100.0	0.000
run2_A_sweep	pool	off	cold	sweep	16384	16384	64	1	2	3	512	3611	1749331	2580831	26872	8074467	63410	54	0	0	31.6	0.000
run2_A_sweep	pool_ringloop	off	cold	sweep	16384	16384	64	1	2	4	512	3264	2797045	4112657	29872	8031712	63747	76	0	0	30.9	0.000
run2_A_sweep	uring	off	cold	sweep	16384	16384	64	1	3	0	512	758401	850700	852514	7458	11268508	45436	5	0	0	100.0	0.000
run2_A_sweep	pooled_pread	off	cold	sweep	16384	16384	64	1	3	1	512	262454	1684880	2829992	32112	8094955	63249	63	0	0	100.0	0.000
run2_A_sweep	pool	off	cold	sweep	16384	16384	64	1	3	2	512	3741	1831370	2720977	28505	8101112	63201	69	0	0	29.9	0.000
run2_A_sweep	pool_ringloop	off	cold	sweep	16384	16384	64	1	3	3	512	3134	1836237	2976175	24159	7527948	68013	58	0	0	31.2	0.000
run2_A_sweep	hybrid	off	cold	sweep	16384	16384	64	1	3	4	512	3351	4325	1623342	7440	9393372	54507	5	0	0	4.7	0.000
run2_A_sweep	pooled_pread	off	cold	sweep	16384	16384	64	1	4	0	512	315349	1337363	2315326	31584	8173326	62643	56	0	0	100.0	0.000
run2_A_sweep	pool	off	cold	sweep	16384	16384	64	1	4	1	512	3762	1599643	2115753	29655	8268451	61922	62	0	0	41.8	0.000
run2_A_sweep	pool_ringloop	off	cold	sweep	16384	16384	64	1	4	2	512	2861	2911217	4922255	21739	7719129	66329	55	0	0	18.8	0.000
run2_A_sweep	hybrid	off	cold	sweep	16384	16384	64	1	4	3	512	2993	3561	611152	6561	7140202	71707	5	0	0	4.7	0.000
run2_A_sweep	uring	off	cold	sweep	16384	16384	64	1	4	4	512	229981	1774881	1776664	7169	6228830	82198	5	0	0	100.0	0.000
run2_A_sweep	pool	off	cold	sweep	16384	16384	64	1	5	0	512	3971	1243555	1795677	30605	7701082	66484	59	0	0	42.4	0.000
run2_A_sweep	pool_ringloop	off	cold	sweep	16384	16384	64	1	5	1	512	3296	2326727	2765216	24790	7872699	65035	54	0	0	27.9	0.000
run2_A_sweep	hybrid	off	cold	sweep	16384	16384	64	1	5	2	512	3140	3929	657867	7368	9415657	54378	5	0	0	4.7	0.000
run2_A_sweep	uring	off	cold	sweep	16384	16384	64	1	5	3	512	768767	2626732	2728292	6978	7661227	66830	5	0	0	100.0	0.000
run2_A_sweep	pooled_pread	off	cold	sweep	16384	16384	64	1	5	4	512	888667	2184294	3971723	45242	13192593	38810	85	0	0	100.0	0.000
run2_A_sweep	pool	off	warm	sweep	16384	16384	1	1	0	0	512	3535	4067	10218	4848	2113904	242206	5	0	0	0.0	0.000
run2_A_sweep	pool_ringloop	off	warm	sweep	16384	16384	1	1	0	1	512	3287	3701	4385	4039	1977392	258927	5	0	0	0.0	0.000
run2_A_sweep	hybrid	off	warm	sweep	16384	16384	1	1	0	2	512	3506	4125	12085	4845	2286397	223933	5	0	0	0.0	0.000
run2_A_sweep	uring	off	warm	sweep	16384	16384	1	1	0	3	512	5040	17705	31588	13111	5523596	92693	5	0	0	100.0	0.000
run2_A_sweep	pooled_pread	off	warm	sweep	16384	16384	1	1	0	4	512	55925	63320	118236	62862	29397598	17416	6	0	0	100.0	0.000
run2_A_sweep	pool_ringloop	off	warm	sweep	16384	16384	1	1	1	0	512	3532	4172	7908	4279	2088535	245148	5	0	0	0.0	0.000
run2_A_sweep	hybrid	off	warm	sweep	16384	16384	1	1	1	1	512	3001	3631	4470	3876	1888272	271147	5	0	0	0.0	0.000
run2_A_sweep	uring	off	warm	sweep	16384	16384	1	1	1	2	512	16301	18150	29896	17757	7377045	69404	5	0	0	100.0	0.000
run2_A_sweep	pooled_pread	off	warm	sweep	16384	16384	1	1	1	3	512	51108	59601	99653	59740	27666807	18506	7	0	0	100.0	0.000
run2_A_sweep	pool	off	warm	sweep	16384	16384	1	1	1	4	512	3352	3863	7009	4077	2026848	252609	5	0	0	0.0	0.000
run2_A_sweep	hybrid	off	warm	sweep	16384	16384	1	1	2	0	512	2668	3190	3741	3571	1718696	297900	5	0	0	0.0	0.000
run2_A_sweep	uring	off	warm	sweep	16384	16384	1	1	2	1	512	16322	17463	36755	17769	7467844	68561	5	0	0	100.0	0.000
run2_A_sweep	pooled_pread	off	warm	sweep	16384	16384	1	1	2	2	512	49082	55853	94513	57572	26671324	19197	6	0	0	100.0	0.000
run2_A_sweep	pool	off	warm	sweep	16384	16384	1	1	2	3	512	2987	3490	6308	3987	1933219	264843	5	0	0	0.0	0.000
run2_A_sweep	pool_ringloop	off	warm	sweep	16384	16384	1	1	2	4	512	2699	3215	3924	3361	1603734	319255	5	0	0	0.0	0.000
run2_A_sweep	uring	off	warm	sweep	16384	16384	1	1	3	0	512	15113	17331	54162	14974	6358257	80525	5	0	0	100.0	0.000
run2_A_sweep	pooled_pread	off	warm	sweep	16384	16384	1	1	3	1	512	48803	56687	91668	57550	26478785	19336	6	0	0	100.0	0.000
run2_A_sweep	pool	off	warm	sweep	16384	16384	1	1	3	2	512	3412	3995	4870	4125	2018625	253638	5	0	0	0.0	0.000
run2_A_sweep	pool_ringloop	off	warm	sweep	16384	16384	1	1	3	3	512	2860	3557	5088	3554	1713313	298836	5	0	0	0.0	0.000
run2_A_sweep	hybrid	off	warm	sweep	16384	16384	1	1	3	4	512	2743	3220	3889	3538	1743583	293648	5	0	0	0.0	0.000
run2_A_sweep	pooled_pread	off	warm	sweep	16384	16384	1	1	4	0	512	48754	55768	102590	57033	26707410	19171	6	0	0	100.0	0.000
run2_A_sweep	pool	off	warm	sweep	16384	16384	1	1	4	1	512	3235	3852	5141	3939	1909548	268126	5	0	0	0.0	0.000
run2_A_sweep	pool_ringloop	off	warm	sweep	16384	16384	1	1	4	2	512	2754	3327	3959	3511	1663591	307768	5	0	0	0.0	0.000
run2_A_sweep	hybrid	off	warm	sweep	16384	16384	1	1	4	3	512	2692	3088	4054	3565	1725469	296731	5	0	0	0.0	0.000
run2_A_sweep	uring	off	warm	sweep	16384	16384	1	1	4	4	512	15832	19006	28564	16287	6884765	74367	5	0	0	100.0	0.000
run2_A_sweep	pool	off	warm	sweep	16384	16384	1	1	5	0	512	2559	2942	3339	3090	1498874	341590	5	0	0	0.0	0.000
run2_A_sweep	pool_ringloop	off	warm	sweep	16384	16384	1	1	5	1	512	2393	2816	3294	2980	1426543	358910	5	0	0	0.0	0.000
run2_A_sweep	hybrid	off	warm	sweep	16384	16384	1	1	5	2	512	2284	2675	3680	3189	1490381	343536	5	0	0	0.0	0.000
run2_A_sweep	uring	off	warm	sweep	16384	16384	1	1	5	3	512	16054	17411	35311	17377	7380125	69376	5	0	0	100.0	0.000
run2_A_sweep	pooled_pread	off	warm	sweep	16384	16384	1	1	5	4	512	48728	54029	88564	56095	26119447	19602	6	0	0	100.0	0.000
run2_A_sweep	pool	off	warm	sweep	16384	16384	2	1	0	0	512	3526	4139	7192	4348	1123202	455840	5	0	0	0.0	0.000
run2_A_sweep	pool_ringloop	off	warm	sweep	16384	16384	2	1	0	1	512	2745	3151	3932	3358	1614058	317213	5	0	0	0.0	0.000
run2_A_sweep	hybrid	off	warm	sweep	16384	16384	2	1	0	2	512	2417	2889	3427	3245	1589114	322192	5	0	0	0.0	0.000
run2_A_sweep	uring	off	warm	sweep	16384	16384	2	1	0	3	512	18605	19519	40038	12180	5199195	98477	5	0	0	100.0	0.000
run2_A_sweep	pooled_pread	off	warm	sweep	16384	16384	2	1	0	4	512	36567	70453	118956	40178	10762675	47572	11	0	0	100.0	0.000
run2_A_sweep	pool_ringloop	off	warm	sweep	16384	16384	2	1	1	0	512	2259	2669	4184	2827	1366206	374760	5	0	0	0.0	0.000
run2_A_sweep	hybrid	off	warm	sweep	16384	16384	2	1	1	1	512	2216	2611	3036	2962	1426929	358813	5	0	0	0.0	0.000
run2_A_sweep	uring	off	warm	sweep	16384	16384	2	1	1	2	512	18161	19523	42386	11765	5058709	101212	5	0	0	100.0	0.000
run2_A_sweep	pooled_pread	off	warm	sweep	16384	16384	2	1	1	3	512	39137	71195	122394	40376	11042546	46366	10	0	0	100.0	0.000
run2_A_sweep	pool	off	warm	sweep	16384	16384	2	1	1	4	512	3482	4003	6067	4362	1133779	451587	5	0	0	0.0	0.000
run2_A_sweep	hybrid	off	warm	sweep	16384	16384	2	1	2	0	512	2587	3204	5700	3546	1728364	296234	5	0	0	0.0	0.000
run2_A_sweep	uring	off	warm	sweep	16384	16384	2	1	2	1	512	20728	22004	53994	13240	5765754	88800	5	0	0	100.0	0.000
run2_A_sweep	pooled_pread	off	warm	sweep	16384	16384	2	1	2	2	512	39257	72404	118900	39801	11144011	45944	10	0	0	100.0	0.000
run2_A_sweep	pool	off	warm	sweep	16384	16384	2	1	2	3	512	2834	3306	5141	3701	924627	553737	5	0	0	0.0	0.000
run2_A_sweep	pool_ringloop	off	warm	sweep	16384	16384	2	1	2	4	512	2428	2770	3957	3132	1496283	342181	5	0	0	0.0	0.000
run2_A_sweep	uring	off	warm	sweep	16384	16384	2	1	3	0	512	17795	20194	39964	10564	4500266	113771	5	0	0	100.0	0.000
run2_A_sweep	pooled_pread	off	warm	sweep	16384	16384	2	1	3	1	512	30430	69548	200573	35932	9846480	51998	12	0	0	100.0	0.000
run2_A_sweep	pool	off	warm	sweep	16384	16384	2	1	3	2	512	2716	3040	3350	3319	852682	600458	5	0	0	0.0	0.000
run2_A_sweep	pool_ringloop	off	warm	sweep	16384	16384	2	1	3	3	512	2141	2516	3388	2871	1312616	390061	5	0	0	0.0	0.000
run2_A_sweep	hybrid	off	warm	sweep	16384	16384	2	1	3	4	512	2049	2482	3251	3032	1423577	359657	5	0	0	0.0	0.000
run2_A_sweep	pooled_pread	off	warm	sweep	16384	16384	2	1	4	0	512	39108	71035	127050	38484	11024268	46443	10	0	0	100.0	0.000
run2_A_sweep	pool	off	warm	sweep	16384	16384	2	1	4	1	512	2222	2668	3160	2712	1338360	382558	5	0	0	0.0	0.000
run2_A_sweep	pool_ringloop	off	warm	sweep	16384	16384	2	1	4	2	512	2072	2458	2977	2624	1281437	399551	5	0	0	0.0	0.000
run2_A_sweep	hybrid	off	warm	sweep	16384	16384	2	1	4	3	512	2131	2521	2917	2941	1396237	366700	5	0	0	0.0	0.000
run2_A_sweep	uring	off	warm	sweep	16384	16384	2	1	4	4	512	15900	17598	28614	8061	3297904	155250	5	0	0	100.0	0.000
run2_A_sweep	pool	off	warm	sweep	16384	16384	2	1	5	0	512	2597	3229	6095	3496	901482	567954	5	0	0	0.0	0.000
run2_A_sweep	pool_ringloop	off	warm	sweep	16384	16384	2	1	5	1	512	2208	2475	2840	3155	1334156	383763	5	0	0	0.0	0.000
run2_A_sweep	hybrid	off	warm	sweep	16384	16384	2	1	5	2	512	2118	2465	3283	2979	1444207	354520	5	0	0	0.0	0.000
run2_A_sweep	uring	off	warm	sweep	16384	16384	2	1	5	3	512	18947	22742	47019	12530	5428516	94317	5	0	0	100.0	0.000
run2_A_sweep	pooled_pread	off	warm	sweep	16384	16384	2	1	5	4	512	37653	81621	136508	39745	11260517	45469	11	0	0	100.0	0.000
run2_A_sweep	pool	off	warm	sweep	16384	16384	4	1	0	0	512	2574	2972	4757	4139	667326	767241	5	0	0	0.0	0.000
run2_A_sweep	pool_ringloop	off	warm	sweep	16384	16384	4	1	0	1	512	2010	2366	2929	2494	1228706	416699	5	0	0	0.0	0.000
run2_A_sweep	hybrid	off	warm	sweep	16384	16384	4	1	0	2	512	2035	2354	2759	2859	1353687	378226	5	0	0	0.0	0.000
run2_A_sweep	uring	off	warm	sweep	16384	16384	4	1	0	3	512	20435	21322	42848	6900	2978252	171913	5	0	0	100.0	0.000
run2_A_sweep	pooled_pread	off	warm	sweep	16384	16384	4	1	0	4	512	29894	101786	323057	31438	6419293	79760	16	0	0	100.0	0.000
run2_A_sweep	pool_ringloop	off	warm	sweep	16384	16384	4	1	1	0	512	2832	3309	4258	3731	1709193	299557	5	0	0	0.0	0.000
run2_A_sweep	hybrid	off	warm	sweep	16384	16384	4	1	1	1	512	2146	2513	3144	2926	1410002	363120	5	0	0	0.0	0.000
run2_A_sweep	uring	off	warm	sweep	16384	16384	4	1	1	2	512	22543	24996	43315	7226	3176836	161167	5	0	0	100.0	0.000
run2_A_sweep	pooled_pread	off	warm	sweep	16384	16384	4	1	1	3	512	31337	91289	296151	29410	5850457	87515	16	0	0	100.0	0.000
run2_A_sweep	pool	off	warm	sweep	16384	16384	4	1	1	4	512	2637	3453	6373	3678	659278	776607	5	0	0	0.0	0.000
run2_A_sweep	hybrid	off	warm	sweep	16384	16384	4	1	2	0	512	2082	2412	2985	2872	1399971	365722	5	0	0	0.0	0.000
run2_A_sweep	uring	off	warm	sweep	16384	16384	4	1	2	1	512	22269	29011	54417	7673	3395878	150771	5	0	0	100.0	0.000
run2_A_sweep	pooled_pread	off	warm	sweep	16384	16384	4	1	2	2	512	38105	120095	319124	31174	7241120	70707	21	0	0	100.0	0.000
run2_A_sweep	pool	off	warm	sweep	16384	16384	4	1	2	3	512	2688	3050	5249	3687	565404	905547	5	0	0	0.0	0.000
run2_A_sweep	pool_ringloop	off	warm	sweep	16384	16384	4	1	2	4	512	1955	2272	2662	2624	1234284	414815	5	0	0	0.0	0.000
run2_A_sweep	uring	off	warm	sweep	16384	16384	4	1	3	0	512	21135	22220	45463	7109	3030230	168964	5	0	0	100.0	0.000
run2_A_sweep	pooled_pread	off	warm	sweep	16384	16384	4	1	3	1	512	31445	92498	229684	32619	5995249	85401	16	0	0	100.0	0.000
run2_A_sweep	pool	off	warm	sweep	16384	16384	4	1	3	2	512	2603	2954	5101	3591	545379	938797	5	0	0	0.0	0.000
run2_A_sweep	pool_ringloop	off	warm	sweep	16384	16384	4	1	3	3	512	2083	2444	3345	2813	1325800	386182	5	0	0	0.0	0.000
run2_A_sweep	hybrid	off	warm	sweep	16384	16384	4	1	3	4	512	2210	2794	3797	3056	1498200	341743	5	0	0	0.0	0.000
run2_A_sweep	pooled_pread	off	warm	sweep	16384	16384	4	1	4	0	512	26127	87284	263683	28741	5815156	88046	16	0	0	100.0	0.000
run2_A_sweep	pool	off	warm	sweep	16384	16384	4	1	4	1	512	2561	2878	5036	3651	582343	879207	5	0	0	0.0	0.000
run2_A_sweep	pool_ringloop	off	warm	sweep	16384	16384	4	1	4	2	512	1979	2312	4287	2628	1269333	403361	5	0	0	0.0	0.000
run2_A_sweep	hybrid	off	warm	sweep	16384	16384	4	1	4	3	512	2198	2428	4065	3060	1478516	346293	5	0	0	0.0	0.000
run2_A_sweep	uring	off	warm	sweep	16384	16384	4	1	4	4	512	7460	9655	17423	2699	1296440	394928	5	0	0	100.0	0.000
run2_A_sweep	pool	off	warm	sweep	16384	16384	4	1	5	0	512	2550	3004	4592	3454	537813	952004	5	0	0	0.0	0.000
run2_A_sweep	pool_ringloop	off	warm	sweep	16384	16384	4	1	5	1	512	2032	2332	3172	2571	1252574	408758	5	0	0	0.0	0.000
run2_A_sweep	hybrid	off	warm	sweep	16384	16384	4	1	5	2	512	2212	2414	2671	3014	1423355	359713	5	0	0	0.0	0.000
run2_A_sweep	uring	off	warm	sweep	16384	16384	4	1	5	3	512	21021	22139	33637	6947	3025926	169204	5	0	0	100.0	0.000
run2_A_sweep	pooled_pread	off	warm	sweep	16384	16384	4	1	5	4	512	29148	97326	249858	28708	5736230	89257	22	0	0	100.0	0.000
run2_A_sweep	pool	off	warm	sweep	16384	16384	8	1	0	0	512	2537	2814	3288	3241	596264	858680	5	0	0	0.0	0.000
run2_A_sweep	pool_ringloop	off	warm	sweep	16384	16384	8	1	0	1	512	1985	2298	2738	2493	1209413	423346	5	0	0	0.0	0.000
run2_A_sweep	hybrid	off	warm	sweep	16384	16384	8	1	0	2	512	2117	2496	3328	3048	1476407	346788	5	0	0	0.0	0.000
run2_A_sweep	uring	off	warm	sweep	16384	16384	8	1	0	3	512	18154	31743	109342	3569	1658227	308764	5	0	0	100.0	0.000
run2_A_sweep	pooled_pread	off	warm	sweep	16384	16384	8	1	0	4	512	28211	265631	645833	31261	5859475	87380	49	0	0	100.0	0.000
run2_A_sweep	pool_ringloop	off	warm	sweep	16384	16384	8	1	1	0	512	2079	2409	2805	2657	1271264	402749	5	0	0	0.0	0.000
run2_A_sweep	hybrid	off	warm	sweep	16384	16384	8	1	1	1	512	2100	2446	7700	3062	1483994	345015	5	0	0	0.0	0.000
run2_A_sweep	uring	off	warm	sweep	16384	16384	8	1	1	2	512	28208	33638	73630	4906	2179702	234894	5	0	0	100.0	0.000
run2_A_sweep	pooled_pread	off	warm	sweep	16384	16384	8	1	1	3	512	40008	231024	509915	32048	5536019	92485	34	0	0	100.0	0.000
run2_A_sweep	pool	off	warm	sweep	16384	16384	8	1	1	4	512	2763	3198	6078	3841	581305	880777	5	0	0	0.0	0.000
run2_A_sweep	hybrid	off	warm	sweep	16384	16384	8	1	2	0	512	2195	2517	2913	3251	1533401	333898	5	0	0	0.0	0.000
run2_A_sweep	uring	off	warm	sweep	16384	16384	8	1	2	1	512	30054	35490	118261	5239	2373313	215732	5	0	0	100.0	0.000
run2_A_sweep	pooled_pread	off	warm	sweep	16384	16384	8	1	2	2	512	35456	252259	806947	33826	6294012	81347	55	0	0	100.0	0.000
run2_A_sweep	pool	off	warm	sweep	16384	16384	8	1	2	3	512	2577	2866	4235	3430	647494	790741	5	0	0	0.0	0.000
run2_A_sweep	pool_ringloop	off	warm	sweep	16384	16384	8	1	2	4	512	2230	2493	3349	2852	1369832	373768	5	0	0	0.0	0.000
run2_A_sweep	uring	off	warm	sweep	16384	16384	8	1	3	0	512	29371	38088	59625	5268	2348127	218046	5	0	0	100.0	0.000
run2_A_sweep	pooled_pread	off	warm	sweep	16384	16384	8	1	3	1	512	33545	222269	639544	31398	5777006	88627	45	0	0	100.0	0.000
run2_A_sweep	pool	off	warm	sweep	16384	16384	8	1	3	2	512	2446	2839	5054	3267	860748	594831	5	0	0	0.0	0.000
run2_A_sweep	pool_ringloop	off	warm	sweep	16384	16384	8	1	3	3	512	1940	2260	2568	2487	1215269	421306	5	0	0	0.0	0.000
run2_A_sweep	hybrid	off	warm	sweep	16384	16384	8	1	3	4	512	2160	2392	3247	3145	1515200	337909	5	0	0	0.0	0.000
run2_A_sweep	pooled_pread	off	warm	sweep	16384	16384	8	1	4	0	512	25277	237325	1046885	29254	5879012	87089	43	0	0	100.0	0.000
run2_A_sweep	pool	off	warm	sweep	16384	16384	8	1	4	1	512	2514	2770	4179	3250	487019	1051294	5	0	0	0.0	0.000
run2_A_sweep	pool_ringloop	off	warm	sweep	16384	16384	8	1	4	2	512	1981	2291	2652	2698	1311492	390395	5	0	0	0.0	0.000
run2_A_sweep	hybrid	off	warm	sweep	16384	16384	8	1	4	3	512	2161	2384	3177	3005	1451512	352736	5	0	0	0.0	0.000
run2_A_sweep	uring	off	warm	sweep	16384	16384	8	1	4	4	512	47525	74445	150840	7941	3643141	140538	5	0	0	100.0	0.000
run2_A_sweep	pool	off	warm	sweep	16384	16384	8	1	5	0	512	2603	2917	3221	3581	679350	753662	5	0	0	0.0	0.000
run2_A_sweep	pool_ringloop	off	warm	sweep	16384	16384	8	1	5	1	512	2071	2387	3381	2619	1276513	401093	5	0	0	0.0	0.000
run2_A_sweep	hybrid	off	warm	sweep	16384	16384	8	1	5	2	512	2075	2394	4138	2916	1407486	363769	5	0	0	0.0	0.000
run2_A_sweep	uring	off	warm	sweep	16384	16384	8	1	5	3	512	27193	36930	89369	5059	2195212	233235	5	0	0	100.0	0.000
run2_A_sweep	pooled_pread	off	warm	sweep	16384	16384	8	1	5	4	512	30988	112717	486885	24778	4000315	127990	28	0	0	100.0	0.000
run2_A_sweep	pool	off	warm	sweep	16384	16384	16	1	0	0	512	2476	2735	4214	3233	489701	1045536	5	0	0	0.0	0.000
run2_A_sweep	pool_ringloop	off	warm	sweep	16384	16384	16	1	0	1	512	1960	2307	3152	2760	1358002	377024	5	0	0	0.0	0.000
run2_A_sweep	hybrid	off	warm	sweep	16384	16384	16	1	0	2	512	1994	2274	4053	3266	1563264	327520	5	0	0	0.0	0.000
run2_A_sweep	uring	off	warm	sweep	16384	16384	16	1	0	3	512	45236	57330	93995	4328	1948749	262733	5	0	0	100.0	0.000
run2_A_sweep	pooled_pread	off	warm	sweep	16384	16384	16	1	0	4	512	75109	299690	843334	27512	4707176	108770	27	0	0	100.0	0.000
run2_A_sweep	pool_ringloop	off	warm	sweep	16384	16384	16	1	1	0	512	2015	2347	3235	2818	1371697	373260	5	0	0	0.0	0.000
run2_A_sweep	hybrid	off	warm	sweep	16384	16384	16	1	1	1	512	2120	2414	3330	2979	1448132	353559	5	0	0	0.0	0.000
run2_A_sweep	uring	off	warm	sweep	16384	16384	16	1	1	2	512	45201	47708	63617	4056	1810973	282721	5	0	0	100.0	0.000
run2_A_sweep	pooled_pread	off	warm	sweep	16384	16384	16	1	1	3	512	76193	499833	1138765	32993	5973809	85707	62	0	0	100.0	0.000
run2_A_sweep	pool	off	warm	sweep	16384	16384	16	1	1	4	512	2806	3185	3536	3705	539628	948802	5	0	0	0.0	0.000
run2_A_sweep	hybrid	off	warm	sweep	16384	16384	16	1	2	0	512	2158	2498	3834	3136	1543248	331768	5	0	0	0.0	0.000
run2_A_sweep	uring	off	warm	sweep	16384	16384	16	1	2	1	512	47253	55592	78795	4030	1863762	274713	5	0	0	100.0	0.000
run2_A_sweep	pooled_pread	off	warm	sweep	16384	16384	16	1	2	2	512	66659	428323	1151215	31024	5893049	86882	51	0	0	100.0	0.000
run2_A_sweep	pool	off	warm	sweep	16384	16384	16	1	2	3	512	2469	2766	5170	3574	812856	629878	5	0	0	0.0	0.000
run2_A_sweep	pool_ringloop	off	warm	sweep	16384	16384	16	1	2	4	512	2019	2339	2916	2934	1336515	383086	5	0	0	0.0	0.000
run2_A_sweep	uring	off	warm	sweep	16384	16384	16	1	3	0	512	45541	51570	76656	4091	1886798	271359	5	0	0	100.0	0.000
run2_A_sweep	pooled_pread	off	warm	sweep	16384	16384	16	1	3	1	512	61192	430549	1032542	29999	5396705	94873	51	0	0	100.0	0.000
run2_A_sweep	pool	off	warm	sweep	16384	16384	16	1	3	2	512	2523	2812	5025	3308	866169	591109	5	0	0	0.0	0.000
run2_A_sweep	pool_ringloop	off	warm	sweep	16384	16384	16	1	3	3	512	2007	2352	2852	2707	1303949	392653	5	0	0	0.0	0.000
run2_A_sweep	hybrid	off	warm	sweep	16384	16384	16	1	3	4	512	2180	2471	2955	3231	1537324	333046	5	0	0	0.0	0.000
run2_A_sweep	pooled_pread	off	warm	sweep	16384	16384	16	1	4	0	512	88622	694507	1300275	41093	7979560	64164	73	0	0	100.0	0.000
run2_A_sweep	pool	off	warm	sweep	16384	16384	16	1	4	1	512	3249	3736	5894	4275	817743	626114	5	0	0	0.0	0.000
run2_A_sweep	pool_ringloop	off	warm	sweep	16384	16384	16	1	4	2	512	2373	2762	3158	3124	1515049	337943	5	0	0	0.0	0.000
run2_A_sweep	hybrid	off	warm	sweep	16384	16384	16	1	4	3	512	2226	2610	3499	3338	1587733	322472	5	0	0	0.0	0.000
run2_A_sweep	uring	off	warm	sweep	16384	16384	16	1	4	4	512	49208	53057	78404	4415	2021425	253287	5	0	0	100.0	0.000
run2_A_sweep	pool	off	warm	sweep	16384	16384	16	1	5	0	512	2569	2929	33014	3983	616553	830423	5	0	0	0.0	0.000
run2_A_sweep	pool_ringloop	off	warm	sweep	16384	16384	16	1	5	1	512	2084	2390	2737	2708	1317705	388554	5	0	0	0.0	0.000
run2_A_sweep	hybrid	off	warm	sweep	16384	16384	16	1	5	2	512	2187	2503	2800	3013	1498259	341730	5	0	0	0.0	0.000
run2_A_sweep	uring	off	warm	sweep	16384	16384	16	1	5	3	512	50235	61388	74614	4301	1996990	256386	5	0	0	100.0	0.000
run2_A_sweep	pooled_pread	off	warm	sweep	16384	16384	16	1	5	4	512	47005	505041	1375172	28685	5635803	90848	62	0	0	100.0	0.000
run2_A_sweep	pool	off	warm	sweep	16384	16384	32	1	0	0	512	2631	3023	33138	4090	630906	811531	5	0	0	0.0	0.000
run2_A_sweep	pool_ringloop	off	warm	sweep	16384	16384	32	1	0	1	512	2105	2494	2797	3274	1587603	322499	5	0	0	0.0	0.000
run2_A_sweep	hybrid	off	warm	sweep	16384	16384	32	1	0	2	512	2358	2635	4901	3769	1834253	279133	5	0	0	0.0	0.000
run2_A_sweep	uring	off	warm	sweep	16384	16384	32	1	0	3	512	66669	112744	115741	3719	1745400	293343	5	0	0	100.0	0.000
run2_A_sweep	pooled_pread	off	warm	sweep	16384	16384	32	1	0	4	512	198853	1118583	2722551	38305	7755922	66014	80	0	0	100.0	0.000
run2_A_sweep	pool_ringloop	off	warm	sweep	16384	16384	32	1	1	0	512	2447	2933	3290	3592	1783262	287114	5	0	0	0.0	0.000
run2_A_sweep	hybrid	off	warm	sweep	16384	16384	32	1	1	1	512	2489	2970	3457	3885	1944462	263312	5	0	0	0.0	0.000
run2_A_sweep	uring	off	warm	sweep	16384	16384	32	1	1	2	512	104630	131552	166705	4937	2297593	222842	5	0	0	100.0	0.000
run2_A_sweep	pooled_pread	off	warm	sweep	16384	16384	32	1	1	3	512	114068	923061	1985925	34145	6566707	77969	68	0	0	100.0	0.000
run2_A_sweep	pool	off	warm	sweep	16384	16384	32	1	1	4	512	3047	3517	4114	4162	603492	848396	5	0	0	0.0	0.000
run2_A_sweep	hybrid	off	warm	sweep	16384	16384	32	1	2	0	512	2436	2799	4331	4007	1861147	275099	5	0	0	0.0	0.000
run2_A_sweep	uring	off	warm	sweep	16384	16384	32	1	2	1	512	98302	127006	131165	4459	2156410	237432	5	0	0	100.0	0.000
run2_A_sweep	pooled_pread	off	warm	sweep	16384	16384	32	1	2	2	512	178710	1012792	1803354	37246	7056096	72561	71	0	0	100.0	0.000
run2_A_sweep	pool	off	warm	sweep	16384	16384	32	1	2	3	512	2919	3407	6187	4635	717124	713963	5	0	0	0.0	0.000
run2_A_sweep	pool_ringloop	off	warm	sweep	16384	16384	32	1	2	4	512	2399	3143	5937	3573	1702051	300814	5	0	0	0.0	0.000
run2_A_sweep	uring	off	warm	sweep	16384	16384	32	1	3	0	512	97179	128966	136327	4877	2335984	219180	5	0	0	100.0	0.000
run2_A_sweep	pooled_pread	off	warm	sweep	16384	16384	32	1	3	1	512	203520	937590	1763312	38993	7705078	66450	88	0	0	100.0	0.000
run2_A_sweep	pool	off	warm	sweep	16384	16384	32	1	3	2	512	2840	3258	5774	4337	669057	765256	5	0	0	0.0	0.000
run2_A_sweep	pool_ringloop	off	warm	sweep	16384	16384	32	1	3	3	512	2077	2442	2777	3318	1628187	314460	5	0	0	0.0	0.000
run2_A_sweep	hybrid	off	warm	sweep	16384	16384	32	1	3	4	512	2248	2616	4311	3823	1856398	275803	5	0	0	0.0	0.000
run2_A_sweep	pooled_pread	off	warm	sweep	16384	16384	32	1	4	0	512	148071	921307	1777608	32334	6101376	83915	59	0	0	100.0	0.000
run2_A_sweep	pool	off	warm	sweep	16384	16384	32	1	4	1	512	2923	3354	4876	4189	637193	803524	5	0	0	0.0	0.000
run2_A_sweep	pool_ringloop	off	warm	sweep	16384	16384	32	1	4	2	512	2056	2431	6070	3252	1601781	319644	5	0	0	0.0	0.000
run2_A_sweep	hybrid	off	warm	sweep	16384	16384	32	1	4	3	512	2728	3102	4021	4215	2053075	249382	5	0	0	0.0	0.000
run2_A_sweep	uring	off	warm	sweep	16384	16384	32	1	4	4	512	93815	122105	124229	4634	2212421	231421	5	0	0	100.0	0.000
run2_A_sweep	pool	off	warm	sweep	16384	16384	32	1	5	0	512	2516	2801	4760	3597	657801	778351	5	0	0	0.0	0.000
run2_A_sweep	pool_ringloop	off	warm	sweep	16384	16384	32	1	5	1	512	2025	2347	3035	3364	1642949	311635	5	0	0	0.0	0.000
run2_A_sweep	hybrid	off	warm	sweep	16384	16384	32	1	5	2	512	2151	2457	2847	3555	1760423	290839	5	0	0	0.0	0.000
run2_A_sweep	uring	off	warm	sweep	16384	16384	32	1	5	3	512	89553	119346	121931	4261	2032493	251907	5	0	0	100.0	0.000
run2_A_sweep	pooled_pread	off	warm	sweep	16384	16384	32	1	5	4	512	157975	843199	1460342	31609	5871173	87206	56	0	0	100.0	0.000
run2_A_sweep	pool	off	warm	sweep	16384	16384	64	1	0	0	512	2692	3095	8927	4120	610146	839143	5	0	0	0.0	0.000
run2_A_sweep	pool_ringloop	off	warm	sweep	16384	16384	64	1	0	1	512	2000	2298	2917	3718	1798991	284604	5	0	0	0.0	0.000
run2_A_sweep	hybrid	off	warm	sweep	16384	16384	64	1	0	2	512	2207	2612	5937	4419	2097551	244094	5	0	0	0.0	0.000
run2_A_sweep	uring	off	warm	sweep	16384	16384	64	1	0	3	512	184726	241880	243478	5450	2636207	194218	5	0	0	100.0	0.000
run2_A_sweep	pooled_pread	off	warm	sweep	16384	16384	64	1	0	4	512	340202	1218361	1812629	36324	6943138	73742	69	0	0	100.0	0.000
run2_A_sweep	pool_ringloop	off	warm	sweep	16384	16384	64	1	1	0	512	2177	2677	3110	4257	2119500	241566	5	0	0	0.0	0.000
run2_A_sweep	hybrid	off	warm	sweep	16384	16384	64	1	1	1	512	2295	2813	3390	4443	2188853	233912	5	0	0	0.0	0.000
run2_A_sweep	uring	off	warm	sweep	16384	16384	64	1	1	2	512	185663	248171	249767	5405	2640555	193899	5	0	0	100.0	0.000
run2_A_sweep	pooled_pread	off	warm	sweep	16384	16384	64	1	1	3	512	583364	1500194	2574261	39849	7843694	65275	84	0	0	100.0	0.000
run2_A_sweep	pool	off	warm	sweep	16384	16384	64	1	1	4	512	2676	2997	3560	3824	586462	873032	5	0	0	0.0	0.000
run2_A_sweep	hybrid	off	warm	sweep	16384	16384	64	1	2	0	512	2430	2978	3743	4671	2281556	224408	5	0	0	0.0	0.000
run2_A_sweep	uring	off	warm	sweep	16384	16384	64	1	2	1	512	232411	305837	307775	6341	3028573	169057	5	0	0	100.0	0.000
run2_A_sweep	pooled_pread	off	warm	sweep	16384	16384	64	1	2	2	512	315713	925914	2396206	32455	5745205	89118	51	0	0	100.0	0.000
run2_A_sweep	pool	off	warm	sweep	16384	16384	64	1	2	3	512	2792	3355	5163	4084	626796	816853	5	0	0	0.0	0.000
run2_A_sweep	pool_ringloop	off	warm	sweep	16384	16384	64	1	2	4	512	2100	2394	2956	3656	1805980	283503	5	0	0	0.0	0.000
run2_A_sweep	uring	off	warm	sweep	16384	16384	64	1	3	0	512	184642	230773	232413	5085	2489643	205652	5	0	0	100.0	0.000
run2_A_sweep	pooled_pread	off	warm	sweep	16384	16384	64	1	3	1	512	257840	941807	1877627	28548	4891138	104679	35	0	0	100.0	0.000
run2_A_sweep	pool	off	warm	sweep	16384	16384	64	1	3	2	512	2670	3296	4759	4137	640027	799966	5	0	0	0.0	0.000
run2_A_sweep	pool_ringloop	off	warm	sweep	16384	16384	64	1	3	3	512	2020	2419	10297	4129	2065977	247825	5	0	0	0.0	0.000
run2_A_sweep	hybrid	off	warm	sweep	16384	16384	64	1	3	4	512	2484	2928	5269	4747	2366995	216308	5	0	0	0.0	0.000
run2_A_sweep	pooled_pread	off	warm	sweep	16384	16384	64	1	4	0	512	366501	1220899	2545120	32500	5577809	91792	47	0	0	100.0	0.000
run2_A_sweep	pool	off	warm	sweep	16384	16384	64	1	4	1	512	2641	2990	9954	4028	604337	847209	5	0	0	0.0	0.000
run2_A_sweep	pool_ringloop	off	warm	sweep	16384	16384	64	1	4	2	512	2141	2471	2990	4045	2005442	255305	5	0	0	0.0	0.000
run2_A_sweep	hybrid	off	warm	sweep	16384	16384	64	1	4	3	512	2291	2697	4064	4618	2284523	224117	5	0	0	0.0	0.000
run2_A_sweep	uring	off	warm	sweep	16384	16384	64	1	4	4	512	182156	242095	243829	5254	2591029	197605	5	0	0	100.0	0.000
run2_A_sweep	pool	off	warm	sweep	16384	16384	64	1	5	0	512	2528	2867	28141	4334	646445	792024	5	0	0	0.0	0.000
run2_A_sweep	pool_ringloop	off	warm	sweep	16384	16384	64	1	5	1	512	2146	2394	2766	4098	2043246	250582	5	0	0	0.0	0.000
run2_A_sweep	hybrid	off	warm	sweep	16384	16384	64	1	5	2	512	2453	3022	7864	4744	2346745	218175	5	0	0	0.0	0.000
run2_A_sweep	uring	off	warm	sweep	16384	16384	64	1	5	3	512	186063	232330	233949	5181	2513572	203694	5	0	0	100.0	0.000
run2_A_sweep	pooled_pread	off	warm	sweep	16384	16384	64	1	5	4	512	353911	1331006	2243491	36906	7201498	71096	70	0	0	100.0	0.000
run2_C_readers	pool	off	cold	stride	16384	250000	1	1	0	0	512	96661	119814	656335	79056	54992330	9310	6	0	0	87.5	0.000
run2_C_readers	pool_ringloop	off	cold	stride	16384	250000	1	1	0	1	512	96077	124579	612529	84570	52361039	9778	7	0	0	88.1	0.000
run2_C_readers	hybrid	off	cold	stride	16384	250000	1	1	0	2	512	68006	80207	721732	37241	37909610	13506	5	0	0	87.7	0.000
run2_C_readers	uring	off	cold	stride	16384	250000	1	1	0	3	512	68141	78357	430365	35626	37083819	13807	5	0	0	100.0	0.000
run2_C_readers	pool_ringloop	off	cold	stride	16384	250000	1	1	1	0	512	94610	116228	589089	79261	50529638	10133	6	0	0	87.9	0.000
run2_C_readers	hybrid	off	cold	stride	16384	250000	1	1	1	1	512	79422	103031	362185	46938	44245968	11572	5	0	0	87.7	0.000
run2_C_readers	uring	off	cold	stride	16384	250000	1	1	1	2	512	67233	93732	585972	41722	38319866	13361	5	0	0	100.0	0.000
run2_C_readers	pool	off	cold	stride	16384	250000	1	1	1	3	512	92979	111647	693192	77413	51067987	10026	6	0	0	88.3	0.000
run2_C_readers	hybrid	off	cold	stride	16384	250000	1	1	2	0	512	67315	80083	377201	37219	36101160	14182	5	0	0	87.9	0.000
run2_C_readers	uring	off	cold	stride	16384	250000	1	1	2	1	512	68032	78961	225762	35596	36873268	13885	5	0	0	100.0	0.000
run2_C_readers	pool	off	cold	stride	16384	250000	1	1	2	2	512	104425	121652	534439	96866	53268936	9612	6	0	0	87.9	0.000
run2_C_readers	pool_ringloop	off	cold	stride	16384	250000	1	1	2	3	512	99295	130358	852314	92334	54906046	9325	6	0	0	88.1	0.000
run2_C_readers	uring	off	cold	stride	16384	250000	1	1	3	0	512	66225	81061	412766	37331	36983123	13844	5	0	0	100.0	0.000
run2_C_readers	pool	off	cold	stride	16384	250000	1	1	3	1	512	94684	115931	727015	78032	50151548	10209	6	0	0	88.3	0.000
run2_C_readers	pool_ringloop	off	cold	stride	16384	250000	1	1	3	2	512	92557	113797	686986	79796	49208430	10405	6	0	0	88.1	0.000
run2_C_readers	hybrid	off	cold	stride	16384	250000	1	1	3	3	512	66269	79488	733502	36904	37387403	13694	5	0	0	88.1	0.000
run2_C_readers	pool	off	cold	stride	16384	250000	1	1	4	0	512	97548	128076	640052	84918	51854790	9874	7	0	0	87.9	0.000
run2_C_readers	pool_ringloop	off	cold	stride	16384	250000	1	1	4	1	512	94728	122059	322368	80632	49589419	10325	7	0	0	87.9	0.000
run2_C_readers	hybrid	off	cold	stride	16384	250000	1	1	4	2	512	65477	86912	331118	41151	37352517	13707	5	0	0	87.9	0.000
run2_C_readers	uring	off	cold	stride	16384	250000	1	1	4	3	512	68535	84576	722325	36481	38612660	13260	5	0	0	100.0	0.000
run2_C_readers	pool_ringloop	off	cold	stride	16384	250000	1	1	5	0	512	106813	125868	631922	87496	54295443	9430	6	0	0	88.1	0.000
run2_C_readers	hybrid	off	cold	stride	16384	250000	1	1	5	1	512	65544	89402	338688	38867	37648551	13599	5	0	0	87.9	0.000
run2_C_readers	uring	off	cold	stride	16384	250000	1	1	5	2	512	66957	80645	237946	37023	37185441	13769	5	0	0	100.0	0.000
run2_C_readers	pool	off	cold	stride	16384	250000	1	1	5	3	512	94501	119811	511227	80739	49921673	10256	6	0	0	87.7	0.000
run2_C_readers	pool	off	cold	stride	16384	250000	4	1	0	0	512	153817	242897	931273	61568	23332007	21944	12	0	0	91.0	0.000
run2_C_readers	pool_ringloop	off	cold	stride	16384	250000	4	1	0	1	512	169551	307030	814184	77250	25665589	19949	11	0	0	90.6	0.000
run2_C_readers	hybrid	off	cold	stride	16384	250000	4	1	0	2	512	92061	135144	737362	20070	19963076	25647	5	0	0	88.9	0.000
run2_C_readers	uring	off	cold	stride	16384	250000	4	1	0	3	512	128850	233080	747889	16647	20516983	24955	5	0	0	100.0	0.000
run2_C_readers	pool_ringloop	off	cold	stride	16384	250000	4	1	1	0	512	163831	272677	797689	74513	24410225	20975	12	0	0	91.4	0.000
run2_C_readers	hybrid	off	cold	stride	16384	250000	4	1	1	1	512	91068	162981	700867	21622	20250914	25283	5	0	0	89.6	0.000
run2_C_readers	uring	off	cold	stride	16384	250000	4	1	1	2	512	127669	170880	699674	15218	19592171	26133	5	0	0	100.0	0.000
run2_C_readers	pool	off	cold	stride	16384	250000	4	1	1	3	512	147961	235814	756646	59994	21936062	23341	13	0	0	91.2	0.000
run2_C_readers	hybrid	off	cold	stride	16384	250000	4	1	2	0	512	97213	150361	705531	17973	19878435	25757	5	0	0	90.6	0.000
run2_C_readers	uring	off	cold	stride	16384	250000	4	1	2	1	512	129572	169651	699671	15547	20123354	25443	5	0	0	100.0	0.000
run2_C_readers	pool	off	cold	stride	16384	250000	4	1	2	2	512	152183	221588	768460	62419	22941165	22318	11	0	0	91.4	0.000
run2_C_readers	pool_ringloop	off	cold	stride	16384	250000	4	1	2	3	512	162317	269494	737717	71401	24368214	21011	11	0	0	91.0	0.000
run2_C_readers	uring	off	cold	stride	16384	250000	4	1	3	0	512	132095	163226	711613	15395	20051419	25534	5	0	0	100.0	0.000
run2_C_readers	pool	off	cold	stride	16384	250000	4	1	3	1	512	159814	252180	949233	65738	24599418	20814	12	0	0	91.6	0.000
run2_C_readers	pool_ringloop	off	cold	stride	16384	250000	4	1	3	2	512	164090	266623	850366	71381	24873653	20584	12	0	0	91.2	0.000
run2_C_readers	hybrid	off	cold	stride	16384	250000	4	1	3	3	512	93542	133220	744438	17907	19263110	26579	5	0	0	89.8	0.000
run2_C_readers	pool	off	cold	stride	16384	250000	4	1	4	0	512	150433	218010	716224	59873	21913861	23364	12	0	0	91.4	0.000
run2_C_readers	pool_ringloop	off	cold	stride	16384	250000	4	1	4	1	512	158644	301306	903800	73082	24861828	20594	13	0	0	90.6	0.000
run2_C_readers	hybrid	off	cold	stride	16384	250000	4	1	4	2	512	93604	128002	866391	17406	19365872	26438	5	0	0	90.0	0.000
run2_C_readers	uring	off	cold	stride	16384	250000	4	1	4	3	512	142433	246227	828014	17774	22447135	22809	5	0	0	100.0	0.000
run2_C_readers	pool_ringloop	off	cold	stride	16384	250000	4	1	5	0	512	164014	291895	903889	71768	25993456	19697	11	0	0	91.6	0.000
run2_C_readers	hybrid	off	cold	stride	16384	250000	4	1	5	1	512	92968	126786	761078	17248	19096842	26811	5	0	0	89.8	0.000
run2_C_readers	uring	off	cold	stride	16384	250000	4	1	5	2	512	138008	180119	715397	15705	20701037	24733	5	0	0	100.0	0.000
run2_C_readers	pool	off	cold	stride	16384	250000	4	1	5	3	512	168322	248682	820347	61853	24401513	20982	13	0	0	91.6	0.000
run2_C_readers	pool	off	cold	stride	16384	250000	1	4	0	0	2048	142173	214071	590132	41464	59430398	34460	12	0	0	59.9	0.000
run2_C_readers	pool_ringloop	off	cold	stride	16384	250000	1	4	0	1	2048	140920	209434	777060	44989	60420567	33896	11	0	0	60.1	0.000
run2_C_readers	hybrid	off	cold	stride	16384	250000	1	4	0	2	2048	106004	219955	750175	34682	57311167	35735	5	0	0	59.9	0.000
run2_C_readers	uring	off	cold	stride	16384	250000	1	4	0	3	2048	112346	209675	543742	34154	57518167	35606	5	0	0	100.0	0.000
run2_C_readers	pool_ringloop	off	cold	stride	16384	250000	1	4	1	0	2048	140659	213369	752878	43317	61047964	33547	13	0	0	60.0	0.000
run2_C_readers	hybrid	off	cold	stride	16384	250000	1	4	1	1	2048	114935	216735	601254	34499	58031391	35291	5	0	0	60.6	0.000
run2_C_readers	uring	off	cold	stride	16384	250000	1	4	1	2	2048	119496	225429	793708	37284	62720623	32653	5	0	0	100.0	0.000
run2_C_readers	pool	off	cold	stride	16384	250000	1	4	1	3	2048	122901	210670	905140	42653	59345681	34510	12	0	0	60.1	0.000
run2_C_readers	hybrid	off	cold	stride	16384	250000	1	4	2	0	2048	109940	212419	499655	34091	56356381	36340	5	0	0	60.1	0.000
run2_C_readers	uring	off	cold	stride	16384	250000	1	4	2	1	2048	114674	219488	464961	33675	58367833	35088	5	0	0	100.0	0.000
run2_C_readers	pool	off	cold	stride	16384	250000	1	4	2	2	2048	136307	210159	579604	40910	58690198	34895	12	0	0	60.1	0.000
run2_C_readers	pool_ringloop	off	cold	stride	16384	250000	1	4	2	3	2048	136901	230468	616034	47526	63603408	32200	11	0	0	60.7	0.000
run2_C_readers	uring	off	cold	stride	16384	250000	1	4	3	0	2048	111012	210031	614415	34724	57510859	35611	5	0	0	100.0	0.000
run2_C_readers	pool	off	cold	stride	16384	250000	1	4	3	1	2048	139989	204030	764473	40434	58872143	34787	13	0	0	60.2	0.000
run2_C_readers	pool_ringloop	off	cold	stride	16384	250000	1	4	3	2	2048	133596	198607	776848	41499	57644025	35528	11	0	0	60.3	0.000
run2_C_readers	hybrid	off	cold	stride	16384	250000	1	4	3	3	2048	111507	208269	741959	33112	56314838	36367	5	0	0	60.4	0.000
run2_C_readers	pool	off	cold	stride	16384	250000	1	4	4	0	2048	129156	211414	865818	42474	60956144	33598	12	0	0	60.5	0.000
run2_C_readers	pool_ringloop	off	cold	stride	16384	250000	1	4	4	1	2048	136035	201268	852177	42595	60715897	33731	11	0	0	60.1	0.000
run2_C_readers	hybrid	off	cold	stride	16384	250000	1	4	4	2	2048	110967	204941	742579	32465	54082645	37868	5	0	0	60.2	0.000
run2_C_readers	uring	off	cold	stride	16384	250000	1	4	4	3	2048	114390	221029	372354	36059	58173793	35205	5	0	0	100.0	0.000
run2_C_readers	pool_ringloop	off	cold	stride	16384	250000	1	4	5	0	2048	150813	263660	915297	49463	70415073	29085	11	0	0	60.1	0.000
run2_C_readers	hybrid	off	cold	stride	16384	250000	1	4	5	1	2048	110838	207645	561984	32295	55703410	36766	5	0	0	60.2	0.000
run2_C_readers	uring	off	cold	stride	16384	250000	1	4	5	2	2048	111825	216221	597775	35924	58776600	34844	5	0	0	100.0	0.000
run2_C_readers	pool	off	cold	stride	16384	250000	1	4	5	3	2048	138262	218621	586663	42881	61409511	33350	13	0	0	60.2	0.000
run2_C_readers	pool	off	cold	stride	16384	250000	4	4	0	0	2048	326086	654459	2032517	33331	42203280	48527	32	0	0	60.5	0.000
run2_C_readers	pool_ringloop	off	cold	stride	16384	250000	4	4	0	1	2048	279791	619952	2186559	35487	39979251	51227	26	0	0	60.1	0.000
run2_C_readers	hybrid	off	cold	stride	16384	250000	4	4	0	2	2048	309579	499199	1562085	18068	38402050	53330	5	0	0	60.8	0.000
run2_C_readers	uring	off	cold	stride	16384	250000	4	4	0	3	2048	356030	602440	2024682	17484	42623346	48049	5	0	0	100.0	0.000
run2_C_readers	pool_ringloop	off	cold	stride	16384	250000	4	4	1	0	2048	335069	653446	2242895	35725	43986511	46560	33	0	0	60.4	0.000
run2_C_readers	hybrid	off	cold	stride	16384	250000	4	4	1	1	2048	328002	530018	2298762	18522	41664721	49154	5	0	0	60.7	0.000
run2_C_readers	uring	off	cold	stride	16384	250000	4	4	1	2	2048	374183	580862	2166101	17527	43012190	47614	5	0	0	100.0	0.000
run2_C_readers	pool	off	cold	stride	16384	250000	4	4	1	3	2048	345263	618179	2261984	32563	42647939	48021	29	0	0	60.5	0.000
run2_C_readers	hybrid	off	cold	stride	16384	250000	4	4	2	0	2048	293813	519659	2160063	18549	38940036	52594	5	0	0	60.4	0.000
run2_C_readers	uring	off	cold	stride	16384	250000	4	4	2	1	2048	344649	554260	2277941	18097	41415376	49450	5	0	0	100.0	0.000
run2_C_readers	pool	off	cold	stride	16384	250000	4	4	2	2	2048	296610	633087	1857324	33311	41268384	49626	30	0	0	60.6	0.000
run2_C_readers	pool_ringloop	off	cold	stride	16384	250000	4	4	2	3	2048	299767	643490	2579152	35920	42186373	48546	28	0	0	60.4	0.000
run2_C_readers	uring	off	cold	stride	16384	250000	4	4	3	0	2048	370420	575928	2150010	17470	41406842	49460	5	0	0	100.0	0.000
run2_C_readers	pool	off	cold	stride	16384	250000	4	4	3	1	2048	305896	625934	1689838	34675	40605020	50437	32	0	0	60.4	0.000
run2_C_readers	pool_ringloop	off	cold	stride	16384	250000	4	4	3	2	2048	292620	598618	2246474	34111	41157625	49760	29	0	0	61.3	0.000
run2_C_readers	hybrid	off	cold	stride	16384	250000	4	4	3	3	2048	261609	511152	1962150	19622	37978367	53925	5	0	0	60.9	0.000
run2_C_readers	pool	off	cold	stride	16384	250000	4	4	4	0	2048	336157	628746	2123566	35504	41425368	49438	29	0	0	60.2	0.000
run2_C_readers	pool_ringloop	off	cold	stride	16384	250000	4	4	4	1	2048	322098	725449	2156234	35723	45226750	45283	26	0	0	60.8	0.000
run2_C_readers	hybrid	off	cold	stride	16384	250000	4	4	4	2	2048	309825	537227	2058712	20184	41170397	49744	5	0	0	60.8	0.000
run2_C_readers	uring	off	cold	stride	16384	250000	4	4	4	3	2048	380065	593379	2312849	18742	43224824	47380	5	0	0	100.0	0.000
run2_C_readers	pool_ringloop	off	cold	stride	16384	250000	4	4	5	0	2048	335210	687891	2375415	36413	44465922	46058	29	0	0	60.4	0.000
run2_C_readers	hybrid	off	cold	stride	16384	250000	4	4	5	1	2048	313148	543250	2119664	20428	41413245	49453	5	0	0	60.8	0.000
run2_C_readers	uring	off	cold	stride	16384	250000	4	4	5	2	2048	396272	609685	2122150	18601	44677268	45840	5	0	0	100.0	0.000
run2_C_readers	pool	off	cold	stride	16384	250000	4	4	5	3	2048	341674	637910	2204260	32983	41903016	48875	28	0	0	60.2	0.000
run2_C_readers	pool	off	cold	stride	16384	250000	1	16	0	0	8192	5208	440033	1969536	16597	79497434	103047	28	0	0	16.8	0.000
run2_C_readers	pool_ringloop	off	cold	stride	16384	250000	1	16	0	1	8192	4877	429649	2077892	16558	75949740	107861	28	0	0	16.9	0.000
run2_C_readers	hybrid	off	cold	stride	16384	250000	1	16	0	2	8192	5004	434153	2155388	14000	74889610	109388	5	0	0	17.0	0.000
run2_C_readers	uring	off	cold	stride	16384	250000	1	16	0	3	8192	6332	431019	2490390	14995	82944226	98765	5	0	0	100.0	0.000
run2_C_readers	pool_ringloop	off	cold	stride	16384	250000	1	16	1	0	8192	4935	476557	2567234	16549	83593405	97998	27	0	0	16.7	0.000
run2_C_readers	hybrid	off	cold	stride	16384	250000	1	16	1	1	8192	5672	453641	2345806	14445	83986002	97540	5	0	0	17.0	0.000
run2_C_readers	uring	off	cold	stride	16384	250000	1	16	1	2	8192	6296	473904	2530362	16094	82412390	99403	5	0	0	100.0	0.000
run2_C_readers	pool	off	cold	stride	16384	250000	1	16	1	3	8192	4970	552232	2601932	16801	89834965	91189	27	0	0	17.0	0.000
run2_C_readers	hybrid	off	cold	stride	16384	250000	1	16	2	0	8192	4966	495727	2558318	13566	85054756	96314	5	0	0	16.9	0.000
run2_C_readers	uring	off	cold	stride	16384	250000	1	16	2	1	8192	6469	439998	2200303	15027	82285082	99556	5	0	0	100.0	0.000
run2_C_readers	pool	off	cold	stride	16384	250000	1	16	2	2	8192	4864	464969	2566885	16229	79838644	102607	29	0	0	16.8	0.000
run2_C_readers	pool_ringloop	off	cold	stride	16384	250000	1	16	2	3	8192	5192	447447	2220814	15984	79576895	102944	34	0	0	16.6	0.000
run2_C_readers	uring	off	cold	stride	16384	250000	1	16	3	0	8192	7624	445705	2482702	16830	86216664	95016	5	0	0	100.0	0.000
run2_C_readers	pool	off	cold	stride	16384	250000	1	16	3	1	8192	4921	475359	2547041	17088	83117393	98559	30	0	0	17.1	0.000
run2_C_readers	pool_ringloop	off	cold	stride	16384	250000	1	16	3	2	8192	5123	443439	2258751	16407	83899252	97641	33	0	0	17.0	0.000
run2_C_readers	hybrid	off	cold	stride	16384	250000	1	16	3	3	8192	4772	438631	2522710	13491	75694441	108225	5	0	0	16.7	0.000
run2_C_readers	pool	off	cold	stride	16384	250000	1	16	4	0	8192	5096	451364	2627165	15853	83126106	98549	30	0	0	16.7	0.000
run2_C_readers	pool_ringloop	off	cold	stride	16384	250000	1	16	4	1	8192	4993	486318	2728504	16929	84146405	97354	28	0	0	17.1	0.000
run2_C_readers	hybrid	off	cold	stride	16384	250000	1	16	4	2	8192	4977	446528	2366140	13402	77827304	105259	5	0	0	16.9	0.000
run2_C_readers	uring	off	cold	stride	16384	250000	1	16	4	3	8192	6540	445358	2692280	15187	83213261	98446	5	0	0	100.0	0.000
run2_C_readers	pool_ringloop	off	cold	stride	16384	250000	1	16	5	0	8192	4856	457247	1986766	15919	81025041	101105	27	0	0	16.5	0.000
run2_C_readers	hybrid	off	cold	stride	16384	250000	1	16	5	1	8192	4872	442648	2505675	13256	79164169	103481	5	0	0	16.4	0.000
run2_C_readers	uring	off	cold	stride	16384	250000	1	16	5	2	8192	6243	446296	2681547	14584	81037351	101089	5	0	0	100.0	0.000
run2_C_readers	pool	off	cold	stride	16384	250000	1	16	5	3	8192	5190	455951	2678851	16643	83309335	98332	27	0	0	16.5	0.000
run2_C_readers	pool	off	cold	stride	16384	250000	4	16	0	0	8192	5673	1621640	11919171	18418	78622976	104193	78	0	0	17.9	0.000
run2_C_readers	pool_ringloop	off	cold	stride	16384	250000	4	16	0	1	8192	5317	1568279	7533708	18226	73637368	111248	82	0	0	18.3	0.000
run2_C_readers	hybrid	off	cold	stride	16384	250000	4	16	0	2	8192	5710	1566523	5524572	14397	88614270	92446	5	0	0	17.2	0.000
run2_C_readers	uring	off	cold	stride	16384	250000	4	16	0	3	8192	20039	1637577	7793752	13788	78048501	104960	5	0	0	100.0	0.000
run2_C_readers	pool_ringloop	off	cold	stride	16384	250000	4	16	1	0	8192	5356	1903073	10139573	18678	81960772	99950	79	0	0	18.4	0.000
run2_C_readers	hybrid	off	cold	stride	16384	250000	4	16	1	1	8192	5370	1405141	4316991	12506	75924194	107897	5	0	0	17.4	0.000
run2_C_readers	uring	off	cold	stride	16384	250000	4	16	1	2	8192	23014	1484124	9596923	12737	75668144	108262	5	0	0	100.0	0.000
run2_C_readers	pool	off	cold	stride	16384	250000	4	16	1	3	8192	5207	1458971	9481817	16573	67077548	122127	87	0	0	18.2	0.000
run2_C_readers	hybrid	off	cold	stride	16384	250000	4	16	2	0	8192	5249	1260575	5142223	12707	70445785	116288	5	0	0	17.2	0.000
run2_C_readers	uring	off	cold	stride	16384	250000	4	16	2	1	8192	21701	1483969	7008194	12547	67896970	120653	5	0	0	100.0	0.000
run2_C_readers	pool	off	cold	stride	16384	250000	4	16	2	2	8192	5073	1545653	9363524	16856	69587408	117722	95	0	0	18.7	0.000
run2_C_readers	pool_ringloop	off	cold	stride	16384	250000	4	16	2	3	8192	5055	1523199	9072072	16315	70749658	115789	86	0	0	18.5	0.000
run2_C_readers	uring	off	cold	stride	16384	250000	4	16	3	0	8192	21604	1426831	8722027	13101	72979253	112251	5	0	0	100.0	0.000
run2_C_readers	pool	off	cold	stride	16384	250000	4	16	3	1	8192	5288	1485665	10270406	16492	72042492	113711	83	0	0	18.4	0.000
run2_C_readers	pool_ringloop	off	cold	stride	16384	250000	4	16	3	2	8192	5106	1518737	11270715	17969	74300954	110254	81	0	0	18.1	0.000
run2_C_readers	hybrid	off	cold	stride	16384	250000	4	16	3	3	8192	5514	1527593	4882829	13236	80389714	101904	5	0	0	17.2	0.000
run2_C_readers	pool	off	cold	stride	16384	250000	4	16	4	0	8192	5429	1814734	10176880	18592	83928818	97607	82	0	0	18.4	0.000
run2_C_readers	pool_ringloop	off	cold	stride	16384	250000	4	16	4	1	8192	5245	1961140	8993035	19939	88133051	92950	82	0	0	18.2	0.000
run2_C_readers	hybrid	off	cold	stride	16384	250000	4	16	4	2	8192	5518	1350152	4774116	13589	77413176	105822	5	0	0	16.7	0.000
run2_C_readers	uring	off	cold	stride	16384	250000	4	16	4	3	8192	22789	1539671	7649791	13446	74569255	109858	5	0	0	100.0	0.000
run2_C_readers	pool_ringloop	off	cold	stride	16384	250000	4	16	5	0	8192	5136	1543223	9610792	17632	72842296	112462	80	0	0	18.4	0.000
run2_C_readers	hybrid	off	cold	stride	16384	250000	4	16	5	1	8192	5247	1333561	5216904	11809	71086338	115240	5	0	0	17.1	0.000
run2_C_readers	uring	off	cold	stride	16384	250000	4	16	5	2	8192	21469	1500042	6421633	13289	72098164	113623	5	0	0	100.0	0.000
run2_C_readers	pool	off	cold	stride	16384	250000	4	16	5	3	8192	5161	1452776	8652908	16436	67302163	121720	76	0	0	18.4	0.000
