label	arm	prefetch	temp	shape	size	stride	depth	readers	repeat	pos	asks	p50_ns	p90_ns	p99_ns	cpu_ns_per_ask	wall_ns	asks_per_s	threads	gap_p99_ns	gap_max_ns	miss_pct	resident_pct
run1_A_stride	pool	off	cold	stride	16384	250000	1	1	0	0	512	212153	2320010	2982556	143770	285345151	1794	10	0	0	90.2	0.000
run1_A_stride	pool_ringloop	off	cold	stride	16384	250000	1	1	0	1	512	173581	251988	360289	57466	91305058	5608	10	0	0	90.6	0.000
run1_A_stride	hybrid	off	cold	stride	16384	250000	1	1	0	2	512	181085	257141	347452	48117	92772172	5519	9	0	0	90.6	0.000
run1_A_stride	uring	off	cold	stride	16384	250000	1	1	0	3	512	188959	268962	380116	50546	95645854	5353	9	0	0	100.0	0.000
run1_A_stride	pooled_pread	off	cold	stride	16384	250000	1	1	0	4	512	189495	266588	429146	63489	99063743	5168	10	0	0	100.0	0.000
run1_A_stride	pool_ringloop	off	cold	stride	16384	250000	1	1	1	0	512	185458	265752	2238770	61799	109675364	4668	10	0	0	89.8	0.000
run1_A_stride	hybrid	off	cold	stride	16384	250000	1	1	1	1	512	170982	231402	572921	44724	90112705	5682	9	0	0	92.0	0.000
run1_A_stride	uring	off	cold	stride	16384	250000	1	1	1	2	512	176186	263580	367768	46294	91610301	5589	9	0	0	100.0	0.000
run1_A_stride	pooled_pread	off	cold	stride	16384	250000	1	1	1	3	512	196842	286365	428373	58091	101731451	5033	10	0	0	100.0	0.000
run1_A_stride	pool	off	cold	stride	16384	250000	1	1	1	4	512	174446	243019	334709	57307	90132136	5681	10	0	0	89.6	0.000
run1_A_stride	hybrid	off	cold	stride	16384	250000	1	1	2	0	512	184847	256439	362996	49027	94076979	5442	9	0	0	90.2	0.000
run1_A_stride	uring	off	cold	stride	16384	250000	1	1	2	1	512	217472	308303	397887	62273	109428525	4679	9	0	0	100.0	0.000
run1_A_stride	pooled_pread	off	cold	stride	16384	250000	1	1	2	2	512	196502	345452	449189	71529	109256387	4686	11	0	0	100.0	0.000
run1_A_stride	pool	off	cold	stride	16384	250000	1	1	2	3	512	187167	261479	381102	60240	96034428	5331	10	0	0	89.8	0.000
run1_A_stride	pool_ringloop	off	cold	stride	16384	250000	1	1	2	4	512	184187	247421	345559	59830	91864699	5573	10	0	0	90.6	0.000
run1_A_stride	uring	off	cold	stride	16384	250000	1	1	3	0	512	185576	259407	383931	48551	94084724	5442	9	0	0	100.0	0.000
run1_A_stride	pooled_pread	off	cold	stride	16384	250000	1	1	3	1	512	248947	735820	896497	140280	173777141	2946	10	0	0	100.0	0.000
run1_A_stride	pool	off	cold	stride	16384	250000	1	1	3	2	512	186853	258994	345512	61759	94953881	5392	10	0	0	89.5	0.000
run1_A_stride	pool_ringloop	off	cold	stride	16384	250000	1	1	3	3	512	178782	242132	335151	57648	90634477	5649	10	0	0	90.4	0.000
run1_A_stride	hybrid	off	cold	stride	16384	250000	1	1	3	4	512	207048	288936	379092	58565	104860309	4883	9	0	0	90.0	0.000
run1_A_stride	pooled_pread	off	cold	stride	16384	250000	1	1	4	0	512	197837	292973	427063	66038	103430952	4950	11	0	0	100.0	0.000
run1_A_stride	pool	off	cold	stride	16384	250000	1	1	4	1	512	188437	270672	390297	60046	95942054	5337	10	0	0	90.4	0.000
run1_A_stride	pool_ringloop	off	cold	stride	16384	250000	1	1	4	2	512	176359	253052	356879	62231	92058139	5562	10	0	0	90.4	0.000
run1_A_stride	hybrid	off	cold	stride	16384	250000	1	1	4	3	512	182053	249474	348669	45948	92040737	5563	9	0	0	90.2	0.000
run1_A_stride	uring	off	cold	stride	16384	250000	1	1	4	4	512	196522	277230	373524	54153	100200716	5110	9	0	0	100.0	0.000
run1_A_stride	pool	off	cold	stride	16384	250000	1	1	5	0	512	189636	265546	370488	59316	95782597	5345	10	0	0	89.6	0.000
run1_A_stride	pool_ringloop	off	cold	stride	16384	250000	1	1	5	1	512	188763	257404	386035	64302	94447271	5421	11	0	0	90.0	0.000
run1_A_stride	hybrid	off	cold	stride	16384	250000	1	1	5	2	512	201022	346989	422748	64640	112716358	4542	9	0	0	89.3	0.000
run1_A_stride	uring	off	cold	stride	16384	250000	1	1	5	3	512	313532	390806	505277	101167	150873603	3394	9	0	0	100.0	0.000
run1_A_stride	pooled_pread	off	cold	stride	16384	250000	1	1	5	4	512	189074	275416	493986	60001	99693306	5136	11	0	0	100.0	0.000
run1_A_stride	pool	off	cold	stride	16384	250000	2	1	0	0	512	175970	253359	440660	61678	47836253	10703	12	0	0	92.8	0.000
run1_A_stride	pool_ringloop	off	cold	stride	16384	250000	2	1	0	1	512	186922	272548	1664173	66450	57657049	8880	11	0	0	90.8	0.000
run1_A_stride	hybrid	off	cold	stride	16384	250000	2	1	0	2	512	178159	250502	707435	43712	48396680	10579	9	0	0	90.8	0.000
run1_A_stride	uring	off	cold	stride	16384	250000	2	1	0	3	512	172949	239704	704525	42036	46181012	11087	9	0	0	100.0	0.000
run1_A_stride	pooled_pread	off	cold	stride	16384	250000	2	1	0	4	512	190301	265286	842483	58618	51334981	9974	12	0	0	100.0	0.000
run1_A_stride	pool_ringloop	off	cold	stride	16384	250000	2	1	1	0	512	174045	246460	777636	60421	47063685	10879	12	0	0	91.0	0.000
run1_A_stride	hybrid	off	cold	stride	16384	250000	2	1	1	1	512	167812	227711	612409	40766	45243034	11317	9	0	0	90.8	0.000
run1_A_stride	uring	off	cold	stride	16384	250000	2	1	1	2	512	170325	237081	746613	39437	45498396	11253	9	0	0	100.0	0.000
run1_A_stride	pooled_pread	off	cold	stride	16384	250000	2	1	1	3	512	193823	261308	862776	67249	52470883	9758	12	0	0	100.0	0.000
run1_A_stride	pool	off	cold	stride	16384	250000	2	1	1	4	512	188125	256565	762451	68702	49416731	10361	12	0	0	91.0	0.000
run1_A_stride	hybrid	off	cold	stride	16384	250000	2	1	2	0	512	167196	222708	692318	40390	45506661	11251	9	0	0	90.8	0.000
run1_A_stride	uring	off	cold	stride	16384	250000	2	1	2	1	512	175024	243601	660360	41225	46506577	11009	9	0	0	100.0	0.000
run1_A_stride	pooled_pread	off	cold	stride	16384	250000	2	1	2	2	512	191742	271605	687583	60445	51955341	9855	14	0	0	100.0	0.000
run1_A_stride	pool	off	cold	stride	16384	250000	2	1	2	3	512	180930	250201	359833	61295	48013658	10664	12	0	0	92.8	0.000
run1_A_stride	pool_ringloop	off	cold	stride	16384	250000	2	1	2	4	512	181397	248796	842265	62047	48367419	10586	12	0	0	90.8	0.000
run1_A_stride	uring	off	cold	stride	16384	250000	2	1	3	0	512	179963	265692	818960	43566	48846246	10482	9	0	0	100.0	0.000
run1_A_stride	pooled_pread	off	cold	stride	16384	250000	2	1	3	1	512	193192	273732	692040	63407	52877813	9683	14	0	0	100.0	0.000
run1_A_stride	pool	off	cold	stride	16384	250000	2	1	3	2	512	379511	576279	1079385	189593	97148029	5270	12	0	0	92.0	0.000
run1_A_stride	pool_ringloop	off	cold	stride	16384	250000	2	1	3	3	512	406621	521128	1159982	215988	104223043	4913	12	0	0	90.0	0.000
run1_A_stride	hybrid	off	cold	stride	16384	250000	2	1	3	4	512	254110	325064	801916	76261	67175490	7622	9	0	0	90.0	0.000
run1_A_stride	pooled_pread	off	cold	stride	16384	250000	2	1	4	0	512	257269	366732	498730	88226	64984296	7879	12	0	0	100.0	0.000
run1_A_stride	pool	off	cold	stride	16384	250000	2	1	4	1	512	174168	243892	676103	59027	46995112	10895	12	0	0	92.6	0.000
run1_A_stride	pool_ringloop	off	cold	stride	16384	250000	2	1	4	2	512	195348	292957	841166	75057	53764890	9523	12	0	0	90.8	0.000
run1_A_stride	hybrid	off	cold	stride	16384	250000	2	1	4	3	512	184893	246250	794947	46003	49685089	10305	9	0	0	90.6	0.000
run1_A_stride	uring	off	cold	stride	16384	250000	2	1	4	4	512	176963	242339	939097	43425	47256368	10835	9	0	0	100.0	0.000
run1_A_stride	pool	off	cold	stride	16384	250000	2	1	5	0	512	180925	243544	682090	59583	47897286	10690	12	0	0	92.4	0.000
run1_A_stride	pool_ringloop	off	cold	stride	16384	250000	2	1	5	1	512	182619	250208	725257	62470	48199815	10622	12	0	0	91.0	0.000
run1_A_stride	hybrid	off	cold	stride	16384	250000	2	1	5	2	512	174328	239310	928826	39091	47218854	10843	9	0	0	90.8	0.000
run1_A_stride	uring	off	cold	stride	16384	250000	2	1	5	3	512	171908	244887	860516	41990	46114080	11103	9	0	0	100.0	0.000
run1_A_stride	pooled_pread	off	cold	stride	16384	250000	2	1	5	4	512	202974	298002	943616	72942	55800146	9176	15	0	0	100.0	0.000
run1_A_stride	pool	off	cold	stride	16384	250000	4	1	0	0	512	203783	310560	1054552	64974	29003708	17653	18	0	0	91.6	0.000
run1_A_stride	pool_ringloop	off	cold	stride	16384	250000	4	1	0	1	512	201591	278268	1037207	62896	28569103	17921	14	0	0	91.0	0.000
run1_A_stride	hybrid	off	cold	stride	16384	250000	4	1	0	2	512	191906	267401	793504	37123	27354995	18717	9	0	0	90.8	0.000
run1_A_stride	uring	off	cold	stride	16384	250000	4	1	0	3	512	216895	363133	1110424	40458	31404736	16303	9	0	0	100.0	0.000
run1_A_stride	pooled_pread	off	cold	stride	16384	250000	4	1	0	4	512	207868	299782	1023399	66733	30129151	16994	17	0	0	100.0	0.000
run1_A_stride	pool_ringloop	off	cold	stride	16384	250000	4	1	1	0	512	211868	293505	1197823	73196	29556964	17322	14	0	0	90.8	0.000
run1_A_stride	hybrid	off	cold	stride	16384	250000	4	1	1	1	512	198202	273291	769106	39288	27842673	18389	9	0	0	91.0	0.000
run1_A_stride	uring	off	cold	stride	16384	250000	4	1	1	2	512	211076	332234	965138	42141	30283323	16907	9	0	0	100.0	0.000
run1_A_stride	pooled_pread	off	cold	stride	16384	250000	4	1	1	3	512	219683	315147	920645	73901	31222639	16398	17	0	0	100.0	0.000
run1_A_stride	pool	off	cold	stride	16384	250000	4	1	1	4	512	206078	305251	1149906	68467	30823618	16611	13	0	0	93.2	0.000
run1_A_stride	hybrid	off	cold	stride	16384	250000	4	1	2	0	512	202562	278151	916710	41744	28897449	17718	9	0	0	90.8	0.000
run1_A_stride	uring	off	cold	stride	16384	250000	4	1	2	1	512	208943	301917	961280	39348	29177325	17548	9	0	0	100.0	0.000
run1_A_stride	pooled_pread	off	cold	stride	16384	250000	4	1	2	2	512	212165	382456	2397260	63746	39777266	12872	16	0	0	100.0	0.000
run1_A_stride	pool	off	cold	stride	16384	250000	4	1	2	3	512	196278	288396	885223	65110	27683197	18495	15	0	0	93.2	0.000
run1_A_stride	pool_ringloop	off	cold	stride	16384	250000	4	1	2	4	512	204894	283512	1103471	64819	28468531	17985	14	0	0	91.0	0.000
run1_A_stride	uring	off	cold	stride	16384	250000	4	1	3	0	512	194958	280572	991381	36577	27860975	18377	9	0	0	100.0	0.000
run1_A_stride	pooled_pread	off	cold	stride	16384	250000	4	1	3	1	512	205283	295082	972107	62026	28938395	17693	16	0	0	100.0	0.000
run1_A_stride	pool	off	cold	stride	16384	250000	4	1	3	2	512	196077	279613	933940	62008	27303808	18752	14	0	0	93.2	0.000
run1_A_stride	pool_ringloop	off	cold	stride	16384	250000	4	1	3	3	512	228861	361472	1593354	78409	35090510	14591	14	0	0	90.4	0.000
run1_A_stride	hybrid	off	cold	stride	16384	250000	4	1	3	4	512	207049	288247	1002493	43780	29852139	17151	9	0	0	90.8	0.000
run1_A_stride	pooled_pread	off	cold	stride	16384	250000	4	1	4	0	512	215444	313811	909338	69469	30211714	16947	17	0	0	100.0	0.000
run1_A_stride	pool	off	cold	stride	16384	250000	4	1	4	1	512	208468	308228	953961	72569	29169278	17553	15	0	0	93.0	0.000
run1_A_stride	pool_ringloop	off	cold	stride	16384	250000	4	1	4	2	512	210470	294051	1022806	70283	29037560	17632	14	0	0	91.0	0.000
run1_A_stride	hybrid	off	cold	stride	16384	250000	4	1	4	3	512	229696	355457	959324	51168	35870572	14274	9	0	0	90.2	0.000
run1_A_stride	uring	off	cold	stride	16384	250000	4	1	4	4	512	251630	477390	1059740	50875	38371998	13343	9	0	0	100.0	0.000
run1_A_stride	pool	off	cold	stride	16384	250000	4	1	5	0	512	213159	332951	984231	68207	30929040	16554	15	0	0	92.2	0.000
run1_A_stride	pool_ringloop	off	cold	stride	16384	250000	4	1	5	1	512	251190	495227	1357906	78495	41389983	12370	16	0	0	90.6	0.000
run1_A_stride	hybrid	off	cold	stride	16384	250000	4	1	5	2	512	220099	299997	1219671	46920	32568582	15721	9	0	0	90.8	0.000
run1_A_stride	uring	off	cold	stride	16384	250000	4	1	5	3	512	266110	598537	1291851	54647	44549725	11493	9	0	0	100.0	0.000
run1_A_stride	pooled_pread	off	cold	stride	16384	250000	4	1	5	4	512	288085	540407	1520651	86048	45006953	11376	21	0	0	100.0	0.000
run1_A_stride	pool	off	cold	stride	16384	250000	8	1	0	0	512	343628	771918	2177208	77485	29981043	17077	22	0	0	92.0	0.000
run1_A_stride	pool_ringloop	off	cold	stride	16384	250000	8	1	0	1	512	395148	914147	1683339	77823	31946297	16027	22	0	0	91.8	0.000
run1_A_stride	hybrid	off	cold	stride	16384	250000	8	1	0	2	512	332564	530877	1159154	44891	27127444	18874	9	0	0	90.8	0.000
run1_A_stride	uring	off	cold	stride	16384	250000	8	1	0	3	512	391059	654604	1293374	43191	27349928	18720	9	0	0	100.0	0.000
run1_A_stride	pooled_pread	off	cold	stride	16384	250000	8	1	0	4	512	274655	440721	834095	66153	19634553	26076	29	0	0	100.0	0.000
run1_A_stride	pool_ringloop	off	cold	stride	16384	250000	8	1	1	0	512	339860	624406	1310446	72862	25351725	20196	20	0	0	91.6	0.000
run1_A_stride	hybrid	off	cold	stride	16384	250000	8	1	1	1	512	253323	385920	1110580	35192	20829693	24580	9	0	0	91.0	0.000
run1_A_stride	uring	off	cold	stride	16384	250000	8	1	1	2	512	331818	553507	1305349	39034	24348769	21028	9	0	0	100.0	0.000
run1_A_stride	pooled_pread	off	cold	stride	16384	250000	8	1	1	3	512	289658	548281	1081224	80457	22300962	22959	25	0	0	100.0	0.000
run1_A_stride	pool	off	cold	stride	16384	250000	8	1	1	4	512	381111	878310	1637786	80229	30155663	16979	20	0	0	91.8	0.000
run1_A_stride	hybrid	off	cold	stride	16384	250000	8	1	2	0	512	274182	440071	1173052	36198	23180866	22087	9	0	0	90.8	0.000
run1_A_stride	uring	off	cold	stride	16384	250000	8	1	2	1	512	315227	570626	963702	35235	22370387	22887	9	0	0	100.0	0.000
run1_A_stride	pooled_pread	off	cold	stride	16384	250000	8	1	2	2	512	265030	427605	1079964	66511	19189247	26682	23	0	0	100.0	0.000
run1_A_stride	pool	off	cold	stride	16384	250000	8	1	2	3	512	255691	466973	1185609	66994	19030154	26905	23	0	0	92.8	0.000
run1_A_stride	pool_ringloop	off	cold	stride	16384	250000	8	1	2	4	512	307666	657785	1556576	72341	24467294	20926	19	0	0	90.6	0.000
run1_A_stride	uring	off	cold	stride	16384	250000	8	1	3	0	512	313839	491418	1190800	34339	22104804	23162	9	0	0	100.0	0.000
run1_A_stride	pooled_pread	off	cold	stride	16384	250000	8	1	3	1	512	269752	466839	1035511	69843	20142103	25419	21	0	0	100.0	0.000
run1_A_stride	pool	off	cold	stride	16384	250000	8	1	3	2	512	288033	537739	1330369	75117	22877015	22381	22	0	0	90.8	0.000
run1_A_stride	pool_ringloop	off	cold	stride	16384	250000	8	1	3	3	512	337087	596203	1357608	74274	24435568	20953	19	0	0	90.8	0.000
run1_A_stride	hybrid	off	cold	stride	16384	250000	8	1	3	4	512	268402	454315	1350215	38651	23542736	21748	9	0	0	90.6	0.000
run1_A_stride	pooled_pread	off	cold	stride	16384	250000	8	1	4	0	512	318936	577375	1105424	75300	23597470	21697	25	0	0	100.0	0.000
run1_A_stride	pool	off	cold	stride	16384	250000	8	1	4	1	512	265823	488136	1650067	65776	20561237	24901	20	0	0	93.2	0.000
run1_A_stride	pool_ringloop	off	cold	stride	16384	250000	8	1	4	2	512	295589	451912	1274474	66882	21154451	24203	19	0	0	91.0	0.000
run1_A_stride	hybrid	off	cold	stride	16384	250000	8	1	4	3	512	256083	411454	1195341	38572	22353961	22904	9	0	0	90.6	0.000
run1_A_stride	uring	off	cold	stride	16384	250000	8	1	4	4	512	310049	532613	1247953	33721	22929694	22329	9	0	0	100.0	0.000
run1_A_stride	pool	off	cold	stride	16384	250000	8	1	5	0	512	371753	680124	1566754	83334	27166071	18847	25	0	0	92.8	0.000
run1_A_stride	pool_ringloop	off	cold	stride	16384	250000	8	1	5	1	512	383457	664363	1340055	82193	27502537	18616	20	0	0	92.0	0.000
run1_A_stride	hybrid	off	cold	stride	16384	250000	8	1	5	2	512	267408	390035	1053526	38913	22328371	22930	9	0	0	90.8	0.000
run1_A_stride	uring	off	cold	stride	16384	250000	8	1	5	3	512	322242	516264	1047308	36768	22099348	23168	9	0	0	100.0	0.000
run1_A_stride	pooled_pread	off	cold	stride	16384	250000	8	1	5	4	512	284193	495770	1116891	77048	21113647	24250	24	0	0	100.0	0.000
run1_A_stride	pool	off	cold	stride	16384	250000	16	1	0	0	512	493573	1036965	2060496	87633	19686182	26008	43	0	0	92.8	0.000
run1_A_stride	pool_ringloop	off	cold	stride	16384	250000	16	1	0	1	512	806172	1723599	3359540	88334	31342987	16335	33	0	0	89.3	0.000
run1_A_stride	hybrid	off	cold	stride	16384	250000	16	1	0	2	512	447468	704778	1179120	39803	21215356	24133	9	0	0	90.8	0.000
run1_A_stride	uring	off	cold	stride	16384	250000	16	1	0	3	512	639105	857628	1346777	37518	20995237	24386	9	0	0	100.0	0.000
run1_A_stride	pooled_pread	off	cold	stride	16384	250000	16	1	0	4	512	534781	1233495	2547128	84256	21848103	23435	42	0	0	100.0	0.000
run1_A_stride	pool_ringloop	off	cold	stride	16384	250000	16	1	1	0	512	573690	763107	1480283	69721	19357399	26450	26	0	0	91.0	0.000
run1_A_stride	hybrid	off	cold	stride	16384	250000	16	1	1	1	512	359094	564860	1127200	33150	17015626	30090	9	0	0	90.8	0.000
run1_A_stride	uring	off	cold	stride	16384	250000	16	1	1	2	512	509503	895279	1267329	32194	18188972	28149	9	0	0	100.0	0.000
run1_A_stride	pooled_pread	off	cold	stride	16384	250000	16	1	1	3	512	411935	728679	1278066	81006	15186621	33714	47	0	0	100.0	0.000
run1_A_stride	pool	off	cold	stride	16384	250000	16	1	1	4	512	410051	827875	1374026	78767	15392562	33263	34	0	0	93.2	0.000
run1_A_stride	hybrid	off	cold	stride	16384	250000	16	1	2	0	512	480703	737941	1298910	46141	24152096	21199	9	0	0	90.4	0.000
run1_A_stride	uring	off	cold	stride	16384	250000	16	1	2	1	512	671347	1013586	1328843	38844	22600823	22654	9	0	0	100.0	0.000
run1_A_stride	pooled_pread	off	cold	stride	16384	250000	16	1	2	2	512	413375	718518	1523592	81010	15357280	33339	45	0	0	100.0	0.000
run1_A_stride	pool	off	cold	stride	16384	250000	16	1	2	3	512	466440	856659	1516231	74520	16580999	30879	32	0	0	92.6	0.000
run1_A_stride	pool_ringloop	off	cold	stride	16384	250000	16	1	2	4	512	596135	853665	1552756	71756	19901517	25727	28	0	0	91.0	0.000
run1_A_stride	uring	off	cold	stride	16384	250000	16	1	3	0	512	732415	1048189	1443372	40127	24022002	21314	9	0	0	100.0	0.000
run1_A_stride	pooled_pread	off	cold	stride	16384	250000	16	1	3	1	512	513007	1043658	1955723	83730	20464079	25019	44	0	0	100.0	0.000
run1_A_stride	pool	off	cold	stride	16384	250000	16	1	3	2	512	478157	962779	1704271	82506	17362628	29489	41	0	0	92.8	0.000
run1_A_stride	pool_ringloop	off	cold	stride	16384	250000	16	1	3	3	512	797913	1651197	2321551	83273	30731658	16660	27	0	0	91.0	0.000
run1_A_stride	hybrid	off	cold	stride	16384	250000	16	1	3	4	512	427534	607345	844706	40463	20799621	24616	9	0	0	90.8	0.000
run1_A_stride	pooled_pread	off	cold	stride	16384	250000	16	1	4	0	512	509479	1099640	1946337	81549	19509062	26244	50	0	0	100.0	0.000
run1_A_stride	pool	off	cold	stride	16384	250000	16	1	4	1	512	494011	1218974	2452601	81511	20143155	25418	37	0	0	93.0	0.000
run1_A_stride	pool_ringloop	off	cold	stride	16384	250000	16	1	4	2	512	669179	1123479	2398948	81239	24656046	20766	25	0	0	90.8	0.000
run1_A_stride	hybrid	off	cold	stride	16384	250000	16	1	4	3	512	389671	661267	1310385	34624	18996907	26952	9	0	0	90.8	0.000
run1_A_stride	uring	off	cold	stride	16384	250000	16	1	4	4	512	578714	889288	1293998	37110	20186963	25363	9	0	0	100.0	0.000
run1_A_stride	pool	off	cold	stride	16384	250000	16	1	5	0	512	416331	900087	1886772	78529	17368132	29479	35	0	0	93.0	0.000
run1_A_stride	pool_ringloop	off	cold	stride	16384	250000	16	1	5	1	512	631933	966618	1819395	75068	21799393	23487	26	0	0	91.0	0.000
run1_A_stride	hybrid	off	cold	stride	16384	250000	16	1	5	2	512	416805	693525	1297007	37721	20730388	24698	9	0	0	90.8	0.000
run1_A_stride	uring	off	cold	stride	16384	250000	16	1	5	3	512	571959	922900	1393113	34947	19602403	26119	9	0	0	100.0	0.000
run1_A_stride	pooled_pread	off	cold	stride	16384	250000	16	1	5	4	512	371000	746518	1356374	77704	14409830	35531	39	0	0	100.0	0.000
run1_A_stride	pool	off	cold	stride	16384	250000	32	1	0	0	512	879839	1830700	3013585	89286	17332020	29541	60	0	0	91.0	0.000
run1_A_stride	pool_ringloop	off	cold	stride	16384	250000	32	1	0	1	512	1286740	1902989	2435314	83175	21556951	23751	41	0	0	91.0	0.000
run1_A_stride	hybrid	off	cold	stride	16384	250000	32	1	0	2	512	665018	1161468	1471617	36760	19010732	26932	9	0	0	90.6	0.000
run1_A_stride	uring	off	cold	stride	16384	250000	32	1	0	3	512	1094915	1412445	1834848	37091	18695562	27386	9	0	0	100.0	0.000
run1_A_stride	pooled_pread	off	cold	stride	16384	250000	32	1	0	4	512	704387	1489524	2867364	86337	14854299	34468	73	0	0	100.0	0.000
run1_A_stride	pool_ringloop	off	cold	stride	16384	250000	32	1	1	0	512	1168289	1902563	2648311	74037	20101010	25471	38	0	0	90.8	0.000
run1_A_stride	hybrid	off	cold	stride	16384	250000	32	1	1	1	512	633405	1107579	1369489	33928	17899128	28605	9	0	0	91.0	0.000
run1_A_stride	uring	off	cold	stride	16384	250000	32	1	1	2	512	1215507	1485307	1708686	37216	19630234	26082	9	0	0	100.0	0.000
run1_A_stride	pooled_pread	off	cold	stride	16384	250000	32	1	1	3	512	731090	1490898	2786783	85669	14794972	34606	80	0	0	100.0	0.000
run1_A_stride	pool	off	cold	stride	16384	250000	32	1	1	4	512	790395	2440519	3960547	90590	18045140	28373	65	0	0	93.0	0.000
run1_A_stride	hybrid	off	cold	stride	16384	250000	32	1	2	0	512	678556	1214895	1600567	37156	19289517	26543	9	0	0	90.2	0.000
run1_A_stride	uring	off	cold	stride	16384	250000	32	1	2	1	512	1122345	1688684	1928097	35383	19098016	26809	9	0	0	100.0	0.000
run1_A_stride	pooled_pread	off	cold	stride	16384	250000	32	1	2	2	512	778924	1677276	3174220	95277	15882071	32238	86	0	0	100.0	0.000
run1_A_stride	pool	off	cold	stride	16384	250000	32	1	2	3	512	753547	1339106	2248226	88285	13654555	37497	59	0	0	93.0	0.000
run1_A_stride	pool_ringloop	off	cold	stride	16384	250000	32	1	2	4	512	1247356	1611768	2280324	80320	20285332	25240	35	0	0	90.8	0.000
run1_A_stride	uring	off	cold	stride	16384	250000	32	1	3	0	512	1072060	1449233	2074153	35749	18765506	27284	9	0	0	100.0	0.000
run1_A_stride	pooled_pread	off	cold	stride	16384	250000	32	1	3	1	512	993388	2137223	5596612	99394	20555712	24908	130	0	0	100.0	0.000
run1_A_stride	pool	off	cold	stride	16384	250000	32	1	3	2	512	860703	1655348	2823294	90335	16064184	31872	57	0	0	93.0	0.000
run1_A_stride	pool_ringloop	off	cold	stride	16384	250000	32	1	3	3	512	1304156	1938986	2305203	79988	21491389	23823	46	0	0	90.8	0.000
run1_A_stride	hybrid	off	cold	stride	16384	250000	32	1	3	4	512	643134	1168010	1596525	35580	18603265	27522	9	0	0	90.0	0.000
run1_A_stride	pooled_pread	off	cold	stride	16384	250000	32	1	4	0	512	959233	2035713	4592404	104610	19063853	26857	135	0	0	100.0	0.000
run1_A_stride	pool	off	cold	stride	16384	250000	32	1	4	1	512	757165	1521039	3103871	84446	14609797	35045	54	0	0	93.4	0.000
run1_A_stride	pool_ringloop	off	cold	stride	16384	250000	32	1	4	2	512	1281612	1790505	2509959	82659	21153370	24204	56	0	0	90.8	0.000
run1_A_stride	hybrid	off	cold	stride	16384	250000	32	1	4	3	512	720629	1234296	1967712	38953	20921703	24472	9	0	0	90.8	0.000
run1_A_stride	uring	off	cold	stride	16384	250000	32	1	4	4	512	1234276	1756389	2043117	36523	20862241	24542	9	0	0	100.0	0.000
run1_A_stride	pool	off	cold	stride	16384	250000	32	1	5	0	512	695428	1649034	2332390	82929	14664496	34914	51	0	0	93.2	0.000
run1_A_stride	pool_ringloop	off	cold	stride	16384	250000	32	1	5	1	512	1225470	1714594	2783219	78099	21245752	24099	36	0	0	91.6	0.000
run1_A_stride	hybrid	off	cold	stride	16384	250000	32	1	5	2	512	681673	1230865	1592794	37966	20203270	25342	9	0	0	90.0	0.000
run1_A_stride	uring	off	cold	stride	16384	250000	32	1	5	3	512	1113346	1327243	1609918	34302	18210107	28116	9	0	0	100.0	0.000
run1_A_stride	pooled_pread	off	cold	stride	16384	250000	32	1	5	4	512	904947	1852810	3202964	97110	17112443	29920	105	0	0	100.0	0.000
run1_A_stride	pool	off	cold	stride	16384	250000	64	1	0	0	512	1354023	2552190	3943414	99529	14376077	35615	91	0	0	92.8	0.000
run1_A_stride	pool_ringloop	off	cold	stride	16384	250000	64	1	0	1	512	2646070	3226774	3878995	81300	21504932	23808	33	0	0	92.0	0.000
run1_A_stride	hybrid	off	cold	stride	16384	250000	64	1	0	2	512	1353771	2266904	2664854	38286	20408395	25088	9	0	0	91.8	0.000
run1_A_stride	uring	off	cold	stride	16384	250000	64	1	0	3	512	2068743	3230911	3666256	36433	19707364	25980	9	0	0	100.0	0.000
run1_A_stride	pooled_pread	off	cold	stride	16384	250000	64	1	0	4	512	1681235	4507170	7602582	108806	19371502	26431	138	0	0	100.0	0.000
run1_A_stride	pool_ringloop	off	cold	stride	16384	250000	64	1	1	0	512	2554156	3365617	4234892	82718	21281401	24059	46	0	0	90.8	0.000
run1_A_stride	hybrid	off	cold	stride	16384	250000	64	1	1	1	512	1310914	2396135	2896123	40267	21351284	23980	9	0	0	90.4	0.000
run1_A_stride	uring	off	cold	stride	16384	250000	64	1	1	2	512	1969073	3049570	4785980	37854	20157297	25400	9	0	0	100.0	0.000
run1_A_stride	pooled_pread	off	cold	stride	16384	250000	64	1	1	3	512	1639500	3754273	6247000	116351	19698495	25992	174	0	0	100.0	0.000
run1_A_stride	pool	off	cold	stride	16384	250000	64	1	1	4	512	1408735	2970217	5834868	94817	15818246	32368	82	0	0	93.0	0.000
run1_A_stride	hybrid	off	cold	stride	16384	250000	64	1	2	0	512	1343852	2610780	3834361	41010	22801550	22455	9	0	0	90.2	0.000
run1_A_stride	uring	off	cold	stride	16384	250000	64	1	2	1	512	2215705	2728247	3435516	33104	17987266	28465	9	0	0	100.0	0.000
run1_A_stride	pooled_pread	off	cold	stride	16384	250000	64	1	2	2	512	1641900	3303420	7332806	109917	17179717	29803	184	0	0	100.0	0.000
run1_A_stride	pool	off	cold	stride	16384	250000	64	1	2	3	512	1300863	2507806	3659828	94323	14133442	36226	77	0	0	93.4	0.000
run1_A_stride	pool_ringloop	off	cold	stride	16384	250000	64	1	2	4	512	2431717	3264771	3739786	75729	19789342	25873	35	0	0	90.8	0.000
run1_A_stride	uring	off	cold	stride	16384	250000	64	1	3	0	512	1992415	3239050	3913137	35449	18906773	27080	9	0	0	100.0	0.000
run1_A_stride	pooled_pread	off	cold	stride	16384	250000	64	1	3	1	512	1978604	3598329	6622883	118425	18945736	27025	188	0	0	100.0	0.000
run1_A_stride	pool	off	cold	stride	16384	250000	64	1	3	2	512	1522733	3097058	4615372	97166	15225287	33628	84	0	0	93.0	0.000
run1_A_stride	pool_ringloop	off	cold	stride	16384	250000	64	1	3	3	512	2456125	3244382	3836438	75328	20379107	25124	36	0	0	91.8	0.000
run1_A_stride	hybrid	off	cold	stride	16384	250000	64	1	3	4	512	1444282	2700561	3690324	42298	23021259	22240	9	0	0	91.2	0.000
run1_A_stride	pooled_pread	off	cold	stride	16384	250000	64	1	4	0	512	1930763	4755785	9256391	114242	22679007	22576	196	0	0	100.0	0.000
run1_A_stride	pool	off	cold	stride	16384	250000	64	1	4	1	512	1425788	3650105	4808398	97858	15847229	32308	93	0	0	92.2	0.000
run1_A_stride	pool_ringloop	off	cold	stride	16384	250000	64	1	4	2	512	2459521	3307640	5059679	82092	21148466	24210	70	0	0	90.8	0.000
run1_A_stride	hybrid	off	cold	stride	16384	250000	64	1	4	3	512	1174403	2001090	2513680	32819	17678718	28961	9	0	0	89.8	0.000
run1_A_stride	uring	off	cold	stride	16384	250000	64	1	4	4	512	1908802	2829041	3080850	33051	17762505	28825	9	0	0	100.0	0.000
run1_A_stride	pool	off	cold	stride	16384	250000	64	1	5	0	512	1191095	2330499	6480944	95869	14332337	35723	80	0	0	93.0	0.000
run1_A_stride	pool_ringloop	off	cold	stride	16384	250000	64	1	5	1	512	2956930	3487110	3778229	80698	24387073	20995	39	0	0	93.0	0.000
run1_A_stride	hybrid	off	cold	stride	16384	250000	64	1	5	2	512	3042069	10379895	19867987	36455	42362057	12086	9	0	0	93.4	0.000
run1_A_stride	uring	off	cold	stride	16384	250000	64	1	5	3	512	1939735	3029053	4378123	36725	19453607	26319	9	0	0	100.0	0.000
run1_A_stride	pooled_pread	off	cold	stride	16384	250000	64	1	5	4	512	1911230	3267118	4861733	105686	18890996	27103	169	0	0	100.0	0.000
run1_A_stride	pool	off	warm	stride	16384	250000	1	1	0	0	512	2793	3126	4788	3360	1637099	312748	9	0	0	0.0	0.000
run1_A_stride	pool_ringloop	off	warm	stride	16384	250000	1	1	0	1	512	2697	3021	3445	3313	1580665	323914	9	0	0	0.0	0.000
run1_A_stride	hybrid	off	warm	stride	16384	250000	1	1	0	2	512	2909	3411	4539	4035	1808851	283053	9	0	0	0.0	0.000
run1_A_stride	uring	off	warm	stride	16384	250000	1	1	0	3	512	6375	6806	8351	10270	3401637	150516	9	0	0	100.0	0.000
run1_A_stride	pooled_pread	off	warm	stride	16384	250000	1	1	0	4	512	13162	17421	46344	19666	7690973	66572	10	0	0	100.0	0.000
run1_A_stride	pool_ringloop	off	warm	stride	16384	250000	1	1	1	0	512	2757	3119	3692	3550	1551940	329910	9	0	0	0.0	0.000
run1_A_stride	hybrid	off	warm	stride	16384	250000	1	1	1	1	512	2705	3038	3408	3610	1640128	312171	9	0	0	0.0	0.000
run1_A_stride	uring	off	warm	stride	16384	250000	1	1	1	2	512	4747	5386	6457	7636	2577504	198642	9	0	0	100.0	0.000
run1_A_stride	pooled_pread	off	warm	stride	16384	250000	1	1	1	3	512	14963	18656	57706	22667	8957667	57158	10	0	0	100.0	0.000
run1_A_stride	pool	off	warm	stride	16384	250000	1	1	1	4	512	2741	3076	3966	3350	1534468	333666	9	0	0	0.0	0.000
run1_A_stride	hybrid	off	warm	stride	16384	250000	1	1	2	0	512	3284	3923	4946	4580	2031714	252004	9	0	0	0.0	0.000
run1_A_stride	uring	off	warm	stride	16384	250000	1	1	2	1	512	4852	6772	8891	8000	2944988	173855	9	0	0	100.0	0.000
run1_A_stride	pooled_pread	off	warm	stride	16384	250000	1	1	2	2	512	17511	23740	45360	25319	9866217	51894	11	0	0	100.0	0.000
run1_A_stride	pool	off	warm	stride	16384	250000	1	1	2	3	512	3525	4596	5934	4317	2086592	245376	9	0	0	0.0	0.000
run1_A_stride	pool_ringloop	off	warm	stride	16384	250000	1	1	2	4	512	2920	3752	5275	3611	1697289	301658	9	0	0	0.0	0.000
run1_A_stride	uring	off	warm	stride	16384	250000	1	1	3	0	512	4857	5353	10755	8079	2648772	193297	9	0	0	100.0	0.000
run1_A_stride	pooled_pread	off	warm	stride	16384	250000	1	1	3	1	512	14410	19475	51032	21983	8585691	59634	11	0	0	100.0	0.000
run1_A_stride	pool	off	warm	stride	16384	250000	1	1	3	2	512	2699	3050	4202	3120	1529810	334682	9	0	0	0.0	0.000
run1_A_stride	pool_ringloop	off	warm	stride	16384	250000	1	1	3	3	512	2610	2924	3554	3195	1513870	338206	9	0	0	0.0	0.000
run1_A_stride	hybrid	off	warm	stride	16384	250000	1	1	3	4	512	2838	3320	4114	3910	1759852	290934	9	0	0	0.0	0.000
run1_A_stride	pooled_pread	off	warm	stride	16384	250000	1	1	4	0	512	16420	19850	54288	24786	9295108	55083	12	0	0	100.0	0.000
run1_A_stride	pool	off	warm	stride	16384	250000	1	1	4	1	512	2939	3357	4463	3593	1697829	301562	9	0	0	0.0	0.000
run1_A_stride	pool_ringloop	off	warm	stride	16384	250000	1	1	4	2	512	3095	3819	5231	3959	1821243	281127	9	0	0	0.0	0.000
run1_A_stride	hybrid	off	warm	stride	16384	250000	1	1	4	3	512	3041	3411	3945	4048	1839607	278320	9	0	0	0.0	0.000
run1_A_stride	uring	off	warm	stride	16384	250000	1	1	4	4	512	5824	6859	11332	9902	3299704	155165	9	0	0	100.0	0.000
run1_A_stride	pool	off	warm	stride	16384	250000	1	1	5	0	512	2940	3320	5015	3618	1708337	299707	9	0	0	0.0	0.000
run1_A_stride	pool_ringloop	off	warm	stride	16384	250000	1	1	5	1	512	3042	3470	4793	3711	1723110	297137	9	0	0	0.0	0.000
run1_A_stride	hybrid	off	warm	stride	16384	250000	1	1	5	2	512	3033	3566	5485	4034	1925488	265907	9	0	0	0.0	0.000
run1_A_stride	uring	off	warm	stride	16384	250000	1	1	5	3	512	7045	7502	14612	11480	3737831	136978	9	0	0	100.0	0.000
run1_A_stride	pooled_pread	off	warm	stride	16384	250000	1	1	5	4	512	17300	22667	47789	27343	10145363	50466	11	0	0	100.0	0.000
run1_A_stride	pool	off	warm	stride	16384	250000	2	1	0	0	512	3815	4759	7520	4594	1154829	443356	9	0	0	0.0	0.000
run1_A_stride	pool_ringloop	off	warm	stride	16384	250000	2	1	0	1	512	3187	3685	5353	4116	1899027	269612	9	0	0	0.0	0.000
run1_A_stride	hybrid	off	warm	stride	16384	250000	2	1	0	2	512	3743	4586	6199	4891	2302054	222410	9	0	0	0.0	0.000
run1_A_stride	uring	off	warm	stride	16384	250000	2	1	0	3	512	10151	10872	19358	8110	2855066	179330	9	0	0	100.0	0.000
run1_A_stride	pooled_pread	off	warm	stride	16384	250000	2	1	0	4	512	19390	24820	76612	22438	6167236	83019	13	0	0	100.0	0.000
run1_A_stride	pool_ringloop	off	warm	stride	16384	250000	2	1	1	0	512	3581	4241	6052	4172	2021152	253321	9	0	0	0.0	0.000
run1_A_stride	hybrid	off	warm	stride	16384	250000	2	1	1	1	512	3207	3606	4262	4215	1968295	260124	9	0	0	0.0	0.000
run1_A_stride	uring	off	warm	stride	16384	250000	2	1	1	2	512	9829	11176	21884	7773	2811670	182098	9	0	0	100.0	0.000
run1_A_stride	pooled_pread	off	warm	stride	16384	250000	2	1	1	3	512	16771	22573	40634	20022	4955117	103328	13	0	0	100.0	0.000
run1_A_stride	pool	off	warm	stride	16384	250000	2	1	1	4	512	3161	3634	5100	3772	947921	540129	9	0	0	0.0	0.000
run1_A_stride	hybrid	off	warm	stride	16384	250000	2	1	2	0	512	2861	3219	3664	3561	1710448	299337	9	0	0	0.0	0.000
run1_A_stride	uring	off	warm	stride	16384	250000	2	1	2	1	512	10830	13146	35128	8683	3219790	159017	9	0	0	100.0	0.000
run1_A_stride	pooled_pread	off	warm	stride	16384	250000	2	1	2	2	512	17088	20131	47884	19978	4823375	106150	12	0	0	100.0	0.000
run1_A_stride	pool	off	warm	stride	16384	250000	2	1	2	3	512	3048	3457	3798	3608	892079	573940	9	0	0	0.0	0.000
run1_A_stride	pool_ringloop	off	warm	stride	16384	250000	2	1	2	4	512	2837	3193	4535	3260	1633972	313347	9	0	0	0.0	0.000
run1_A_stride	uring	off	warm	stride	16384	250000	2	1	3	0	512	7380	8695	15539	6533	2252717	227281	9	0	0	100.0	0.000
run1_A_stride	pooled_pread	off	warm	stride	16384	250000	2	1	3	1	512	17472	20250	55608	21028	4903234	104421	14	0	0	100.0	0.000
run1_A_stride	pool	off	warm	stride	16384	250000	2	1	3	2	512	3205	3866	4717	4027	980735	522057	9	0	0	0.0	0.000
run1_A_stride	pool_ringloop	off	warm	stride	16384	250000	2	1	3	3	512	3230	4193	5576	4114	1955701	261799	9	0	0	0.0	0.000
run1_A_stride	hybrid	off	warm	stride	16384	250000	2	1	3	4	512	3241	4197	4840	4360	2050480	249698	9	0	0	0.0	0.000
run1_A_stride	pooled_pread	off	warm	stride	16384	250000	2	1	4	0	512	19588	23682	86561	22367	5874646	87154	16	0	0	100.0	0.000
run1_A_stride	pool	off	warm	stride	16384	250000	2	1	4	1	512	4066	6706	9463	5454	1368944	374011	9	0	0	0.0	0.000
run1_A_stride	pool_ringloop	off	warm	stride	16384	250000	2	1	4	2	512	3137	3684	5204	3804	1821249	281126	9	0	0	0.0	0.000
run1_A_stride	hybrid	off	warm	stride	16384	250000	2	1	4	3	512	3058	3441	4283	3760	1844705	277551	9	0	0	0.0	0.000
run1_A_stride	uring	off	warm	stride	16384	250000	2	1	4	4	512	7162	8251	14617	6139	2123177	241148	9	0	0	100.0	0.000
run1_A_stride	pool	off	warm	stride	16384	250000	2	1	5	0	512	3870	5359	7197	5025	1248995	409930	9	0	0	0.0	0.000
run1_A_stride	pool_ringloop	off	warm	stride	16384	250000	2	1	5	1	512	3000	3456	4662	3860	1745842	293268	9	0	0	0.0	0.000
run1_A_stride	hybrid	off	warm	stride	16384	250000	2	1	5	2	512	2963	3304	3693	3928	1814105	282233	9	0	0	0.0	0.000
run1_A_stride	uring	off	warm	stride	16384	250000	2	1	5	3	512	7438	9498	22341	6504	2242110	228356	9	0	0	100.0	0.000
run1_A_stride	pooled_pread	off	warm	stride	16384	250000	2	1	5	4	512	21804	32003	90615	25601	6553653	78124	16	0	0	100.0	0.000
run1_A_stride	pool	off	warm	stride	16384	250000	4	1	0	0	512	4150	5022	6507	5197	684017	748519	9	0	0	0.0	0.000
run1_A_stride	pool_ringloop	off	warm	stride	16384	250000	4	1	0	1	512	3639	4035	5067	4298	2029048	252335	9	0	0	0.0	0.000
run1_A_stride	hybrid	off	warm	stride	16384	250000	4	1	0	2	512	3638	5136	6750	5007	2355844	217332	9	0	0	0.0	0.000
run1_A_stride	uring	off	warm	stride	16384	250000	4	1	0	3	512	17695	20469	36097	6834	2663721	192212	9	0	0	100.0	0.000
run1_A_stride	pooled_pread	off	warm	stride	16384	250000	4	1	0	4	512	13629	27534	128437	21810	2503770	204492	21	0	0	100.0	0.000
run1_A_stride	pool_ringloop	off	warm	stride	16384	250000	4	1	1	0	512	2978	3408	5743	3669	1726167	296611	9	0	0	0.0	0.000
run1_A_stride	hybrid	off	warm	stride	16384	250000	4	1	1	1	512	3145	3538	4411	4158	1929699	265326	9	0	0	0.0	0.000
run1_A_stride	uring	off	warm	stride	16384	250000	4	1	1	2	512	13120	14398	24280	4964	1987886	257560	9	0	0	100.0	0.000
run1_A_stride	pooled_pread	off	warm	stride	16384	250000	4	1	1	3	512	13329	25434	129732	20973	2418672	211686	20	0	0	100.0	0.000
run1_A_stride	pool	off	warm	stride	16384	250000	4	1	1	4	512	3830	5062	10560	4921	634577	806837	9	0	0	0.0	0.000
run1_A_stride	hybrid	off	warm	stride	16384	250000	4	1	2	0	512	3211	3728	5049	4110	1995158	256621	9	0	0	0.0	0.000
run1_A_stride	uring	off	warm	stride	16384	250000	4	1	2	1	512	13176	14759	27250	5353	1979026	258713	9	0	0	100.0	0.000
run1_A_stride	pooled_pread	off	warm	stride	16384	250000	4	1	2	2	512	15578	32481	159949	21081	2963315	172779	21	0	0	100.0	0.000
run1_A_stride	pool	off	warm	stride	16384	250000	4	1	2	3	512	4518	5475	6443	5304	714459	716626	9	0	0	0.0	0.000
run1_A_stride	pool_ringloop	off	warm	stride	16384	250000	4	1	2	4	512	3394	3979	5072	3950	1947673	262878	9	0	0	0.0	0.000
run1_A_stride	uring	off	warm	stride	16384	250000	4	1	3	0	512	16413	20147	40221	6388	2445370	209375	9	0	0	100.0	0.000
run1_A_stride	pooled_pread	off	warm	stride	16384	250000	4	1	3	1	512	16539	38651	137349	25229	3099443	165191	23	0	0	100.0	0.000
run1_A_stride	pool	off	warm	stride	16384	250000	4	1	3	2	512	4390	5464	6332	5497	700144	731278	9	0	0	0.0	0.000
run1_A_stride	pool_ringloop	off	warm	stride	16384	250000	4	1	3	3	512	3563	4906	7642	4602	2208548	231827	9	0	0	0.0	0.000
run1_A_stride	hybrid	off	warm	stride	16384	250000	4	1	3	4	512	3781	4195	4876	4910	2291651	223420	9	0	0	0.0	0.000
run1_A_stride	pooled_pread	off	warm	stride	16384	250000	4	1	4	0	512	13944	29459	187354	22131	2782681	183995	21	0	0	100.0	0.000
run1_A_stride	pool	off	warm	stride	16384	250000	4	1	4	1	512	5358	7346	10811	6755	993811	515189	9	0	0	0.0	0.000
run1_A_stride	pool_ringloop	off	warm	stride	16384	250000	4	1	4	2	512	3137	3912	5110	3749	1890655	270806	9	0	0	0.0	0.000
run1_A_stride	hybrid	off	warm	stride	16384	250000	4	1	4	3	512	3001	3349	4479	3722	1844260	277618	9	0	0	0.0	0.000
run1_A_stride	uring	off	warm	stride	16384	250000	4	1	4	4	512	13193	13957	22778	4953	1923120	266234	9	0	0	100.0	0.000
run1_A_stride	pool	off	warm	stride	16384	250000	4	1	5	0	512	4875	5494	6181	5701	756509	676793	9	0	0	0.0	0.000
run1_A_stride	pool_ringloop	off	warm	stride	16384	250000	4	1	5	1	512	3046	3628	7588	3788	1856247	275825	9	0	0	0.0	0.000
run1_A_stride	hybrid	off	warm	stride	16384	250000	4	1	5	2	512	3021	3428	4235	4243	1887625	271240	9	0	0	0.0	0.000
run1_A_stride	uring	off	warm	stride	16384	250000	4	1	5	3	512	14108	19443	31471	5808	2224727	230141	9	0	0	100.0	0.000
run1_A_stride	pooled_pread	off	warm	stride	16384	250000	4	1	5	4	512	17818	35450	130693	23800	3025993	169201	20	0	0	100.0	0.000
run1_A_stride	pool	off	warm	stride	16384	250000	8	1	0	0	512	5806	6664	7374	6874	551648	928128	9	0	0	0.0	0.000
run1_A_stride	pool_ringloop	off	warm	stride	16384	250000	8	1	0	1	512	2919	3272	4179	3477	1722205	297293	9	0	0	0.0	0.000
run1_A_stride	hybrid	off	warm	stride	16384	250000	8	1	0	2	512	3090	3555	4686	4308	1996170	256491	9	0	0	0.0	0.000
run1_A_stride	uring	off	warm	stride	16384	250000	8	1	0	3	512	28261	32865	45737	5249	2185393	234283	9	0	0	100.0	0.000
run1_A_stride	pooled_pread	off	warm	stride	16384	250000	8	1	0	4	512	20547	153801	466763	30994	3909929	130949	40	0	0	100.0	0.000
run1_A_stride	pool_ringloop	off	warm	stride	16384	250000	8	1	1	0	512	2943	3306	4236	3601	1702708	300697	9	0	0	0.0	0.000
run1_A_stride	hybrid	off	warm	stride	16384	250000	8	1	1	1	512	3004	3356	4731	4037	1838918	278425	9	0	0	0.0	0.000
run1_A_stride	uring	off	warm	stride	16384	250000	8	1	1	2	512	27409	35273	65675	5212	2210374	231635	9	0	0	100.0	0.000
run1_A_stride	pooled_pread	off	warm	stride	16384	250000	8	1	1	3	512	19776	136869	342819	29079	3165867	161725	35	0	0	100.0	0.000
run1_A_stride	pool	off	warm	stride	16384	250000	8	1	1	4	512	5841	6794	13465	6702	653487	783489	9	0	0	0.0	0.000
run1_A_stride	hybrid	off	warm	stride	16384	250000	8	1	2	0	512	3092	3473	3999	4132	1918187	266919	9	0	0	0.0	0.000
run1_A_stride	uring	off	warm	stride	16384	250000	8	1	2	1	512	26781	37439	78161	4944	2146857	238488	9	0	0	100.0	0.000
run1_A_stride	pooled_pread	off	warm	stride	16384	250000	8	1	2	2	512	21887	125430	343105	30931	3199572	160021	36	0	0	100.0	0.000
run1_A_stride	pool	off	warm	stride	16384	250000	8	1	2	3	512	6290	7125	23091	7787	567995	901416	9	0	0	0.0	0.000
run1_A_stride	pool_ringloop	off	warm	stride	16384	250000	8	1	2	4	512	3210	3803	4769	3852	1875320	273020	9	0	0	0.0	0.000
run1_A_stride	uring	off	warm	stride	16384	250000	8	1	3	0	512	31944	37831	68790	5590	2412890	212194	9	0	0	100.0	0.000
run1_A_stride	pooled_pread	off	warm	stride	16384	250000	8	1	3	1	512	17064	125019	515446	30103	3256089	157244	37	0	0	100.0	0.000
run1_A_stride	pool	off	warm	stride	16384	250000	8	1	3	2	512	5646	6503	12710	6416	534009	958785	9	0	0	0.0	0.000
run1_A_stride	pool_ringloop	off	warm	stride	16384	250000	8	1	3	3	512	2852	3232	4630	3429	1615282	316973	9	0	0	0.0	0.000
run1_A_stride	hybrid	off	warm	stride	16384	250000	8	1	3	4	512	3283	3761	4846	4365	2035759	251503	9	0	0	0.0	0.000
run1_A_stride	pooled_pread	off	warm	stride	16384	250000	8	1	4	0	512	19777	112495	278797	27889	2835816	180548	32	0	0	100.0	0.000
run1_A_stride	pool	off	warm	stride	16384	250000	8	1	4	1	512	5970	6893	22995	7149	532444	961603	9	0	0	0.0	0.000
run1_A_stride	pool_ringloop	off	warm	stride	16384	250000	8	1	4	2	512	2871	3226	4975	3710	1642488	311722	9	0	0	0.0	0.000
run1_A_stride	hybrid	off	warm	stride	16384	250000	8	1	4	3	512	3183	3563	4097	4412	1980500	258521	9	0	0	0.0	0.000
run1_A_stride	uring	off	warm	stride	16384	250000	8	1	4	4	512	27422	34988	51249	5217	2135250	239785	9	0	0	100.0	0.000
run1_A_stride	pool	off	warm	stride	16384	250000	8	1	5	0	512	5518	6702	19819	6781	666537	768149	9	0	0	0.0	0.000
run1_A_stride	pool_ringloop	off	warm	stride	16384	250000	8	1	5	1	512	3677	4114	5357	4420	2127200	240692	9	0	0	0.0	0.000
run1_A_stride	hybrid	off	warm	stride	16384	250000	8	1	5	2	512	4270	4885	8483	5590	2595721	197248	9	0	0	0.0	0.000
run1_A_stride	uring	off	warm	stride	16384	250000	8	1	5	3	512	32769	37417	66827	6086	2497253	205025	9	0	0	100.0	0.000
run1_A_stride	pooled_pread	off	warm	stride	16384	250000	8	1	5	4	512	22871	164504	482680	29487	3868603	132348	39	0	0	100.0	0.000
run1_A_stride	pool	off	warm	stride	16384	250000	16	1	0	0	512	5453	6588	8570	6603	685342	747072	9	0	0	0.0	0.000
run1_A_stride	pool_ringloop	off	warm	stride	16384	250000	16	1	0	1	512	3164	3618	9592	4271	1963160	260804	9	0	0	0.0	0.000
run1_A_stride	hybrid	off	warm	stride	16384	250000	16	1	0	2	512	3206	3634	4755	4400	2088498	245152	9	0	0	0.0	0.000
run1_A_stride	uring	off	warm	stride	16384	250000	16	1	0	3	512	64630	77646	92451	5600	2478941	206540	9	0	0	100.0	0.000
run1_A_stride	pooled_pread	off	warm	stride	16384	250000	16	1	0	4	512	32319	446940	1460405	39319	5443785	94052	94	0	0	100.0	0.000
run1_A_stride	pool_ringloop	off	warm	stride	16384	250000	16	1	1	0	512	2943	3280	4384	3762	1799533	284518	9	0	0	0.0	0.000
run1_A_stride	hybrid	off	warm	stride	16384	250000	16	1	1	1	512	3084	3490	5515	4414	1960939	261099	9	0	0	0.0	0.000
run1_A_stride	uring	off	warm	stride	16384	250000	16	1	1	2	512	50230	55149	79848	4417	1988349	257500	9	0	0	100.0	0.000
run1_A_stride	pooled_pread	off	warm	stride	16384	250000	16	1	1	3	512	44830	410296	1757600	42084	5782186	88548	102	0	0	100.0	0.000
run1_A_stride	pool	off	warm	stride	16384	250000	16	1	1	4	512	5581	6793	17581	6899	679028	754019	9	0	0	0.0	0.000
run1_A_stride	hybrid	off	warm	stride	16384	250000	16	1	2	0	512	3388	4015	5384	4528	2168689	236087	9	0	0	0.0	0.000
run1_A_stride	uring	off	warm	stride	16384	250000	16	1	2	1	512	51302	61082	68491	4593	1995510	256576	9	0	0	100.0	0.000
run1_A_stride	pooled_pread	off	warm	stride	16384	250000	16	1	2	2	512	28735	321400	1149061	34157	4136222	123784	74	0	0	100.0	0.000
run1_A_stride	pool	off	warm	stride	16384	250000	16	1	2	3	512	7266	9241	20336	8574	832888	614729	9	0	0	0.0	0.000
run1_A_stride	pool_ringloop	off	warm	stride	16384	250000	16	1	2	4	512	3014	3415	4515	3886	1881775	272084	9	0	0	0.0	0.000
run1_A_stride	uring	off	warm	stride	16384	250000	16	1	3	0	512	50011	60246	71946	4473	1980820	258479	9	0	0	100.0	0.000
run1_A_stride	pooled_pread	off	warm	stride	16384	250000	16	1	3	1	512	43885	418718	1302245	43397	5771537	88711	96	0	0	100.0	0.000
run1_A_stride	pool	off	warm	stride	16384	250000	16	1	3	2	512	6209	7126	8083	7418	544992	939463	9	0	0	0.0	0.000
run1_A_stride	pool_ringloop	off	warm	stride	16384	250000	16	1	3	3	512	3382	4054	4858	4379	2159276	237117	9	0	0	0.0	0.000
run1_A_stride	hybrid	off	warm	stride	16384	250000	16	1	3	4	512	3401	3891	6108	4588	2173074	235611	9	0	0	0.0	0.000
run1_A_stride	pooled_pread	off	warm	stride	16384	250000	16	1	4	0	512	26207	458819	1351056	37111	5246006	97598	71	0	0	100.0	0.000
run1_A_stride	pool	off	warm	stride	16384	250000	16	1	4	1	512	5763	6892	8082	6824	620459	825196	9	0	0	0.0	0.000
run1_A_stride	pool_ringloop	off	warm	stride	16384	250000	16	1	4	2	512	2941	3316	6380	3772	1842060	277950	9	0	0	0.0	0.000
run1_A_stride	hybrid	off	warm	stride	16384	250000	16	1	4	3	512	3478	4135	6111	4517	2198087	232930	9	0	0	0.0	0.000
run1_A_stride	uring	off	warm	stride	16384	250000	16	1	4	4	512	50640	52602	87785	4615	2006216	255207	9	0	0	100.0	0.000
run1_A_stride	pool	off	warm	stride	16384	250000	16	1	5	0	512	5544	6574	22051	6594	567351	902440	9	0	0	0.0	0.000
run1_A_stride	pool_ringloop	off	warm	stride	16384	250000	16	1	5	1	512	2853	3170	3589	3623	1754853	291762	9	0	0	0.0	0.000
run1_A_stride	hybrid	off	warm	stride	16384	250000	16	1	5	2	512	3642	4343	6110	5047	2303148	222304	9	0	0	0.0	0.000
run1_A_stride	uring	off	warm	stride	16384	250000	16	1	5	3	512	50605	60924	81056	4515	2053722	249303	9	0	0	100.0	0.000
run1_A_stride	pooled_pread	off	warm	stride	16384	250000	16	1	5	4	512	30934	340997	1385980	34881	4418806	115868	83	0	0	100.0	0.000
run1_A_stride	pool	off	warm	stride	16384	250000	32	1	0	0	512	6107	7035	17357	7469	700670	730729	9	0	0	0.0	0.000
run1_A_stride	pool_ringloop	off	warm	stride	16384	250000	32	1	0	1	512	2999	3443	4539	4132	1967627	260212	9	0	0	0.0	0.000
run1_A_stride	hybrid	off	warm	stride	16384	250000	32	1	0	2	512	3109	3476	3832	4371	2152005	237918	9	0	0	0.0	0.000
run1_A_stride	uring	off	warm	stride	16384	250000	32	1	0	3	512	99931	117906	119846	4344	2067614	247628	9	0	0	100.0	0.000
run1_A_stride	pooled_pread	off	warm	stride	16384	250000	32	1	0	4	512	85392	1063102	2668854	38744	5528341	92614	80	0	0	100.0	0.000
run1_A_stride	pool_ringloop	off	warm	stride	16384	250000	32	1	1	0	512	2970	3327	9033	4003	1962790	260853	9	0	0	0.0	0.000
run1_A_stride	hybrid	off	warm	stride	16384	250000	32	1	1	1	512	3115	3484	4550	4382	2153114	237795	9	0	0	0.0	0.000
run1_A_stride	uring	off	warm	stride	16384	250000	32	1	1	2	512	148492	262880	264969	6699	3288471	155695	9	0	0	100.0	0.000
run1_A_stride	pooled_pread	off	warm	stride	16384	250000	32	1	1	3	512	78549	881817	2300255	35655	4642183	110293	92	0	0	100.0	0.000
run1_A_stride	pool	off	warm	stride	16384	250000	32	1	1	4	512	6429	7575	22837	7958	584256	876328	9	0	0	0.0	0.000
run1_A_stride	hybrid	off	warm	stride	16384	250000	32	1	2	0	512	3422	4427	6281	5044	2393446	213918	9	0	0	0.0	0.000
run1_A_stride	uring	off	warm	stride	16384	250000	32	1	2	1	512	101260	118185	124510	4832	2148662	238288	9	0	0	100.0	0.000
run1_A_stride	pooled_pread	off	warm	stride	16384	250000	32	1	2	2	512	122566	1040716	3048350	44076	6696907	76453	127	0	0	100.0	0.000
run1_A_stride	pool	off	warm	stride	16384	250000	32	1	2	3	512	5328	6228	7139	6332	688933	743178	9	0	0	0.0	0.000
run1_A_stride	pool_ringloop	off	warm	stride	16384	250000	32	1	2	4	512	2928	3257	3716	3746	1925223	265943	9	0	0	0.0	0.000
run1_A_stride	uring	off	warm	stride	16384	250000	32	1	3	0	512	95096	106415	109138	4416	2015445	254038	9	0	0	100.0	0.000
run1_A_stride	pooled_pread	off	warm	stride	16384	250000	32	1	3	1	512	185002	1011701	2871102	48675	7722636	66299	132	0	0	100.0	0.000
run1_A_stride	pool	off	warm	stride	16384	250000	32	1	3	2	512	5069	6039	15642	6345	886087	577821	9	0	0	0.0	0.000
run1_A_stride	pool_ringloop	off	warm	stride	16384	250000	32	1	3	3	512	3438	4031	4829	4814	2303600	222261	9	0	0	0.0	0.000
run1_A_stride	hybrid	off	warm	stride	16384	250000	32	1	3	4	512	3169	3569	5397	4615	2199412	232789	9	0	0	0.0	0.000
run1_A_stride	pooled_pread	off	warm	stride	16384	250000	32	1	4	0	512	75208	848807	1864583	34440	4174372	122653	77	0	0	100.0	0.000
run1_A_stride	pool	off	warm	stride	16384	250000	32	1	4	1	512	5994	6964	21232	7320	621077	824374	9	0	0	0.0	0.000
run1_A_stride	pool_ringloop	off	warm	stride	16384	250000	32	1	4	2	512	3082	3562	6413	4440	2104458	243293	9	0	0	0.0	0.000
run1_A_stride	hybrid	off	warm	stride	16384	250000	32	1	4	3	512	3095	3457	4183	4476	2190152	233774	9	0	0	0.0	0.000
run1_A_stride	uring	off	warm	stride	16384	250000	32	1	4	4	512	97538	116096	119409	4731	2085600	245493	9	0	0	100.0	0.000
run1_A_stride	pool	off	warm	stride	16384	250000	32	1	5	0	512	6107	6838	7474	7365	535362	956362	9	0	0	0.0	0.000
run1_A_stride	pool_ringloop	off	warm	stride	16384	250000	32	1	5	1	512	3305	3934	8644	4278	2141311	239106	9	0	0	0.0	0.000
run1_A_stride	hybrid	off	warm	stride	16384	250000	32	1	5	2	512	3167	3617	5637	4777	2179688	234896	9	0	0	0.0	0.000
run1_A_stride	uring	off	warm	stride	16384	250000	32	1	5	3	512	95537	104926	111323	4596	2039935	250988	9	0	0	100.0	0.000
run1_A_stride	pooled_pread	off	warm	stride	16384	250000	32	1	5	4	512	61827	820791	2340568	31189	4245018	120612	82	0	0	100.0	0.000
run1_A_stride	pool	off	warm	stride	16384	250000	64	1	0	0	512	5673	6465	6999	6893	598558	855389	9	0	0	0.0	0.000
run1_A_stride	pool_ringloop	off	warm	stride	16384	250000	64	1	0	1	512	2694	3120	4174	3949	1984238	258034	9	0	0	0.0	0.000
run1_A_stride	hybrid	off	warm	stride	16384	250000	64	1	0	2	512	3130	3793	7599	4951	2354690	217438	9	0	0	0.0	0.000
run1_A_stride	uring	off	warm	stride	16384	250000	64	1	0	3	512	245523	305656	307370	6054	2846260	179885	9	0	0	100.0	0.000
run1_A_stride	pooled_pread	off	warm	stride	16384	250000	64	1	0	4	512	167979	1915049	3708282	41375	6216359	82363	143	0	0	100.0	0.000
run1_A_stride	pool_ringloop	off	warm	stride	16384	250000	64	1	1	0	512	2887	3250	4018	4406	2105936	243122	9	0	0	0.0	0.000
run1_A_stride	hybrid	off	warm	stride	16384	250000	64	1	1	1	512	2909	3242	4123	4780	2306026	222027	9	0	0	0.0	0.000
run1_A_stride	uring	off	warm	stride	16384	250000	64	1	1	2	512	194497	218238	219936	4848	2277122	224845	9	0	0	100.0	0.000
run1_A_stride	pooled_pread	off	warm	stride	16384	250000	64	1	1	3	512	224511	1416583	2885482	39157	5353365	95641	110	0	0	100.0	0.000
run1_A_stride	pool	off	warm	stride	16384	250000	64	1	1	4	512	5634	6466	13334	6840	564218	907451	9	0	0	0.0	0.000
run1_A_stride	hybrid	off	warm	stride	16384	250000	64	1	2	0	512	2841	3159	3635	4758	2244117	228152	9	0	0	0.0	0.000
run1_A_stride	uring	off	warm	stride	16384	250000	64	1	2	1	512	193754	257427	258980	4967	2411611	212306	9	0	0	100.0	0.000
run1_A_stride	pooled_pread	off	warm	stride	16384	250000	64	1	2	2	512	178794	842308	2130045	35446	4776226	107198	86	0	0	100.0	0.000
run1_A_stride	pool	off	warm	stride	16384	250000	64	1	2	3	512	5271	6326	7170	6535	816624	626972	9	0	0	0.0	0.000
run1_A_stride	pool_ringloop	off	warm	stride	16384	250000	64	1	2	4	512	2801	3218	4133	4146	2058351	248743	9	0	0	0.0	0.000
run1_A_stride	uring	off	warm	stride	16384	250000	64	1	3	0	512	189223	196564	198170	4762	2188866	233911	9	0	0	100.0	0.000
run1_A_stride	pooled_pread	off	warm	stride	16384	250000	64	1	3	1	512	191712	1373662	2336152	36645	5025065	101889	102	0	0	100.0	0.000
run1_A_stride	pool	off	warm	stride	16384	250000	64	1	3	2	512	6326	7087	7724	7796	575259	890034	9	0	0	0.0	0.000
run1_A_stride	pool_ringloop	off	warm	stride	16384	250000	64	1	3	3	512	2618	2950	3364	3801	1818798	281505	9	0	0	0.0	0.000
run1_A_stride	hybrid	off	warm	stride	16384	250000	64	1	3	4	512	3121	3770	4599	5259	2447051	209231	9	0	0	0.0	0.000
run1_A_stride	pooled_pread	off	warm	stride	16384	250000	64	1	4	0	512	160938	963064	2171772	32160	4148961	123404	92	0	0	100.0	0.000
run1_A_stride	pool	off	warm	stride	16384	250000	64	1	4	1	512	6275	7154	7815	7417	691214	740726	9	0	0	0.0	0.000
run1_A_stride	pool_ringloop	off	warm	stride	16384	250000	64	1	4	2	512	2755	3176	3898	4353	2169367	236014	9	0	0	0.0	0.000
run1_A_stride	hybrid	off	warm	stride	16384	250000	64	1	4	3	512	2982	3382	5145	4804	2387140	214483	9	0	0	0.0	0.000
run1_A_stride	uring	off	warm	stride	16384	250000	64	1	4	4	512	181170	200742	202394	4713	2203981	232307	9	0	0	100.0	0.000
run1_A_stride	pool	off	warm	stride	16384	250000	64	1	5	0	512	5660	6608	23918	6999	566857	903226	9	0	0	0.0	0.000
run1_A_stride	pool_ringloop	off	warm	stride	16384	250000	64	1	5	1	512	2627	2965	3790	4051	1941520	263711	9	0	0	0.0	0.000
run1_A_stride	hybrid	off	warm	stride	16384	250000	64	1	5	2	512	3667	4707	6173	5877	2856049	179269	9	0	0	0.0	0.000
run1_A_stride	uring	off	warm	stride	16384	250000	64	1	5	3	512	193922	229387	232912	5273	2467496	207498	9	0	0	100.0	0.000
run1_A_stride	pooled_pread	off	warm	stride	16384	250000	64	1	5	4	512	173780	1391647	3290721	37738	5310813	96407	128	0	0	100.0	0.000
run1_A_sweep	pool	off	cold	sweep	16384	16384	1	1	0	0	512	3221	4830	14535	11571	5912764	86592	9	0	0	0.0	0.000
run1_A_sweep	pool_ringloop	off	cold	sweep	16384	16384	1	1	0	1	512	2884	4322	10411	10501	5485487	93337	9	0	0	0.0	0.000
run1_A_sweep	hybrid	off	cold	sweep	16384	16384	1	1	0	2	512	3212	5053	13114	11828	6055726	84548	9	0	0	0.0	0.000
run1_A_sweep	uring	off	cold	sweep	16384	16384	1	1	0	3	512	6917	9187	15790	17125	6704890	76362	9	0	0	100.0	0.000
run1_A_sweep	pooled_pread	off	cold	sweep	16384	16384	1	1	0	4	512	13629	20026	116630	27072	11601816	44131	11	0	0	100.0	0.000
run1_A_sweep	pool_ringloop	off	cold	sweep	16384	16384	1	1	1	0	512	2978	5774	14864	10528	5211852	98238	9	0	0	0.0	0.000
run1_A_sweep	hybrid	off	cold	sweep	16384	16384	1	1	1	1	512	2636	4184	10244	9827	5020653	101979	9	0	0	0.0	0.000
run1_A_sweep	uring	off	cold	sweep	16384	16384	1	1	1	2	512	3157	7010	17475	11727	4856180	105433	9	0	0	100.0	0.000
run1_A_sweep	pooled_pread	off	cold	sweep	16384	16384	1	1	1	3	512	13099	18644	77906	26021	11139984	45961	11	0	0	100.0	0.000
run1_A_sweep	pool	off	cold	sweep	16384	16384	1	1	1	4	512	2744	5395	10966	10067	5237452	97757	9	0	0	0.0	0.000
run1_A_sweep	hybrid	off	cold	sweep	16384	16384	1	1	2	0	512	2457	3677	10993	9351	4819915	106226	9	0	0	0.0	0.000
run1_A_sweep	uring	off	cold	sweep	16384	16384	1	1	2	1	512	4117	8253	21262	12639	5360901	95506	9	0	0	100.0	0.000
run1_A_sweep	pooled_pread	off	cold	sweep	16384	16384	1	1	2	2	512	13439	18896	386871	27614	12699165	40318	11	0	0	100.0	0.000
run1_A_sweep	pool	off	cold	sweep	16384	16384	1	1	2	3	512	3119	6820	22760	11176	5776449	88636	9	0	0	0.0	0.000
run1_A_sweep	pool_ringloop	off	cold	sweep	16384	16384	1	1	2	4	512	4041	6387	42759	16134	10723170	47747	10	0	0	0.2	0.000
run1_A_sweep	uring	off	cold	sweep	16384	16384	1	1	3	0	512	6031	14293	174605	18457	9827900	52097	9	0	0	100.0	0.000
run1_A_sweep	pooled_pread	off	cold	sweep	16384	16384	1	1	3	1	512	22915	35705	709324	40701	21475076	23842	12	0	0	100.0	0.000
run1_A_sweep	pool	off	cold	sweep	16384	16384	1	1	3	2	512	3889	7954	29035	15484	7974501	64205	9	0	0	0.0	0.000
run1_A_sweep	pool_ringloop	off	cold	sweep	16384	16384	1	1	3	3	512	4911	6805	18335	15018	7929460	64569	9	0	0	0.0	0.000
run1_A_sweep	hybrid	off	cold	sweep	16384	16384	1	1	3	4	512	3705	7759	21750	14394	7612755	67256	9	0	0	0.0	0.000
run1_A_sweep	pooled_pread	off	cold	sweep	16384	16384	1	1	4	0	512	16905	22735	100629	34502	14992806	34150	11	0	0	100.0	0.000
run1_A_sweep	pool	off	cold	sweep	16384	16384	1	1	4	1	512	3811	6097	28802	12454	6516541	78569	9	0	0	0.0	0.000
run1_A_sweep	pool_ringloop	off	cold	sweep	16384	16384	1	1	4	2	512	2739	8099	19396	11179	5627189	90987	9	0	0	0.0	0.000
run1_A_sweep	hybrid	off	cold	sweep	16384	16384	1	1	4	3	512	2574	3625	9982	9780	4974605	102923	9	0	0	0.0	0.000
run1_A_sweep	uring	off	cold	sweep	16384	16384	1	1	4	4	512	4447	6401	34669	12545	5836745	87720	9	0	0	100.0	0.000
run1_A_sweep	pool	off	cold	sweep	16384	16384	1	1	5	0	512	2600	4436	21108	9918	5306883	96478	9	0	0	0.0	0.000
run1_A_sweep	pool_ringloop	off	cold	sweep	16384	16384	1	1	5	1	512	3000	5866	16727	10984	5636747	90833	9	0	0	0.0	0.000
run1_A_sweep	hybrid	off	cold	sweep	16384	16384	1	1	5	2	512	2772	4593	14163	10209	5198689	98486	9	0	0	0.0	0.000
run1_A_sweep	uring	off	cold	sweep	16384	16384	1	1	5	3	512	4933	9766	28016	14687	6281848	81505	9	0	0	100.0	0.000
run1_A_sweep	pooled_pread	off	cold	sweep	16384	16384	1	1	5	4	512	16945	25087	180357	31438	14061752	36411	13	0	0	100.0	0.000
run1_A_sweep	pool	off	cold	sweep	16384	16384	2	1	0	0	512	3738	4597	17290	13786	5037561	101636	11	0	0	0.4	0.000
run1_A_sweep	pool_ringloop	off	cold	sweep	16384	16384	2	1	0	1	512	3022	5206	13491	11466	5818830	87990	9	0	0	0.0	0.000
run1_A_sweep	hybrid	off	cold	sweep	16384	16384	2	1	0	2	512	2964	5876	15412	11152	5734489	89284	9	0	0	0.0	0.000
run1_A_sweep	uring	off	cold	sweep	16384	16384	2	1	0	3	512	5655	17200	571704	10996	4960129	103223	9	0	0	100.0	0.000
run1_A_sweep	pooled_pread	off	cold	sweep	16384	16384	2	1	0	4	512	19315	37137	557872	33777	12043703	42512	16	0	0	100.0	0.000
run1_A_sweep	pool_ringloop	off	cold	sweep	16384	16384	2	1	1	0	512	3995	7025	25237	14173	7451755	68709	9	0	0	0.0	0.000
run1_A_sweep	hybrid	off	cold	sweep	16384	16384	2	1	1	1	512	3803	5736	16722	13047	6740056	75964	9	0	0	0.0	0.000
run1_A_sweep	uring	off	cold	sweep	16384	16384	2	1	1	2	512	9387	19070	929385	14399	7337302	69780	9	0	0	100.0	0.000
run1_A_sweep	pooled_pread	off	cold	sweep	16384	16384	2	1	1	3	512	20570	40107	786413	32326	11909569	42991	16	0	0	100.0	0.000
run1_A_sweep	pool	off	cold	sweep	16384	16384	2	1	1	4	512	4102	7568	17132	14289	4824766	106119	11	0	0	0.4	0.000
run1_A_sweep	hybrid	off	cold	sweep	16384	16384	2	1	2	0	512	2855	4226	14481	10409	5782639	88541	9	0	0	0.0	0.000
run1_A_sweep	uring	off	cold	sweep	16384	16384	2	1	2	1	512	8772	17417	642938	14774	6666425	76803	9	0	0	100.0	0.000
run1_A_sweep	pooled_pread	off	cold	sweep	16384	16384	2	1	2	2	512	16675	28538	608352	25559	8896343	57552	15	0	0	100.0	0.000
run1_A_sweep	pool	off	cold	sweep	16384	16384	2	1	2	3	512	2601	3156	12202	10120	4067748	125868	11	0	0	0.4	0.000
run1_A_sweep	pool_ringloop	off	cold	sweep	16384	16384	2	1	2	4	512	2627	3942	10769	9520	4829188	106022	9	0	0	0.0	0.000
run1_A_sweep	uring	off	cold	sweep	16384	16384	2	1	3	0	512	7920	18109	644623	12184	5418082	94498	9	0	0	100.0	0.000
run1_A_sweep	pooled_pread	off	cold	sweep	16384	16384	2	1	3	1	512	15582	21002	91329	27227	7452315	68703	14	0	0	100.0	0.000
run1_A_sweep	pool	off	cold	sweep	16384	16384	2	1	3	2	512	2529	2897	11873	9876	4036444	126844	11	0	0	0.4	0.000
run1_A_sweep	pool_ringloop	off	cold	sweep	16384	16384	2	1	3	3	512	2799	6239	27915	10483	5387422	95036	9	0	0	0.0	0.000
run1_A_sweep	hybrid	off	cold	sweep	16384	16384	2	1	3	4	512	2538	4162	10257	9543	4909448	104289	9	0	0	0.0	0.000
run1_A_sweep	pooled_pread	off	cold	sweep	16384	16384	2	1	4	0	512	12712	19692	211097	24139	6988293	73265	14	0	0	100.0	0.000
run1_A_sweep	pool	off	cold	sweep	16384	16384	2	1	4	1	512	3606	5012	14189	11678	4502666	113710	11	0	0	0.4	0.000
run1_A_sweep	pool_ringloop	off	cold	sweep	16384	16384	2	1	4	2	512	2515	4182	9974	9400	4739774	108022	9	0	0	0.0	0.000
run1_A_sweep	hybrid	off	cold	sweep	16384	16384	2	1	4	3	512	2806	4873	13274	10237	5158605	99252	9	0	0	0.0	0.000
run1_A_sweep	uring	off	cold	sweep	16384	16384	2	1	4	4	512	8464	18480	540555	11986	5473386	93544	9	0	0	100.0	0.000
run1_A_sweep	pool	off	cold	sweep	16384	16384	2	1	5	0	512	2749	3696	14835	10252	4098790	124915	11	0	0	0.4	0.000
run1_A_sweep	pool_ringloop	off	cold	sweep	16384	16384	2	1	5	1	512	3216	6323	17382	12312	6252455	81888	9	0	0	0.0	0.000
run1_A_sweep	hybrid	off	cold	sweep	16384	16384	2	1	5	2	512	2897	7341	16667	11480	5877902	87106	9	0	0	0.0	0.000
run1_A_sweep	uring	off	cold	sweep	16384	16384	2	1	5	3	512	10151	15721	631131	13647	5828476	87845	9	0	0	100.0	0.000
run1_A_sweep	pooled_pread	off	cold	sweep	16384	16384	2	1	5	4	512	16853	21877	237403	27618	7636194	67049	13	0	0	100.0	0.000
run1_A_sweep	pool	off	cold	sweep	16384	16384	4	1	0	0	512	5369	7113	1105929	16035	4901511	104458	13	0	0	0.8	0.000
run1_A_sweep	pool_ringloop	off	cold	sweep	16384	16384	4	1	0	1	512	2770	3931	10256	10495	5392018	94955	9	0	0	0.0	0.000
run1_A_sweep	hybrid	off	cold	sweep	16384	16384	4	1	0	2	512	2919	4335	14016	11157	5555009	92169	9	0	0	0.0	0.000
run1_A_sweep	uring	off	cold	sweep	16384	16384	4	1	0	3	512	12499	41904	1067227	11826	5619449	91112	9	0	0	100.0	0.000
run1_A_sweep	pooled_pread	off	cold	sweep	16384	16384	4	1	0	4	512	15204	42010	1124327	29599	6619333	77349	22	0	0	100.0	0.000
run1_A_sweep	pool_ringloop	off	cold	sweep	16384	16384	4	1	1	0	512	2938	5139	14259	10933	5786991	88474	9	0	0	0.0	0.000
run1_A_sweep	hybrid	off	cold	sweep	16384	16384	4	1	1	1	512	3423	5391	17186	12318	6169760	82985	9	0	0	0.0	0.000
run1_A_sweep	uring	off	cold	sweep	16384	16384	4	1	1	2	512	15999	41626	1071897	12840	6186624	82759	9	0	0	100.0	0.000
run1_A_sweep	pooled_pread	off	cold	sweep	16384	16384	4	1	1	3	512	15587	42243	801286	29042	5798555	88298	21	0	0	100.0	0.000
run1_A_sweep	pool	off	cold	sweep	16384	16384	4	1	1	4	512	4252	5563	1101465	13296	4110854	124548	13	0	0	0.8	0.000
run1_A_sweep	hybrid	off	cold	sweep	16384	16384	4	1	2	0	512	3241	6104	16267	11684	5960995	85892	9	0	0	0.0	0.000
run1_A_sweep	uring	off	cold	sweep	16384	16384	4	1	2	1	512	17556	37816	1046134	12799	6048360	84651	9	0	0	100.0	0.000
run1_A_sweep	pooled_pread	off	cold	sweep	16384	16384	4	1	2	2	512	15194	38893	869187	30319	5883568	87022	21	0	0	100.0	0.000
run1_A_sweep	pool	off	cold	sweep	16384	16384	4	1	2	3	512	5023	7123	1239007	15201	4735212	108126	13	0	0	0.8	0.000
run1_A_sweep	pool_ringloop	off	cold	sweep	16384	16384	4	1	2	4	512	2753	3885	14132	10316	5234700	97809	9	0	0	0.0	0.000
run1_A_sweep	uring	off	cold	sweep	16384	16384	4	1	3	0	512	10556	29501	1092853	10789	5047703	101432	9	0	0	100.0	0.000
run1_A_sweep	pooled_pread	off	cold	sweep	16384	16384	4	1	3	1	512	16625	48177	1178094	31787	6258494	81809	21	0	0	100.0	0.000
run1_A_sweep	pool	off	cold	sweep	16384	16384	4	1	3	2	512	3975	5690	1094336	12929	4111555	124527	13	0	0	0.8	0.000
run1_A_sweep	pool_ringloop	off	cold	sweep	16384	16384	4	1	3	3	512	2736	4297	12126	10288	5376325	95232	9	0	0	0.0	0.000
run1_A_sweep	hybrid	off	cold	sweep	16384	16384	4	1	3	4	512	2906	7089	17533	11845	6200752	82571	9	0	0	0.0	0.000
run1_A_sweep	pooled_pread	off	cold	sweep	16384	16384	4	1	4	0	512	12951	30449	1210724	28793	6346780	80671	22	0	0	100.0	0.000
run1_A_sweep	pool	off	cold	sweep	16384	16384	4	1	4	1	512	4257	7450	997159	12583	3681978	139056	13	0	0	0.8	0.000
run1_A_sweep	pool_ringloop	off	cold	sweep	16384	16384	4	1	4	2	512	3288	6835	15976	12346	6286092	81450	9	0	0	0.0	0.000
run1_A_sweep	hybrid	off	cold	sweep	16384	16384	4	1	4	3	512	2503	3655	11244	9397	4808559	106477	9	0	0	0.0	0.000
run1_A_sweep	uring	off	cold	sweep	16384	16384	4	1	4	4	512	13335	41639	939041	10590	5106562	100263	9	0	0	100.0	0.000
run1_A_sweep	pool	off	cold	sweep	16384	16384	4	1	5	0	512	4073	7664	1186209	13954	4279529	119639	13	0	0	0.8	0.000
run1_A_sweep	pool_ringloop	off	cold	sweep	16384	16384	4	1	5	1	512	3245	7095	16964	12222	6307382	81175	9	0	0	0.0	0.000
run1_A_sweep	hybrid	off	cold	sweep	16384	16384	4	1	5	2	512	3238	5580	14194	12456	6264551	81730	9	0	0	0.0	0.000
run1_A_sweep	uring	off	cold	sweep	16384	16384	4	1	5	3	512	15612	38708	1207252	12255	5832639	87782	9	0	0	100.0	0.000
run1_A_sweep	pooled_pread	off	cold	sweep	16384	16384	4	1	5	4	512	14599	33761	824272	29016	6027530	84944	21	0	0	100.0	0.000
run1_A_sweep	pool	off	cold	sweep	16384	16384	8	1	0	0	512	5783	8131	2324270	15846	4032489	126969	17	0	0	1.6	0.000
run1_A_sweep	pool_ringloop	off	cold	sweep	16384	16384	8	1	0	1	512	3169	6012	23244	12338	6710130	76303	9	0	0	0.0	0.000
run1_A_sweep	hybrid	off	cold	sweep	16384	16384	8	1	0	2	512	2844	5832	15032	11160	5762064	88857	9	0	0	0.0	0.000
run1_A_sweep	uring	off	cold	sweep	16384	16384	8	1	0	3	512	24933	73759	1111470	10592	5087902	100631	9	0	0	100.0	0.000
run1_A_sweep	pooled_pread	off	cold	sweep	16384	16384	8	1	0	4	512	20346	160497	2279862	35868	6825589	75012	34	0	0	100.0	0.000
run1_A_sweep	pool_ringloop	off	cold	sweep	16384	16384	8	1	1	0	512	2833	8094	16963	12020	6162462	83084	9	0	0	0.0	0.000
run1_A_sweep	hybrid	off	cold	sweep	16384	16384	8	1	1	1	512	3723	5267	34540	15318	11353302	45097	9	0	0	0.0	0.000
run1_A_sweep	uring	off	cold	sweep	16384	16384	8	1	1	2	512	47614	72258	1777801	15696	7943620	64454	9	0	0	100.0	0.000
run1_A_sweep	pooled_pread	off	cold	sweep	16384	16384	8	1	1	3	512	26882	316748	2646020	43284	10198562	50203	48	0	0	100.0	0.000
run1_A_sweep	pool	off	cold	sweep	16384	16384	8	1	1	4	512	4998	7699	2300960	18176	5448655	93968	17	0	0	1.8	0.000
run1_A_sweep	hybrid	off	cold	sweep	16384	16384	8	1	2	0	512	3342	5077	22473	12899	7341658	69739	9	0	0	0.0	0.000
run1_A_sweep	uring	off	cold	sweep	16384	16384	8	1	2	1	512	27289	113237	1144572	11491	5569990	91921	9	0	0	100.0	0.000
run1_A_sweep	pooled_pread	off	cold	sweep	16384	16384	8	1	2	2	512	19452	123401	1512400	33168	6310967	81129	35	0	0	100.0	0.000
run1_A_sweep	pool	off	cold	sweep	16384	16384	8	1	2	3	512	5531	8585	1931346	17583	4884976	104811	18	0	0	3.5	0.000
run1_A_sweep	pool_ringloop	off	cold	sweep	16384	16384	8	1	2	4	512	3217	6924	20256	11680	6027342	84946	9	0	0	0.0	0.000
run1_A_sweep	uring	off	cold	sweep	16384	16384	8	1	3	0	512	23316	53305	1679030	9853	5322521	96195	9	0	0	100.0	0.000
run1_A_sweep	pooled_pread	off	cold	sweep	16384	16384	8	1	3	1	512	17860	154763	1555908	33191	6314445	81084	39	0	0	100.0	0.000
run1_A_sweep	pool	off	cold	sweep	16384	16384	8	1	3	2	512	6817	12120	1970730	19801	5713633	89610	17	0	0	3.5	0.000
run1_A_sweep	pool_ringloop	off	cold	sweep	16384	16384	8	1	3	3	512	2884	7150	19629	11653	6038379	84791	9	0	0	0.0	0.000
run1_A_sweep	hybrid	off	cold	sweep	16384	16384	8	1	3	4	512	3332	5675	13273	11380	5881409	87054	9	0	0	0.0	0.000
run1_A_sweep	pooled_pread	off	cold	sweep	16384	16384	8	1	4	0	512	22073	162964	1462041	34416	6684565	76594	36	0	0	100.0	0.000
run1_A_sweep	pool	off	cold	sweep	16384	16384	8	1	4	1	512	5418	7928	2775082	19488	5454500	93867	17	0	0	2.0	0.000
run1_A_sweep	pool_ringloop	off	cold	sweep	16384	16384	8	1	4	2	512	3050	7413	26631	12105	6278372	81550	9	0	0	0.0	0.000
run1_A_sweep	hybrid	off	cold	sweep	16384	16384	8	1	4	3	512	3366	5542	18436	13092	6719075	76201	9	0	0	0.0	0.000
run1_A_sweep	uring	off	cold	sweep	16384	16384	8	1	4	4	512	27303	61045	1115606	10834	5197211	98514	9	0	0	100.0	0.000
run1_A_sweep	pool	off	cold	sweep	16384	16384	8	1	5	0	512	6655	10772	1956352	18993	4793506	106811	21	0	0	6.4	0.000
run1_A_sweep	pool_ringloop	off	cold	sweep	16384	16384	8	1	5	1	512	3228	9968	26110	12493	6556007	78096	9	0	0	0.0	0.000
run1_A_sweep	hybrid	off	cold	sweep	16384	16384	8	1	5	2	512	3140	4876	18525	11231	5961277	85888	9	0	0	0.0	0.000
run1_A_sweep	uring	off	cold	sweep	16384	16384	8	1	5	3	512	20577	65048	1128367	9715	4826680	106077	9	0	0	100.0	0.000
run1_A_sweep	pooled_pread	off	cold	sweep	16384	16384	8	1	5	4	512	18219	182871	1356166	35135	6678184	76668	36	0	0	100.0	0.000
run1_A_sweep	pool	off	cold	sweep	16384	16384	16	1	0	0	512	5365	7559	2462810	17275	4222142	121265	25	0	0	3.3	0.000
run1_A_sweep	pool_ringloop	off	cold	sweep	16384	16384	16	1	0	1	512	2576	4323	12480	10082	5115518	100088	9	0	0	0.0	0.000
run1_A_sweep	hybrid	off	cold	sweep	16384	16384	16	1	0	2	512	3314	4843	13845	11197	5780514	88573	9	0	0	0.0	0.000
run1_A_sweep	uring	off	cold	sweep	16384	16384	16	1	0	3	512	53822	188666	1360942	11924	6068897	84365	9	0	0	100.0	0.000
run1_A_sweep	pooled_pread	off	cold	sweep	16384	16384	16	1	0	4	512	39100	493210	2271213	42626	7383269	69346	86	0	0	100.0	0.000
run1_A_sweep	pool_ringloop	off	cold	sweep	16384	16384	16	1	1	0	512	2694	4414	23171	10647	5385464	95071	9	0	0	0.0	0.000
run1_A_sweep	hybrid	off	cold	sweep	16384	16384	16	1	1	1	512	3025	7169	23333	11517	6071314	84331	9	0	0	0.0	0.000
run1_A_sweep	uring	off	cold	sweep	16384	16384	16	1	1	2	512	49474	144224	1153621	10141	5042476	101537	9	0	0	100.0	0.000
run1_A_sweep	pooled_pread	off	cold	sweep	16384	16384	16	1	1	3	512	43237	518059	3076997	43913	8660348	59120	72	0	0	100.0	0.000
run1_A_sweep	pool	off	cold	sweep	16384	16384	16	1	1	4	512	4692	7870	3839793	19241	4736242	108103	29	0	0	4.9	0.000
run1_A_sweep	hybrid	off	cold	sweep	16384	16384	16	1	2	0	512	3297	5714	13433	12124	6183426	82802	9	0	0	0.0	0.000
run1_A_sweep	uring	off	cold	sweep	16384	16384	16	1	2	1	512	47676	414536	1190683	9935	5136130	99686	9	0	0	100.0	0.000
run1_A_sweep	pooled_pread	off	cold	sweep	16384	16384	16	1	2	2	512	40859	414151	2577544	42320	7828021	65406	77	0	0	100.0	0.000
run1_A_sweep	pool	off	cold	sweep	16384	16384	16	1	2	3	512	6882	11108	2810587	20499	4391310	116594	25	0	0	3.1	0.000
run1_A_sweep	pool_ringloop	off	cold	sweep	16384	16384	16	1	2	4	512	3106	5942	16742	12637	6444996	79441	9	0	0	0.0	0.000
run1_A_sweep	uring	off	cold	sweep	16384	16384	16	1	3	0	512	58593	164555	1117166	10914	5435815	94190	9	0	0	100.0	0.000
run1_A_sweep	pooled_pread	off	cold	sweep	16384	16384	16	1	3	1	512	30994	396304	2268545	38657	7372051	69451	80	0	0	100.0	0.000
run1_A_sweep	pool	off	cold	sweep	16384	16384	16	1	3	2	512	7253	11441	3389696	22362	5432422	94249	25	0	0	3.1	0.000
run1_A_sweep	pool_ringloop	off	cold	sweep	16384	16384	16	1	3	3	512	3234	6981	23853	11496	6002197	85302	9	0	0	0.0	0.000
run1_A_sweep	hybrid	off	cold	sweep	16384	16384	16	1	3	4	512	2757	3973	10336	10987	5568383	91948	9	0	0	0.0	0.000
run1_A_sweep	pooled_pread	off	cold	sweep	16384	16384	16	1	4	0	512	52469	352179	1509657	38395	6682440	76619	81	0	0	100.0	0.000
run1_A_sweep	pool	off	cold	sweep	16384	16384	16	1	4	1	512	6191	8077	2454015	17766	4032944	126954	25	0	0	3.1	0.000
run1_A_sweep	pool_ringloop	off	cold	sweep	16384	16384	16	1	4	2	512	2996	5269	19306	10703	5588574	91615	9	0	0	0.0	0.000
run1_A_sweep	hybrid	off	cold	sweep	16384	16384	16	1	4	3	512	2862	5005	15629	10861	5833338	87771	9	0	0	0.0	0.000
run1_A_sweep	uring	off	cold	sweep	16384	16384	16	1	4	4	512	64523	145678	1174976	10913	5317313	96289	9	0	0	100.0	0.000
run1_A_sweep	pool	off	cold	sweep	16384	16384	16	1	5	0	512	5658	8293	2668176	18664	4269727	119914	25	0	0	3.1	0.000
run1_A_sweep	pool_ringloop	off	cold	sweep	16384	16384	16	1	5	1	512	3205	4725	14487	12884	6525020	78467	9	0	0	0.0	0.000
run1_A_sweep	hybrid	off	cold	sweep	16384	16384	16	1	5	2	512	3050	5739	16972	11207	5763146	88840	9	0	0	0.0	0.000
run1_A_sweep	uring	off	cold	sweep	16384	16384	16	1	5	3	512	72382	179764	1308709	12322	6128059	83550	9	0	0	100.0	0.000
run1_A_sweep	pooled_pread	off	cold	sweep	16384	16384	16	1	5	4	512	54924	567976	1972678	43105	8509846	60166	74	0	0	100.0	0.000
run1_A_sweep	pool	off	cold	sweep	16384	16384	32	1	0	0	512	5540	8718	3206662	24200	4920794	104048	42	0	0	7.4	0.000
run1_A_sweep	pool_ringloop	off	cold	sweep	16384	16384	32	1	0	1	512	2827	4703	12451	11073	5789415	88437	9	0	0	0.0	0.000
run1_A_sweep	hybrid	off	cold	sweep	16384	16384	32	1	0	2	512	3106	5260	14844	11650	6208327	82470	9	0	0	0.0	0.000
run1_A_sweep	uring	off	cold	sweep	16384	16384	32	1	0	3	512	155230	1282438	1378694	12182	6165917	83037	9	0	0	100.0	0.000
run1_A_sweep	pooled_pread	off	cold	sweep	16384	16384	32	1	0	4	512	135160	1608321	4323550	51673	9975133	51328	98	0	0	100.0	0.000
run1_A_sweep	pool_ringloop	off	cold	sweep	16384	16384	32	1	1	0	512	3564	7739	18922	14149	7472160	68521	9	0	0	0.0	0.000
run1_A_sweep	hybrid	off	cold	sweep	16384	16384	32	1	1	1	512	3229	4580	15087	11990	6263061	81749	9	0	0	0.0	0.000
run1_A_sweep	uring	off	cold	sweep	16384	16384	32	1	1	2	512	105380	1355835	1362684	11641	5776738	88631	9	0	0	100.0	0.000
run1_A_sweep	pooled_pread	off	cold	sweep	16384	16384	32	1	1	3	512	104832	1065804	2923954	50998	8067525	63464	109	0	0	100.0	0.000
run1_A_sweep	pool	off	cold	sweep	16384	16384	32	1	1	4	512	5696	8820	3154487	24792	4848106	105608	37	0	0	6.8	0.000
run1_A_sweep	hybrid	off	cold	sweep	16384	16384	32	1	2	0	512	3121	6883	27462	12513	6376103	80300	9	0	0	0.0	0.000
run1_A_sweep	uring	off	cold	sweep	16384	16384	32	1	2	1	512	106426	1237102	1318896	11400	6020395	85044	9	0	0	100.0	0.000
run1_A_sweep	pooled_pread	off	cold	sweep	16384	16384	32	1	2	2	512	114864	1192627	2827252	50650	8458044	60534	104	0	0	100.0	0.000
run1_A_sweep	pool	off	cold	sweep	16384	16384	32	1	2	3	512	5678	13400	2870938	23000	4757824	107612	41	0	0	8.2	0.000
run1_A_sweep	pool_ringloop	off	cold	sweep	16384	16384	32	1	2	4	512	2764	6231	20114	11532	6112365	83765	9	0	0	0.0	0.000
run1_A_sweep	uring	off	cold	sweep	16384	16384	32	1	3	0	512	135353	1219105	1798923	12642	6298215	81293	9	0	0	100.0	0.000
run1_A_sweep	pooled_pread	off	cold	sweep	16384	16384	32	1	3	1	512	156576	1164848	2319294	52055	8401432	60942	114	0	0	100.0	0.000
run1_A_sweep	pool	off	cold	sweep	16384	16384	32	1	3	2	512	5825	333863	2521628	24611	4395816	116474	43	0	0	12.1	0.000
run1_A_sweep	pool_ringloop	off	cold	sweep	16384	16384	32	1	3	3	512	2968	4550	17589	11542	6223261	82272	9	0	0	0.0	0.000
run1_A_sweep	hybrid	off	cold	sweep	16384	16384	32	1	3	4	512	3217	5426	12710	11903	6141636	83365	9	0	0	0.0	0.000
run1_A_sweep	pooled_pread	off	cold	sweep	16384	16384	32	1	4	0	512	192139	1475116	2622083	56219	9845976	52001	137	0	0	100.0	0.000
run1_A_sweep	pool	off	cold	sweep	16384	16384	32	1	4	1	512	5595	11179	3136137	24831	5245627	97605	41	0	0	7.6	0.000
run1_A_sweep	pool_ringloop	off	cold	sweep	16384	16384	32	1	4	2	512	3057	6014	13244	11674	6009241	85202	9	0	0	0.0	0.000
run1_A_sweep	hybrid	off	cold	sweep	16384	16384	32	1	4	3	512	3871	5978	16543	14297	7400691	69183	9	0	0	0.0	0.000
run1_A_sweep	uring	off	cold	sweep	16384	16384	32	1	4	4	512	228971	1361329	1551100	13200	6664507	76825	9	0	0	100.0	0.000
run1_A_sweep	pool	off	cold	sweep	16384	16384	32	1	5	0	512	4383	6745	4000679	24792	7162595	71482	39	0	0	6.4	0.000
run1_A_sweep	pool_ringloop	off	cold	sweep	16384	16384	32	1	5	1	512	3361	4163	23951	13277	7567502	67658	9	0	0	0.0	0.000
run1_A_sweep	hybrid	off	cold	sweep	16384	16384	32	1	5	2	512	3676	5980	17444	12663	6985990	73290	9	0	0	0.0	0.000
run1_A_sweep	uring	off	cold	sweep	16384	16384	32	1	5	3	512	173566	1242161	1433248	12851	6463198	79218	9	0	0	100.0	0.000
run1_A_sweep	pooled_pread	off	cold	sweep	16384	16384	32	1	5	4	512	132661	1392362	4139414	53304	10689630	47897	113	0	0	100.0	0.000
run1_A_sweep	pool	off	cold	sweep	16384	16384	64	1	0	0	512	4730	1462296	3862527	30511	7464159	68594	61	0	0	13.3	0.000
run1_A_sweep	pool_ringloop	off	cold	sweep	16384	16384	64	1	0	1	512	2926	6157	18354	11501	6146964	83293	9	0	0	0.0	0.000
run1_A_sweep	hybrid	off	cold	sweep	16384	16384	64	1	0	2	512	3868	9730	21790	15387	7784579	65771	9	0	0	0.0	0.000
run1_A_sweep	uring	off	cold	sweep	16384	16384	64	1	0	3	512	380358	1443589	1448095	11516	5939098	86208	9	0	0	100.0	0.000
run1_A_sweep	pooled_pread	off	cold	sweep	16384	16384	64	1	0	4	512	452378	2209375	4525488	56822	10278745	49812	131	0	0	100.0	0.000
run1_A_sweep	pool_ringloop	off	cold	sweep	16384	16384	64	1	1	0	512	2742	4795	14995	10578	5367709	95385	9	0	0	0.0	0.000
run1_A_sweep	hybrid	off	cold	sweep	16384	16384	64	1	1	1	512	3514	6793	20197	12924	6779224	75525	9	0	0	0.0	0.000
run1_A_sweep	uring	off	cold	sweep	16384	16384	64	1	1	2	512	615758	2047446	2048921	13635	7002069	73121	9	0	0	100.0	0.000
run1_A_sweep	pooled_pread	off	cold	sweep	16384	16384	64	1	1	3	512	600891	2090519	4105784	54322	9043224	56617	128	0	0	100.0	0.000
run1_A_sweep	pool	off	cold	sweep	16384	16384	64	1	1	4	512	4712	11923	4147475	25146	5928152	86368	46	0	0	8.4	0.000
run1_A_sweep	hybrid	off	cold	sweep	16384	16384	64	1	2	0	512	3199	7665	24409	11832	6152954	83212	9	0	0	0.0	0.000
run1_A_sweep	uring	off	cold	sweep	16384	16384	64	1	2	1	512	429411	1532219	1550379	12130	6213916	82396	9	0	0	100.0	0.000
run1_A_sweep	pooled_pread	off	cold	sweep	16384	16384	64	1	2	2	512	514204	3873995	6283111	63963	13148647	38939	151	0	0	100.0	0.000
run1_A_sweep	pool	off	cold	sweep	16384	16384	64	1	2	3	512	5009	7367	3334981	22596	5424392	94388	29	0	0	5.3	0.000
run1_A_sweep	pool_ringloop	off	cold	sweep	16384	16384	64	1	2	4	512	2660	3611	6819	10848	5545231	92332	9	0	0	0.0	0.000
run1_A_sweep	uring	off	cold	sweep	16384	16384	64	1	3	0	512	432135	1485714	1488704	11354	5722093	89478	9	0	0	100.0	0.000
run1_A_sweep	pooled_pread	off	cold	sweep	16384	16384	64	1	3	1	512	467941	3257043	5531611	53709	10426796	49104	113	0	0	100.0	0.000
run1_A_sweep	pool	off	cold	sweep	16384	16384	64	1	3	2	512	5705	1312311	3266664	27640	4970290	103012	57	0	0	10.4	0.000
run1_A_sweep	pool_ringloop	off	cold	sweep	16384	16384	64	1	3	3	512	3196	5813	15730	12401	6684108	76600	9	0	0	0.0	0.000
run1_A_sweep	hybrid	off	cold	sweep	16384	16384	64	1	3	4	512	2852	5327	18446	11591	6059651	84493	9	0	0	0.0	0.000
run1_A_sweep	pooled_pread	off	cold	sweep	16384	16384	64	1	4	0	512	206753	2341620	3053614	41311	8072904	63422	109	0	0	100.0	0.000
run1_A_sweep	pool	off	cold	sweep	16384	16384	64	1	4	1	512	4940	1002477	3446237	26709	4697276	108999	55	0	0	12.3	0.000
run1_A_sweep	pool_ringloop	off	cold	sweep	16384	16384	64	1	4	2	512	3620	6512	30637	12137	6249829	81922	9	0	0	0.0	0.000
run1_A_sweep	hybrid	off	cold	sweep	16384	16384	64	1	4	3	512	3178	5456	13078	13613	7054756	72575	9	0	0	0.0	0.000
run1_A_sweep	uring	off	cold	sweep	16384	16384	64	1	4	4	512	443433	1780413	1782718	13416	6791070	75393	9	0	0	100.0	0.000
run1_A_sweep	pool	off	cold	sweep	16384	16384	64	1	5	0	512	5970	37100	2782249	24675	4208261	121665	50	0	0	9.4	0.000
run1_A_sweep	pool_ringloop	off	cold	sweep	16384	16384	64	1	5	1	512	2984	5719	16923	11734	5962764	85866	9	0	0	0.0	0.000
run1_A_sweep	hybrid	off	cold	sweep	16384	16384	64	1	5	2	512	2856	5214	13645	11398	5771838	88707	9	0	0	0.0	0.000
run1_A_sweep	uring	off	cold	sweep	16384	16384	64	1	5	3	512	456796	1307154	1308568	11112	5657482	90500	9	0	0	100.0	0.000
run1_A_sweep	pooled_pread	off	cold	sweep	16384	16384	64	1	5	4	512	308185	2857823	3504196	46826	9714875	52703	119	0	0	100.0	0.000
run1_A_sweep	pool	off	warm	sweep	16384	16384	1	1	0	0	512	2573	2914	5876	3136	1484889	344807	9	0	0	0.0	0.000
run1_A_sweep	pool_ringloop	off	warm	sweep	16384	16384	1	1	0	1	512	2769	3151	3887	3122	1594303	321143	9	0	0	0.0	0.000
run1_A_sweep	hybrid	off	warm	sweep	16384	16384	1	1	0	2	512	2663	3198	4430	3485	1689333	303078	9	0	0	0.0	0.000
run1_A_sweep	uring	off	warm	sweep	16384	16384	1	1	0	3	512	5845	6445	13403	9443	3396545	150741	9	0	0	100.0	0.000
run1_A_sweep	pooled_pread	off	warm	sweep	16384	16384	1	1	0	4	512	13942	17465	47680	20724	7998616	64011	11	0	0	100.0	0.000
run1_A_sweep	pool_ringloop	off	warm	sweep	16384	16384	1	1	1	0	512	2768	3539	6094	3493	1701162	300971	9	0	0	0.0	0.000
run1_A_sweep	hybrid	off	warm	sweep	16384	16384	1	1	1	1	512	2437	2721	3178	3208	1454015	352128	9	0	0	0.0	0.000
run1_A_sweep	uring	off	warm	sweep	16384	16384	1	1	1	2	512	3478	4672	9863	6777	2134913	239822	9	0	0	100.0	0.000
run1_A_sweep	pooled_pread	off	warm	sweep	16384	16384	1	1	1	3	512	16502	22112	58567	24351	9682304	52880	11	0	0	100.0	0.000
run1_A_sweep	pool	off	warm	sweep	16384	16384	1	1	1	4	512	2412	2777	3517	3050	1368554	374117	9	0	0	0.0	0.000
run1_A_sweep	hybrid	off	warm	sweep	16384	16384	1	1	2	0	512	2317	2673	3079	3210	1412411	362501	9	0	0	0.0	0.000
run1_A_sweep	uring	off	warm	sweep	16384	16384	1	1	2	1	512	3254	4611	6757	6434	2056173	249006	9	0	0	100.0	0.000
run1_A_sweep	pooled_pread	off	warm	sweep	16384	16384	1	1	2	2	512	14054	18834	32061	20866	7920872	64639	11	0	0	100.0	0.000
run1_A_sweep	pool	off	warm	sweep	16384	16384	1	1	2	3	512	2755	3194	3736	3301	1570249	326063	9	0	0	0.0	0.000
run1_A_sweep	pool_ringloop	off	warm	sweep	16384	16384	1	1	2	4	512	2428	2850	3948	3056	1386425	369295	9	0	0	0.0	0.000
run1_A_sweep	uring	off	warm	sweep	16384	16384	1	1	3	0	512	5040	5808	16522	8737	2986290	171450	9	0	0	100.0	0.000
run1_A_sweep	pooled_pread	off	warm	sweep	16384	16384	1	1	3	1	512	15109	16680	44525	21005	7966072	64273	10	0	0	100.0	0.000
run1_A_sweep	pool	off	warm	sweep	16384	16384	1	1	3	2	512	2958	3509	10188	3780	1796117	285059	9	0	0	0.0	0.000
run1_A_sweep	pool_ringloop	off	warm	sweep	16384	16384	1	1	3	3	512	2612	3074	4217	3432	1559230	328367	9	0	0	0.0	0.000
run1_A_sweep	hybrid	off	warm	sweep	16384	16384	1	1	3	4	512	2493	2814	4732	3108	1484376	344926	9	0	0	0.0	0.000
run1_A_sweep	pooled_pread	off	warm	sweep	16384	16384	1	1	4	0	512	15885	19642	44963	23033	8857544	57804	11	0	0	100.0	0.000
run1_A_sweep	pool	off	warm	sweep	16384	16384	1	1	4	1	512	2926	4433	10176	3843	1838252	278525	9	0	0	0.0	0.000
run1_A_sweep	pool_ringloop	off	warm	sweep	16384	16384	1	1	4	2	512	2738	3108	3600	3387	1590224	321967	9	0	0	0.0	0.000
run1_A_sweep	hybrid	off	warm	sweep	16384	16384	1	1	4	3	512	2343	2768	6225	3002	1470798	348110	9	0	0	0.0	0.000
run1_A_sweep	uring	off	warm	sweep	16384	16384	1	1	4	4	512	4567	5165	9661	7815	2621240	195327	9	0	0	100.0	0.000
run1_A_sweep	pool	off	warm	sweep	16384	16384	1	1	5	0	512	3500	4415	5929	4221	2062293	248267	9	0	0	0.0	0.000
run1_A_sweep	pool_ringloop	off	warm	sweep	16384	16384	1	1	5	1	512	2632	3108	4783	3214	1538388	332816	9	0	0	0.0	0.000
run1_A_sweep	hybrid	off	warm	sweep	16384	16384	1	1	5	2	512	3080	3643	4477	4094	1943485	263444	9	0	0	0.0	0.000
run1_A_sweep	uring	off	warm	sweep	16384	16384	1	1	5	3	512	3736	5228	9234	7260	2371570	215891	9	0	0	100.0	0.000
run1_A_sweep	pooled_pread	off	warm	sweep	16384	16384	1	1	5	4	512	15730	21944	73385	24617	10350727	49465	11	0	0	100.0	0.000
run1_A_sweep	pool	off	warm	sweep	16384	16384	2	1	0	0	512	2656	3132	8726	3402	816600	626990	9	0	0	0.0	0.000
run1_A_sweep	pool_ringloop	off	warm	sweep	16384	16384	2	1	0	1	512	3494	4310	7376	4303	2110343	242615	9	0	0	0.0	0.000
run1_A_sweep	hybrid	off	warm	sweep	16384	16384	2	1	0	2	512	3412	3979	4745	4528	2105771	243141	9	0	0	0.0	0.000
run1_A_sweep	uring	off	warm	sweep	16384	16384	2	1	0	3	512	6033	6597	17232	5368	1816105	281922	9	0	0	100.0	0.000
run1_A_sweep	pooled_pread	off	warm	sweep	16384	16384	2	1	0	4	512	18264	22514	77717	20895	7207431	71038	13	0	0	100.0	0.000
run1_A_sweep	pool_ringloop	off	warm	sweep	16384	16384	2	1	1	0	512	2508	2785	3599	2905	1410157	363080	9	0	0	0.0	0.000
run1_A_sweep	hybrid	off	warm	sweep	16384	16384	2	1	1	1	512	2410	2776	3930	3241	1496402	342154	9	0	0	0.0	0.000
run1_A_sweep	uring	off	warm	sweep	16384	16384	2	1	1	2	512	5274	7616	12353	5049	1651414	310037	9	0	0	100.0	0.000
run1_A_sweep	pooled_pread	off	warm	sweep	16384	16384	2	1	1	3	512	16395	19754	55846	18616	4741346	107986	14	0	0	100.0	0.000
run1_A_sweep	pool	off	warm	sweep	16384	16384	2	1	1	4	512	2943	3569	4481	3601	863774	592748	9	0	0	0.0	0.000
run1_A_sweep	hybrid	off	warm	sweep	16384	16384	2	1	2	0	512	2375	2715	4175	3047	1449336	353265	9	0	0	0.0	0.000
run1_A_sweep	uring	off	warm	sweep	16384	16384	2	1	2	1	512	5544	6178	14372	4805	1646362	310989	9	0	0	100.0	0.000
run1_A_sweep	pooled_pread	off	warm	sweep	16384	16384	2	1	2	2	512	17956	26216	118350	21605	5638174	90810	15	0	0	100.0	0.000
run1_A_sweep	pool	off	warm	sweep	16384	16384	2	1	2	3	512	2597	3045	6160	3191	809736	632305	9	0	0	0.0	0.000
run1_A_sweep	pool_ringloop	off	warm	sweep	16384	16384	2	1	2	4	512	2239	2587	2956	2736	1286402	398009	9	0	0	0.0	0.000
run1_A_sweep	uring	off	warm	sweep	16384	16384	2	1	3	0	512	5746	6150	14464	5357	1693247	302378	9	0	0	100.0	0.000
run1_A_sweep	pooled_pread	off	warm	sweep	16384	16384	2	1	3	1	512	16659	27189	73553	20517	5059686	101192	16	0	0	100.0	0.000
run1_A_sweep	pool	off	warm	sweep	16384	16384	2	1	3	2	512	2685	3208	5051	3525	835544	612774	9	0	0	0.0	0.000
run1_A_sweep	pool_ringloop	off	warm	sweep	16384	16384	2	1	3	3	512	2330	2741	3816	2980	1376084	372070	9	0	0	0.0	0.000
run1_A_sweep	hybrid	off	warm	sweep	16384	16384	2	1	3	4	512	2313	2641	3041	3047	1442920	354836	9	0	0	0.0	0.000
run1_A_sweep	pooled_pread	off	warm	sweep	16384	16384	2	1	4	0	512	19415	30621	92205	22705	6513517	78606	16	0	0	100.0	0.000
run1_A_sweep	pool	off	warm	sweep	16384	16384	2	1	4	1	512	3520	3894	4260	4048	1009637	507113	9	0	0	0.0	0.000
run1_A_sweep	pool_ringloop	off	warm	sweep	16384	16384	2	1	4	2	512	2359	2723	3114	2892	1365844	374860	9	0	0	0.0	0.000
run1_A_sweep	hybrid	off	warm	sweep	16384	16384	2	1	4	3	512	2310	2733	3573	3121	1400660	365542	9	0	0	0.0	0.000
run1_A_sweep	uring	off	warm	sweep	16384	16384	2	1	4	4	512	7947	11511	27379	7169	2605284	196524	9	0	0	100.0	0.000
run1_A_sweep	pool	off	warm	sweep	16384	16384	2	1	5	0	512	3407	5228	20505	4479	1176306	435261	9	0	0	0.0	0.000
run1_A_sweep	pool_ringloop	off	warm	sweep	16384	16384	2	1	5	1	512	2404	2764	6290	2917	1450321	353025	9	0	0	0.0	0.000
run1_A_sweep	hybrid	off	warm	sweep	16384	16384	2	1	5	2	512	2329	2753	5597	2941	1431021	357787	9	0	0	0.0	0.000
run1_A_sweep	uring	off	warm	sweep	16384	16384	2	1	5	3	512	5851	7155	17308	5436	1847743	277095	9	0	0	100.0	0.000
run1_A_sweep	pooled_pread	off	warm	sweep	16384	16384	2	1	5	4	512	16913	25549	68917	19595	4919390	104078	14	0	0	100.0	0.000
run1_A_sweep	pool	off	warm	sweep	16384	16384	4	1	0	0	512	3346	4565	5803	4070	577716	886249	9	0	0	0.0	0.000
run1_A_sweep	pool_ringloop	off	warm	sweep	16384	16384	4	1	0	1	512	2393	2829	4503	3039	1414847	361877	9	0	0	0.0	0.000
run1_A_sweep	hybrid	off	warm	sweep	16384	16384	4	1	0	2	512	2529	2959	4296	3302	1589778	322058	9	0	0	0.0	0.000
run1_A_sweep	uring	off	warm	sweep	16384	16384	4	1	0	3	512	15833	17338	26695	5684	2350107	217862	9	0	0	100.0	0.000
run1_A_sweep	pooled_pread	off	warm	sweep	16384	16384	4	1	0	4	512	12428	26458	106525	20658	2444789	209425	22	0	0	100.0	0.000
run1_A_sweep	pool_ringloop	off	warm	sweep	16384	16384	4	1	1	0	512	2320	2677	2957	2873	1324328	386611	9	0	0	0.0	0.000
run1_A_sweep	hybrid	off	warm	sweep	16384	16384	4	1	1	1	512	2619	3348	4068	3386	1643406	311548	9	0	0	0.0	0.000
run1_A_sweep	uring	off	warm	sweep	16384	16384	4	1	1	2	512	15309	18323	46314	5926	2350472	217829	9	0	0	100.0	0.000
run1_A_sweep	pooled_pread	off	warm	sweep	16384	16384	4	1	1	3	512	14135	32025	131693	21501	2797271	183036	22	0	0	100.0	0.000
run1_A_sweep	pool	off	warm	sweep	16384	16384	4	1	1	4	512	2749	3228	4526	3269	568692	900312	9	0	0	0.0	0.000
run1_A_sweep	hybrid	off	warm	sweep	16384	16384	4	1	2	0	512	2250	2566	3322	3009	1359501	376609	9	0	0	0.0	0.000
run1_A_sweep	uring	off	warm	sweep	16384	16384	4	1	2	1	512	9935	10615	26361	3801	1484900	344804	9	0	0	100.0	0.000
run1_A_sweep	pooled_pread	off	warm	sweep	16384	16384	4	1	2	2	512	16330	46508	202279	20583	3367494	152042	24	0	0	100.0	0.000
run1_A_sweep	pool	off	warm	sweep	16384	16384	4	1	2	3	512	3841	5170	7265	4583	593923	862065	9	0	0	0.0	0.000
run1_A_sweep	pool_ringloop	off	warm	sweep	16384	16384	4	1	2	4	512	2224	2592	2930	2613	1318101	388438	9	0	0	0.0	0.000
run1_A_sweep	uring	off	warm	sweep	16384	16384	4	1	3	0	512	9573	11505	21630	3922	1492055	343151	9	0	0	100.0	0.000
run1_A_sweep	pooled_pread	off	warm	sweep	16384	16384	4	1	3	1	512	13438	33905	167896	19227	2715746	188530	25	0	0	100.0	0.000
run1_A_sweep	pool	off	warm	sweep	16384	16384	4	1	3	2	512	5934	7730	13208	7069	1030543	496825	9	0	0	0.0	0.000
run1_A_sweep	pool_ringloop	off	warm	sweep	16384	16384	4	1	3	3	512	2578	3001	4180	3286	1548931	330551	9	0	0	0.0	0.000
run1_A_sweep	hybrid	off	warm	sweep	16384	16384	4	1	3	4	512	2604	3244	4454	3490	1645293	311191	9	0	0	0.0	0.000
run1_A_sweep	pooled_pread	off	warm	sweep	16384	16384	4	1	4	0	512	11024	21881	98367	18203	2212517	231411	22	0	0	100.0	0.000
run1_A_sweep	pool	off	warm	sweep	16384	16384	4	1	4	1	512	4392	5408	7763	5251	720084	711028	9	0	0	0.0	0.000
run1_A_sweep	pool_ringloop	off	warm	sweep	16384	16384	4	1	4	2	512	2982	3754	5882	3724	1825521	280468	9	0	0	0.0	0.000
run1_A_sweep	hybrid	off	warm	sweep	16384	16384	4	1	4	3	512	2559	2840	3685	3543	1604622	319078	9	0	0	0.0	0.000
run1_A_sweep	uring	off	warm	sweep	16384	16384	4	1	4	4	512	9674	10438	18425	4332	1430004	358041	9	0	0	100.0	0.000
run1_A_sweep	pool	off	warm	sweep	16384	16384	4	1	5	0	512	3503	4554	5416	4144	560558	913376	9	0	0	0.0	0.000
run1_A_sweep	pool_ringloop	off	warm	sweep	16384	16384	4	1	5	1	512	2835	3477	5502	3671	1649998	310303	9	0	0	0.0	0.000
run1_A_sweep	hybrid	off	warm	sweep	16384	16384	4	1	5	2	512	2785	3430	5580	3792	1809007	283028	9	0	0	0.0	0.000
run1_A_sweep	uring	off	warm	sweep	16384	16384	4	1	5	3	512	13467	14941	29761	5071	2003097	255604	9	0	0	100.0	0.000
run1_A_sweep	pooled_pread	off	warm	sweep	16384	16384	4	1	5	4	512	11708	22981	113293	18718	2176443	235246	20	0	0	100.0	0.000
run1_A_sweep	pool	off	warm	sweep	16384	16384	8	1	0	0	512	4818	6051	11042	5720	632577	809388	9	0	0	0.0	0.000
run1_A_sweep	pool_ringloop	off	warm	sweep	16384	16384	8	1	0	1	512	3031	3638	4723	3601	1788885	286212	9	0	0	0.0	0.000
run1_A_sweep	hybrid	off	warm	sweep	16384	16384	8	1	0	2	512	2767	3168	4127	3654	1719579	297747	9	0	0	0.0	0.000
run1_A_sweep	uring	off	warm	sweep	16384	16384	8	1	0	3	512	24359	32798	158943	4431	1933224	264843	9	0	0	100.0	0.000
run1_A_sweep	pooled_pread	off	warm	sweep	16384	16384	8	1	0	4	512	17986	160460	357424	29390	3343260	153144	41	0	0	100.0	0.000
run1_A_sweep	pool_ringloop	off	warm	sweep	16384	16384	8	1	1	0	512	2975	4212	8115	3807	1853565	276224	9	0	0	0.0	0.000
run1_A_sweep	hybrid	off	warm	sweep	16384	16384	8	1	1	1	512	3057	3754	5723	4156	1937502	264258	9	0	0	0.0	0.000
run1_A_sweep	uring	off	warm	sweep	16384	16384	8	1	1	2	512	26774	34868	50108	5120	2131094	240252	9	0	0	100.0	0.000
run1_A_sweep	pooled_pread	off	warm	sweep	16384	16384	8	1	1	3	512	19504	165073	454019	31432	3842370	133251	42	0	0	100.0	0.000
run1_A_sweep	pool	off	warm	sweep	16384	16384	8	1	1	4	512	5165	6131	10138	6149	707955	723210	9	0	0	0.0	0.000
run1_A_sweep	hybrid	off	warm	sweep	16384	16384	8	1	2	0	512	3226	3911	5675	4164	1968755	260063	9	0	0	0.0	0.000
run1_A_sweep	uring	off	warm	sweep	16384	16384	8	1	2	1	512	25131	27005	40881	4404	1888144	271166	9	0	0	100.0	0.000
run1_A_sweep	pooled_pread	off	warm	sweep	16384	16384	8	1	2	2	512	20277	162284	470487	30423	3934496	130131	42	0	0	100.0	0.000
run1_A_sweep	pool	off	warm	sweep	16384	16384	8	1	2	3	512	5681	6734	7558	6861	506579	1010701	9	0	0	0.0	0.000
run1_A_sweep	pool_ringloop	off	warm	sweep	16384	16384	8	1	2	4	512	2544	2850	6248	3176	1448286	353521	9	0	0	0.0	0.000
run1_A_sweep	uring	off	warm	sweep	16384	16384	8	1	3	0	512	27512	30076	56972	5006	2057016	248904	9	0	0	100.0	0.000
run1_A_sweep	pooled_pread	off	warm	sweep	16384	16384	8	1	3	1	512	27600	140734	407513	27585	3601245	142173	39	0	0	100.0	0.000
run1_A_sweep	pool	off	warm	sweep	16384	16384	8	1	3	2	512	4949	5937	22044	6028	497802	1028521	9	0	0	0.0	0.000
run1_A_sweep	pool_ringloop	off	warm	sweep	16384	16384	8	1	3	3	512	2547	2820	3682	3228	1512050	338613	9	0	0	0.0	0.000
run1_A_sweep	hybrid	off	warm	sweep	16384	16384	8	1	3	4	512	2640	3149	4311	3555	1638975	312390	9	0	0	0.0	0.000
run1_A_sweep	pooled_pread	off	warm	sweep	16384	16384	8	1	4	0	512	17157	186547	415021	30279	3691059	138714	40	0	0	100.0	0.000
run1_A_sweep	pool	off	warm	sweep	16384	16384	8	1	4	1	512	5561	6486	7109	6427	494047	1036339	9	0	0	0.0	0.000
run1_A_sweep	pool_ringloop	off	warm	sweep	16384	16384	8	1	4	2	512	2575	2887	4962	3111	1477884	346441	9	0	0	0.0	0.000
run1_A_sweep	hybrid	off	warm	sweep	16384	16384	8	1	4	3	512	2524	2830	3276	3421	1552091	329878	9	0	0	0.0	0.000
run1_A_sweep	uring	off	warm	sweep	16384	16384	8	1	4	4	512	27287	36313	47646	4995	2070230	247316	9	0	0	100.0	0.000
run1_A_sweep	pool	off	warm	sweep	16384	16384	8	1	5	0	512	5404	6527	7482	6585	496203	1031836	9	0	0	0.0	0.000
run1_A_sweep	pool_ringloop	off	warm	sweep	16384	16384	8	1	5	1	512	2682	3271	4106	3222	1588746	322267	9	0	0	0.0	0.000
run1_A_sweep	hybrid	off	warm	sweep	16384	16384	8	1	5	2	512	2636	3023	4195	3450	1625371	315005	9	0	0	0.0	0.000
run1_A_sweep	uring	off	warm	sweep	16384	16384	8	1	5	3	512	20416	21673	35593	3562	1514813	337996	9	0	0	100.0	0.000
run1_A_sweep	pooled_pread	off	warm	sweep	16384	16384	8	1	5	4	512	24087	157831	400428	27328	3723431	137508	36	0	0	100.0	0.000
run1_A_sweep	pool	off	warm	sweep	16384	16384	16	1	0	0	512	5331	6302	7495	6483	540357	947522	9	0	0	0.0	0.000
run1_A_sweep	pool_ringloop	off	warm	sweep	16384	16384	16	1	0	1	512	2526	2826	4488	3327	1551963	329905	9	0	0	0.0	0.000
run1_A_sweep	hybrid	off	warm	sweep	16384	16384	16	1	0	2	512	2628	2950	3361	3504	1706542	300022	9	0	0	0.0	0.000
run1_A_sweep	uring	off	warm	sweep	16384	16384	16	1	0	3	512	45202	48380	56372	4079	1819148	281450	9	0	0	100.0	0.000
run1_A_sweep	pooled_pread	off	warm	sweep	16384	16384	16	1	0	4	512	28063	357581	1261015	33723	4497871	113832	85	0	0	100.0	0.000
run1_A_sweep	pool_ringloop	off	warm	sweep	16384	16384	16	1	1	0	512	2711	3028	3605	3540	1676951	305316	9	0	0	0.0	0.000
run1_A_sweep	hybrid	off	warm	sweep	16384	16384	16	1	1	1	512	2734	3255	4246	3863	1784595	286900	9	0	0	0.0	0.000
run1_A_sweep	uring	off	warm	sweep	16384	16384	16	1	1	2	512	62750	73347	91442	5519	2471723	207143	9	0	0	100.0	0.000
run1_A_sweep	pooled_pread	off	warm	sweep	16384	16384	16	1	1	3	512	36159	375109	1406410	38227	5096193	100467	95	0	0	100.0	0.000
run1_A_sweep	pool	off	warm	sweep	16384	16384	16	1	1	4	512	4947	6005	12354	6118	566811	903299	9	0	0	0.0	0.000
run1_A_sweep	hybrid	off	warm	sweep	16384	16384	16	1	2	0	512	3276	3754	6780	4426	2245320	228030	9	0	0	0.0	0.000
run1_A_sweep	uring	off	warm	sweep	16384	16384	16	1	2	1	512	58665	66600	87606	5013	2299607	222647	9	0	0	100.0	0.000
run1_A_sweep	pooled_pread	off	warm	sweep	16384	16384	16	1	2	2	512	27215	364293	1580213	34442	4647183	110174	84	0	0	100.0	0.000
run1_A_sweep	pool	off	warm	sweep	16384	16384	16	1	2	3	512	4737	5750	6514	5992	536166	954928	9	0	0	0.0	0.000
run1_A_sweep	pool_ringloop	off	warm	sweep	16384	16384	16	1	2	4	512	2635	2960	3498	3503	1655322	309305	9	0	0	0.0	0.000
run1_A_sweep	uring	off	warm	sweep	16384	16384	16	1	3	0	512	42240	54164	62036	3841	1702735	300693	9	0	0	100.0	0.000
run1_A_sweep	pooled_pread	off	warm	sweep	16384	16384	16	1	3	1	512	29872	263032	1006921	27030	3385094	151251	69	0	0	100.0	0.000
run1_A_sweep	pool	off	warm	sweep	16384	16384	16	1	3	2	512	4640	5557	6484	5593	535617	955907	9	0	0	0.0	0.000
run1_A_sweep	pool_ringloop	off	warm	sweep	16384	16384	16	1	3	3	512	2348	2729	2961	2815	1375834	372138	9	0	0	0.0	0.000
run1_A_sweep	hybrid	off	warm	sweep	16384	16384	16	1	3	4	512	2828	3220	3888	3708	1868480	274020	9	0	0	0.0	0.000
run1_A_sweep	pooled_pread	off	warm	sweep	16384	16384	16	1	4	0	512	30769	306069	987422	33098	4218927	121358	93	0	0	100.0	0.000
run1_A_sweep	pool	off	warm	sweep	16384	16384	16	1	4	1	512	4396	5599	6559	5270	606639	843995	9	0	0	0.0	0.000
run1_A_sweep	pool_ringloop	off	warm	sweep	16384	16384	16	1	4	2	512	2345	2712	2984	2903	1418287	360999	9	0	0	0.0	0.000
run1_A_sweep	hybrid	off	warm	sweep	16384	16384	16	1	4	3	512	2498	2868	4010	3434	1615439	316942	9	0	0	0.0	0.000
run1_A_sweep	uring	off	warm	sweep	16384	16384	16	1	4	4	512	44683	48973	66428	4137	1780678	287531	9	0	0	100.0	0.000
run1_A_sweep	pool	off	warm	sweep	16384	16384	16	1	5	0	512	4665	5462	6173	5652	603426	848488	9	0	0	0.0	0.000
run1_A_sweep	pool_ringloop	off	warm	sweep	16384	16384	16	1	5	1	512	2648	3141	4309	3325	1652939	309751	9	0	0	0.0	0.000
run1_A_sweep	hybrid	off	warm	sweep	16384	16384	16	1	5	2	512	2564	2867	3256	3519	1633070	313520	9	0	0	0.0	0.000
run1_A_sweep	uring	off	warm	sweep	16384	16384	16	1	5	3	512	42497	51101	60568	3734	1640426	312114	9	0	0	100.0	0.000
run1_A_sweep	pooled_pread	off	warm	sweep	16384	16384	16	1	5	4	512	40626	527027	1637186	39510	6361859	80480	109	0	0	100.0	0.000
run1_A_sweep	pool	off	warm	sweep	16384	16384	32	1	0	0	512	5146	6200	18174	6560	544681	940000	9	0	0	0.0	0.000
run1_A_sweep	pool_ringloop	off	warm	sweep	16384	16384	32	1	0	1	512	2358	2717	3258	3276	1560932	328009	9	0	0	0.0	0.000
run1_A_sweep	hybrid	off	warm	sweep	16384	16384	32	1	0	2	512	2399	2756	3079	3488	1685244	303814	9	0	0	0.0	0.000
run1_A_sweep	uring	off	warm	sweep	16384	16384	32	1	0	3	512	91111	102276	141458	4332	1969980	259901	9	0	0	100.0	0.000
run1_A_sweep	pooled_pread	off	warm	sweep	16384	16384	32	1	0	4	512	62418	758363	1862341	36883	5014416	102106	127	0	0	100.0	0.000
run1_A_sweep	pool_ringloop	off	warm	sweep	16384	16384	32	1	1	0	512	2308	2727	3259	3078	1535726	333393	9	0	0	0.0	0.000
run1_A_sweep	hybrid	off	warm	sweep	16384	16384	32	1	1	1	512	2555	3047	3929	3807	1785464	286760	9	0	0	0.0	0.000
run1_A_sweep	uring	off	warm	sweep	16384	16384	32	1	1	2	512	81741	96700	99757	3771	1779349	287746	9	0	0	100.0	0.000
run1_A_sweep	pooled_pread	off	warm	sweep	16384	16384	32	1	1	3	512	67934	753545	1748786	34220	4637817	110397	121	0	0	100.0	0.000
run1_A_sweep	pool	off	warm	sweep	16384	16384	32	1	1	4	512	5549	6616	11514	6367	489363	1046258	9	0	0	0.0	0.000
run1_A_sweep	hybrid	off	warm	sweep	16384	16384	32	1	2	0	512	2622	3122	4591	3846	1916745	267120	9	0	0	0.0	0.000
run1_A_sweep	uring	off	warm	sweep	16384	16384	32	1	2	1	512	77216	87701	100952	3503	1637339	312703	9	0	0	100.0	0.000
run1_A_sweep	pooled_pread	off	warm	sweep	16384	16384	32	1	2	2	512	63118	637706	1849882	28649	3531641	144975	82	0	0	100.0	0.000
run1_A_sweep	pool	off	warm	sweep	16384	16384	32	1	2	3	512	5469	6461	7444	6296	462431	1107192	9	0	0	0.0	0.000
run1_A_sweep	pool_ringloop	off	warm	sweep	16384	16384	32	1	2	4	512	2485	2862	3642	3376	1619806	316087	9	0	0	0.0	0.000
run1_A_sweep	uring	off	warm	sweep	16384	16384	32	1	3	0	512	81021	102617	107767	4034	1784514	286913	9	0	0	100.0	0.000
run1_A_sweep	pooled_pread	off	warm	sweep	16384	16384	32	1	3	1	512	121985	854893	2918405	41425	6153582	83204	135	0	0	100.0	0.000
run1_A_sweep	pool	off	warm	sweep	16384	16384	32	1	3	2	512	5210	6130	12862	6245	551349	928631	9	0	0	0.0	0.000
run1_A_sweep	pool_ringloop	off	warm	sweep	16384	16384	32	1	3	3	512	2548	3094	3957	3587	1670107	306567	9	0	0	0.0	0.000
run1_A_sweep	hybrid	off	warm	sweep	16384	16384	32	1	3	4	512	2525	2797	3154	3578	1705042	300286	9	0	0	0.0	0.000
run1_A_sweep	pooled_pread	off	warm	sweep	16384	16384	32	1	4	0	512	58959	695126	1537235	27112	3399022	150632	77	0	0	100.0	0.000
run1_A_sweep	pool	off	warm	sweep	16384	16384	32	1	4	1	512	4971	6029	11732	6276	925466	553235	9	0	0	0.0	0.000
run1_A_sweep	pool_ringloop	off	warm	sweep	16384	16384	32	1	4	2	512	2566	3137	4059	3408	1698064	301520	9	0	0	0.0	0.000
run1_A_sweep	hybrid	off	warm	sweep	16384	16384	32	1	4	3	512	2525	2851	3206	4011	1727984	296299	9	0	0	0.0	0.000
run1_A_sweep	uring	off	warm	sweep	16384	16384	32	1	4	4	512	76223	88419	116759	3815	1693092	302405	9	0	0	100.0	0.000
run1_A_sweep	pool	off	warm	sweep	16384	16384	32	1	5	0	512	4810	5900	18590	5801	493915	1036616	9	0	0	0.0	0.000
run1_A_sweep	pool_ringloop	off	warm	sweep	16384	16384	32	1	5	1	512	2276	2639	4039	3120	1529038	334851	9	0	0	0.0	0.000
run1_A_sweep	hybrid	off	warm	sweep	16384	16384	32	1	5	2	512	2544	2845	6803	3700	1785602	286738	9	0	0	0.0	0.000
run1_A_sweep	uring	off	warm	sweep	16384	16384	32	1	5	3	512	81493	96158	106005	3949	1748345	292848	9	0	0	100.0	0.000
run1_A_sweep	pooled_pread	off	warm	sweep	16384	16384	32	1	5	4	512	72504	733780	1856209	32735	3779992	135450	87	0	0	100.0	0.000
run1_A_sweep	pool	off	warm	sweep	16384	16384	64	1	0	0	512	5438	6486	7278	6626	521055	982622	9	0	0	0.0	0.000
run1_A_sweep	pool_ringloop	off	warm	sweep	16384	16384	64	1	0	1	512	2942	3581	8388	4604	2198667	232868	9	0	0	0.0	0.000
run1_A_sweep	hybrid	off	warm	sweep	16384	16384	64	1	0	2	512	2778	3250	4541	4776	2229508	229647	9	0	0	0.0	0.000
run1_A_sweep	uring	off	warm	sweep	16384	16384	64	1	0	3	512	241718	291049	293601	6126	2888895	177230	9	0	0	100.0	0.000
run1_A_sweep	pooled_pread	off	warm	sweep	16384	16384	64	1	0	4	512	229425	1316418	2855029	44678	5939604	86201	103	0	0	100.0	0.000
run1_A_sweep	pool_ringloop	off	warm	sweep	16384	16384	64	1	1	0	512	2628	3011	3710	4046	2015092	254083	9	0	0	0.0	0.000
run1_A_sweep	hybrid	off	warm	sweep	16384	16384	64	1	1	1	512	3230	3692	5365	5488	2648367	193327	9	0	0	0.0	0.000
run1_A_sweep	uring	off	warm	sweep	16384	16384	64	1	1	2	512	239160	291946	294051	6167	2818448	181660	9	0	0	100.0	0.000
run1_A_sweep	pooled_pread	off	warm	sweep	16384	16384	64	1	1	3	512	214082	1159499	2079444	39161	4854163	105476	101	0	0	100.0	0.000
run1_A_sweep	pool	off	warm	sweep	16384	16384	64	1	1	4	512	5326	6310	6831	6658	543894	941360	9	0	0	0.0	0.000
run1_A_sweep	hybrid	off	warm	sweep	16384	16384	64	1	2	0	512	2801	3287	4425	4651	2227805	229823	9	0	0	0.0	0.000
run1_A_sweep	uring	off	warm	sweep	16384	16384	64	1	2	1	512	188832	230984	234461	4820	2293881	223203	9	0	0	100.0	0.000
run1_A_sweep	pooled_pread	off	warm	sweep	16384	16384	64	1	2	2	512	143846	567026	1696965	30792	3422962	149578	65	0	0	100.0	0.000
run1_A_sweep	pool	off	warm	sweep	16384	16384	64	1	2	3	512	2735	3147	3999	3703	907794	564005	9	0	0	0.0	0.000
run1_A_sweep	pool_ringloop	off	warm	sweep	16384	16384	64	1	2	4	512	2658	3152	4715	4307	2108564	242819	9	0	0	0.0	0.000
run1_A_sweep	uring	off	warm	sweep	16384	16384	64	1	3	0	512	176413	202696	204317	4604	2187160	234094	9	0	0	100.0	0.000
run1_A_sweep	pooled_pread	off	warm	sweep	16384	16384	64	1	3	1	512	311569	1408384	2271937	43589	5530672	92575	124	0	0	100.0	0.000
run1_A_sweep	pool	off	warm	sweep	16384	16384	64	1	3	2	512	5054	6166	15595	6501	660817	774798	9	0	0	0.0	0.000
run1_A_sweep	pool_ringloop	off	warm	sweep	16384	16384	64	1	3	3	512	2854	3368	4793	4718	2212629	231399	9	0	0	0.0	0.000
run1_A_sweep	hybrid	off	warm	sweep	16384	16384	64	1	3	4	512	2806	3207	3739	4763	2271493	225402	9	0	0	0.0	0.000
run1_A_sweep	pooled_pread	off	warm	sweep	16384	16384	64	1	4	0	512	165045	759007	1971443	31128	3826083	133818	73	0	0	100.0	0.000
run1_A_sweep	pool	off	warm	sweep	16384	16384	64	1	4	1	512	4327	5463	9274	5689	668579	765803	9	0	0	0.0	0.000
run1_A_sweep	pool_ringloop	off	warm	sweep	16384	16384	64	1	4	2	512	2805	3266	4167	4485	2202551	232458	9	0	0	0.0	0.000
run1_A_sweep	hybrid	off	warm	sweep	16384	16384	64	1	4	3	512	2697	3000	3283	4401	2168675	236089	9	0	0	0.0	0.000
run1_A_sweep	uring	off	warm	sweep	16384	16384	64	1	4	4	512	177093	185558	187286	4382	2099532	243864	9	0	0	100.0	0.000
run1_A_sweep	pool	off	warm	sweep	16384	16384	64	1	5	0	512	5200	6232	20231	6577	622322	822725	9	0	0	0.0	0.000
run1_A_sweep	pool_ringloop	off	warm	sweep	16384	16384	64	1	5	1	512	2660	3005	3594	4535	2109678	242691	9	0	0	0.0	0.000
run1_A_sweep	hybrid	off	warm	sweep	16384	16384	64	1	5	2	512	2687	3030	3726	4644	2201551	232563	9	0	0	0.0	0.000
run1_A_sweep	uring	off	warm	sweep	16384	16384	64	1	5	3	512	168452	185493	187235	4625	2112746	242339	9	0	0	100.0	0.000
run1_A_sweep	pooled_pread	off	warm	sweep	16384	16384	64	1	5	4	512	184271	1121125	2398071	36723	5288227	96819	98	0	0	100.0	0.000
run1_C_readers	pool	off	cold	stride	16384	250000	1	1	0	0	512	194941	261934	330323	69842	98546606	5196	10	0	0	90.0	0.000
run1_C_readers	pool_ringloop	off	cold	stride	16384	250000	1	1	0	1	512	185395	246824	364191	61033	92697036	5523	10	0	0	90.4	0.000
run1_C_readers	hybrid	off	cold	stride	16384	250000	1	1	0	2	512	195692	261285	448234	56077	98717198	5187	9	0	0	90.2	0.000
run1_C_readers	uring	off	cold	stride	16384	250000	1	1	0	3	512	184217	254560	352630	46370	93314780	5487	9	0	0	100.0	0.000
run1_C_readers	pooled_pread	off	cold	stride	16384	250000	1	1	0	4	512	210350	296327	458190	61866	106483677	4808	10	0	0	100.0	0.000
run1_C_readers	pool_ringloop	off	cold	stride	16384	250000	1	1	1	0	512	183812	241952	331430	65025	92042606	5563	10	0	0	89.8	0.000
run1_C_readers	hybrid	off	cold	stride	16384	250000	1	1	1	1	512	182937	244127	775580	48719	96532434	5304	9	0	0	90.2	0.000
run1_C_readers	uring	off	cold	stride	16384	250000	1	1	1	2	512	192194	414919	544387	65110	112223067	4562	9	0	0	100.0	0.000
run1_C_readers	pooled_pread	off	cold	stride	16384	250000	1	1	1	3	512	237476	347278	1209125	87904	130443631	3925	11	0	0	100.0	0.000
run1_C_readers	pool	off	cold	stride	16384	250000	1	1	1	4	512	184491	256416	345815	60059	92818098	5516	10	0	0	90.2	0.000
run1_C_readers	hybrid	off	cold	stride	16384	250000	1	1	2	0	512	189455	261318	619948	55984	98907111	5177	9	0	0	89.8	0.000
run1_C_readers	uring	off	cold	stride	16384	250000	1	1	2	1	512	188665	249748	336038	50069	93748142	5461	9	0	0	100.0	0.000
run1_C_readers	pooled_pread	off	cold	stride	16384	250000	1	1	2	2	512	186218	260481	357340	57491	96259680	5319	10	0	0	100.0	0.000
run1_C_readers	pool	off	cold	stride	16384	250000	1	1	2	3	512	183687	251123	331016	60403	92142204	5557	10	0	0	90.6	0.000
run1_C_readers	pool_ringloop	off	cold	stride	16384	250000	1	1	2	4	512	221420	324748	583996	86135	112667431	4544	10	0	0	89.3	0.000
run1_C_readers	uring	off	cold	stride	16384	250000	1	1	3	0	512	172531	237689	322814	43373	87298858	5865	9	0	0	100.0	0.000
run1_C_readers	pooled_pread	off	cold	stride	16384	250000	1	1	3	1	512	190410	548514	788678	85895	125070452	4094	10	0	0	100.0	0.000
run1_C_readers	pool	off	cold	stride	16384	250000	1	1	3	2	512	194559	278074	1062331	66377	108189951	4732	11	0	0	87.9	0.000
run1_C_readers	pool_ringloop	off	cold	stride	16384	250000	1	1	3	3	512	180507	262235	347362	59234	93566003	5472	10	0	0	91.0	0.000
run1_C_readers	hybrid	off	cold	stride	16384	250000	1	1	3	4	512	190786	252589	342775	50782	95156984	5381	9	0	0	90.4	0.000
run1_C_readers	pooled_pread	off	cold	stride	16384	250000	1	1	4	0	512	216826	295431	441550	64322	108482268	4720	10	0	0	100.0	0.000
run1_C_readers	pool	off	cold	stride	16384	250000	1	1	4	1	512	174440	231068	307267	53919	87190429	5872	10	0	0	90.8	0.000
run1_C_readers	pool_ringloop	off	cold	stride	16384	250000	1	1	4	2	512	178702	237153	365928	57519	90707384	5645	10	0	0	90.6	0.000
run1_C_readers	hybrid	off	cold	stride	16384	250000	1	1	4	3	512	176625	251469	348143	42833	90082478	5684	9	0	0	90.8	0.000
run1_C_readers	uring	off	cold	stride	16384	250000	1	1	4	4	512	228756	482393	603542	85888	132614504	3861	9	0	0	100.0	0.000
run1_C_readers	pool	off	cold	stride	16384	250000	1	1	5	0	512	196604	400987	736859	86280	114102757	4487	10	0	0	90.2	0.000
run1_C_readers	pool_ringloop	off	cold	stride	16384	250000	1	1	5	1	512	187063	248772	348373	61297	93811433	5458	10	0	0	90.2	0.000
run1_C_readers	hybrid	off	cold	stride	16384	250000	1	1	5	2	512	187336	248067	354672	48064	93763857	5461	9	0	0	90.6	0.000
run1_C_readers	uring	off	cold	stride	16384	250000	1	1	5	3	512	192577	261009	371720	55601	97470397	5253	9	0	0	100.0	0.000
run1_C_readers	pooled_pread	off	cold	stride	16384	250000	1	1	5	4	512	188125	257632	374123	58494	95291120	5373	10	0	0	100.0	0.000
run1_C_readers	pool	off	cold	stride	16384	250000	4	1	0	0	512	197491	272005	801504	62711	27055088	18924	14	0	0	93.0	0.000
run1_C_readers	pool_ringloop	off	cold	stride	16384	250000	4	1	0	1	512	204533	286391	1035759	65304	28588136	17910	14	0	0	90.8	0.000
run1_C_readers	hybrid	off	cold	stride	16384	250000	4	1	0	2	512	191889	269276	848662	38308	27890879	18357	9	0	0	90.8	0.000
run1_C_readers	uring	off	cold	stride	16384	250000	4	1	0	3	512	202599	326680	901662	40584	30131204	16992	9	0	0	100.0	0.000
run1_C_readers	pooled_pread	off	cold	stride	16384	250000	4	1	0	4	512	207043	325385	1119209	65401	30647274	16706	15	0	0	100.0	0.000
run1_C_readers	pool_ringloop	off	cold	stride	16384	250000	4	1	1	0	512	203603	282002	991171	64176	28155649	18185	13	0	0	91.0	0.000
run1_C_readers	hybrid	off	cold	stride	16384	250000	4	1	1	1	512	187248	270757	1023456	35176	27817430	18406	9	0	0	91.0	0.000
run1_C_readers	uring	off	cold	stride	16384	250000	4	1	1	2	512	201331	296184	1022735	38746	28810398	17771	9	0	0	100.0	0.000
run1_C_readers	pooled_pread	off	cold	stride	16384	250000	4	1	1	3	512	200594	282358	1164387	59601	28721230	17827	17	0	0	100.0	0.000
run1_C_readers	pool	off	cold	stride	16384	250000	4	1	1	4	512	193199	266664	972418	60771	26626450	19229	14	0	0	93.2	0.000
run1_C_readers	hybrid	off	cold	stride	16384	250000	4	1	2	0	512	198406	286031	2026177	37421	35519647	14415	9	0	0	91.0	0.000
run1_C_readers	uring	off	cold	stride	16384	250000	4	1	2	1	512	204744	297635	985859	37728	28552765	17932	9	0	0	100.0	0.000
run1_C_readers	pooled_pread	off	cold	stride	16384	250000	4	1	2	2	512	222476	327616	936293	73382	31219850	16400	16	0	0	100.0	0.000
run1_C_readers	pool	off	cold	stride	16384	250000	4	1	2	3	512	192003	285746	922496	59880	27142607	18863	14	0	0	93.0	0.000
run1_C_readers	pool_ringloop	off	cold	stride	16384	250000	4	1	2	4	512	203057	285142	1032857	62853	28257140	18119	14	0	0	90.8	0.000
run1_C_readers	uring	off	cold	stride	16384	250000	4	1	3	0	512	197707	322918	941606	36634	28830583	17759	9	0	0	100.0	0.000
run1_C_readers	pooled_pread	off	cold	stride	16384	250000	4	1	3	1	512	206110	290687	1064735	63125	29402070	17414	20	0	0	100.0	0.000
run1_C_readers	pool	off	cold	stride	16384	250000	4	1	3	2	512	198581	277611	1238919	62812	29224346	17520	14	0	0	93.0	0.000
run1_C_readers	pool_ringloop	off	cold	stride	16384	250000	4	1	3	3	512	202715	289277	908292	63760	28214164	18147	14	0	0	90.8	0.000
run1_C_readers	hybrid	off	cold	stride	16384	250000	4	1	3	4	512	188788	270566	876304	36980	27197927	18825	9	0	0	91.0	0.000
run1_C_readers	pooled_pread	off	cold	stride	16384	250000	4	1	4	0	512	213647	309431	957815	68412	30748341	16651	17	0	0	100.0	0.000
run1_C_readers	pool	off	cold	stride	16384	250000	4	1	4	1	512	194354	272998	1047942	62103	27804042	18415	14	0	0	93.2	0.000
run1_C_readers	pool_ringloop	off	cold	stride	16384	250000	4	1	4	2	512	199508	288548	1170876	65333	29170538	17552	14	0	0	90.8	0.000
run1_C_readers	hybrid	off	cold	stride	16384	250000	4	1	4	3	512	191468	274475	907902	36676	27690555	18490	9	0	0	90.8	0.000
run1_C_readers	uring	off	cold	stride	16384	250000	4	1	4	4	512	205628	313704	960240	39852	29051903	17624	9	0	0	100.0	0.000
run1_C_readers	pool	off	cold	stride	16384	250000	4	1	5	0	512	208237	291775	982664	69902	29075370	17609	15	0	0	92.2	0.000
run1_C_readers	pool_ringloop	off	cold	stride	16384	250000	4	1	5	1	512	232106	338154	1142197	79147	32803069	15608	15	0	0	90.8	0.000
run1_C_readers	hybrid	off	cold	stride	16384	250000	4	1	5	2	512	195806	275924	953483	40435	28395134	18031	9	0	0	90.8	0.000
run1_C_readers	uring	off	cold	stride	16384	250000	4	1	5	3	512	198976	291209	971296	39483	28271965	18110	9	0	0	100.0	0.000
run1_C_readers	pooled_pread	off	cold	stride	16384	250000	4	1	5	4	512	214261	323193	948220	72233	30961318	16537	18	0	0	100.0	0.000
run1_C_readers	pool	off	cold	stride	16384	250000	1	4	0	0	2048	4949	224021	546896	31283	41855023	48931	15	0	0	30.8	0.000
run1_C_readers	pool_ringloop	off	cold	stride	16384	250000	1	4	0	1	2048	4568	215446	393480	30401	40153814	51004	14	0	0	30.7	0.000
run1_C_readers	hybrid	off	cold	stride	16384	250000	1	4	0	2	2048	4524	230989	368946	25471	41109869	49818	9	0	0	30.7	0.000
run1_C_readers	uring	off	cold	stride	16384	250000	1	4	0	3	2048	7370	236608	542611	27922	45161222	45349	9	0	0	100.0	0.000
run1_C_readers	pooled_pread	off	cold	stride	16384	250000	1	4	0	4	2048	22738	234782	590411	41953	49290371	41550	28	0	0	100.0	0.000
run1_C_readers	pool_ringloop	off	cold	stride	16384	250000	1	4	1	0	2048	5238	226285	567688	32163	40983843	49971	15	0	0	30.6	0.000
run1_C_readers	hybrid	off	cold	stride	16384	250000	1	4	1	1	2048	12564	646906	1310804	89858	112181570	18256	9	0	0	29.3	0.000
run1_C_readers	uring	off	cold	stride	16384	250000	1	4	1	2	2048	7067	267507	492780	31824	45990395	44531	9	0	0	100.0	0.000
run1_C_readers	pooled_pread	off	cold	stride	16384	250000	1	4	1	3	2048	23584	244332	503045	44006	51042104	40124	23	0	0	100.0	0.000
run1_C_readers	pool	off	cold	stride	16384	250000	1	4	1	4	2048	4329	222530	380593	31319	41016676	49931	15	0	0	30.8	0.000
run1_C_readers	hybrid	off	cold	stride	16384	250000	1	4	2	0	2048	4337	239807	576344	27013	45421975	45088	9	0	0	30.3	0.000
run1_C_readers	uring	off	cold	stride	16384	250000	1	4	2	1	2048	7533	236895	715922	28846	46387677	44150	9	0	0	100.0	0.000
run1_C_readers	pooled_pread	off	cold	stride	16384	250000	1	4	2	2	2048	24422	243443	421528	43976	49976985	40979	25	0	0	100.0	0.000
run1_C_readers	pool	off	cold	stride	16384	250000	1	4	2	3	2048	5325	201612	441193	29243	39811688	51442	14	0	0	30.9	0.000
run1_C_readers	pool_ringloop	off	cold	stride	16384	250000	1	4	2	4	2048	4666	204671	407119	28710	36948982	55428	14	0	0	30.9	0.000
run1_C_readers	uring	off	cold	stride	16384	250000	1	4	3	0	2048	6824	226759	508387	26235	41539850	49302	9	0	0	100.0	0.000
run1_C_readers	pooled_pread	off	cold	stride	16384	250000	1	4	3	1	2048	21489	223293	526254	39134	46732296	43824	21	0	0	100.0	0.000
run1_C_readers	pool	off	cold	stride	16384	250000	1	4	3	2	2048	4563	204289	366485	28333	37259614	54966	14	0	0	31.1	0.000
run1_C_readers	pool_ringloop	off	cold	stride	16384	250000	1	4	3	3	2048	4542	211252	377921	29441	39076059	52411	14	0	0	30.9	0.000
run1_C_readers	hybrid	off	cold	stride	16384	250000	1	4	3	4	2048	4416	232655	628090	25407	44573688	45946	9	0	0	31.1	0.000
run1_C_readers	pooled_pread	off	cold	stride	16384	250000	1	4	4	0	2048	21494	222729	339710	40130	45641840	44871	23	0	0	100.0	0.000
run1_C_readers	pool	off	cold	stride	16384	250000	1	4	4	1	2048	4928	210222	402710	29619	38361135	53387	15	0	0	30.7	0.000
run1_C_readers	pool_ringloop	off	cold	stride	16384	250000	1	4	4	2	2048	5548	213666	455617	30646	39460869	51900	14	0	0	30.3	0.000
run1_C_readers	hybrid	off	cold	stride	16384	250000	1	4	4	3	2048	4421	241713	510200	27083	45652830	44860	9	0	0	30.6	0.000
run1_C_readers	uring	off	cold	stride	16384	250000	1	4	4	4	2048	7270	239972	483923	28374	45631807	44881	9	0	0	100.0	0.000
run1_C_readers	pool	off	cold	stride	16384	250000	1	4	5	0	2048	5183	235300	713948	33742	48670703	42079	15	0	0	30.8	0.000
run1_C_readers	pool_ringloop	off	cold	stride	16384	250000	1	4	5	1	2048	4689	231964	425399	34640	43396173	47193	14	0	0	31.0	0.000
run1_C_readers	hybrid	off	cold	stride	16384	250000	1	4	5	2	2048	5011	251924	577826	27783	44845492	45668	9	0	0	29.6	0.000
run1_C_readers	uring	off	cold	stride	16384	250000	1	4	5	3	2048	6590	220680	403514	24501	41560035	49278	9	0	0	100.0	0.000
run1_C_readers	pooled_pread	off	cold	stride	16384	250000	1	4	5	4	2048	22657	224273	375630	40195	46624353	43926	28	0	0	100.0	0.000
run1_C_readers	pool	off	cold	stride	16384	250000	4	4	0	0	2048	6379	665618	1823557	34380	30846113	66394	36	0	0	31.4	0.000
run1_C_readers	pool_ringloop	off	cold	stride	16384	250000	4	4	0	1	2048	6448	971611	3063123	39012	45222093	45288	32	0	0	30.7	0.000
run1_C_readers	hybrid	off	cold	stride	16384	250000	4	4	0	2	2048	4711	432374	1037931	27074	26854673	76262	9	0	0	29.8	0.000
run1_C_readers	uring	off	cold	stride	16384	250000	4	4	0	3	2048	26209	554362	1089654	27069	28307401	72349	9	0	0	100.0	0.000
run1_C_readers	pooled_pread	off	cold	stride	16384	250000	4	4	0	4	2048	58843	682975	1781290	50243	33808824	60576	106	0	0	100.0	0.000
run1_C_readers	pool_ringloop	off	cold	stride	16384	250000	4	4	1	0	2048	5234	533446	1596156	34301	25411794	80592	36	0	0	29.9	0.000
run1_C_readers	hybrid	off	cold	stride	16384	250000	4	4	1	1	2048	4481	331885	696375	24789	20620140	99320	9	0	0	30.2	0.000
run1_C_readers	uring	off	cold	stride	16384	250000	4	4	1	2	2048	24301	634425	2267234	28678	33594079	60963	9	0	0	100.0	0.000
run1_C_readers	pooled_pread	off	cold	stride	16384	250000	4	4	1	3	2048	55963	592994	1675395	47630	31408924	65204	62	0	0	100.0	0.000
run1_C_readers	pool	off	cold	stride	16384	250000	4	4	1	4	2048	6750	501290	1543846	35487	22716647	90154	39	0	0	31.0	0.000
run1_C_readers	hybrid	off	cold	stride	16384	250000	4	4	2	0	2048	4920	353118	610487	25783	22536261	90876	9	0	0	31.0	0.000
run1_C_readers	uring	off	cold	stride	16384	250000	4	4	2	1	2048	21616	441589	900344	27039	23282933	87961	9	0	0	100.0	0.000
run1_C_readers	pooled_pread	off	cold	stride	16384	250000	4	4	2	2	2048	50153	617449	1547010	50557	32158850	63684	91	0	0	100.0	0.000
run1_C_readers	pool	off	cold	stride	16384	250000	4	4	2	3	2048	6570	648901	1735989	37395	29143702	70272	35	0	0	30.7	0.000
run1_C_readers	pool_ringloop	off	cold	stride	16384	250000	4	4	2	4	2048	6580	727114	2286414	38428	33539873	61062	39	0	0	31.0	0.000
run1_C_readers	uring	off	cold	stride	16384	250000	4	4	3	0	2048	23331	549959	1425818	27353	27180650	75348	9	0	0	100.0	0.000
run1_C_readers	pooled_pread	off	cold	stride	16384	250000	4	4	3	1	2048	47750	597884	1459631	47651	31450431	65118	71	0	0	100.0	0.000
run1_C_readers	pool	off	cold	stride	16384	250000	4	4	3	2	2048	7287	531295	1756052	35864	24837096	82457	33	0	0	31.3	0.000
run1_C_readers	pool_ringloop	off	cold	stride	16384	250000	4	4	3	3	2048	5963	578347	1578459	36470	25433278	80524	34	0	0	30.4	0.000
run1_C_readers	hybrid	off	cold	stride	16384	250000	4	4	3	4	2048	5713	406460	905237	27214	24265050	84401	9	0	0	30.3	0.000
run1_C_readers	pooled_pread	off	cold	stride	16384	250000	4	4	4	0	2048	53669	626551	1560776	48813	31383269	65258	96	0	0	100.0	0.000
run1_C_readers	pool	off	cold	stride	16384	250000	4	4	4	1	2048	6087	720144	1909167	36494	29214648	70102	40	0	0	30.9	0.000
run1_C_readers	pool_ringloop	off	cold	stride	16384	250000	4	4	4	2	2048	5146	544757	1551074	33682	25023836	81842	32	0	0	30.8	0.000
run1_C_readers	hybrid	off	cold	stride	16384	250000	4	4	4	3	2048	5424	336274	768599	25561	21782153	94022	9	0	0	30.1	0.000
run1_C_readers	uring	off	cold	stride	16384	250000	4	4	4	4	2048	22415	460172	1055345	26440	23947773	85519	9	0	0	100.0	0.000
run1_C_readers	pool	off	cold	stride	16384	250000	4	4	5	0	2048	6127	514915	1360377	35087	23833445	85930	36	0	0	31.7	0.000
run1_C_readers	pool_ringloop	off	cold	stride	16384	250000	4	4	5	1	2048	4727	635381	1978399	35831	28036061	73049	36	0	0	30.2	0.000
run1_C_readers	hybrid	off	cold	stride	16384	250000	4	4	5	2	2048	6560	369927	990850	27623	24298774	84284	9	0	0	30.9	0.000
run1_C_readers	uring	off	cold	stride	16384	250000	4	4	5	3	2048	30595	495736	1124820	28632	26083370	78517	9	0	0	100.0	0.000
run1_C_readers	pooled_pread	off	cold	stride	16384	250000	4	4	5	4	2048	50859	678716	1454841	48729	32945033	62164	82	0	0	100.0	0.000
run1_C_readers	pool	off	cold	stride	16384	250000	1	16	0	0	8192	5507	13314	1222413	14378	38120573	214897	38	0	0	7.9	0.000
run1_C_readers	pool_ringloop	off	cold	stride	16384	250000	1	16	0	1	8192	5330	14898	1218440	13823	35885207	228283	35	0	0	7.9	0.000
run1_C_readers	hybrid	off	cold	stride	16384	250000	1	16	0	2	8192	5717	14625	983322	13555	30445343	269072	9	0	0	8.2	0.000
run1_C_readers	uring	off	cold	stride	16384	250000	1	16	0	3	8192	7276	19620	860999	14433	32389844	252919	9	0	0	100.0	0.000
run1_C_readers	pooled_pread	off	cold	stride	16384	250000	1	16	0	4	8192	23442	267706	1086636	26749	51423226	159305	108	0	0	100.0	0.000
run1_C_readers	pool_ringloop	off	cold	stride	16384	250000	1	16	1	0	8192	5120	17343	1064157	13983	33353686	245610	36	0	0	8.3	0.000
run1_C_readers	hybrid	off	cold	stride	16384	250000	1	16	1	1	8192	5338	15343	836333	13028	31715781	258294	9	0	0	8.0	0.000
run1_C_readers	uring	off	cold	stride	16384	250000	1	16	1	2	8192	6886	16981	778049	13841	29514499	277558	9	0	0	100.0	0.000
run1_C_readers	pooled_pread	off	cold	stride	16384	250000	1	16	1	3	8192	24343	254946	1179044	26651	53373854	153483	103	0	0	100.0	0.000
run1_C_readers	pool	off	cold	stride	16384	250000	1	16	1	4	8192	5414	12786	808643	13587	29960449	273427	40	0	0	7.6	0.000
run1_C_readers	hybrid	off	cold	stride	16384	250000	1	16	2	0	8192	5603	14506	781542	12892	29065823	281843	9	0	0	8.0	0.000
run1_C_readers	uring	off	cold	stride	16384	250000	1	16	2	1	8192	7152	18316	992727	13891	31654625	258793	9	0	0	100.0	0.000
run1_C_readers	pooled_pread	off	cold	stride	16384	250000	1	16	2	2	8192	25168	266864	1126306	26933	53014207	154525	110	0	0	100.0	0.000
run1_C_readers	pool	off	cold	stride	16384	250000	1	16	2	3	8192	5475	11841	884888	13044	29837654	274552	31	0	0	7.7	0.000
run1_C_readers	pool_ringloop	off	cold	stride	16384	250000	1	16	2	4	8192	5196	14724	871161	13118	30234428	270949	31	0	0	7.8	0.000
run1_C_readers	uring	off	cold	stride	16384	250000	1	16	3	0	8192	7571	21128	1140004	15411	36731444	223024	9	0	0	100.0	0.000
run1_C_readers	pooled_pread	off	cold	stride	16384	250000	1	16	3	1	8192	24969	290937	1505715	28603	58385783	140308	146	0	0	100.0	0.000
run1_C_readers	pool	off	cold	stride	16384	250000	1	16	3	2	8192	5354	14158	1001240	14366	35544842	230469	34	0	0	7.8	0.000
run1_C_readers	pool_ringloop	off	cold	stride	16384	250000	1	16	3	3	8192	5573	15579	1030838	14293	33670589	243298	33	0	0	8.2	0.000
run1_C_readers	hybrid	off	cold	stride	16384	250000	1	16	3	4	8192	5851	14343	856492	13239	30354285	269880	9	0	0	8.2	0.000
run1_C_readers	pooled_pread	off	cold	stride	16384	250000	1	16	4	0	8192	26380	301163	957753	27177	49265015	166284	111	0	0	100.0	0.000
run1_C_readers	pool	off	cold	stride	16384	250000	1	16	4	1	8192	5342	13216	834633	13590	30194804	271305	36	0	0	8.1	0.000
run1_C_readers	pool_ringloop	off	cold	stride	16384	250000	1	16	4	2	8192	5216	14545	984105	14071	32475512	252252	37	0	0	8.2	0.000
run1_C_readers	hybrid	off	cold	stride	16384	250000	1	16	4	3	8192	5661	13243	876295	12912	30133721	271855	9	0	0	8.0	0.000
run1_C_readers	uring	off	cold	stride	16384	250000	1	16	4	4	8192	6947	15840	895678	14052	34117793	240109	9	0	0	100.0	0.000
run1_C_readers	pool	off	cold	stride	16384	250000	1	16	5	0	8192	5719	15871	938913	14092	32442840	252506	34	0	0	7.9	0.000
run1_C_readers	pool_ringloop	off	cold	stride	16384	250000	1	16	5	1	8192	5204	11132	889303	13528	31806400	257558	37	0	0	7.6	0.000
run1_C_readers	hybrid	off	cold	stride	16384	250000	1	16	5	2	8192	5905	13652	924623	13345	31495289	260102	9	0	0	7.6	0.000
run1_C_readers	uring	off	cold	stride	16384	250000	1	16	5	3	8192	6787	18187	792191	14578	31053949	263799	9	0	0	100.0	0.000
run1_C_readers	pooled_pread	off	cold	stride	16384	250000	1	16	5	4	8192	28690	274252	1198696	27567	54262654	150969	111	0	0	100.0	0.000
run1_C_readers	pool	off	cold	stride	16384	250000	4	16	0	0	8192	5402	224427	5106313	16352	32857409	249320	85	0	0	9.6	0.000
run1_C_readers	pool_ringloop	off	cold	stride	16384	250000	4	16	0	1	8192	5366	149119	5662941	16275	39026919	209906	88	0	0	9.2	0.000
run1_C_readers	hybrid	off	cold	stride	16384	250000	4	16	0	2	8192	5631	13522	2272092	12743	27432750	298621	9	0	0	7.6	0.000
run1_C_readers	uring	off	cold	stride	16384	250000	4	16	0	3	8192	24011	295225	3893357	14384	33818944	242231	9	0	0	100.0	0.000
run1_C_readers	pooled_pread	off	cold	stride	16384	250000	4	16	0	4	8192	178656	944700	4004355	30499	58109772	140975	195	0	0	100.0	0.000
run1_C_readers	pool_ringloop	off	cold	stride	16384	250000	4	16	1	0	8192	5627	23934	4714606	16370	33636243	243547	95	0	0	9.1	0.000
run1_C_readers	hybrid	off	cold	stride	16384	250000	4	16	1	1	8192	5752	16494	2875705	13142	32714149	250412	9	0	0	8.2	0.000
run1_C_readers	uring	off	cold	stride	16384	250000	4	16	1	2	8192	27584	354762	3509802	15340	31242466	262207	9	0	0	100.0	0.000
run1_C_readers	pooled_pread	off	cold	stride	16384	250000	4	16	1	3	8192	212331	1141934	3861607	31659	63605395	128794	221	0	0	100.0	0.000
run1_C_readers	pool	off	cold	stride	16384	250000	4	16	1	4	8192	5581	15166	5303706	15806	33503750	244510	83	0	0	8.3	0.000
run1_C_readers	hybrid	off	cold	stride	16384	250000	4	16	2	0	8192	5833	16787	2447517	13440	27589327	296926	9	0	0	8.0	0.000
run1_C_readers	uring	off	cold	stride	16384	250000	4	16	2	1	8192	24896	245932	2919573	14093	29551435	277212	9	0	0	100.0	0.000
run1_C_readers	pooled_pread	off	cold	stride	16384	250000	4	16	2	2	8192	158324	951487	3950898	30812	52422605	156268	226	0	0	100.0	0.000
run1_C_readers	pool	off	cold	stride	16384	250000	4	16	2	3	8192	5642	18243	6691678	16081	40989635	199855	92	0	0	8.1	0.000
run1_C_readers	pool_ringloop	off	cold	stride	16384	250000	4	16	2	4	8192	5720	22963	5874203	15668	32750521	250133	84	0	0	8.6	0.000
run1_C_readers	uring	off	cold	stride	16384	250000	4	16	3	0	8192	27258	289951	3427708	14638	30621068	267528	9	0	0	100.0	0.000
run1_C_readers	pooled_pread	off	cold	stride	16384	250000	4	16	3	1	8192	165048	1157554	3995696	32899	57670808	142048	249	0	0	100.0	0.000
run1_C_readers	pool	off	cold	stride	16384	250000	4	16	3	2	8192	5463	21537	5090018	15909	31730952	258171	87	0	0	8.5	0.000
run1_C_readers	pool_ringloop	off	cold	stride	16384	250000	4	16	3	3	8192	5688	17288	5212860	16011	33294633	246046	104	0	0	8.3	0.000
run1_C_readers	hybrid	off	cold	stride	16384	250000	4	16	3	4	8192	6006	16496	2448929	14001	29760311	275266	9	0	0	8.3	0.000
run1_C_readers	pooled_pread	off	cold	stride	16384	250000	4	16	4	0	8192	193553	1183837	4276134	32488	60858773	134607	217	0	0	100.0	0.000
run1_C_readers	pool	off	cold	stride	16384	250000	4	16	4	1	8192	5816	17732	6165321	16086	36110802	226857	84	0	0	8.4	0.000
run1_C_readers	pool_ringloop	off	cold	stride	16384	250000	4	16	4	2	8192	5677	18184	5173354	16071	35190670	232789	84	0	0	8.3	0.000
run1_C_readers	hybrid	off	cold	stride	16384	250000	4	16	4	3	8192	5955	20828	3621424	14793	42065158	194745	9	0	0	8.4	0.000
run1_C_readers	uring	off	cold	stride	16384	250000	4	16	4	4	8192	26436	260293	3221246	14255	29268270	279894	9	0	0	100.0	0.000
run1_C_readers	pool	off	cold	stride	16384	250000	4	16	5	0	8192	5610	20169	4357631	15528	31011876	264157	88	0	0	8.8	0.000
run1_C_readers	pool_ringloop	off	cold	stride	16384	250000	4	16	5	1	8192	5682	13390	4840866	15375	30642358	267342	87	0	0	7.6	0.000
run1_C_readers	hybrid	off	cold	stride	16384	250000	4	16	5	2	8192	6173	16531	2927674	13663	28856340	283889	9	0	0	7.7	0.000
run1_C_readers	uring	off	cold	stride	16384	250000	4	16	5	3	8192	25634	367545	3214017	15283	30292686	270428	9	0	0	100.0	0.000
run1_C_readers	pooled_pread	off	cold	stride	16384	250000	4	16	5	4	8192	146200	924780	4605379	31002	54310172	150837	204	0	0	100.0	0.000
run2_A_stride	pool	off	cold	stride	16384	250000	1	1	0	0	512	182244	237951	340971	57793	90793349	5639	10	0	0	90.2	0.000
run2_A_stride	pool_ringloop	off	cold	stride	16384	250000	1	1	0	1	512	184432	252363	533020	60577	95011343	5389	10	0	0	89.8	0.000
run2_A_stride	hybrid	off	cold	stride	16384	250000	1	1	0	2	512	186060	246755	344793	49352	93604122	5470	9	0	0	90.6	0.000
run2_A_stride	uring	off	cold	stride	16384	250000	1	1	0	3	512	186038	257656	358928	50943	94948907	5392	9	0	0	100.0	0.000
run2_A_stride	pooled_pread	off	cold	stride	16384	250000	1	1	0	4	512	178516	239887	330840	55691	90781315	5640	10	0	0	100.0	0.000
run2_A_stride	pool_ringloop	off	cold	stride	16384	250000	1	1	1	0	512	182072	258002	368611	59805	93582269	5471	10	0	0	89.6	0.000
run2_A_stride	hybrid	off	cold	stride	16384	250000	1	1	1	1	512	189461	248484	358190	51453	94315123	5429	9	0	0	90.6	0.000
run2_A_stride	uring	off	cold	stride	16384	250000	1	1	1	2	512	217340	315609	413232	61640	111056450	4610	9	0	0	100.0	0.000
run2_A_stride	pooled_pread	off	cold	stride	16384	250000	1	1	1	3	512	188161	267054	384757	57238	96115660	5327	10	0	0	100.0	0.000
run2_A_stride	pool	off	cold	stride	16384	250000	1	1	1	4	512	184647	252182	355626	58060	92166407	5555	10	0	0	90.0	0.000
run2_A_stride	hybrid	off	cold	stride	16384	250000	1	1	2	0	512	180887	247326	331594	44379	91676306	5585	9	0	0	90.6	0.000
run2_A_stride	uring	off	cold	stride	16384	250000	1	1	2	1	512	175789	233227	338244	42779	88259143	5801	9	0	0	100.0	0.000
run2_A_stride	pooled_pread	off	cold	stride	16384	250000	1	1	2	2	512	196548	280843	378674	58123	101279832	5055	11	0	0	100.0	0.000
run2_A_stride	pool	off	cold	stride	16384	250000	1	1	2	3	512	179287	245134	323194	56625	89874579	5697	10	0	0	90.4	0.000
run2_A_stride	pool_ringloop	off	cold	stride	16384	250000	1	1	2	4	512	182121	248992	329626	59172	91256700	5611	10	0	0	90.2	0.000
run2_A_stride	uring	off	cold	stride	16384	250000	1	1	3	0	512	175311	243330	385692	43596	91420775	5600	9	0	0	100.0	0.000
run2_A_stride	pooled_pread	off	cold	stride	16384	250000	1	1	3	1	512	188701	267017	368776	59085	96590061	5301	10	0	0	100.0	0.000
run2_A_stride	pool	off	cold	stride	16384	250000	1	1	3	2	512	181953	257825	379609	58337	93053754	5502	10	0	0	89.8	0.000
run2_A_stride	pool_ringloop	off	cold	stride	16384	250000	1	1	3	3	512	181104	245757	324217	58609	91647193	5587	10	0	0	90.4	0.000
run2_A_stride	hybrid	off	cold	stride	16384	250000	1	1	3	4	512	215743	296846	394634	58255	106478239	4808	9	0	0	89.8	0.000
run2_A_stride	pooled_pread	off	cold	stride	16384	250000	1	1	4	0	512	200097	278302	449105	66390	102218126	5009	10	0	0	100.0	0.000
run2_A_stride	pool	off	cold	stride	16384	250000	1	1	4	1	512	190838	259926	423719	66010	98763519	5184	10	0	0	89.8	0.000
run2_A_stride	pool_ringloop	off	cold	stride	16384	250000	1	1	4	2	512	183261	256341	360465	60150	93941313	5450	10	0	0	90.6	0.000
run2_A_stride	hybrid	off	cold	stride	16384	250000	1	1	4	3	512	182925	241740	354927	48810	91664870	5586	9	0	0	90.6	0.000
run2_A_stride	uring	off	cold	stride	16384	250000	1	1	4	4	512	191862	276041	853190	48801	103191172	4962	9	0	0	100.0	0.000
run2_A_stride	pool	off	cold	stride	16384	250000	1	1	5	0	512	192411	262122	369205	58076	96763753	5291	10	0	0	90.4	0.000
run2_A_stride	pool_ringloop	off	cold	stride	16384	250000	1	1	5	1	512	183864	241466	316511	59957	91699521	5583	10	0	0	90.4	0.000
run2_A_stride	hybrid	off	cold	stride	16384	250000	1	1	5	2	512	180381	241727	344947	45187	90099243	5683	9	0	0	90.4	0.000
run2_A_stride	uring	off	cold	stride	16384	250000	1	1	5	3	512	182909	252662	373386	47452	93013557	5505	9	0	0	100.0	0.000
run2_A_stride	pooled_pread	off	cold	stride	16384	250000	1	1	5	4	512	199773	283643	392282	58813	101392859	5050	10	0	0	100.0	0.000
run2_A_stride	pool	off	cold	stride	16384	250000	2	1	0	0	512	177956	249070	908682	60375	48395496	10579	12	0	0	92.6	0.000
run2_A_stride	pool_ringloop	off	cold	stride	16384	250000	2	1	0	1	512	176673	251252	885144	60673	47536048	10771	12	0	0	91.0	0.000
run2_A_stride	hybrid	off	cold	stride	16384	250000	2	1	0	2	512	183064	252536	887939	48493	49549154	10333	9	0	0	90.8	0.000
run2_A_stride	uring	off	cold	stride	16384	250000	2	1	0	3	512	184062	246985	909519	42628	48382771	10582	9	0	0	100.0	0.000
run2_A_stride	pooled_pread	off	cold	stride	16384	250000	2	1	0	4	512	190069	276724	642867	60169	50884584	10062	12	0	0	100.0	0.000
run2_A_stride	pool_ringloop	off	cold	stride	16384	250000	2	1	1	0	512	179438	265243	2017427	60270	59760968	8567	12	0	0	90.8	0.000
run2_A_stride	hybrid	off	cold	stride	16384	250000	2	1	1	1	512	170388	233947	751163	40452	45984585	11134	9	0	0	91.0	0.000
run2_A_stride	uring	off	cold	stride	16384	250000	2	1	1	2	512	172829	249771	717388	39854	46728331	10957	9	0	0	100.0	0.000
run2_A_stride	pooled_pread	off	cold	stride	16384	250000	2	1	1	3	512	189286	265470	804487	58454	51113885	10017	12	0	0	100.0	0.000
run2_A_stride	pool	off	cold	stride	16384	250000	2	1	1	4	512	173760	249370	625135	58394	46872782	10923	12	0	0	91.4	0.000
run2_A_stride	hybrid	off	cold	stride	16384	250000	2	1	2	0	512	169128	227147	610613	42219	45676624	11209	9	0	0	90.6	0.000
run2_A_stride	uring	off	cold	stride	16384	250000	2	1	2	1	512	168739	227759	749271	38939	44318480	11553	9	0	0	100.0	0.000
run2_A_stride	pooled_pread	off	cold	stride	16384	250000	2	1	2	2	512	180862	255953	815399	58341	49516517	10340	13	0	0	100.0	0.000
run2_A_stride	pool	off	cold	stride	16384	250000	2	1	2	3	512	177245	243515	401403	57883	46840013	10931	12	0	0	92.4	0.000
run2_A_stride	pool_ringloop	off	cold	stride	16384	250000	2	1	2	4	512	172915	241072	877926	58089	46187993	11085	11	0	0	90.8	0.000
run2_A_stride	uring	off	cold	stride	16384	250000	2	1	3	0	512	170788	233178	848627	39516	45610892	11225	9	0	0	100.0	0.000
run2_A_stride	pooled_pread	off	cold	stride	16384	250000	2	1	3	1	512	190033	263186	383207	61281	50584564	10122	12	0	0	100.0	0.000
run2_A_stride	pool	off	cold	stride	16384	250000	2	1	3	2	512	174328	234906	776817	58927	46921452	10912	12	0	0	92.4	0.000
run2_A_stride	pool_ringloop	off	cold	stride	16384	250000	2	1	3	3	512	175708	244023	777165	59621	46790498	10942	12	0	0	89.8	0.000
run2_A_stride	hybrid	off	cold	stride	16384	250000	2	1	3	4	512	175436	244568	1022469	43853	48812568	10489	9	0	0	90.8	0.000
run2_A_stride	pooled_pread	off	cold	stride	16384	250000	2	1	4	0	512	185726	260603	434669	60323	49631025	10316	12	0	0	100.0	0.000
run2_A_stride	pool	off	cold	stride	16384	250000	2	1	4	1	512	176762	246880	398159	60454	47531550	10772	12	0	0	92.6	0.000
run2_A_stride	pool_ringloop	off	cold	stride	16384	250000	2	1	4	2	512	180456	252745	822724	63173	48559649	10544	12	0	0	90.8	0.000
run2_A_stride	hybrid	off	cold	stride	16384	250000	2	1	4	3	512	170680	230120	371760	41060	45322618	11297	9	0	0	90.8	0.000
run2_A_stride	uring	off	cold	stride	16384	250000	2	1	4	4	512	169523	231092	711977	39795	45050407	11365	9	0	0	100.0	0.000
run2_A_stride	pool	off	cold	stride	16384	250000	2	1	5	0	512	176881	249542	770340	59511	47981162	10671	12	0	0	92.8	0.000
run2_A_stride	pool_ringloop	off	cold	stride	16384	250000	2	1	5	1	512	180199	254400	767599	61022	48470379	10563	12	0	0	91.0	0.000
run2_A_stride	hybrid	off	cold	stride	16384	250000	2	1	5	2	512	171543	225297	436128	40884	45291758	11304	9	0	0	91.0	0.000
run2_A_stride	uring	off	cold	stride	16384	250000	2	1	5	3	512	170532	220318	797828	40379	44768361	11437	9	0	0	100.0	0.000
run2_A_stride	pooled_pread	off	cold	stride	16384	250000	2	1	5	4	512	190998	275364	728784	61071	51273811	9986	13	0	0	100.0	0.000
run2_A_stride	pool	off	cold	stride	16384	250000	4	1	0	0	512	211834	294217	1011532	72565	29347431	17446	14	0	0	93.8	0.000
run2_A_stride	pool_ringloop	off	cold	stride	16384	250000	4	1	0	1	512	199019	280924	920922	61976	28032943	18264	15	0	0	91.0	0.000
run2_A_stride	hybrid	off	cold	stride	16384	250000	4	1	0	2	512	192646	276143	970298	39194	28405362	18025	9	0	0	90.8	0.000
run2_A_stride	uring	off	cold	stride	16384	250000	4	1	0	3	512	195431	289645	1126646	37323	28344846	18063	9	0	0	100.0	0.000
run2_A_stride	pooled_pread	off	cold	stride	16384	250000	4	1	0	4	512	197740	276409	861501	58945	27665894	18507	17	0	0	100.0	0.000
run2_A_stride	pool_ringloop	off	cold	stride	16384	250000	4	1	1	0	512	208325	298587	1007839	66246	29182525	17545	14	0	0	90.8	0.000
run2_A_stride	hybrid	off	cold	stride	16384	250000	4	1	1	1	512	194290	275989	775259	39188	27355935	18716	9	0	0	90.8	0.000
run2_A_stride	uring	off	cold	stride	16384	250000	4	1	1	2	512	205259	318984	991749	40470	29660201	17262	9	0	0	100.0	0.000
run2_A_stride	pooled_pread	off	cold	stride	16384	250000	4	1	1	3	512	214538	302719	861872	69037	30098444	17011	15	0	0	100.0	0.000
run2_A_stride	pool	off	cold	stride	16384	250000	4	1	1	4	512	212451	325413	1727615	72255	35444152	14445	16	0	0	94.1	0.000
run2_A_stride	hybrid	off	cold	stride	16384	250000	4	1	2	0	512	205104	289502	886699	43707	29537458	17334	9	0	0	90.8	0.000
run2_A_stride	uring	off	cold	stride	16384	250000	4	1	2	1	512	213378	312868	1047799	43049	30202480	16952	9	0	0	100.0	0.000
run2_A_stride	pooled_pread	off	cold	stride	16384	250000	4	1	2	2	512	244466	564860	2209124	83585	45789019	11182	17	0	0	100.0	0.000
run2_A_stride	pool	off	cold	stride	16384	250000	4	1	2	3	512	205605	305061	1006511	68399	28719202	17828	14	0	0	93.2	0.000
run2_A_stride	pool_ringloop	off	cold	stride	16384	250000	4	1	2	4	512	207106	299677	865206	65558	28555904	17930	14	0	0	90.8	0.000
run2_A_stride	uring	off	cold	stride	16384	250000	4	1	3	0	512	204024	308006	960012	39528	29182109	17545	9	0	0	100.0	0.000
run2_A_stride	pooled_pread	off	cold	stride	16384	250000	4	1	3	1	512	216645	312867	1024551	70316	30948652	16544	16	0	0	100.0	0.000
run2_A_stride	pool	off	cold	stride	16384	250000	4	1	3	2	512	243218	436781	1078564	83084	37805883	13543	17	0	0	93.2	0.000
run2_A_stride	pool_ringloop	off	cold	stride	16384	250000	4	1	3	3	512	262515	473440	1087068	79188	37918307	13503	16	0	0	90.8	0.000
run2_A_stride	hybrid	off	cold	stride	16384	250000	4	1	3	4	512	198739	285293	957868	41471	30078548	17022	9	0	0	90.8	0.000
run2_A_stride	pooled_pread	off	cold	stride	16384	250000	4	1	4	0	512	212570	307949	1092661	63302	30224179	16940	17	0	0	100.0	0.000
run2_A_stride	pool	off	cold	stride	16384	250000	4	1	4	1	512	198817	281611	920027	63296	27378389	18701	14	0	0	93.2	0.000
run2_A_stride	pool_ringloop	off	cold	stride	16384	250000	4	1	4	2	512	225456	377794	1111501	71000	32726768	15645	15	0	0	90.8	0.000
run2_A_stride	hybrid	off	cold	stride	16384	250000	4	1	4	3	512	197702	280254	1027196	39954	28910562	17710	9	0	0	90.8	0.000
run2_A_stride	uring	off	cold	stride	16384	250000	4	1	4	4	512	210680	331159	954621	39396	29916089	17115	9	0	0	100.0	0.000
run2_A_stride	pool	off	cold	stride	16384	250000	4	1	5	0	512	195370	280377	983442	62767	27954850	18315	14	0	0	93.2	0.000
run2_A_stride	pool_ringloop	off	cold	stride	16384	250000	4	1	5	1	512	206618	282615	1057031	68078	28525362	17949	14	0	0	91.0	0.000
run2_A_stride	hybrid	off	cold	stride	16384	250000	4	1	5	2	512	195313	279849	768911	40308	27847011	18386	9	0	0	90.8	0.000
run2_A_stride	uring	off	cold	stride	16384	250000	4	1	5	3	512	202557	320842	1186119	38421	29292243	17479	9	0	0	100.0	0.000
run2_A_stride	pooled_pread	off	cold	stride	16384	250000	4	1	5	4	512	213941	307880	998487	66463	30591846	16736	16	0	0	100.0	0.000
run2_A_stride	pool	off	cold	stride	16384	250000	8	1	0	0	512	260970	415309	887989	73332	18097869	28291	20	0	0	93.2	0.000
run2_A_stride	pool_ringloop	off	cold	stride	16384	250000	8	1	0	1	512	302944	433997	1373228	73235	21239345	24106	17	0	0	90.8	0.000
run2_A_stride	hybrid	off	cold	stride	16384	250000	8	1	0	2	512	275999	425301	1192938	40298	24278917	21088	9	0	0	91.0	0.000
run2_A_stride	uring	off	cold	stride	16384	250000	8	1	0	3	512	321094	499414	1148656	36115	22389420	22868	9	0	0	100.0	0.000
run2_A_stride	pooled_pread	off	cold	stride	16384	250000	8	1	0	4	512	303517	519962	1075772	77227	22872255	22385	23	0	0	100.0	0.000
run2_A_stride	pool_ringloop	off	cold	stride	16384	250000	8	1	1	0	512	514656	1241582	2591858	99798	43049784	11893	21	0	0	90.6	0.000
run2_A_stride	hybrid	off	cold	stride	16384	250000	8	1	1	1	512	279459	424408	1123851	39512	23005516	22256	9	0	0	90.8	0.000
run2_A_stride	uring	off	cold	stride	16384	250000	8	1	1	2	512	343238	655694	1405243	38303	25837327	19816	9	0	0	100.0	0.000
run2_A_stride	pooled_pread	off	cold	stride	16384	250000	8	1	1	3	512	289941	464121	1083728	77098	20718869	24712	22	0	0	100.0	0.000
run2_A_stride	pool	off	cold	stride	16384	250000	8	1	1	4	512	274283	456104	1171285	73782	19966077	25643	19	0	0	90.8	0.000
run2_A_stride	hybrid	off	cold	stride	16384	250000	8	1	2	0	512	256494	383248	990441	35922	21074968	24294	9	0	0	90.8	0.000
run2_A_stride	uring	off	cold	stride	16384	250000	8	1	2	1	512	374871	664198	1147641	42405	27066228	18917	9	0	0	100.0	0.000
run2_A_stride	pooled_pread	off	cold	stride	16384	250000	8	1	2	2	512	266692	434368	802617	72892	19133374	26760	23	0	0	100.0	0.000
run2_A_stride	pool	off	cold	stride	16384	250000	8	1	2	3	512	269072	495144	1312837	74668	20941599	24449	25	0	0	93.2	0.000
run2_A_stride	pool_ringloop	off	cold	stride	16384	250000	8	1	2	4	512	319730	542489	1386405	73714	23769667	21540	19	0	0	92.0	0.000
run2_A_stride	uring	off	cold	stride	16384	250000	8	1	3	0	512	316392	530095	1320529	35626	22534709	22721	9	0	0	100.0	0.000
run2_A_stride	pooled_pread	off	cold	stride	16384	250000	8	1	3	1	512	277904	485618	1027070	73930	20481368	24998	26	0	0	100.0	0.000
run2_A_stride	pool	off	cold	stride	16384	250000	8	1	3	2	512	268096	418997	883480	71304	18673632	27418	23	0	0	93.0	0.000
run2_A_stride	pool_ringloop	off	cold	stride	16384	250000	8	1	3	3	512	322023	521110	1396374	72366	23470689	21814	18	0	0	90.8	0.000
run2_A_stride	hybrid	off	cold	stride	16384	250000	8	1	3	4	512	283620	426407	1141331	41279	23670716	21630	9	0	0	90.8	0.000
run2_A_stride	pooled_pread	off	cold	stride	16384	250000	8	1	4	0	512	276739	454231	1013375	73078	20335639	25177	24	0	0	100.0	0.000
run2_A_stride	pool	off	cold	stride	16384	250000	8	1	4	1	512	248709	381765	1166472	72796	17780751	28795	20	0	0	93.0	0.000
run2_A_stride	pool_ringloop	off	cold	stride	16384	250000	8	1	4	2	512	317627	481992	1164299	73884	22183297	23080	20	0	0	91.8	0.000
run2_A_stride	hybrid	off	cold	stride	16384	250000	8	1	4	3	512	266601	431759	1137603	37697	21765992	23523	9	0	0	90.8	0.000
run2_A_stride	uring	off	cold	stride	16384	250000	8	1	4	4	512	323774	552363	1515112	37295	23746829	21561	9	0	0	100.0	0.000
run2_A_stride	pool	off	cold	stride	16384	250000	8	1	5	0	512	280868	453364	985984	74715	19828469	25821	25	0	0	92.6	0.000
run2_A_stride	pool_ringloop	off	cold	stride	16384	250000	8	1	5	1	512	325969	499586	1117224	74733	22788415	22468	21	0	0	92.2	0.000
run2_A_stride	hybrid	off	cold	stride	16384	250000	8	1	5	2	512	263041	397019	1224304	36669	21477430	23839	9	0	0	91.0	0.000
run2_A_stride	uring	off	cold	stride	16384	250000	8	1	5	3	512	363673	575940	1294347	40429	24627715	20790	9	0	0	100.0	0.000
run2_A_stride	pooled_pread	off	cold	stride	16384	250000	8	1	5	4	512	331287	586456	1210050	78875	24451448	20939	22	0	0	100.0	0.000
run2_A_stride	pool	off	cold	stride	16384	250000	16	1	0	0	512	488208	950197	1752326	80712	18003894	28438	43	0	0	93.0	0.000
run2_A_stride	pool_ringloop	off	cold	stride	16384	250000	16	1	0	1	512	712446	1065309	2007992	80340	23877578	21443	39	0	0	91.4	0.000
run2_A_stride	hybrid	off	cold	stride	16384	250000	16	1	0	2	512	441216	825905	1273862	40885	22312395	22947	9	0	0	90.2	0.000
run2_A_stride	uring	off	cold	stride	16384	250000	16	1	0	3	512	594478	950029	1740387	37540	21562547	23745	9	0	0	100.0	0.000
run2_A_stride	pooled_pread	off	cold	stride	16384	250000	16	1	0	4	512	408665	764616	1714410	78227	15170453	33750	50	0	0	100.0	0.000
run2_A_stride	pool_ringloop	off	cold	stride	16384	250000	16	1	1	0	512	671744	1158866	1889300	76596	23624265	21673	25	0	0	90.8	0.000
run2_A_stride	hybrid	off	cold	stride	16384	250000	16	1	1	1	512	371012	650560	1274667	31928	17527891	29211	9	0	0	92.4	0.000
run2_A_stride	uring	off	cold	stride	16384	250000	16	1	1	2	512	622318	1174225	2502213	38388	23079329	22184	9	0	0	100.0	0.000
run2_A_stride	pooled_pread	off	cold	stride	16384	250000	16	1	1	3	512	396587	775471	1500898	80158	15466046	33105	51	0	0	100.0	0.000
run2_A_stride	pool	off	cold	stride	16384	250000	16	1	1	4	512	404808	790244	1273336	75554	14775631	34652	34	0	0	92.8	0.000
run2_A_stride	hybrid	off	cold	stride	16384	250000	16	1	2	0	512	381739	624323	1379408	34037	18472621	27717	9	0	0	90.8	0.000
run2_A_stride	uring	off	cold	stride	16384	250000	16	1	2	1	512	568857	877294	1751104	34686	19953852	25659	9	0	0	100.0	0.000
run2_A_stride	pooled_pread	off	cold	stride	16384	250000	16	1	2	2	512	435118	772131	1134134	79041	15560264	32904	37	0	0	100.0	0.000
run2_A_stride	pool	off	cold	stride	16384	250000	16	1	2	3	512	403569	878106	1593219	78430	15638076	32741	35	0	0	93.2	0.000
run2_A_stride	pool_ringloop	off	cold	stride	16384	250000	16	1	2	4	512	667692	1151458	1961106	80356	23390085	21890	29	0	0	90.6	0.000
run2_A_stride	uring	off	cold	stride	16384	250000	16	1	3	0	512	568555	950530	1635032	35231	19624313	26090	9	0	0	100.0	0.000
run2_A_stride	pooled_pread	off	cold	stride	16384	250000	16	1	3	1	512	410749	879059	1553765	81523	16131494	31739	49	0	0	100.0	0.000
run2_A_stride	pool	off	cold	stride	16384	250000	16	1	3	2	512	402911	760808	1374339	77568	14641963	34968	37	0	0	92.8	0.000
run2_A_stride	pool_ringloop	off	cold	stride	16384	250000	16	1	3	3	512	654197	1202834	2414740	78958	23949767	21378	25	0	0	90.8	0.000
run2_A_stride	hybrid	off	cold	stride	16384	250000	16	1	3	4	512	404237	651455	1470421	36682	20221669	25319	9	0	0	91.0	0.000
run2_A_stride	pooled_pread	off	cold	stride	16384	250000	16	1	4	0	512	421304	903939	1491960	78582	16333707	31346	38	0	0	100.0	0.000
run2_A_stride	pool	off	cold	stride	16384	250000	16	1	4	1	512	423107	729152	1345597	80240	15111673	33881	37	0	0	93.0	0.000
run2_A_stride	pool_ringloop	off	cold	stride	16384	250000	16	1	4	2	512	655815	910074	1968511	78492	22081616	23187	25	0	0	90.6	0.000
run2_A_stride	hybrid	off	cold	stride	16384	250000	16	1	4	3	512	387412	600029	1407670	33115	18272040	28021	9	0	0	90.8	0.000
run2_A_stride	uring	off	cold	stride	16384	250000	16	1	4	4	512	547662	853717	1440766	32850	18412786	27807	9	0	0	100.0	0.000
run2_A_stride	pool	off	cold	stride	16384	250000	16	1	5	0	512	428921	847114	1818953	81852	16389080	31240	31	0	0	93.0	0.000
run2_A_stride	pool_ringloop	off	cold	stride	16384	250000	16	1	5	1	512	641971	936571	1737603	76499	22026374	23245	27	0	0	91.8	0.000
run2_A_stride	hybrid	off	cold	stride	16384	250000	16	1	5	2	512	415437	740276	1605212	35684	19998724	25602	9	0	0	92.0	0.000
run2_A_stride	uring	off	cold	stride	16384	250000	16	1	5	3	512	551571	813133	1099668	34213	18929147	27048	9	0	0	100.0	0.000
run2_A_stride	pooled_pread	off	cold	stride	16384	250000	16	1	5	4	512	449350	830736	1816374	80728	16470672	31086	42	0	0	100.0	0.000
run2_A_stride	pool	off	cold	stride	16384	250000	32	1	0	0	512	686320	1528632	2233198	85816	14115455	36272	56	0	0	93.4	0.000
run2_A_stride	pool_ringloop	off	cold	stride	16384	250000	32	1	0	1	512	1200313	1916204	2525435	78689	20500147	24975	43	0	0	91.0	0.000
run2_A_stride	hybrid	off	cold	stride	16384	250000	32	1	0	2	512	662601	1115753	1566412	35398	18690023	27394	9	0	0	91.0	0.000
run2_A_stride	uring	off	cold	stride	16384	250000	32	1	0	3	512	1066816	1436756	2033527	34197	17907882	28591	9	0	0	100.0	0.000
run2_A_stride	pooled_pread	off	cold	stride	16384	250000	32	1	0	4	512	784652	1785586	3883289	100105	16443438	31137	125	0	0	100.0	0.000
run2_A_stride	pool_ringloop	off	cold	stride	16384	250000	32	1	1	0	512	1277608	1838781	2328141	76795	20814060	24599	35	0	0	91.0	0.000
run2_A_stride	hybrid	off	cold	stride	16384	250000	32	1	1	1	512	677254	1191011	1879121	36810	19175845	26700	9	0	0	90.8	0.000
run2_A_stride	uring	off	cold	stride	16384	250000	32	1	1	2	512	1109408	1610681	1873620	35761	18933137	27043	9	0	0	100.0	0.000
run2_A_stride	pooled_pread	off	cold	stride	16384	250000	32	1	1	3	512	867699	1696760	4287144	96220	17346259	29516	131	0	0	100.0	0.000
run2_A_stride	pool	off	cold	stride	16384	250000	32	1	1	4	512	1145214	2344737	4973972	90641	23239192	22032	62	0	0	92.6	0.000
run2_A_stride	hybrid	off	cold	stride	16384	250000	32	1	2	0	512	682982	1233686	1933605	39279	20767138	24654	9	0	0	92.8	0.000
run2_A_stride	uring	off	cold	stride	16384	250000	32	1	2	1	512	1275971	1547373	1995519	41057	21915133	23363	9	0	0	100.0	0.000
run2_A_stride	pooled_pread	off	cold	stride	16384	250000	32	1	2	2	512	863268	1972092	3430689	101119	18890146	27104	104	0	0	100.0	0.000
run2_A_stride	pool	off	cold	stride	16384	250000	32	1	2	3	512	771112	1784647	3186014	97184	16201824	31601	58	0	0	93.2	0.000
run2_A_stride	pool_ringloop	off	cold	stride	16384	250000	32	1	2	4	512	1340827	1808463	2535943	86716	22530374	22725	48	0	0	93.0	0.000
run2_A_stride	uring	off	cold	stride	16384	250000	32	1	3	0	512	1169195	1673473	2315056	40246	20828716	24581	9	0	0	100.0	0.000
run2_A_stride	pooled_pread	off	cold	stride	16384	250000	32	1	3	1	512	781443	1875140	3447132	99855	16837076	30409	113	0	0	100.0	0.000
run2_A_stride	pool	off	cold	stride	16384	250000	32	1	3	2	512	670651	1458918	2698121	87516	13830742	37019	52	0	0	92.6	0.000
run2_A_stride	pool_ringloop	off	cold	stride	16384	250000	32	1	3	3	512	1360640	1981427	3371943	87210	22861573	22396	66	0	0	92.0	0.000
run2_A_stride	hybrid	off	cold	stride	16384	250000	32	1	3	4	512	720742	1296526	1644411	39073	20575113	24884	9	0	0	90.4	0.000
run2_A_stride	pooled_pread	off	cold	stride	16384	250000	32	1	4	0	512	815671	1785414	3284143	93692	16219286	31567	75	0	0	100.0	0.000
run2_A_stride	pool	off	cold	stride	16384	250000	32	1	4	1	512	1037768	2028918	3403472	95018	20278566	25248	56	0	0	92.4	0.000
run2_A_stride	pool_ringloop	off	cold	stride	16384	250000	32	1	4	2	512	1204102	1676552	2779178	80071	20710446	24722	31	0	0	91.4	0.000
run2_A_stride	hybrid	off	cold	stride	16384	250000	32	1	4	3	512	703150	1186186	1482410	37103	19584464	26143	9	0	0	91.6	0.000
run2_A_stride	uring	off	cold	stride	16384	250000	32	1	4	4	512	1174718	1693860	2391865	37810	20157778	25400	9	0	0	100.0	0.000
run2_A_stride	pool	off	cold	stride	16384	250000	32	1	5	0	512	752198	1504612	2293232	92677	14296724	35812	59	0	0	93.2	0.000
run2_A_stride	pool_ringloop	off	cold	stride	16384	250000	32	1	5	1	512	1272364	1659216	2442427	81825	21809068	23476	37	0	0	91.8	0.000
run2_A_stride	hybrid	off	cold	stride	16384	250000	32	1	5	2	512	731759	1269750	1611765	39927	21172911	24182	9	0	0	90.6	0.000
run2_A_stride	uring	off	cold	stride	16384	250000	32	1	5	3	512	1196031	1437316	1934492	37623	19792357	25869	9	0	0	100.0	0.000
run2_A_stride	pooled_pread	off	cold	stride	16384	250000	32	1	5	4	512	1167754	2529856	6490133	104136	23497348	21790	98	0	0	100.0	0.000
run2_A_stride	pool	off	cold	stride	16384	250000	64	1	0	0	512	1320774	2630833	4888389	97343	14094118	36327	72	0	0	93.0	0.000
run2_A_stride	pool_ringloop	off	cold	stride	16384	250000	64	1	0	1	512	2730744	3206154	3850285	82792	22059637	23210	36	0	0	92.0	0.000
run2_A_stride	hybrid	off	cold	stride	16384	250000	64	1	0	2	512	1354286	2321575	2719640	40128	21572678	23734	9	0	0	90.6	0.000
run2_A_stride	uring	off	cold	stride	16384	250000	64	1	0	3	512	2045611	3597184	4073420	36244	19313077	26511	9	0	0	100.0	0.000
run2_A_stride	pooled_pread	off	cold	stride	16384	250000	64	1	0	4	512	1505613	3833411	5616169	101653	16933445	30236	112	0	0	100.0	0.000
run2_A_stride	pool_ringloop	off	cold	stride	16384	250000	64	1	1	0	512	2660188	3780735	5292315	88099	22467724	22788	72	0	0	91.0	0.000
run2_A_stride	hybrid	off	cold	stride	16384	250000	64	1	1	1	512	1271232	2148245	2634708	35291	18876766	27123	9	0	0	90.0	0.000
run2_A_stride	uring	off	cold	stride	16384	250000	64	1	1	2	512	1809878	3270591	3272180	34342	18097825	28291	9	0	0	100.0	0.000
run2_A_stride	pooled_pread	off	cold	stride	16384	250000	64	1	1	3	512	1696432	3415737	5747386	109677	17705959	28917	154	0	0	100.0	0.000
run2_A_stride	pool	off	cold	stride	16384	250000	64	1	1	4	512	1251641	2857728	5356176	90305	13585879	37686	67	0	0	90.6	0.000
run2_A_stride	hybrid	off	cold	stride	16384	250000	64	1	2	0	512	1299572	2215375	2588722	38094	19769563	25898	9	0	0	91.0	0.000
run2_A_stride	uring	off	cold	stride	16384	250000	64	1	2	1	512	2254525	3301265	4667843	38367	21494174	23820	9	0	0	100.0	0.000
run2_A_stride	pooled_pread	off	cold	stride	16384	250000	64	1	2	2	512	2065804	3853144	5679056	109594	20107392	25463	156	0	0	100.0	0.000
run2_A_stride	pool	off	cold	stride	16384	250000	64	1	2	3	512	1289303	2929212	5001056	99527	15162500	33768	89	0	0	93.2	0.000
run2_A_stride	pool_ringloop	off	cold	stride	16384	250000	64	1	2	4	512	2830681	3703008	5147608	86321	23381834	21897	38	0	0	92.2	0.000
run2_A_stride	uring	off	cold	stride	16384	250000	64	1	3	0	512	2079226	3558939	3702093	36981	19410620	26377	9	0	0	100.0	0.000
run2_A_stride	pooled_pread	off	cold	stride	16384	250000	64	1	3	1	512	1852670	3046372	7081156	115753	17893065	28614	168	0	0	100.0	0.000
run2_A_stride	pool	off	cold	stride	16384	250000	64	1	3	2	512	1303518	3006986	5365039	100353	15275308	33518	88	0	0	93.2	0.000
run2_A_stride	pool_ringloop	off	cold	stride	16384	250000	64	1	3	3	512	2536383	3453657	3906052	80844	21313547	24022	38	0	0	90.6	0.000
run2_A_stride	hybrid	off	cold	stride	16384	250000	64	1	3	4	512	1414241	2420113	2969388	40029	21439399	23881	9	0	0	90.4	0.000
run2_A_stride	pooled_pread	off	cold	stride	16384	250000	64	1	4	0	512	2074649	3630858	5437241	118259	20896810	24501	136	0	0	100.0	0.000
run2_A_stride	pool	off	cold	stride	16384	250000	64	1	4	1	512	1284777	2525667	4434710	103086	14666698	34909	89	0	0	93.0	0.000
run2_A_stride	pool_ringloop	off	cold	stride	16384	250000	64	1	4	2	512	2617438	3875231	4659315	84632	22295199	22965	49	0	0	90.8	0.000
run2_A_stride	hybrid	off	cold	stride	16384	250000	64	1	4	3	512	1484319	2622943	3078586	40839	22729202	22526	9	0	0	90.4	0.000
run2_A_stride	uring	off	cold	stride	16384	250000	64	1	4	4	512	1909129	3067431	3622735	32998	18204706	28125	9	0	0	100.0	0.000
run2_A_stride	pool	off	cold	stride	16384	250000	64	1	5	0	512	1391152	3489170	6027133	109811	17419737	29392	97	0	0	93.4	0.000
run2_A_stride	pool_ringloop	off	cold	stride	16384	250000	64	1	5	1	512	2716664	4083944	5413780	81793	23820853	21494	57	0	0	90.8	0.000
run2_A_stride	hybrid	off	cold	stride	16384	250000	64	1	5	2	512	1264703	2190531	2870394	37155	19890526	25741	9	0	0	90.8	0.000
run2_A_stride	uring	off	cold	stride	16384	250000	64	1	5	3	512	2045469	3480203	3915066	36714	19362068	26443	9	0	0	100.0	0.000
run2_A_stride	pooled_pread	off	cold	stride	16384	250000	64	1	5	4	512	1782011	4114396	6709611	107917	19081014	26833	146	0	0	100.0	0.000
run2_A_stride	pool	off	warm	stride	16384	250000	1	1	0	0	512	2994	3372	3842	3915	1700762	301042	9	0	0	0.0	0.000
run2_A_stride	pool_ringloop	off	warm	stride	16384	250000	1	1	0	1	512	3099	3745	7526	3884	1802297	284082	9	0	0	0.0	0.000
run2_A_stride	hybrid	off	warm	stride	16384	250000	1	1	0	2	512	2920	3256	3534	3887	1742113	293896	9	0	0	0.0	0.000
run2_A_stride	uring	off	warm	stride	16384	250000	1	1	0	3	512	4884	5453	7271	8393	2709824	188942	9	0	0	100.0	0.000
run2_A_stride	pooled_pread	off	warm	stride	16384	250000	1	1	0	4	512	14764	18633	53698	22031	8545727	59913	11	0	0	100.0	0.000
run2_A_stride	pool_ringloop	off	warm	stride	16384	250000	1	1	1	0	512	3040	3437	4319	3596	1710501	299328	9	0	0	0.0	0.000
run2_A_stride	hybrid	off	warm	stride	16384	250000	1	1	1	1	512	3030	3408	3900	3953	1844232	277622	9	0	0	0.0	0.000
run2_A_stride	uring	off	warm	stride	16384	250000	1	1	1	2	512	4820	6474	9411	8509	2912174	175814	9	0	0	100.0	0.000
run2_A_stride	pooled_pread	off	warm	stride	16384	250000	1	1	1	3	512	18058	20721	40261	25341	9592089	53377	11	0	0	100.0	0.000
run2_A_stride	pool	off	warm	stride	16384	250000	1	1	1	4	512	3187	3746	4804	3879	1851665	276508	9	0	0	0.0	0.000
run2_A_stride	hybrid	off	warm	stride	16384	250000	1	1	2	0	512	2954	3324	9272	3885	1838955	278419	9	0	0	0.0	0.000
run2_A_stride	uring	off	warm	stride	16384	250000	1	1	2	1	512	4946	5459	10012	8378	2674386	191446	9	0	0	100.0	0.000
run2_A_stride	pooled_pread	off	warm	stride	16384	250000	1	1	2	2	512	16160	19240	39521	22770	8752173	58500	10	0	0	100.0	0.000
run2_A_stride	pool	off	warm	stride	16384	250000	1	1	2	3	512	2893	3222	4704	3605	1635904	312977	9	0	0	0.0	0.000
run2_A_stride	pool_ringloop	off	warm	stride	16384	250000	1	1	2	4	512	2801	3128	3684	3614	1608848	318240	9	0	0	0.0	0.000
run2_A_stride	uring	off	warm	stride	16384	250000	1	1	3	0	512	4423	5333	11021	7645	2492761	205395	9	0	0	100.0	0.000
run2_A_stride	pooled_pread	off	warm	stride	16384	250000	1	1	3	1	512	14196	18965	31352	21434	8158665	62755	10	0	0	100.0	0.000
run2_A_stride	pool	off	warm	stride	16384	250000	1	1	3	2	512	2844	3165	4561	3328	1612775	317465	9	0	0	0.0	0.000
run2_A_stride	pool_ringloop	off	warm	stride	16384	250000	1	1	3	3	512	2756	3196	4255	3337	1605598	318884	9	0	0	0.0	0.000
run2_A_stride	hybrid	off	warm	stride	16384	250000	1	1	3	4	512	2979	3334	4129	3911	1811150	282693	9	0	0	0.0	0.000
run2_A_stride	pooled_pread	off	warm	stride	16384	250000	1	1	4	0	512	13745	17281	32490	20414	7736764	66178	10	0	0	100.0	0.000
run2_A_stride	pool	off	warm	stride	16384	250000	1	1	4	1	512	3397	3996	4792	4225	1966124	260411	9	0	0	0.0	0.000
run2_A_stride	pool_ringloop	off	warm	stride	16384	250000	1	1	4	2	512	2941	3304	3983	3804	1657906	308823	9	0	0	0.0	0.000
run2_A_stride	hybrid	off	warm	stride	16384	250000	1	1	4	3	512	2823	3146	3416	3471	1688096	303300	9	0	0	0.0	0.000
run2_A_stride	uring	off	warm	stride	16384	250000	1	1	4	4	512	4996	5652	8242	8349	2779266	184221	9	0	0	100.0	0.000
run2_A_stride	pool	off	warm	stride	16384	250000	1	1	5	0	512	2992	3878	5038	3958	1832866	279344	9	0	0	0.0	0.000
run2_A_stride	pool_ringloop	off	warm	stride	16384	250000	1	1	5	1	512	3515	4334	8335	4295	2070696	247260	9	0	0	0.0	0.000
run2_A_stride	hybrid	off	warm	stride	16384	250000	1	1	5	2	512	3221	3829	5260	4242	2043111	250598	9	0	0	0.0	0.000
run2_A_stride	uring	off	warm	stride	16384	250000	1	1	5	3	512	5026	5891	12367	8419	2827810	181059	9	0	0	100.0	0.000
run2_A_stride	pooled_pread	off	warm	stride	16384	250000	1	1	5	4	512	14824	19775	54955	22312	9446820	54198	11	0	0	100.0	0.000
run2_A_stride	pool	off	warm	stride	16384	250000	2	1	0	0	512	4293	4679	6322	4826	1248172	410200	9	0	0	0.0	0.000
run2_A_stride	pool_ringloop	off	warm	stride	16384	250000	2	1	0	1	512	2913	3249	3951	3691	1647467	310780	9	0	0	0.0	0.000
run2_A_stride	hybrid	off	warm	stride	16384	250000	2	1	0	2	512	3231	3834	5506	4426	2073171	246965	9	0	0	0.0	0.000
run2_A_stride	uring	off	warm	stride	16384	250000	2	1	0	3	512	7160	8172	17803	5991	2095832	244294	9	0	0	100.0	0.000
run2_A_stride	pooled_pread	off	warm	stride	16384	250000	2	1	0	4	512	17366	31169	116731	20410	5841299	87652	13	0	0	100.0	0.000
run2_A_stride	pool_ringloop	off	warm	stride	16384	250000	2	1	1	0	512	4246	5791	10831	5593	2771804	184717	9	0	0	0.0	0.000
run2_A_stride	hybrid	off	warm	stride	16384	250000	2	1	1	1	512	3621	4331	5228	4820	2260932	226455	9	0	0	0.0	0.000
run2_A_stride	uring	off	warm	stride	16384	250000	2	1	1	2	512	10222	11616	22243	8555	2967995	172507	9	0	0	100.0	0.000
run2_A_stride	pooled_pread	off	warm	stride	16384	250000	2	1	1	3	512	17778	21783	50402	19958	4936123	103725	12	0	0	100.0	0.000
run2_A_stride	pool	off	warm	stride	16384	250000	2	1	1	4	512	3336	3960	5353	3955	1015310	504279	9	0	0	0.0	0.000
run2_A_stride	hybrid	off	warm	stride	16384	250000	2	1	2	0	512	3086	3647	5327	4131	1912945	267650	9	0	0	0.0	0.000
run2_A_stride	uring	off	warm	stride	16384	250000	2	1	2	1	512	8125	10959	18147	7145	2466520	207580	9	0	0	100.0	0.000
run2_A_stride	pooled_pread	off	warm	stride	16384	250000	2	1	2	2	512	15972	20938	42469	19597	4627733	110637	13	0	0	100.0	0.000
run2_A_stride	pool	off	warm	stride	16384	250000	2	1	2	3	512	3123	3557	4504	3694	955540	535823	9	0	0	0.0	0.000
run2_A_stride	pool_ringloop	off	warm	stride	16384	250000	2	1	2	4	512	3040	4162	6322	3964	1870938	273660	9	0	0	0.0	0.000
run2_A_stride	uring	off	warm	stride	16384	250000	2	1	3	0	512	7395	8146	19056	6342	2204479	232254	9	0	0	100.0	0.000
run2_A_stride	pooled_pread	off	warm	stride	16384	250000	2	1	3	1	512	17164	19945	27468	19005	4627297	110648	13	0	0	100.0	0.000
run2_A_stride	pool	off	warm	stride	16384	250000	2	1	3	2	512	3668	4550	5415	4343	1119467	457361	9	0	0	0.0	0.000
run2_A_stride	pool_ringloop	off	warm	stride	16384	250000	2	1	3	3	512	3158	3683	8248	3833	1833785	279204	9	0	0	0.0	0.000
run2_A_stride	hybrid	off	warm	stride	16384	250000	2	1	3	4	512	3132	3557	5378	4006	1918729	266843	9	0	0	0.0	0.000
run2_A_stride	pooled_pread	off	warm	stride	16384	250000	2	1	4	0	512	16307	20516	33056	19947	4713073	108634	13	0	0	100.0	0.000
run2_A_stride	pool	off	warm	stride	16384	250000	2	1	4	1	512	3113	3532	3928	3776	941035	544082	9	0	0	0.0	0.000
run2_A_stride	pool_ringloop	off	warm	stride	16384	250000	2	1	4	2	512	3038	3498	4505	3671	1768731	289473	9	0	0	0.0	0.000
run2_A_stride	hybrid	off	warm	stride	16384	250000	2	1	4	3	512	2972	3303	4235	3857	1802672	284023	9	0	0	0.0	0.000
run2_A_stride	uring	off	warm	stride	16384	250000	2	1	4	4	512	9418	10151	15148	7829	2574674	198860	9	0	0	100.0	0.000
run2_A_stride	pool	off	warm	stride	16384	250000	2	1	5	0	512	3051	3620	4729	3593	955803	535675	9	0	0	0.0	0.000
run2_A_stride	pool_ringloop	off	warm	stride	16384	250000	2	1	5	1	512	3131	3678	4897	3913	1840153	278238	9	0	0	0.0	0.000
run2_A_stride	hybrid	off	warm	stride	16384	250000	2	1	5	2	512	3031	3497	4728	4035	1888899	271057	9	0	0	0.0	0.000
run2_A_stride	uring	off	warm	stride	16384	250000	2	1	5	3	512	7160	8039	15206	6346	2093171	244605	9	0	0	100.0	0.000
run2_A_stride	pooled_pread	off	warm	stride	16384	250000	2	1	5	4	512	16994	19693	48130	20341	4682470	109344	13	0	0	100.0	0.000
run2_A_stride	pool	off	warm	stride	16384	250000	4	1	0	0	512	4086	5333	6441	5294	664199	770853	9	0	0	0.0	0.000
run2_A_stride	pool_ringloop	off	warm	stride	16384	250000	4	1	0	1	512	2911	3253	3589	3541	1640648	312072	9	0	0	0.0	0.000
run2_A_stride	hybrid	off	warm	stride	16384	250000	4	1	0	2	512	3095	3487	4490	3824	1845450	277439	9	0	0	0.0	0.000
run2_A_stride	uring	off	warm	stride	16384	250000	4	1	0	3	512	13709	15447	30374	5116	2060718	248457	9	0	0	100.0	0.000
run2_A_stride	pooled_pread	off	warm	stride	16384	250000	4	1	0	4	512	14081	28380	127467	22389	2596379	197198	21	0	0	100.0	0.000
run2_A_stride	pool_ringloop	off	warm	stride	16384	250000	4	1	1	0	512	2963	3307	4128	3491	1651472	310026	9	0	0	0.0	0.000
run2_A_stride	hybrid	off	warm	stride	16384	250000	4	1	1	1	512	3011	3360	4245	3955	1817946	281637	9	0	0	0.0	0.000
run2_A_stride	uring	off	warm	stride	16384	250000	4	1	1	2	512	12690	13636	22827	5018	1826312	280346	9	0	0	100.0	0.000
run2_A_stride	pooled_pread	off	warm	stride	16384	250000	4	1	1	3	512	15036	30442	136682	22443	2874559	178114	22	0	0	100.0	0.000
run2_A_stride	pool	off	warm	stride	16384	250000	4	1	1	4	512	3796	4294	5868	4657	601927	850601	9	0	0	0.0	0.000
run2_A_stride	hybrid	off	warm	stride	16384	250000	4	1	2	0	512	2861	3179	4274	3507	1706629	300007	9	0	0	0.0	0.000
run2_A_stride	uring	off	warm	stride	16384	250000	4	1	2	1	512	12838	14189	23017	4906	1865200	274501	9	0	0	100.0	0.000
run2_A_stride	pooled_pread	off	warm	stride	16384	250000	4	1	2	2	512	13894	28452	129994	21725	2606073	196464	20	0	0	100.0	0.000
run2_A_stride	pool	off	warm	stride	16384	250000	4	1	2	3	512	4170	5323	7385	5165	698160	733356	9	0	0	0.0	0.000
run2_A_stride	pool_ringloop	off	warm	stride	16384	250000	4	1	2	4	512	2966	3325	4965	3954	1701166	300970	9	0	0	0.0	0.000
run2_A_stride	uring	off	warm	stride	16384	250000	4	1	3	0	512	16189	16894	30273	6538	2392991	213958	9	0	0	100.0	0.000
run2_A_stride	pooled_pread	off	warm	stride	16384	250000	4	1	3	1	512	13781	25217	174626	22765	2681661	190926	22	0	0	100.0	0.000
run2_A_stride	pool	off	warm	stride	16384	250000	4	1	3	2	512	4071	5299	6067	5256	673671	760015	9	0	0	0.0	0.000
run2_A_stride	pool_ringloop	off	warm	stride	16384	250000	4	1	3	3	512	2881	3188	4452	3309	1640577	312085	9	0	0	0.0	0.000
run2_A_stride	hybrid	off	warm	stride	16384	250000	4	1	3	4	512	2877	3228	4306	3976	1749881	292591	9	0	0	0.0	0.000
run2_A_stride	pooled_pread	off	warm	stride	16384	250000	4	1	4	0	512	14389	26415	138801	22753	2670774	191705	22	0	0	100.0	0.000
run2_A_stride	pool	off	warm	stride	16384	250000	4	1	4	1	512	4654	5711	12452	5501	741349	690633	9	0	0	0.0	0.000
run2_A_stride	pool_ringloop	off	warm	stride	16384	250000	4	1	4	2	512	3121	3569	4959	3767	1784019	286992	9	0	0	0.0	0.000
run2_A_stride	hybrid	off	warm	stride	16384	250000	4	1	4	3	512	2896	3212	4172	3497	1767267	289713	9	0	0	0.0	0.000
run2_A_stride	uring	off	warm	stride	16384	250000	4	1	4	4	512	12739	13851	22713	5073	1894032	270323	9	0	0	100.0	0.000
run2_A_stride	pool	off	warm	stride	16384	250000	4	1	5	0	512	5759	6606	8223	6708	926974	552335	9	0	0	0.0	0.000
run2_A_stride	pool_ringloop	off	warm	stride	16384	250000	4	1	5	1	512	3812	4373	11053	4516	2182310	234614	9	0	0	0.0	0.000
run2_A_stride	hybrid	off	warm	stride	16384	250000	4	1	5	2	512	4063	5163	8013	5240	2456073	208463	9	0	0	0.0	0.000
run2_A_stride	uring	off	warm	stride	16384	250000	4	1	5	3	512	14436	16335	32357	5548	2228949	229705	9	0	0	100.0	0.000
run2_A_stride	pooled_pread	off	warm	stride	16384	250000	4	1	5	4	512	16560	36981	217600	24931	3452850	148283	26	0	0	100.0	0.000
run2_A_stride	pool	off	warm	stride	16384	250000	8	1	0	0	512	5761	6692	7367	6511	614018	833852	9	0	0	0.0	0.000
run2_A_stride	pool_ringloop	off	warm	stride	16384	250000	8	1	0	1	512	3203	3566	4188	4253	1842286	277916	9	0	0	0.0	0.000
run2_A_stride	hybrid	off	warm	stride	16384	250000	8	1	0	2	512	3268	3681	5567	4518	2044877	250382	9	0	0	0.0	0.000
run2_A_stride	uring	off	warm	stride	16384	250000	8	1	0	3	512	27044	29546	53362	4900	2103227	243435	9	0	0	100.0	0.000
run2_A_stride	pooled_pread	off	warm	stride	16384	250000	8	1	0	4	512	19191	151684	363059	30748	3349884	152841	38	0	0	100.0	0.000
run2_A_stride	pool_ringloop	off	warm	stride	16384	250000	8	1	1	0	512	2962	3268	3743	3503	1704892	300312	9	0	0	0.0	0.000
run2_A_stride	hybrid	off	warm	stride	16384	250000	8	1	1	1	512	3285	3889	5434	4391	2063786	248088	9	0	0	0.0	0.000
run2_A_stride	uring	off	warm	stride	16384	250000	8	1	1	2	512	25422	27069	53803	4486	1874352	273161	9	0	0	100.0	0.000
run2_A_stride	pooled_pread	off	warm	stride	16384	250000	8	1	1	3	512	19539	124022	412434	27656	3118019	164207	36	0	0	100.0	0.000
run2_A_stride	pool	off	warm	stride	16384	250000	8	1	1	4	512	6228	7166	21679	7605	564760	906580	9	0	0	0.0	0.000
run2_A_stride	hybrid	off	warm	stride	16384	250000	8	1	2	0	512	3198	3652	4949	4016	1936295	264423	9	0	0	0.0	0.000
run2_A_stride	uring	off	warm	stride	16384	250000	8	1	2	1	512	25354	26409	37532	4402	1891010	270755	9	0	0	100.0	0.000
run2_A_stride	pooled_pread	off	warm	stride	16384	250000	8	1	2	2	512	16515	99183	352043	27779	2758565	185604	33	0	0	100.0	0.000
run2_A_stride	pool	off	warm	stride	16384	250000	8	1	2	3	512	6193	6943	7484	7134	536888	953644	9	0	0	0.0	0.000
run2_A_stride	pool_ringloop	off	warm	stride	16384	250000	8	1	2	4	512	3499	4155	7937	4123	2021007	253339	9	0	0	0.0	0.000
run2_A_stride	uring	off	warm	stride	16384	250000	8	1	3	0	512	25405	27664	43315	4492	1887052	271323	9	0	0	100.0	0.000
run2_A_stride	pooled_pread	off	warm	stride	16384	250000	8	1	3	1	512	20280	100498	345155	28153	2783424	183946	33	0	0	100.0	0.000
run2_A_stride	pool	off	warm	stride	16384	250000	8	1	3	2	512	6181	7010	25133	7318	550490	930080	9	0	0	0.0	0.000
run2_A_stride	pool_ringloop	off	warm	stride	16384	250000	8	1	3	3	512	3010	3516	4638	3642	1737100	294744	9	0	0	0.0	0.000
run2_A_stride	hybrid	off	warm	stride	16384	250000	8	1	3	4	512	3050	3390	5964	4140	1873311	273313	9	0	0	0.0	0.000
run2_A_stride	pooled_pread	off	warm	stride	16384	250000	8	1	4	0	512	18042	144957	383399	28473	3159349	162059	35	0	0	100.0	0.000
run2_A_stride	pool	off	warm	stride	16384	250000	8	1	4	1	512	5997	6838	11714	6927	612641	835726	9	0	0	0.0	0.000
run2_A_stride	pool_ringloop	off	warm	stride	16384	250000	8	1	4	2	512	3220	3934	4843	4334	1927253	265663	9	0	0	0.0	0.000
run2_A_stride	hybrid	off	warm	stride	16384	250000	8	1	4	3	512	3078	3440	6910	3933	1897238	269866	9	0	0	0.0	0.000
run2_A_stride	uring	off	warm	stride	16384	250000	8	1	4	4	512	25382	27087	45209	4642	1892822	270496	9	0	0	100.0	0.000
run2_A_stride	pool	off	warm	stride	16384	250000	8	1	5	0	512	6038	6747	14056	6847	513153	997753	9	0	0	0.0	0.000
run2_A_stride	pool_ringloop	off	warm	stride	16384	250000	8	1	5	1	512	2808	3147	4051	3669	1647356	310801	9	0	0	0.0	0.000
run2_A_stride	hybrid	off	warm	stride	16384	250000	8	1	5	2	512	3361	3937	5369	4359	2147661	238399	9	0	0	0.0	0.000
run2_A_stride	uring	off	warm	stride	16384	250000	8	1	5	3	512	25823	27788	50703	4618	1965417	260505	9	0	0	100.0	0.000
run2_A_stride	pooled_pread	off	warm	stride	16384	250000	8	1	5	4	512	20459	129179	332580	30106	3241853	157934	39	0	0	100.0	0.000
run2_A_stride	pool	off	warm	stride	16384	250000	16	1	0	0	512	6135	6890	7434	7158	532800	960961	9	0	0	0.0	0.000
run2_A_stride	pool_ringloop	off	warm	stride	16384	250000	16	1	0	1	512	3281	3884	4745	4302	2011998	254473	9	0	0	0.0	0.000
run2_A_stride	hybrid	off	warm	stride	16384	250000	16	1	0	2	512	3118	3560	4626	4136	1982183	258301	9	0	0	0.0	0.000
run2_A_stride	uring	off	warm	stride	16384	250000	16	1	0	3	512	49851	52455	76802	4559	1998717	256164	9	0	0	100.0	0.000
run2_A_stride	pooled_pread	off	warm	stride	16384	250000	16	1	0	4	512	32894	277250	878476	30690	3325715	153952	56	0	0	100.0	0.000
run2_A_stride	pool_ringloop	off	warm	stride	16384	250000	16	1	1	0	512	3079	3426	4080	4224	1839279	278370	9	0	0	0.0	0.000
run2_A_stride	hybrid	off	warm	stride	16384	250000	16	1	1	1	512	3126	3559	4549	4481	2012984	254349	9	0	0	0.0	0.000
run2_A_stride	uring	off	warm	stride	16384	250000	16	1	1	2	512	49554	55441	65145	4586	1928133	265542	9	0	0	100.0	0.000
run2_A_stride	pooled_pread	off	warm	stride	16384	250000	16	1	1	3	512	41475	397233	1193020	40183	4984352	102721	84	0	0	100.0	0.000
run2_A_stride	pool	off	warm	stride	16384	250000	16	1	1	4	512	5324	6497	8350	6264	716917	714169	9	0	0	0.0	0.000
run2_A_stride	hybrid	off	warm	stride	16384	250000	16	1	2	0	512	3822	4304	5790	5043	2467628	207487	9	0	0	0.0	0.000
run2_A_stride	uring	off	warm	stride	16384	250000	16	1	2	1	512	58659	72301	85829	5568	2318177	220863	9	0	0	100.0	0.000
run2_A_stride	pooled_pread	off	warm	stride	16384	250000	16	1	2	2	512	36232	331971	1977427	37081	5378288	95198	114	0	0	100.0	0.000
run2_A_stride	pool	off	warm	stride	16384	250000	16	1	2	3	512	4404	5430	16757	5541	706115	725094	9	0	0	0.0	0.000
run2_A_stride	pool_ringloop	off	warm	stride	16384	250000	16	1	2	4	512	3469	4046	9930	4215	2117217	241827	9	0	0	0.0	0.000
run2_A_stride	uring	off	warm	stride	16384	250000	16	1	3	0	512	48182	57978	86990	4329	1925599	265891	9	0	0	100.0	0.000
run2_A_stride	pooled_pread	off	warm	stride	16384	250000	16	1	3	1	512	27069	309929	1121160	33170	3864240	132497	75	0	0	100.0	0.000
run2_A_stride	pool	off	warm	stride	16384	250000	16	1	3	2	512	5705	6678	7425	6549	601281	851515	9	0	0	0.0	0.000
run2_A_stride	pool_ringloop	off	warm	stride	16384	250000	16	1	3	3	512	3059	3768	5572	3870	1920136	266648	9	0	0	0.0	0.000
run2_A_stride	hybrid	off	warm	stride	16384	250000	16	1	3	4	512	3028	3411	6336	4057	1891279	270716	9	0	0	0.0	0.000
run2_A_stride	pooled_pread	off	warm	stride	16384	250000	16	1	4	0	512	37765	395142	1318629	40088	5792087	88396	112	0	0	100.0	0.000
run2_A_stride	pool	off	warm	stride	16384	250000	16	1	4	1	512	6121	7013	19071	7360	631646	810581	9	0	0	0.0	0.000
run2_A_stride	pool_ringloop	off	warm	stride	16384	250000	16	1	4	2	512	2921	3397	5063	3967	1832541	279393	9	0	0	0.0	0.000
run2_A_stride	hybrid	off	warm	stride	16384	250000	16	1	4	3	512	2867	3208	5053	3819	1846489	277283	9	0	0	0.0	0.000
run2_A_stride	uring	off	warm	stride	16384	250000	16	1	4	4	512	47188	52399	64410	4286	1818542	281544	9	0	0	100.0	0.000
run2_A_stride	pool	off	warm	stride	16384	250000	16	1	5	0	512	5966	6641	7258	6926	492541	1039507	9	0	0	0.0	0.000
run2_A_stride	pool_ringloop	off	warm	stride	16384	250000	16	1	5	1	512	2944	3357	4268	3863	1783722	287040	9	0	0	0.0	0.000
run2_A_stride	hybrid	off	warm	stride	16384	250000	16	1	5	2	512	3020	3374	7031	4005	1900349	269424	9	0	0	0.0	0.000
run2_A_stride	uring	off	warm	stride	16384	250000	16	1	5	3	512	51213	55511	67149	4685	2021677	253255	9	0	0	100.0	0.000
run2_A_stride	pooled_pread	off	warm	stride	16384	250000	16	1	5	4	512	28184	339343	1163821	36441	5072325	100940	85	0	0	100.0	0.000
run2_A_stride	pool	off	warm	stride	16384	250000	32	1	0	0	512	5956	6899	7902	7017	558384	916932	9	0	0	0.0	0.000
run2_A_stride	pool_ringloop	off	warm	stride	16384	250000	32	1	0	1	512	2758	3069	4141	3809	1830453	279712	9	0	0	0.0	0.000
run2_A_stride	hybrid	off	warm	stride	16384	250000	32	1	0	2	512	2868	3187	7505	4125	1989592	257339	9	0	0	0.0	0.000
run2_A_stride	uring	off	warm	stride	16384	250000	32	1	0	3	512	103899	121221	122719	4736	2191638	233615	9	0	0	100.0	0.000
run2_A_stride	pooled_pread	off	warm	stride	16384	250000	32	1	0	4	512	75614	869843	2762906	35167	4937390	103699	109	0	0	100.0	0.000
run2_A_stride	pool_ringloop	off	warm	stride	16384	250000	32	1	1	0	512	3269	3881	4786	4481	2164274	236569	9	0	0	0.0	0.000
run2_A_stride	hybrid	off	warm	stride	16384	250000	32	1	1	1	512	3334	4085	5108	5135	2426636	210992	9	0	0	0.0	0.000
run2_A_stride	uring	off	warm	stride	16384	250000	32	1	1	2	512	103744	130913	138740	4994	2209280	231750	9	0	0	100.0	0.000
run2_A_stride	pooled_pread	off	warm	stride	16384	250000	32	1	1	3	512	76067	696351	2354580	31764	4116477	124378	82	0	0	100.0	0.000
run2_A_stride	pool	off	warm	stride	16384	250000	32	1	1	4	512	5963	7165	15185	7133	700735	730661	9	0	0	0.0	0.000
run2_A_stride	hybrid	off	warm	stride	16384	250000	32	1	2	0	512	3174	3535	4532	4532	2198567	232879	9	0	0	0.0	0.000
run2_A_stride	uring	off	warm	stride	16384	250000	32	1	2	1	512	98988	113293	121935	4405	2113387	242265	9	0	0	100.0	0.000
run2_A_stride	pooled_pread	off	warm	stride	16384	250000	32	1	2	2	512	115770	882908	2490352	42574	5955256	85974	125	0	0	100.0	0.000
run2_A_stride	pool	off	warm	stride	16384	250000	32	1	2	3	512	6292	7086	14522	7293	559112	915738	9	0	0	0.0	0.000
run2_A_stride	pool_ringloop	off	warm	stride	16384	250000	32	1	2	4	512	2740	3046	3480	3757	1780881	287498	9	0	0	0.0	0.000
run2_A_stride	uring	off	warm	stride	16384	250000	32	1	3	0	512	91628	105718	107271	4566	2029909	252228	9	0	0	100.0	0.000
run2_A_stride	pooled_pread	off	warm	stride	16384	250000	32	1	3	1	512	63158	816906	1906546	33920	4318828	118551	88	0	0	100.0	0.000
run2_A_stride	pool	off	warm	stride	16384	250000	32	1	3	2	512	6399	7340	22977	7569	575728	889309	9	0	0	0.0	0.000
run2_A_stride	pool_ringloop	off	warm	stride	16384	250000	32	1	3	3	512	2702	3027	3458	3664	1804948	283665	9	0	0	0.0	0.000
run2_A_stride	hybrid	off	warm	stride	16384	250000	32	1	3	4	512	3030	3592	4585	4541	2193656	233400	9	0	0	0.0	0.000
run2_A_stride	pooled_pread	off	warm	stride	16384	250000	32	1	4	0	512	70370	808035	2218468	38137	4909998	104277	89	0	0	100.0	0.000
run2_A_stride	pool	off	warm	stride	16384	250000	32	1	4	1	512	6383	7109	7763	7413	558359	916973	9	0	0	0.0	0.000
run2_A_stride	pool_ringloop	off	warm	stride	16384	250000	32	1	4	2	512	2781	3143	3895	3586	1753198	292038	9	0	0	0.0	0.000
run2_A_stride	hybrid	off	warm	stride	16384	250000	32	1	4	3	512	4430	7028	15758	6655	3212764	159364	9	0	0	0.0	0.000
run2_A_stride	uring	off	warm	stride	16384	250000	32	1	4	4	512	131565	153338	163477	5604	2710375	188904	9	0	0	100.0	0.000
run2_A_stride	pool	off	warm	stride	16384	250000	32	1	5	0	512	5208	6426	28352	6510	717995	713097	9	0	0	0.0	0.000
run2_A_stride	pool_ringloop	off	warm	stride	16384	250000	32	1	5	1	512	3202	3670	11950	4531	2194264	233336	9	0	0	0.0	0.000
run2_A_stride	hybrid	off	warm	stride	16384	250000	32	1	5	2	512	3268	3604	7497	4474	2189764	233815	9	0	0	0.0	0.000
run2_A_stride	uring	off	warm	stride	16384	250000	32	1	5	3	512	104616	113976	118762	4708	2210737	231597	9	0	0	100.0	0.000
run2_A_stride	pooled_pread	off	warm	stride	16384	250000	32	1	5	4	512	80551	760332	1993586	37049	4757923	107610	99	0	0	100.0	0.000
run2_A_stride	pool	off	warm	stride	16384	250000	64	1	0	0	512	5527	6258	7833	6813	943908	542426	9	0	0	0.0	0.000
run2_A_stride	pool_ringloop	off	warm	stride	16384	250000	64	1	0	1	512	3060	3381	4207	4583	2258521	226697	9	0	0	0.0	0.000
run2_A_stride	hybrid	off	warm	stride	16384	250000	64	1	0	2	512	3174	3517	3998	5369	2594030	197376	9	0	0	0.0	0.000
run2_A_stride	uring	off	warm	stride	16384	250000	64	1	0	3	512	324391	556408	558321	7362	3523627	145305	9	0	0	100.0	0.000
run2_A_stride	pooled_pread	off	warm	stride	16384	250000	64	1	0	4	512	165154	897349	2127065	34683	4189990	122196	83	0	0	100.0	0.000
run2_A_stride	pool_ringloop	off	warm	stride	16384	250000	64	1	1	0	512	3074	3454	4070	4846	2247698	227789	9	0	0	0.0	0.000
run2_A_stride	hybrid	off	warm	stride	16384	250000	64	1	1	1	512	3474	4233	7337	5694	2829070	180978	9	0	0	0.0	0.000
run2_A_stride	uring	off	warm	stride	16384	250000	64	1	1	2	512	210845	230086	241728	5001	2409841	212462	9	0	0	100.0	0.000
run2_A_stride	pooled_pread	off	warm	stride	16384	250000	64	1	1	3	512	178615	890192	2086401	32852	4066800	125898	81	0	0	100.0	0.000
run2_A_stride	pool	off	warm	stride	16384	250000	64	1	1	4	512	6032	6955	14253	7607	683360	749239	9	0	0	0.0	0.000
run2_A_stride	hybrid	off	warm	stride	16384	250000	64	1	2	0	512	3256	3662	4550	5226	2463380	207845	9	0	0	0.0	0.000
run2_A_stride	uring	off	warm	stride	16384	250000	64	1	2	1	512	205233	258457	261482	5690	2524440	202817	9	0	0	100.0	0.000
run2_A_stride	pooled_pread	off	warm	stride	16384	250000	64	1	2	2	512	206534	1956830	3290989	43897	5989245	85487	111	0	0	100.0	0.000
run2_A_stride	pool	off	warm	stride	16384	250000	64	1	2	3	512	4699	6144	18189	6075	679094	753946	9	0	0	0.0	0.000
run2_A_stride	pool_ringloop	off	warm	stride	16384	250000	64	1	2	4	512	3026	3415	4114	4331	2117091	241841	9	0	0	0.0	0.000
run2_A_stride	uring	off	warm	stride	16384	250000	64	1	3	0	512	194267	232216	233801	4846	2318999	220785	9	0	0	100.0	0.000
run2_A_stride	pooled_pread	off	warm	stride	16384	250000	64	1	3	1	512	172220	1039652	2007908	36601	4442851	115241	101	0	0	100.0	0.000
run2_A_stride	pool	off	warm	stride	16384	250000	64	1	3	2	512	6528	7530	8476	7756	575413	889796	9	0	0	0.0	0.000
run2_A_stride	pool_ringloop	off	warm	stride	16384	250000	64	1	3	3	512	2782	3159	4047	4389	2095337	244352	9	0	0	0.0	0.000
run2_A_stride	hybrid	off	warm	stride	16384	250000	64	1	3	4	512	3128	3563	5012	5031	2509326	204039	9	0	0	0.0	0.000
run2_A_stride	pooled_pread	off	warm	stride	16384	250000	64	1	4	0	512	287553	1201500	2222775	41110	5623887	91040	114	0	0	100.0	0.000
run2_A_stride	pool	off	warm	stride	16384	250000	64	1	4	1	512	6448	7398	8094	7570	605287	845880	9	0	0	0.0	0.000
run2_A_stride	pool_ringloop	off	warm	stride	16384	250000	64	1	4	2	512	3498	4333	5742	5221	2635826	194247	9	0	0	0.0	0.000
run2_A_stride	hybrid	off	warm	stride	16384	250000	64	1	4	3	512	3470	3894	4434	5613	2649181	193267	9	0	0	0.0	0.000
run2_A_stride	uring	off	warm	stride	16384	250000	64	1	4	4	512	277529	427394	429326	6999	3195312	160235	9	0	0	100.0	0.000
run2_A_stride	pool	off	warm	stride	16384	250000	64	1	5	0	512	6414	7144	15763	7770	623978	820542	9	0	0	0.0	0.000
run2_A_stride	pool_ringloop	off	warm	stride	16384	250000	64	1	5	1	512	3336	4157	12244	4882	2506112	204301	9	0	0	0.0	0.000
run2_A_stride	hybrid	off	warm	stride	16384	250000	64	1	5	2	512	3204	3542	4098	5102	2491279	205517	9	0	0	0.0	0.000
run2_A_stride	uring	off	warm	stride	16384	250000	64	1	5	3	512	209984	244641	246740	5710	2584866	198076	9	0	0	100.0	0.000
run2_A_stride	pooled_pread	off	warm	stride	16384	250000	64	1	5	4	512	506535	2168457	4188282	54526	10265028	49878	172	0	0	100.0	0.000
run2_A_sweep	pool	off	cold	sweep	16384	16384	1	1	0	0	512	3573	5846	22543	13830	7038109	72747	9	0	0	0.0	0.000
run2_A_sweep	pool_ringloop	off	cold	sweep	16384	16384	1	1	0	1	512	3828	6373	15147	14867	7421422	68989	9	0	0	0.0	0.000
run2_A_sweep	hybrid	off	cold	sweep	16384	16384	1	1	0	2	512	3431	9472	29689	14008	7179141	71318	9	0	0	0.0	0.000
run2_A_sweep	uring	off	cold	sweep	16384	16384	1	1	0	3	512	6982	12723	30496	18028	8554423	59852	9	0	0	100.0	0.000
run2_A_sweep	pooled_pread	off	cold	sweep	16384	16384	1	1	0	4	512	18918	27809	151317	36702	16801367	30474	11	0	0	100.0	0.000
run2_A_sweep	pool_ringloop	off	cold	sweep	16384	16384	1	1	1	0	512	3044	4471	13379	10878	5599227	91441	9	0	0	0.0	0.000
run2_A_sweep	hybrid	off	cold	sweep	16384	16384	1	1	1	1	512	3038	6558	13954	11465	5762721	88847	9	0	0	0.0	0.000
run2_A_sweep	uring	off	cold	sweep	16384	16384	1	1	1	2	512	4964	11091	33510	14629	6515423	78583	9	0	0	100.0	0.000
run2_A_sweep	pooled_pread	off	cold	sweep	16384	16384	1	1	1	3	512	16505	23749	141815	30515	13405365	38194	11	0	0	100.0	0.000
run2_A_sweep	pool	off	cold	sweep	16384	16384	1	1	1	4	512	2743	4170	10552	10086	5230416	97889	9	0	0	0.0	0.000
run2_A_sweep	hybrid	off	cold	sweep	16384	16384	1	1	2	0	512	3194	4242	10994	10709	5486502	93320	9	0	0	0.0	0.000
run2_A_sweep	uring	off	cold	sweep	16384	16384	1	1	2	1	512	4903	9085	20352	14924	6528557	78425	9	0	0	100.0	0.000
run2_A_sweep	pooled_pread	off	cold	sweep	16384	16384	1	1	2	2	512	17320	21605	143603	31218	13885775	36872	11	0	0	100.0	0.000
run2_A_sweep	pool	off	cold	sweep	16384	16384	1	1	2	3	512	2989	5234	12797	11502	5856451	87425	9	0	0	0.0	0.000
run2_A_sweep	pool_ringloop	off	cold	sweep	16384	16384	1	1	2	4	512	2775	3893	12505	10372	5671728	90272	9	0	0	0.0	0.000
run2_A_sweep	uring	off	cold	sweep	16384	16384	1	1	3	0	512	6312	9631	20956	14900	6410451	79870	9	0	0	100.0	0.000
run2_A_sweep	pooled_pread	off	cold	sweep	16384	16384	1	1	3	1	512	13472	20771	96589	27470	11743283	43599	10	0	0	100.0	0.000
run2_A_sweep	pool	off	cold	sweep	16384	16384	1	1	3	2	512	2981	6405	14571	11204	5879014	87089	9	0	0	0.0	0.000
run2_A_sweep	pool_ringloop	off	cold	sweep	16384	16384	1	1	3	3	512	2717	4284	12670	10112	5134452	99719	9	0	0	0.0	0.000
run2_A_sweep	hybrid	off	cold	sweep	16384	16384	1	1	3	4	512	2790	4539	17286	11184	5567864	91956	9	0	0	0.0	0.000
run2_A_sweep	pooled_pread	off	cold	sweep	16384	16384	1	1	4	0	512	13778	20848	108711	28762	12487473	41001	11	0	0	100.0	0.000
run2_A_sweep	pool	off	cold	sweep	16384	16384	1	1	4	1	512	3259	5429	16690	12160	6183192	82805	9	0	0	0.0	0.000
run2_A_sweep	pool_ringloop	off	cold	sweep	16384	16384	1	1	4	2	512	2740	4396	10780	10051	5182955	98785	9	0	0	0.0	0.000
run2_A_sweep	hybrid	off	cold	sweep	16384	16384	1	1	4	3	512	2797	4516	13376	10413	5254620	97438	9	0	0	0.0	0.000
run2_A_sweep	uring	off	cold	sweep	16384	16384	1	1	4	4	512	5315	12408	32942	14713	6650046	76992	9	0	0	100.0	0.000
run2_A_sweep	pool	off	cold	sweep	16384	16384	1	1	5	0	512	2744	5466	12241	10694	5538133	92450	9	0	0	0.0	0.000
run2_A_sweep	pool_ringloop	off	cold	sweep	16384	16384	1	1	5	1	512	3527	6132	14021	13443	6935943	73818	9	0	0	0.0	0.000
run2_A_sweep	hybrid	off	cold	sweep	16384	16384	1	1	5	2	512	3082	6024	16829	12573	6497040	78805	9	0	0	0.0	0.000
run2_A_sweep	uring	off	cold	sweep	16384	16384	1	1	5	3	512	6073	13498	29282	17791	8194366	62482	9	0	0	100.0	0.000
run2_A_sweep	pooled_pread	off	cold	sweep	16384	16384	1	1	5	4	512	16523	24564	105407	32304	13969873	36650	11	0	0	100.0	0.000
run2_A_sweep	pool	off	cold	sweep	16384	16384	2	1	0	0	512	3316	4383	17467	12077	4816437	106303	11	0	0	0.4	0.000
run2_A_sweep	pool_ringloop	off	cold	sweep	16384	16384	2	1	0	1	512	2681	4169	10042	10053	5258202	97372	9	0	0	0.0	0.000
run2_A_sweep	hybrid	off	cold	sweep	16384	16384	2	1	0	2	512	3164	5879	14496	11580	5940226	86192	9	0	0	0.0	0.000
run2_A_sweep	uring	off	cold	sweep	16384	16384	2	1	0	3	512	9339	22178	733874	14510	6544387	78235	9	0	0	100.0	0.000
run2_A_sweep	pooled_pread	off	cold	sweep	16384	16384	2	1	0	4	512	19500	26694	154928	32914	9162745	55878	14	0	0	100.0	0.000
run2_A_sweep	pool_ringloop	off	cold	sweep	16384	16384	2	1	1	0	512	3284	6147	18764	12897	6828383	74981	9	0	0	0.0	0.000
run2_A_sweep	hybrid	off	cold	sweep	16384	16384	2	1	1	1	512	3164	6222	14697	11973	6150883	83240	9	0	0	0.0	0.000
run2_A_sweep	uring	off	cold	sweep	16384	16384	2	1	1	2	512	10360	17980	637833	14134	6239734	82055	9	0	0	100.0	0.000
run2_A_sweep	pooled_pread	off	cold	sweep	16384	16384	2	1	1	3	512	17922	23335	129602	30577	8208551	62374	15	0	0	100.0	0.000
run2_A_sweep	pool	off	cold	sweep	16384	16384	2	1	1	4	512	3583	7221	36115	14040	4810107	106443	10	0	0	0.2	0.000
run2_A_sweep	hybrid	off	cold	sweep	16384	16384	2	1	2	0	512	2958	4718	11658	11141	5683727	90082	9	0	0	0.0	0.000
run2_A_sweep	uring	off	cold	sweep	16384	16384	2	1	2	1	512	8015	18327	654893	13771	6034431	84846	9	0	0	100.0	0.000
run2_A_sweep	pooled_pread	off	cold	sweep	16384	16384	2	1	2	2	512	19789	25019	260375	32436	9950598	51454	14	0	0	100.0	0.000
run2_A_sweep	pool	off	cold	sweep	16384	16384	2	1	2	3	512	4145	7826	82851	16091	5109101	100213	12	0	0	0.8	0.000
run2_A_sweep	pool_ringloop	off	cold	sweep	16384	16384	2	1	2	4	512	3021	4979	14941	11783	6023638	84998	9	0	0	0.0	0.000
run2_A_sweep	uring	off	cold	sweep	16384	16384	2	1	3	0	512	8550	18135	673509	13433	6060732	84478	9	0	0	100.0	0.000
run2_A_sweep	pooled_pread	off	cold	sweep	16384	16384	2	1	3	1	512	20046	25890	201937	31970	8806097	58142	14	0	0	100.0	0.000
run2_A_sweep	pool	off	cold	sweep	16384	16384	2	1	3	2	512	3073	5864	23468	12576	4753088	107719	11	0	0	0.4	0.000
run2_A_sweep	pool_ringloop	off	cold	sweep	16384	16384	2	1	3	3	512	3107	5991	14639	11991	6065773	84408	9	0	0	0.0	0.000
run2_A_sweep	hybrid	off	cold	sweep	16384	16384	2	1	3	4	512	2979	4962	10985	11433	5770138	88733	9	0	0	0.0	0.000
run2_A_sweep	pooled_pread	off	cold	sweep	16384	16384	2	1	4	0	512	20087	25642	115578	32022	8654150	59162	14	0	0	100.0	0.000
run2_A_sweep	pool	off	cold	sweep	16384	16384	2	1	4	1	512	3791	6244	76309	13503	4657500	109930	11	0	0	0.4	0.000
run2_A_sweep	pool_ringloop	off	cold	sweep	16384	16384	2	1	4	2	512	3699	5452	16480	12018	6192946	82675	9	0	0	0.0	0.000
run2_A_sweep	hybrid	off	cold	sweep	16384	16384	2	1	4	3	512	3112	9145	28331	12658	6462206	79230	9	0	0	0.0	0.000
run2_A_sweep	uring	off	cold	sweep	16384	16384	2	1	4	4	512	8040	20169	638945	14373	6302460	81238	9	0	0	100.0	0.000
run2_A_sweep	pool	off	cold	sweep	16384	16384	2	1	5	0	512	3304	7201	20472	13165	4800428	106657	11	0	0	0.4	0.000
run2_A_sweep	pool_ringloop	off	cold	sweep	16384	16384	2	1	5	1	512	3053	5047	11945	11611	6155648	83176	9	0	0	0.0	0.000
run2_A_sweep	hybrid	off	cold	sweep	16384	16384	2	1	5	2	512	2938	4237	11039	12567	6355181	80564	9	0	0	0.0	0.000
run2_A_sweep	uring	off	cold	sweep	16384	16384	2	1	5	3	512	9769	19510	714622	15079	7193425	71176	9	0	0	100.0	0.000
run2_A_sweep	pooled_pread	off	cold	sweep	16384	16384	2	1	5	4	512	17430	26918	316893	32061	8655288	59155	15	0	0	100.0	0.000
run2_A_sweep	pool	off	cold	sweep	16384	16384	4	1	0	0	512	4490	5496	1278682	14547	4620747	110805	13	0	0	0.8	0.000
run2_A_sweep	pool_ringloop	off	cold	sweep	16384	16384	4	1	0	1	512	3252	4651	13513	11498	5840833	87659	9	0	0	0.0	0.000
run2_A_sweep	hybrid	off	cold	sweep	16384	16384	4	1	0	2	512	3229	4839	13396	12512	6432823	79592	9	0	0	0.0	0.000
run2_A_sweep	uring	off	cold	sweep	16384	16384	4	1	0	3	512	16026	31489	1367869	13306	6311385	81123	9	0	0	100.0	0.000
run2_A_sweep	pooled_pread	off	cold	sweep	16384	16384	4	1	0	4	512	16768	34660	628304	31351	6551041	78156	20	0	0	100.0	0.000
run2_A_sweep	pool_ringloop	off	cold	sweep	16384	16384	4	1	1	0	512	3228	5006	14051	11849	6161593	83095	9	0	0	0.0	0.000
run2_A_sweep	hybrid	off	cold	sweep	16384	16384	4	1	1	1	512	3162	5913	13137	11777	6047187	84667	9	0	0	0.0	0.000
run2_A_sweep	uring	off	cold	sweep	16384	16384	4	1	1	2	512	14850	33485	1454884	13103	6224778	82252	9	0	0	100.0	0.000
run2_A_sweep	pooled_pread	off	cold	sweep	16384	16384	4	1	1	3	512	13811	31473	1169020	30443	6109856	83799	21	0	0	100.0	0.000
run2_A_sweep	pool	off	cold	sweep	16384	16384	4	1	1	4	512	4948	8689	1234103	16009	4580891	111769	12	0	0	0.6	0.000
run2_A_sweep	hybrid	off	cold	sweep	16384	16384	4	1	2	0	512	3087	4720	10685	12019	6159459	83124	9	0	0	0.0	0.000
run2_A_sweep	uring	off	cold	sweep	16384	16384	4	1	2	1	512	11108	33921	1149740	10995	5264188	97261	9	0	0	100.0	0.000
run2_A_sweep	pooled_pread	off	cold	sweep	16384	16384	4	1	2	2	512	17587	61245	723642	35473	6871131	74515	26	0	0	100.0	0.000
run2_A_sweep	pool	off	cold	sweep	16384	16384	4	1	2	3	512	4119	6830	1363721	16075	4947730	103482	15	0	0	2.9	0.000
run2_A_sweep	pool_ringloop	off	cold	sweep	16384	16384	4	1	2	4	512	2985	4575	14162	11985	6004709	85266	9	0	0	0.0	0.000
run2_A_sweep	uring	off	cold	sweep	16384	16384	4	1	3	0	512	11392	26230	1159525	11407	5204355	98379	9	0	0	100.0	0.000
run2_A_sweep	pooled_pread	off	cold	sweep	16384	16384	4	1	3	1	512	19238	43497	750947	33636	6940629	73769	21	0	0	100.0	0.000
run2_A_sweep	pool	off	cold	sweep	16384	16384	4	1	3	2	512	4317	6080	1177151	17204	5535876	92488	13	0	0	0.8	0.000
run2_A_sweep	pool_ringloop	off	cold	sweep	16384	16384	4	1	3	3	512	2867	4781	13454	10939	5543453	92361	9	0	0	0.0	0.000
run2_A_sweep	hybrid	off	cold	sweep	16384	16384	4	1	3	4	512	3167	6004	11646	12724	6403144	79961	9	0	0	0.0	0.000
run2_A_sweep	pooled_pread	off	cold	sweep	16384	16384	4	1	4	0	512	21078	63243	347623	34217	6927006	73914	29	0	0	100.0	0.000
run2_A_sweep	pool	off	cold	sweep	16384	16384	4	1	4	1	512	4191	6141	1246315	15560	4974267	102930	13	0	0	0.8	0.000
run2_A_sweep	pool_ringloop	off	cold	sweep	16384	16384	4	1	4	2	512	2580	3874	11111	9667	4969169	103035	9	0	0	0.0	0.000
run2_A_sweep	hybrid	off	cold	sweep	16384	16384	4	1	4	3	512	2812	4806	11877	10275	5234610	97811	9	0	0	0.0	0.000
run2_A_sweep	uring	off	cold	sweep	16384	16384	4	1	4	4	512	18159	51516	1210429	13514	6363917	80454	9	0	0	100.0	0.000
run2_A_sweep	pool	off	cold	sweep	16384	16384	4	1	5	0	512	3765	5536	980620	11930	3860341	132631	13	0	0	0.8	0.000
run2_A_sweep	pool_ringloop	off	cold	sweep	16384	16384	4	1	5	1	512	2801	4173	11310	10229	5234052	97821	9	0	0	0.0	0.000
run2_A_sweep	hybrid	off	cold	sweep	16384	16384	4	1	5	2	512	2608	4262	9808	10037	5211729	98240	9	0	0	0.0	0.000
run2_A_sweep	uring	off	cold	sweep	16384	16384	4	1	5	3	512	11308	33855	1076927	10803	5138691	99636	9	0	0	100.0	0.000
run2_A_sweep	pooled_pread	off	cold	sweep	16384	16384	4	1	5	4	512	13242	38431	1072023	29214	6159535	83123	23	0	0	100.0	0.000
run2_A_sweep	pool	off	cold	sweep	16384	16384	8	1	0	0	512	5204	7567	1687339	14984	3935924	130084	18	0	0	2.7	0.000
run2_A_sweep	pool_ringloop	off	cold	sweep	16384	16384	8	1	0	1	512	2625	4344	14696	10159	5179254	98856	9	0	0	0.0	0.000
run2_A_sweep	hybrid	off	cold	sweep	16384	16384	8	1	0	2	512	2800	6431	21025	10753	5524995	92670	9	0	0	0.0	0.000
run2_A_sweep	uring	off	cold	sweep	16384	16384	8	1	0	3	512	19477	72264	1094612	9462	4960299	103220	9	0	0	100.0	0.000
run2_A_sweep	pooled_pread	off	cold	sweep	16384	16384	8	1	0	4	512	26495	176748	1516498	38046	6643477	77068	40	0	0	100.0	0.000
run2_A_sweep	pool_ringloop	off	cold	sweep	16384	16384	8	1	1	0	512	2839	4258	11600	10590	5532519	92544	9	0	0	0.0	0.000
run2_A_sweep	hybrid	off	cold	sweep	16384	16384	8	1	1	1	512	2709	4425	15687	9910	5165318	99123	9	0	0	0.0	0.000
run2_A_sweep	uring	off	cold	sweep	16384	16384	8	1	1	2	512	25958	64696	1156765	10498	5013745	102119	9	0	0	100.0	0.000
run2_A_sweep	pooled_pread	off	cold	sweep	16384	16384	8	1	1	3	512	16466	151041	1358425	34632	6331097	80871	49	0	0	100.0	0.000
run2_A_sweep	pool	off	cold	sweep	16384	16384	8	1	1	4	512	5219	7189	2220869	15027	4054664	126274	17	0	0	1.6	0.000
run2_A_sweep	hybrid	off	cold	sweep	16384	16384	8	1	2	0	512	3857	5726	16731	13299	6930499	73876	9	0	0	0.0	0.000
run2_A_sweep	uring	off	cold	sweep	16384	16384	8	1	2	1	512	29041	95254	1195177	12195	5851382	87501	9	0	0	100.0	0.000
run2_A_sweep	pooled_pread	off	cold	sweep	16384	16384	8	1	2	2	512	20033	121253	2063224	32899	5812660	88084	37	0	0	100.0	0.000
run2_A_sweep	pool	off	cold	sweep	16384	16384	8	1	2	3	512	5395	7036	2516102	16534	4490202	114026	17	0	0	1.6	0.000
run2_A_sweep	pool_ringloop	off	cold	sweep	16384	16384	8	1	2	4	512	3464	6857	15413	12959	7317806	69966	9	0	0	0.0	0.000
run2_A_sweep	uring	off	cold	sweep	16384	16384	8	1	3	0	512	29857	83723	1137738	11822	5584706	91679	9	0	0	100.0	0.000
run2_A_sweep	pooled_pread	off	cold	sweep	16384	16384	8	1	3	1	512	17608	136754	1773190	32536	6287254	81435	37	0	0	100.0	0.000
run2_A_sweep	pool	off	cold	sweep	16384	16384	8	1	3	2	512	5560	8385	1905410	17027	4584023	111692	18	0	0	2.9	0.000
run2_A_sweep	pool_ringloop	off	cold	sweep	16384	16384	8	1	3	3	512	2885	5821	12826	11156	5736974	89246	9	0	0	0.0	0.000
run2_A_sweep	hybrid	off	cold	sweep	16384	16384	8	1	3	4	512	2822	4755	13872	11224	5808207	88151	9	0	0	0.0	0.000
run2_A_sweep	pooled_pread	off	cold	sweep	16384	16384	8	1	4	0	512	19756	160354	2297203	32097	6914680	74045	31	0	0	100.0	0.000
run2_A_sweep	pool	off	cold	sweep	16384	16384	8	1	4	1	512	5112	7746	2252092	17152	4842804	105724	18	0	0	3.1	0.000
run2_A_sweep	pool_ringloop	off	cold	sweep	16384	16384	8	1	4	2	512	2893	4541	15720	10713	5483701	93368	9	0	0	0.0	0.000
run2_A_sweep	hybrid	off	cold	sweep	16384	16384	8	1	4	3	512	4195	5976	14912	12312	6345724	80684	9	0	0	0.0	0.000
run2_A_sweep	uring	off	cold	sweep	16384	16384	8	1	4	4	512	21334	89463	1852044	12403	6237716	82081	9	0	0	100.0	0.000
run2_A_sweep	pool	off	cold	sweep	16384	16384	8	1	5	0	512	6647	8841	2422875	16738	4178614	122529	17	0	0	1.6	0.000
run2_A_sweep	pool_ringloop	off	cold	sweep	16384	16384	8	1	5	1	512	3738	6839	22868	12356	6348106	80654	9	0	0	0.0	0.000
run2_A_sweep	hybrid	off	cold	sweep	16384	16384	8	1	5	2	512	3526	6324	18076	13604	6960002	73563	9	0	0	0.0	0.000
run2_A_sweep	uring	off	cold	sweep	16384	16384	8	1	5	3	512	25169	69043	1235029	11378	5414896	94554	9	0	0	100.0	0.000
run2_A_sweep	pooled_pread	off	cold	sweep	16384	16384	8	1	5	4	512	20400	169456	1649798	39792	7187614	71234	39	0	0	100.0	0.000
run2_A_sweep	pool	off	cold	sweep	16384	16384	16	1	0	0	512	5545	8158	3289646	20197	4949104	103453	25	0	0	3.1	0.000
run2_A_sweep	pool_ringloop	off	cold	sweep	16384	16384	16	1	0	1	512	3153	5432	16080	12664	6425995	79676	9	0	0	0.0	0.000
run2_A_sweep	hybrid	off	cold	sweep	16384	16384	16	1	0	2	512	3375	6314	18721	13252	6864766	74584	9	0	0	0.0	0.000
run2_A_sweep	uring	off	cold	sweep	16384	16384	16	1	0	3	512	54162	181325	1323278	11358	5619662	91109	9	0	0	100.0	0.000
run2_A_sweep	pooled_pread	off	cold	sweep	16384	16384	16	1	0	4	512	40029	677927	1646315	39810	7208868	71024	53	0	0	100.0	0.000
run2_A_sweep	pool_ringloop	off	cold	sweep	16384	16384	16	1	1	0	512	3328	6605	13607	12339	6554170	78118	9	0	0	0.0	0.000
run2_A_sweep	hybrid	off	cold	sweep	16384	16384	16	1	1	1	512	4526	7682	28983	15773	8228544	62222	9	0	0	0.0	0.000
run2_A_sweep	uring	off	cold	sweep	16384	16384	16	1	1	2	512	108951	160912	1755577	13648	6879162	74428	9	0	0	100.0	0.000
run2_A_sweep	pooled_pread	off	cold	sweep	16384	16384	16	1	1	3	512	53932	469337	1662872	45202	7169958	71409	81	0	0	100.0	0.000
run2_A_sweep	pool	off	cold	sweep	16384	16384	16	1	1	4	512	5868	8006	3031226	19979	5051472	101357	25	0	0	3.9	0.000
run2_A_sweep	hybrid	off	cold	sweep	16384	16384	16	1	2	0	512	3806	6976	20234	14781	7653174	66900	9	0	0	0.0	0.000
run2_A_sweep	uring	off	cold	sweep	16384	16384	16	1	2	1	512	66909	156958	1393469	12595	6102303	83903	9	0	0	100.0	0.000
run2_A_sweep	pooled_pread	off	cold	sweep	16384	16384	16	1	2	2	512	44442	680524	1659349	44296	7971608	64228	74	0	0	100.0	0.000
run2_A_sweep	pool	off	cold	sweep	16384	16384	16	1	2	3	512	6565	8018	3237038	22041	5321810	96208	25	0	0	3.1	0.000
run2_A_sweep	pool_ringloop	off	cold	sweep	16384	16384	16	1	2	4	512	3299	6602	24674	12042	6624143	77293	9	0	0	0.0	0.000
run2_A_sweep	uring	off	cold	sweep	16384	16384	16	1	3	0	512	56210	155875	1126902	10300	5119723	100005	9	0	0	100.0	0.000
run2_A_sweep	pooled_pread	off	cold	sweep	16384	16384	16	1	3	1	512	37054	429865	1551380	43127	6761303	75725	99	0	0	100.0	0.000
run2_A_sweep	pool	off	cold	sweep	16384	16384	16	1	3	2	512	5639	8911	3279160	19517	4783092	107044	25	0	0	3.1	0.000
run2_A_sweep	pool_ringloop	off	cold	sweep	16384	16384	16	1	3	3	512	2699	3738	10481	10182	5312031	96385	9	0	0	0.0	0.000
run2_A_sweep	hybrid	off	cold	sweep	16384	16384	16	1	3	4	512	2820	4262	21710	10592	5451269	93923	9	0	0	0.0	0.000
run2_A_sweep	pooled_pread	off	cold	sweep	16384	16384	16	1	4	0	512	31933	409605	2794326	44645	8441759	60651	97	0	0	100.0	0.000
run2_A_sweep	pool	off	cold	sweep	16384	16384	16	1	4	1	512	6211	8009	3297219	20801	5018315	102026	25	0	0	3.1	0.000
run2_A_sweep	pool_ringloop	off	cold	sweep	16384	16384	16	1	4	2	512	3060	5078	17786	11459	5806604	88175	9	0	0	0.0	0.000
run2_A_sweep	hybrid	off	cold	sweep	16384	16384	16	1	4	3	512	3214	5717	15558	11872	6165531	83042	9	0	0	0.0	0.000
run2_A_sweep	uring	off	cold	sweep	16384	16384	16	1	4	4	512	61369	153921	1172769	10949	5378102	95201	9	0	0	100.0	0.000
run2_A_sweep	pool	off	cold	sweep	16384	16384	16	1	5	0	512	5900	7387	2755702	19811	4821211	106197	25	0	0	3.1	0.000
run2_A_sweep	pool_ringloop	off	cold	sweep	16384	16384	16	1	5	1	512	3278	5238	16895	11613	6048695	84646	9	0	0	0.0	0.000
run2_A_sweep	hybrid	off	cold	sweep	16384	16384	16	1	5	2	512	3462	6304	16020	12711	6398760	80016	9	0	0	0.0	0.000
run2_A_sweep	uring	off	cold	sweep	16384	16384	16	1	5	3	512	50568	324448	1466978	12558	6413220	79835	9	0	0	100.0	0.000
run2_A_sweep	pooled_pread	off	cold	sweep	16384	16384	16	1	5	4	512	27714	321557	2252227	36114	6164832	83052	55	0	0	100.0	0.000
run2_A_sweep	pool	off	cold	sweep	16384	16384	32	1	0	0	512	6067	9487	3068616	23205	4727516	108302	41	0	0	6.2	0.000
run2_A_sweep	pool_ringloop	off	cold	sweep	16384	16384	32	1	0	1	512	3483	5591	13840	11952	5980815	85607	9	0	0	0.0	0.000
run2_A_sweep	hybrid	off	cold	sweep	16384	16384	32	1	0	2	512	3119	5798	16290	12339	6337323	80791	9	0	0	0.0	0.000
run2_A_sweep	uring	off	cold	sweep	16384	16384	32	1	0	3	512	145241	1198196	1224802	10938	5415495	94544	9	0	0	100.0	0.000
run2_A_sweep	pooled_pread	off	cold	sweep	16384	16384	32	1	0	4	512	235443	1457765	2620565	55742	9727667	52633	154	0	0	100.0	0.000
run2_A_sweep	pool_ringloop	off	cold	sweep	16384	16384	32	1	1	0	512	2974	5251	15185	11179	5727515	89393	9	0	0	0.0	0.000
run2_A_sweep	hybrid	off	cold	sweep	16384	16384	32	1	1	1	512	3050	6785	14821	12333	6361634	80482	9	0	0	0.0	0.000
run2_A_sweep	uring	off	cold	sweep	16384	16384	32	1	1	2	512	213755	1497408	1721649	12964	7293550	70199	9	0	0	100.0	0.000
run2_A_sweep	pooled_pread	off	cold	sweep	16384	16384	32	1	1	3	512	69055	1023158	3402304	37429	7308486	70056	65	0	0	100.0	0.000
run2_A_sweep	pool	off	cold	sweep	16384	16384	32	1	1	4	512	5143	9180	3436244	24242	5593472	91535	44	0	0	7.0	0.000
run2_A_sweep	hybrid	off	cold	sweep	16384	16384	32	1	2	0	512	3382	5966	15673	11859	6070211	84346	9	0	0	0.0	0.000
run2_A_sweep	uring	off	cold	sweep	16384	16384	32	1	2	1	512	271057	1432028	1773536	13895	7123116	71879	9	0	0	100.0	0.000
run2_A_sweep	pooled_pread	off	cold	sweep	16384	16384	32	1	2	2	512	116931	1258578	3713634	48258	8436862	60686	116	0	0	100.0	0.000
run2_A_sweep	pool	off	cold	sweep	16384	16384	32	1	2	3	512	5860	9577	2630081	22261	4041423	126688	44	0	0	7.2	0.000
run2_A_sweep	pool_ringloop	off	cold	sweep	16384	16384	32	1	2	4	512	2817	4388	10485	11048	5469603	93608	9	0	0	0.0	0.000
run2_A_sweep	uring	off	cold	sweep	16384	16384	32	1	3	0	512	130264	1176609	1436731	12014	6064324	84428	9	0	0	100.0	0.000
run2_A_sweep	pooled_pread	off	cold	sweep	16384	16384	32	1	3	1	512	155672	1660343	3354089	48432	10047907	50956	120	0	0	100.0	0.000
run2_A_sweep	pool	off	cold	sweep	16384	16384	32	1	3	2	512	5646	284031	2384295	22921	4484933	114160	42	0	0	10.9	0.000
run2_A_sweep	pool_ringloop	off	cold	sweep	16384	16384	32	1	3	3	512	2862	4046	15096	10761	5476651	93488	9	0	0	0.0	0.000
run2_A_sweep	hybrid	off	cold	sweep	16384	16384	32	1	3	4	512	3568	6033	15065	13243	6729401	76084	9	0	0	0.0	0.000
run2_A_sweep	pooled_pread	off	cold	sweep	16384	16384	32	1	4	0	512	104959	908889	2941291	42559	8004535	63964	82	0	0	100.0	0.000
run2_A_sweep	pool	off	cold	sweep	16384	16384	32	1	4	1	512	6002	9919	3054041	22535	4691049	109144	41	0	0	6.2	0.000
run2_A_sweep	pool_ringloop	off	cold	sweep	16384	16384	32	1	4	2	512	2807	5576	14316	11886	6043139	84724	9	0	0	0.0	0.000
run2_A_sweep	hybrid	off	cold	sweep	16384	16384	32	1	4	3	512	3524	5670	12011	12054	6224074	82261	9	0	0	0.0	0.000
run2_A_sweep	uring	off	cold	sweep	16384	16384	32	1	4	4	512	212920	1403683	1724311	13682	6942641	73747	9	0	0	100.0	0.000
run2_A_sweep	pool	off	cold	sweep	16384	16384	32	1	5	0	512	4971	12400	2753034	22624	4397591	116427	45	0	0	8.0	0.000
run2_A_sweep	pool_ringloop	off	cold	sweep	16384	16384	32	1	5	1	512	2785	4422	12654	10909	5532195	92549	9	0	0	0.0	0.000
run2_A_sweep	hybrid	off	cold	sweep	16384	16384	32	1	5	2	512	3383	6313	20360	11985	6296484	81315	9	0	0	0.0	0.000
run2_A_sweep	uring	off	cold	sweep	16384	16384	32	1	5	3	512	104252	1138136	1269685	10938	5412023	94604	9	0	0	100.0	0.000
run2_A_sweep	pooled_pread	off	cold	sweep	16384	16384	32	1	5	4	512	78428	904421	2702279	41829	7799897	65642	88	0	0	100.0	0.000
run2_A_sweep	pool	off	cold	sweep	16384	16384	64	1	0	0	512	5693	1343807	3258352	27851	4778140	107155	59	0	0	10.4	0.000
run2_A_sweep	pool_ringloop	off	cold	sweep	16384	16384	64	1	0	1	512	3169	5772	12345	12376	6466922	79172	9	0	0	0.0	0.000
run2_A_sweep	hybrid	off	cold	sweep	16384	16384	64	1	0	2	512	3150	6878	23764	12364	6375148	80312	9	0	0	0.0	0.000
run2_A_sweep	uring	off	cold	sweep	16384	16384	64	1	0	3	512	529286	1617215	1618964	13057	6708608	76320	9	0	0	100.0	0.000
run2_A_sweep	pooled_pread	off	cold	sweep	16384	16384	64	1	0	4	512	215686	2745558	3318306	51073	9191696	55702	116	0	0	100.0	0.000
run2_A_sweep	pool_ringloop	off	cold	sweep	16384	16384	64	1	1	0	512	2868	5740	13602	11782	6160070	83116	9	0	0	0.0	0.000
run2_A_sweep	hybrid	off	cold	sweep	16384	16384	64	1	1	1	512	3799	8938	25147	15169	7869071	65065	9	0	0	0.0	0.000
run2_A_sweep	uring	off	cold	sweep	16384	16384	64	1	1	2	512	427488	1323490	1325108	11648	6125434	83586	9	0	0	100.0	0.000
run2_A_sweep	pooled_pread	off	cold	sweep	16384	16384	64	1	1	3	512	188764	2519043	3173125	45827	9187978	55725	88	0	0	100.0	0.000
run2_A_sweep	pool	off	cold	sweep	16384	16384	64	1	1	4	512	5822	1205010	2852751	29136	4799725	106673	61	0	0	14.8	0.000
run2_A_sweep	hybrid	off	cold	sweep	16384	16384	64	1	2	0	512	3398	6744	22109	13138	6745017	75908	9	0	0	0.0	0.000
run2_A_sweep	uring	off	cold	sweep	16384	16384	64	1	2	1	512	539097	1457024	1458712	11911	6093690	84021	9	0	0	100.0	0.000
run2_A_sweep	pooled_pread	off	cold	sweep	16384	16384	64	1	2	2	512	320250	1608348	2525812	50007	6636896	77144	112	0	0	100.0	0.000
run2_A_sweep	pool	off	cold	sweep	16384	16384	64	1	2	3	512	4423	770713	3668066	25787	5378316	95197	54	0	0	10.0	0.000
run2_A_sweep	pool_ringloop	off	cold	sweep	16384	16384	64	1	2	4	512	3518	6190	14818	13730	7068383	72435	9	0	0	0.0	0.000
run2_A_sweep	uring	off	cold	sweep	16384	16384	64	1	3	0	512	530237	1380680	1382592	12541	6092019	84044	9	0	0	100.0	0.000
run2_A_sweep	pooled_pread	off	cold	sweep	16384	16384	64	1	3	1	512	297542	2540078	3566043	54419	10326709	49580	119	0	0	100.0	0.000
run2_A_sweep	pool	off	cold	sweep	16384	16384	64	1	3	2	512	6429	1227658	3576138	29165	5203083	98403	59	0	0	10.9	0.000
run2_A_sweep	pool_ringloop	off	cold	sweep	16384	16384	64	1	3	3	512	3899	6201	33020	15990	8801947	58169	9	0	0	0.0	0.000
run2_A_sweep	hybrid	off	cold	sweep	16384	16384	64	1	3	4	512	4043	7754	19515	17341	9339257	54822	9	0	0	0.0	0.000
run2_A_sweep	pooled_pread	off	cold	sweep	16384	16384	64	1	4	0	512	477999	2185204	3191841	61257	9699708	52785	102	0	0	100.0	0.000
run2_A_sweep	pool	off	cold	sweep	16384	16384	64	1	4	1	512	6864	1239057	3301795	28964	5733760	89296	43	0	0	11.9	0.000
run2_A_sweep	pool_ringloop	off	cold	sweep	16384	16384	64	1	4	2	512	3605	7430	20270	12878	6619150	77351	9	0	0	0.0	0.000
run2_A_sweep	hybrid	off	cold	sweep	16384	16384	64	1	4	3	512	3719	7396	19053	15487	7906465	64757	9	0	0	0.0	0.000
run2_A_sweep	uring	off	cold	sweep	16384	16384	64	1	4	4	512	476632	1477372	1479090	12782	6437663	79532	9	0	0	100.0	0.000
run2_A_sweep	pool	off	cold	sweep	16384	16384	64	1	5	0	512	5995	1696608	4105641	31517	5647080	90666	58	0	0	10.5	0.000
run2_A_sweep	pool_ringloop	off	cold	sweep	16384	16384	64	1	5	1	512	3588	4937	161282	13999	8098875	63219	9	0	0	0.0	0.000
run2_A_sweep	hybrid	off	cold	sweep	16384	16384	64	1	5	2	512	3823	8239	24051	14208	7368241	69487	9	0	0	0.0	0.000
run2_A_sweep	uring	off	cold	sweep	16384	16384	64	1	5	3	512	517761	1716972	1718732	13674	6981928	73332	9	0	0	100.0	0.000
run2_A_sweep	pooled_pread	off	cold	sweep	16384	16384	64	1	5	4	512	391144	2414977	4042403	63974	10487920	48818	150	0	0	100.0	0.000
run2_A_sweep	pool	off	warm	sweep	16384	16384	1	1	0	0	512	3205	3826	4973	3973	1903319	269004	9	0	0	0.0	0.000
run2_A_sweep	pool_ringloop	off	warm	sweep	16384	16384	1	1	0	1	512	3499	4201	4912	4130	2025463	252782	9	0	0	0.0	0.000
run2_A_sweep	hybrid	off	warm	sweep	16384	16384	1	1	0	2	512	2780	3225	4053	3852	1737762	294632	9	0	0	0.0	0.000
run2_A_sweep	uring	off	warm	sweep	16384	16384	1	1	0	3	512	5051	6349	13891	9716	3107600	164757	9	0	0	100.0	0.000
run2_A_sweep	pooled_pread	off	warm	sweep	16384	16384	1	1	0	4	512	16062	20422	54122	24567	9338413	54827	11	0	0	100.0	0.000
run2_A_sweep	pool_ringloop	off	warm	sweep	16384	16384	1	1	1	0	512	2553	2914	3881	3123	1477380	346559	9	0	0	0.0	0.000
run2_A_sweep	hybrid	off	warm	sweep	16384	16384	1	1	1	1	512	2631	2973	5560	3734	1660711	308302	9	0	0	0.0	0.000
run2_A_sweep	uring	off	warm	sweep	16384	16384	1	1	1	2	512	4681	5305	7096	8161	2767255	185021	9	0	0	100.0	0.000
run2_A_sweep	pooled_pread	off	warm	sweep	16384	16384	1	1	1	3	512	15787	17644	53700	22047	8603444	59511	10	0	0	100.0	0.000
run2_A_sweep	pool	off	warm	sweep	16384	16384	1	1	1	4	512	2455	2787	4161	2991	1396602	366604	9	0	0	0.0	0.000
run2_A_sweep	hybrid	off	warm	sweep	16384	16384	1	1	2	0	512	2901	3701	5713	3925	1848247	277019	9	0	0	0.0	0.000
run2_A_sweep	uring	off	warm	sweep	16384	16384	1	1	2	1	512	3739	5060	14612	7310	2413049	212180	9	0	0	100.0	0.000
run2_A_sweep	pooled_pread	off	warm	sweep	16384	16384	1	1	2	2	512	12472	16073	23438	18548	6909160	74105	10	0	0	100.0	0.000
run2_A_sweep	pool	off	warm	sweep	16384	16384	1	1	2	3	512	2601	3107	4753	3253	1548450	330653	9	0	0	0.0	0.000
run2_A_sweep	pool_ringloop	off	warm	sweep	16384	16384	1	1	2	4	512	2510	2862	4640	3057	1432223	357486	9	0	0	0.0	0.000
run2_A_sweep	uring	off	warm	sweep	16384	16384	1	1	3	0	512	3774	4850	6582	6669	2246761	227884	9	0	0	100.0	0.000
run2_A_sweep	pooled_pread	off	warm	sweep	16384	16384	1	1	3	1	512	12684	21169	62239	20802	8659949	59123	11	0	0	100.0	0.000
run2_A_sweep	pool	off	warm	sweep	16384	16384	1	1	3	2	512	3063	3583	4443	3707	1821960	281016	9	0	0	0.0	0.000
run2_A_sweep	pool_ringloop	off	warm	sweep	16384	16384	1	1	3	3	512	3096	3576	4022	3646	1806353	283444	9	0	0	0.0	0.000
run2_A_sweep	hybrid	off	warm	sweep	16384	16384	1	1	3	4	512	2644	3028	4563	3391	1641925	311829	9	0	0	0.0	0.000
run2_A_sweep	pooled_pread	off	warm	sweep	16384	16384	1	1	4	0	512	12870	17155	51337	19337	8188327	62528	11	0	0	100.0	0.000
run2_A_sweep	pool	off	warm	sweep	16384	16384	1	1	4	1	512	2536	2820	3947	2996	1433879	357073	9	0	0	0.0	0.000
run2_A_sweep	pool_ringloop	off	warm	sweep	16384	16384	1	1	4	2	512	2406	2741	3264	2885	1357843	377069	9	0	0	0.0	0.000
run2_A_sweep	hybrid	off	warm	sweep	16384	16384	1	1	4	3	512	2541	2802	3091	3123	1498376	341703	9	0	0	0.0	0.000
run2_A_sweep	uring	off	warm	sweep	16384	16384	1	1	4	4	512	5674	6780	18991	9480	3248870	157593	9	0	0	100.0	0.000
run2_A_sweep	pool	off	warm	sweep	16384	16384	1	1	5	0	512	2872	3317	6564	3433	1653329	309678	9	0	0	0.0	0.000
run2_A_sweep	pool_ringloop	off	warm	sweep	16384	16384	1	1	5	1	512	3073	3516	4248	3649	1799100	284587	9	0	0	0.0	0.000
run2_A_sweep	hybrid	off	warm	sweep	16384	16384	1	1	5	2	512	3140	3716	4442	3989	1970760	259798	9	0	0	0.0	0.000
run2_A_sweep	uring	off	warm	sweep	16384	16384	1	1	5	3	512	3559	4943	7234	6638	2233004	229288	9	0	0	100.0	0.000
run2_A_sweep	pooled_pread	off	warm	sweep	16384	16384	1	1	5	4	512	15746	18705	41283	23716	9676942	52909	11	0	0	100.0	0.000
run2_A_sweep	pool	off	warm	sweep	16384	16384	2	1	0	0	512	3464	4168	5377	4259	1053736	485890	9	0	0	0.0	0.000
run2_A_sweep	pool_ringloop	off	warm	sweep	16384	16384	2	1	0	1	512	2775	3181	4014	3279	1622741	315516	9	0	0	0.0	0.000
run2_A_sweep	hybrid	off	warm	sweep	16384	16384	2	1	0	2	512	2693	3030	3869	3482	1673810	305889	9	0	0	0.0	0.000
run2_A_sweep	uring	off	warm	sweep	16384	16384	2	1	0	3	512	7269	8375	16630	6284	2127396	240670	9	0	0	100.0	0.000
run2_A_sweep	pooled_pread	off	warm	sweep	16384	16384	2	1	0	4	512	15478	19785	47927	18613	4462848	114725	14	0	0	100.0	0.000
run2_A_sweep	pool_ringloop	off	warm	sweep	16384	16384	2	1	1	0	512	2499	2864	3514	2994	1406242	364091	9	0	0	0.0	0.000
run2_A_sweep	hybrid	off	warm	sweep	16384	16384	2	1	1	1	512	2470	2748	3055	3241	1507885	339548	9	0	0	0.0	0.000
run2_A_sweep	uring	off	warm	sweep	16384	16384	2	1	1	2	512	5778	6179	12936	5067	1712502	298978	9	0	0	100.0	0.000
run2_A_sweep	pooled_pread	off	warm	sweep	16384	16384	2	1	1	3	512	14523	18092	37011	17850	4148964	123404	13	0	0	100.0	0.000
run2_A_sweep	pool	off	warm	sweep	16384	16384	2	1	1	4	512	3672	4026	7846	4325	1047782	488651	9	0	0	0.0	0.000
run2_A_sweep	hybrid	off	warm	sweep	16384	16384	2	1	2	0	512	2517	3042	4098	3126	1544455	331509	9	0	0	0.0	0.000
run2_A_sweep	uring	off	warm	sweep	16384	16384	2	1	2	1	512	7191	7831	15455	5908	2103260	243432	9	0	0	100.0	0.000
run2_A_sweep	pooled_pread	off	warm	sweep	16384	16384	2	1	2	2	512	15127	18608	54074	18538	4474900	114416	14	0	0	100.0	0.000
run2_A_sweep	pool	off	warm	sweep	16384	16384	2	1	2	3	512	2680	3156	6775	3311	823343	621855	9	0	0	0.0	0.000
run2_A_sweep	pool_ringloop	off	warm	sweep	16384	16384	2	1	2	4	512	2467	2847	3965	3057	1437243	356238	9	0	0	0.0	0.000
run2_A_sweep	uring	off	warm	sweep	16384	16384	2	1	3	0	512	6546	7464	14805	5638	1940181	263893	9	0	0	100.0	0.000
run2_A_sweep	pooled_pread	off	warm	sweep	16384	16384	2	1	3	1	512	15817	18923	35823	17657	4374269	117048	12	0	0	100.0	0.000
run2_A_sweep	pool	off	warm	sweep	16384	16384	2	1	3	2	512	2791	3180	4207	3594	842216	607920	9	0	0	0.0	0.000
run2_A_sweep	pool_ringloop	off	warm	sweep	16384	16384	2	1	3	3	512	2390	2764	4143	2946	1418340	360985	9	0	0	0.0	0.000
run2_A_sweep	hybrid	off	warm	sweep	16384	16384	2	1	3	4	512	2419	2738	3899	3266	1551680	329965	9	0	0	0.0	0.000
run2_A_sweep	pooled_pread	off	warm	sweep	16384	16384	2	1	4	0	512	16229	19598	46273	19512	4571706	111993	13	0	0	100.0	0.000
run2_A_sweep	pool	off	warm	sweep	16384	16384	2	1	4	1	512	2758	3250	4254	3338	894777	572210	9	0	0	0.0	0.000
run2_A_sweep	pool_ringloop	off	warm	sweep	16384	16384	2	1	4	2	512	2456	2791	4268	3023	1396092	366738	9	0	0	0.0	0.000
run2_A_sweep	hybrid	off	warm	sweep	16384	16384	2	1	4	3	512	2499	2767	3093	3568	1501880	340906	9	0	0	0.0	0.000
run2_A_sweep	uring	off	warm	sweep	16384	16384	2	1	4	4	512	5251	5747	11912	4922	1577148	324637	9	0	0	100.0	0.000
run2_A_sweep	pool	off	warm	sweep	16384	16384	2	1	5	0	512	3036	3619	4358	3902	920414	556271	9	0	0	0.0	0.000
run2_A_sweep	pool_ringloop	off	warm	sweep	16384	16384	2	1	5	1	512	2498	2805	4504	3085	1439769	355613	9	0	0	0.0	0.000
run2_A_sweep	hybrid	off	warm	sweep	16384	16384	2	1	5	2	512	2578	2896	3901	3266	1528851	334892	9	0	0	0.0	0.000
run2_A_sweep	uring	off	warm	sweep	16384	16384	2	1	5	3	512	5964	7178	13560	5565	1789138	286171	9	0	0	100.0	0.000
run2_A_sweep	pooled_pread	off	warm	sweep	16384	16384	2	1	5	4	512	16525	19431	47985	18387	5049663	101393	13	0	0	100.0	0.000
run2_A_sweep	pool	off	warm	sweep	16384	16384	4	1	0	0	512	3821	4818	12080	4433	618540	827756	9	0	0	0.0	0.000
run2_A_sweep	pool_ringloop	off	warm	sweep	16384	16384	4	1	0	1	512	2386	2716	2911	2947	1412720	362421	9	0	0	0.0	0.000
run2_A_sweep	hybrid	off	warm	sweep	16384	16384	4	1	0	2	512	2561	2840	3394	3512	1573924	325302	9	0	0	0.0	0.000
run2_A_sweep	uring	off	warm	sweep	16384	16384	4	1	0	3	512	11761	16781	29551	5049	1928867	265441	9	0	0	100.0	0.000
run2_A_sweep	pooled_pread	off	warm	sweep	16384	16384	4	1	0	4	512	14965	40657	142314	22720	3024925	169260	25	0	0	100.0	0.000
run2_A_sweep	pool_ringloop	off	warm	sweep	16384	16384	4	1	1	0	512	2588	3077	4533	3102	1491617	343252	9	0	0	0.0	0.000
run2_A_sweep	hybrid	off	warm	sweep	16384	16384	4	1	1	1	512	2535	2801	3370	3163	1553545	329569	9	0	0	0.0	0.000
run2_A_sweep	uring	off	warm	sweep	16384	16384	4	1	1	2	512	14629	15437	26713	5285	2030812	252116	9	0	0	100.0	0.000
run2_A_sweep	pooled_pread	off	warm	sweep	16384	16384	4	1	1	3	512	13654	31807	137179	21109	2686019	190617	23	0	0	100.0	0.000
run2_A_sweep	pool	off	warm	sweep	16384	16384	4	1	1	4	512	3597	4786	5489	4517	603003	849084	9	0	0	0.0	0.000
run2_A_sweep	hybrid	off	warm	sweep	16384	16384	4	1	2	0	512	2492	2791	3122	3164	1489251	343797	9	0	0	0.0	0.000
run2_A_sweep	uring	off	warm	sweep	16384	16384	4	1	2	1	512	11203	14404	22684	4376	1722452	297251	9	0	0	100.0	0.000
run2_A_sweep	pooled_pread	off	warm	sweep	16384	16384	4	1	2	2	512	11470	19726	103488	16966	2063756	248091	18	0	0	100.0	0.000
run2_A_sweep	pool	off	warm	sweep	16384	16384	4	1	2	3	512	4136	5082	16320	5058	681692	751072	9	0	0	0.0	0.000
run2_A_sweep	pool_ringloop	off	warm	sweep	16384	16384	4	1	2	4	512	2681	3062	3846	3173	1586256	322773	9	0	0	0.0	0.000
run2_A_sweep	uring	off	warm	sweep	16384	16384	4	1	3	0	512	10855	11509	21114	4169	1623774	315315	9	0	0	100.0	0.000
run2_A_sweep	pooled_pread	off	warm	sweep	16384	16384	4	1	3	1	512	11916	25163	114992	19456	2324373	220274	23	0	0	100.0	0.000
run2_A_sweep	pool	off	warm	sweep	16384	16384	4	1	3	2	512	3499	4557	11701	4518	567961	901470	9	0	0	0.0	0.000
run2_A_sweep	pool_ringloop	off	warm	sweep	16384	16384	4	1	3	3	512	2688	3313	5172	3507	1586605	322702	9	0	0	0.0	0.000
run2_A_sweep	hybrid	off	warm	sweep	16384	16384	4	1	3	4	512	2571	2886	4059	3392	1626145	314855	9	0	0	0.0	0.000
run2_A_sweep	pooled_pread	off	warm	sweep	16384	16384	4	1	4	0	512	13560	24170	81619	20205	2344439	218389	20	0	0	100.0	0.000
run2_A_sweep	pool	off	warm	sweep	16384	16384	4	1	4	1	512	3590	4795	5695	4521	596354	858550	9	0	0	0.0	0.000
run2_A_sweep	pool_ringloop	off	warm	sweep	16384	16384	4	1	4	2	512	2428	2771	3751	2868	1412812	362398	9	0	0	0.0	0.000
run2_A_sweep	hybrid	off	warm	sweep	16384	16384	4	1	4	3	512	2724	3153	4052	3584	1682495	304310	9	0	0	0.0	0.000
run2_A_sweep	uring	off	warm	sweep	16384	16384	4	1	4	4	512	10973	11649	27541	4318	1667061	307127	9	0	0	100.0	0.000
run2_A_sweep	pool	off	warm	sweep	16384	16384	4	1	5	0	512	3521	4580	5115	4385	566576	903674	9	0	0	0.0	0.000
run2_A_sweep	pool_ringloop	off	warm	sweep	16384	16384	4	1	5	1	512	2427	2845	4264	3060	1437670	356132	9	0	0	0.0	0.000
run2_A_sweep	hybrid	off	warm	sweep	16384	16384	4	1	5	2	512	2438	2762	3780	3313	1539530	332569	9	0	0	0.0	0.000
run2_A_sweep	uring	off	warm	sweep	16384	16384	4	1	5	3	512	13073	18662	27779	5167	2047316	250084	9	0	0	100.0	0.000
run2_A_sweep	pooled_pread	off	warm	sweep	16384	16384	4	1	5	4	512	11403	23038	99351	19742	2182606	234582	21	0	0	100.0	0.000
run2_A_sweep	pool	off	warm	sweep	16384	16384	8	1	0	0	512	5366	6217	18273	6187	494373	1035655	9	0	0	0.0	0.000
run2_A_sweep	pool_ringloop	off	warm	sweep	16384	16384	8	1	0	1	512	2376	2706	3911	3028	1460148	350649	9	0	0	0.0	0.000
run2_A_sweep	hybrid	off	warm	sweep	16384	16384	8	1	0	2	512	2551	3095	3921	3246	1621515	315754	9	0	0	0.0	0.000
run2_A_sweep	uring	off	warm	sweep	16384	16384	8	1	0	3	512	22351	23748	38358	3965	1652563	309822	9	0	0	100.0	0.000
run2_A_sweep	pooled_pread	off	warm	sweep	16384	16384	8	1	0	4	512	17157	89260	282710	25746	2577869	198614	33	0	0	100.0	0.000
run2_A_sweep	pool_ringloop	off	warm	sweep	16384	16384	8	1	1	0	512	2475	2783	4045	2913	1418098	361047	9	0	0	0.0	0.000
run2_A_sweep	hybrid	off	warm	sweep	16384	16384	8	1	1	1	512	2555	2939	4956	3448	1607382	318530	9	0	0	0.0	0.000
run2_A_sweep	uring	off	warm	sweep	16384	16384	8	1	1	2	512	22755	24773	30362	4147	1717025	298190	9	0	0	100.0	0.000
run2_A_sweep	pooled_pread	off	warm	sweep	16384	16384	8	1	1	3	512	16998	163328	304951	26302	3124001	163892	36	0	0	100.0	0.000
run2_A_sweep	pool	off	warm	sweep	16384	16384	8	1	1	4	512	5696	6448	7288	6347	461931	1108391	9	0	0	0.0	0.000
run2_A_sweep	hybrid	off	warm	sweep	16384	16384	8	1	2	0	512	2555	2813	3157	3459	1561249	327943	9	0	0	0.0	0.000
run2_A_sweep	uring	off	warm	sweep	16384	16384	8	1	2	1	512	19311	25390	36837	3530	1501419	341011	9	0	0	100.0	0.000
run2_A_sweep	pooled_pread	off	warm	sweep	16384	16384	8	1	2	2	512	18848	104724	276588	24745	2798928	182927	36	0	0	100.0	0.000
run2_A_sweep	pool	off	warm	sweep	16384	16384	8	1	2	3	512	5049	6052	6835	5776	601770	850823	9	0	0	0.0	0.000
run2_A_sweep	pool_ringloop	off	warm	sweep	16384	16384	8	1	2	4	512	2473	2797	3016	3123	1462565	350070	9	0	0	0.0	0.000
run2_A_sweep	uring	off	warm	sweep	16384	16384	8	1	3	0	512	23830	24713	40897	4414	1826191	280365	9	0	0	100.0	0.000
run2_A_sweep	pooled_pread	off	warm	sweep	16384	16384	8	1	3	1	512	16078	97524	306292	24762	2643323	193696	38	0	0	100.0	0.000
run2_A_sweep	pool	off	warm	sweep	16384	16384	8	1	3	2	512	4718	5826	9075	5645	669722	764496	9	0	0	0.0	0.000
run2_A_sweep	pool_ringloop	off	warm	sweep	16384	16384	8	1	3	3	512	2683	3182	3781	3639	1607945	318419	9	0	0	0.0	0.000
run2_A_sweep	hybrid	off	warm	sweep	16384	16384	8	1	3	4	512	2756	3093	3462	3890	1678603	305016	9	0	0	0.0	0.000
run2_A_sweep	pooled_pread	off	warm	sweep	16384	16384	8	1	4	0	512	15706	117817	345687	27872	2823770	181318	39	0	0	100.0	0.000
run2_A_sweep	pool	off	warm	sweep	16384	16384	8	1	4	1	512	5487	6360	10435	6289	531099	964039	9	0	0	0.0	0.000
run2_A_sweep	pool_ringloop	off	warm	sweep	16384	16384	8	1	4	2	512	2675	2957	5277	3305	1590355	321941	9	0	0	0.0	0.000
run2_A_sweep	hybrid	off	warm	sweep	16384	16384	8	1	4	3	512	2672	2964	3224	3382	1626438	314798	9	0	0	0.0	0.000
run2_A_sweep	uring	off	warm	sweep	16384	16384	8	1	4	4	512	19824	20753	42373	3843	1493019	342929	9	0	0	100.0	0.000
run2_A_sweep	pool	off	warm	sweep	16384	16384	8	1	5	0	512	5355	6385	18066	6226	577720	886242	9	0	0	0.0	0.000
run2_A_sweep	pool_ringloop	off	warm	sweep	16384	16384	8	1	5	1	512	2417	2770	5252	2891	1395145	366987	9	0	0	0.0	0.000
run2_A_sweep	hybrid	off	warm	sweep	16384	16384	8	1	5	2	512	2742	3094	4013	3880	1734655	295160	9	0	0	0.0	0.000
run2_A_sweep	uring	off	warm	sweep	16384	16384	8	1	5	3	512	20434	21389	43087	3615	1552055	329885	9	0	0	100.0	0.000
run2_A_sweep	pooled_pread	off	warm	sweep	16384	16384	8	1	5	4	512	17409	109199	269783	25893	2683937	190765	33	0	0	100.0	0.000
run2_A_sweep	pool	off	warm	sweep	16384	16384	16	1	0	0	512	5217	5961	6695	5961	480233	1066149	9	0	0	0.0	0.000
run2_A_sweep	pool_ringloop	off	warm	sweep	16384	16384	16	1	0	1	512	2541	2830	3467	3317	1549868	330351	9	0	0	0.0	0.000
run2_A_sweep	hybrid	off	warm	sweep	16384	16384	16	1	0	2	512	2742	3086	4485	3657	1808757	283067	9	0	0	0.0	0.000
run2_A_sweep	uring	off	warm	sweep	16384	16384	16	1	0	3	512	44698	46976	57390	3868	1709534	299497	9	0	0	100.0	0.000
run2_A_sweep	pooled_pread	off	warm	sweep	16384	16384	16	1	0	4	512	33514	327457	1159264	34686	4033206	126946	76	0	0	100.0	0.000
run2_A_sweep	pool_ringloop	off	warm	sweep	16384	16384	16	1	1	0	512	3047	3779	5372	3826	1800254	284404	9	0	0	0.0	0.000
run2_A_sweep	hybrid	off	warm	sweep	16384	16384	16	1	1	1	512	2747	3125	3806	3810	1831092	279615	9	0	0	0.0	0.000
run2_A_sweep	uring	off	warm	sweep	16384	16384	16	1	1	2	512	42608	44058	57348	3829	1655599	309254	9	0	0	100.0	0.000
run2_A_sweep	pooled_pread	off	warm	sweep	16384	16384	16	1	1	3	512	29503	342238	1194291	34159	4438911	115344	88	0	0	100.0	0.000
run2_A_sweep	pool	off	warm	sweep	16384	16384	16	1	1	4	512	5875	6591	14573	6842	533872	959031	9	0	0	0.0	0.000
run2_A_sweep	hybrid	off	warm	sweep	16384	16384	16	1	2	0	512	2667	2972	3324	3545	1736624	294825	9	0	0	0.0	0.000
run2_A_sweep	uring	off	warm	sweep	16384	16384	16	1	2	1	512	42335	49590	59565	3758	1665937	307335	9	0	0	100.0	0.000
run2_A_sweep	pooled_pread	off	warm	sweep	16384	16384	16	1	2	2	512	29866	348306	1242695	38542	5043192	101523	103	0	0	100.0	0.000
run2_A_sweep	pool	off	warm	sweep	16384	16384	16	1	2	3	512	5447	6231	6877	6353	566199	904276	9	0	0	0.0	0.000
run2_A_sweep	pool_ringloop	off	warm	sweep	16384	16384	16	1	2	4	512	2413	2730	4245	3022	1490614	343483	9	0	0	0.0	0.000
run2_A_sweep	uring	off	warm	sweep	16384	16384	16	1	3	0	512	41219	48746	59275	3833	1662662	307940	9	0	0	100.0	0.000
run2_A_sweep	pooled_pread	off	warm	sweep	16384	16384	16	1	3	1	512	35678	319552	1243281	36358	4748346	107827	103	0	0	100.0	0.000
run2_A_sweep	pool	off	warm	sweep	16384	16384	16	1	3	2	512	5826	6668	10471	6587	544264	940720	9	0	0	0.0	0.000
run2_A_sweep	pool_ringloop	off	warm	sweep	16384	16384	16	1	3	3	512	2308	2620	2834	2887	1349549	379386	9	0	0	0.0	0.000
run2_A_sweep	hybrid	off	warm	sweep	16384	16384	16	1	3	4	512	2573	2904	3892	3535	1675826	305521	9	0	0	0.0	0.000
run2_A_sweep	pooled_pread	off	warm	sweep	16384	16384	16	1	4	0	512	47737	401105	1102398	41864	5640412	90774	112	0	0	100.0	0.000
run2_A_sweep	pool	off	warm	sweep	16384	16384	16	1	4	1	512	4717	5866	7209	5529	630068	812611	9	0	0	0.0	0.000
run2_A_sweep	pool_ringloop	off	warm	sweep	16384	16384	16	1	4	2	512	2575	2868	3880	3413	1600207	319959	9	0	0	0.0	0.000
run2_A_sweep	hybrid	off	warm	sweep	16384	16384	16	1	4	3	512	2531	2802	3167	3595	1645819	311091	9	0	0	0.0	0.000
run2_A_sweep	uring	off	warm	sweep	16384	16384	16	1	4	4	512	43903	57624	79900	3996	1789536	286108	9	0	0	100.0	0.000
run2_A_sweep	pool	off	warm	sweep	16384	16384	16	1	5	0	512	5640	6405	13094	6494	500429	1023122	9	0	0	0.0	0.000
run2_A_sweep	pool_ringloop	off	warm	sweep	16384	16384	16	1	5	1	512	2456	2760	3068	3436	1497872	341818	9	0	0	0.0	0.000
run2_A_sweep	hybrid	off	warm	sweep	16384	16384	16	1	5	2	512	2513	2772	3147	3618	1604188	319165	9	0	0	0.0	0.000
run2_A_sweep	uring	off	warm	sweep	16384	16384	16	1	5	3	512	45349	51241	62383	4176	1790731	285917	9	0	0	100.0	0.000
run2_A_sweep	pooled_pread	off	warm	sweep	16384	16384	16	1	5	4	512	35977	330387	1096827	32131	4260655	120169	72	0	0	100.0	0.000
run2_A_sweep	pool	off	warm	sweep	16384	16384	32	1	0	0	512	5648	6381	7036	6750	531481	963346	9	0	0	0.0	0.000
run2_A_sweep	pool_ringloop	off	warm	sweep	16384	16384	32	1	0	1	512	2609	2890	4293	3508	1758917	291088	9	0	0	0.0	0.000
run2_A_sweep	hybrid	off	warm	sweep	16384	16384	32	1	0	2	512	2736	3118	4594	4033	1976104	259096	9	0	0	0.0	0.000
run2_A_sweep	uring	off	warm	sweep	16384	16384	32	1	0	3	512	97338	126723	128138	4731	2148073	238353	9	0	0	100.0	0.000
run2_A_sweep	pooled_pread	off	warm	sweep	16384	16384	32	1	0	4	512	81301	752298	1880299	35625	4378837	116926	90	0	0	100.0	0.000
run2_A_sweep	pool_ringloop	off	warm	sweep	16384	16384	32	1	1	0	512	2500	2821	3299	3449	1673043	306029	9	0	0	0.0	0.000
run2_A_sweep	hybrid	off	warm	sweep	16384	16384	32	1	1	1	512	3093	3615	6617	4372	2084680	245601	9	0	0	0.0	0.000
run2_A_sweep	uring	off	warm	sweep	16384	16384	32	1	1	2	512	92665	105843	109286	4034	1877884	272647	9	0	0	100.0	0.000
run2_A_sweep	pooled_pread	off	warm	sweep	16384	16384	32	1	1	3	512	64073	758953	1657692	32197	4012304	127607	90	0	0	100.0	0.000
run2_A_sweep	pool	off	warm	sweep	16384	16384	32	1	1	4	512	5908	6846	16908	6831	520402	983855	9	0	0	0.0	0.000
run2_A_sweep	hybrid	off	warm	sweep	16384	16384	32	1	2	0	512	2944	3542	4494	3971	1930752	265182	9	0	0	0.0	0.000
run2_A_sweep	uring	off	warm	sweep	16384	16384	32	1	2	1	512	84336	91325	111341	3846	1841114	278093	9	0	0	100.0	0.000
run2_A_sweep	pooled_pread	off	warm	sweep	16384	16384	32	1	2	2	512	72489	769156	2542048	36141	5055596	101274	122	0	0	100.0	0.000
run2_A_sweep	pool	off	warm	sweep	16384	16384	32	1	2	3	512	5728	6497	7075	6925	542282	944158	9	0	0	0.0	0.000
run2_A_sweep	pool_ringloop	off	warm	sweep	16384	16384	32	1	2	4	512	2785	3110	3464	3776	1813932	282260	9	0	0	0.0	0.000
run2_A_sweep	uring	off	warm	sweep	16384	16384	32	1	3	0	512	93150	108741	152615	4581	2027093	252578	9	0	0	100.0	0.000
run2_A_sweep	pooled_pread	off	warm	sweep	16384	16384	32	1	3	1	512	68264	841729	2113390	35277	4795263	106772	108	0	0	100.0	0.000
run2_A_sweep	pool	off	warm	sweep	16384	16384	32	1	3	2	512	5816	6551	7290	7037	571058	896581	9	0	0	0.0	0.000
run2_A_sweep	pool_ringloop	off	warm	sweep	16384	16384	32	1	3	3	512	2501	2922	3898	3794	1596885	320624	9	0	0	0.0	0.000
run2_A_sweep	hybrid	off	warm	sweep	16384	16384	32	1	3	4	512	2644	2930	3532	3823	1889883	270916	9	0	0	0.0	0.000
run2_A_sweep	pooled_pread	off	warm	sweep	16384	16384	32	1	4	0	512	109930	768745	2192765	39902	6383654	80205	111	0	0	100.0	0.000
run2_A_sweep	pool	off	warm	sweep	16384	16384	32	1	4	1	512	5381	6194	6813	6211	545941	937830	9	0	0	0.0	0.000
run2_A_sweep	pool_ringloop	off	warm	sweep	16384	16384	32	1	4	2	512	2544	2870	3294	3516	1620247	316001	9	0	0	0.0	0.000
run2_A_sweep	hybrid	off	warm	sweep	16384	16384	32	1	4	3	512	2597	2953	4882	3879	1812584	282470	9	0	0	0.0	0.000
run2_A_sweep	uring	off	warm	sweep	16384	16384	32	1	4	4	512	80426	90328	98884	3931	1732306	295560	9	0	0	100.0	0.000
run2_A_sweep	pool	off	warm	sweep	16384	16384	32	1	5	0	512	3900	5422	20293	5342	576576	888001	9	0	0	0.0	0.000
run2_A_sweep	pool_ringloop	off	warm	sweep	16384	16384	32	1	5	1	512	2513	2850	3493	3486	1646116	311035	9	0	0	0.0	0.000
run2_A_sweep	hybrid	off	warm	sweep	16384	16384	32	1	5	2	512	2562	2868	3468	3591	1810654	282771	9	0	0	0.0	0.000
run2_A_sweep	uring	off	warm	sweep	16384	16384	32	1	5	3	512	82072	98142	100580	4064	1774136	288591	9	0	0	100.0	0.000
run2_A_sweep	pooled_pread	off	warm	sweep	16384	16384	32	1	5	4	512	87969	833275	3393285	43867	6628633	77241	168	0	0	100.0	0.000
run2_A_sweep	pool	off	warm	sweep	16384	16384	64	1	0	0	512	5951	6851	18567	7370	552445	926789	9	0	0	0.0	0.000
run2_A_sweep	pool_ringloop	off	warm	sweep	16384	16384	64	1	0	1	512	2363	2727	6774	3572	1672692	306093	9	0	0	0.0	0.000
run2_A_sweep	hybrid	off	warm	sweep	16384	16384	64	1	0	2	512	2678	3211	4579	4318	2124037	241050	9	0	0	0.0	0.000
run2_A_sweep	uring	off	warm	sweep	16384	16384	64	1	0	3	512	233506	284937	286665	5771	2793869	183258	9	0	0	100.0	0.000
run2_A_sweep	pooled_pread	off	warm	sweep	16384	16384	64	1	0	4	512	187429	1612414	3244423	40156	5869759	87227	128	0	0	100.0	0.000
run2_A_sweep	pool_ringloop	off	warm	sweep	16384	16384	64	1	1	0	512	2894	3422	4612	4549	2154786	237611	9	0	0	0.0	0.000
run2_A_sweep	hybrid	off	warm	sweep	16384	16384	64	1	1	1	512	2695	3133	4237	4719	2255448	227006	9	0	0	0.0	0.000
run2_A_sweep	uring	off	warm	sweep	16384	16384	64	1	1	2	512	169365	203173	204697	4561	2153644	237737	9	0	0	100.0	0.000
run2_A_sweep	pooled_pread	off	warm	sweep	16384	16384	64	1	1	3	512	308531	1387154	2464923	43617	6481661	78992	126	0	0	100.0	0.000
run2_A_sweep	pool	off	warm	sweep	16384	16384	64	1	1	4	512	5433	6200	6904	6799	564331	907269	9	0	0	0.0	0.000
run2_A_sweep	hybrid	off	warm	sweep	16384	16384	64	1	2	0	512	2814	3344	5396	4583	2242446	228322	9	0	0	0.0	0.000
run2_A_sweep	uring	off	warm	sweep	16384	16384	64	1	2	1	512	253713	421772	424280	6706	3188240	160590	9	0	0	100.0	0.000
run2_A_sweep	pooled_pread	off	warm	sweep	16384	16384	64	1	2	2	512	129061	1164462	3095743	31306	4430376	115566	92	0	0	100.0	0.000
run2_A_sweep	pool	off	warm	sweep	16384	16384	64	1	2	3	512	5523	6546	7294	7009	558819	916218	9	0	0	0.0	0.000
run2_A_sweep	pool_ringloop	off	warm	sweep	16384	16384	64	1	2	4	512	2541	2781	3043	4187	1943977	263378	9	0	0	0.0	0.000
run2_A_sweep	uring	off	warm	sweep	16384	16384	64	1	3	0	512	187473	216017	217853	5051	2422101	211387	9	0	0	100.0	0.000
run2_A_sweep	pooled_pread	off	warm	sweep	16384	16384	64	1	3	1	512	163879	1236720	2417918	40230	5274097	97078	116	0	0	100.0	0.000
run2_A_sweep	pool	off	warm	sweep	16384	16384	64	1	3	2	512	5562	6641	20984	6817	572186	894814	9	0	0	0.0	0.000
run2_A_sweep	pool_ringloop	off	warm	sweep	16384	16384	64	1	3	3	512	2980	3854	4876	4457	2137483	239534	9	0	0	0.0	0.000
run2_A_sweep	hybrid	off	warm	sweep	16384	16384	64	1	3	4	512	2809	3178	3839	4688	2287342	223841	9	0	0	0.0	0.000
run2_A_sweep	pooled_pread	off	warm	sweep	16384	16384	64	1	4	0	512	137696	841793	1858566	34767	4325362	118372	102	0	0	100.0	0.000
run2_A_sweep	pool	off	warm	sweep	16384	16384	64	1	4	1	512	5600	6572	15451	6909	550619	929863	9	0	0	0.0	0.000
run2_A_sweep	pool_ringloop	off	warm	sweep	16384	16384	64	1	4	2	512	2789	3291	4884	4158	2022759	253120	9	0	0	0.0	0.000
run2_A_sweep	hybrid	off	warm	sweep	16384	16384	64	1	4	3	512	2708	3086	3819	4530	2193451	233422	9	0	0	0.0	0.000
run2_A_sweep	uring	off	warm	sweep	16384	16384	64	1	4	4	512	165834	194266	196838	4398	2088804	245116	9	0	0	100.0	0.000
run2_A_sweep	pool	off	warm	sweep	16384	16384	64	1	5	0	512	5810	6623	14455	6864	565468	905445	9	0	0	0.0	0.000
run2_A_sweep	pool_ringloop	off	warm	sweep	16384	16384	64	1	5	1	512	2715	3786	6554	4485	2125109	240929	9	0	0	0.0	0.000
run2_A_sweep	hybrid	off	warm	sweep	16384	16384	64	1	5	2	512	2741	3090	11838	4694	2260574	226491	9	0	0	0.0	0.000
run2_A_sweep	uring	off	warm	sweep	16384	16384	64	1	5	3	512	181386	197479	199048	4865	2173264	235590	9	0	0	100.0	0.000
run2_A_sweep	pooled_pread	off	warm	sweep	16384	16384	64	1	5	4	512	199562	1239866	2808160	39549	5384120	95094	130	0	0	100.0	0.000
run2_C_readers	pool	off	cold	stride	16384	250000	1	1	0	0	512	184598	258421	384926	59368	97367462	5258	10	0	0	89.5	0.000
run2_C_readers	pool_ringloop	off	cold	stride	16384	250000	1	1	0	1	512	178963	246781	370126	57397	91020994	5625	10	0	0	90.4	0.000
run2_C_readers	hybrid	off	cold	stride	16384	250000	1	1	0	2	512	181199	253104	363767	44712	92243639	5551	9	0	0	90.4	0.000
run2_C_readers	uring	off	cold	stride	16384	250000	1	1	0	3	512	203537	290669	387815	56848	103314020	4956	9	0	0	100.0	0.000
run2_C_readers	pooled_pread	off	cold	stride	16384	250000	1	1	0	4	512	194484	285050	446037	62031	102464213	4997	10	0	0	100.0	0.000
run2_C_readers	pool_ringloop	off	cold	stride	16384	250000	1	1	1	0	512	196065	255152	349513	63559	96134313	5326	10	0	0	89.3	0.000
run2_C_readers	hybrid	off	cold	stride	16384	250000	1	1	1	1	512	178731	246481	353069	44092	91089071	5621	9	0	0	90.6	0.000
run2_C_readers	uring	off	cold	stride	16384	250000	1	1	1	2	512	182641	246544	396058	51104	92484674	5536	9	0	0	100.0	0.000
run2_C_readers	pooled_pread	off	cold	stride	16384	250000	1	1	1	3	512	182926	254848	401677	59558	94442843	5421	10	0	0	100.0	0.000
run2_C_readers	pool	off	cold	stride	16384	250000	1	1	1	4	512	174375	244670	305313	53832	88908495	5759	10	0	0	90.6	0.000
run2_C_readers	hybrid	off	cold	stride	16384	250000	1	1	2	0	512	183599	252151	388210	47423	93306817	5487	9	0	0	90.4	0.000
run2_C_readers	uring	off	cold	stride	16384	250000	1	1	2	1	512	205943	283210	367796	55726	102525109	4994	9	0	0	100.0	0.000
run2_C_readers	pooled_pread	off	cold	stride	16384	250000	1	1	2	2	512	187495	280778	477731	61395	100173227	5111	10	0	0	100.0	0.000
run2_C_readers	pool	off	cold	stride	16384	250000	1	1	2	3	512	182726	258780	831341	58708	101005892	5069	10	0	0	89.5	0.000
run2_C_readers	pool_ringloop	off	cold	stride	16384	250000	1	1	2	4	512	179709	244091	347985	58060	91434850	5600	10	0	0	90.2	0.000
run2_C_readers	uring	off	cold	stride	16384	250000	1	1	3	0	512	185534	271347	357605	48368	95677724	5351	9	0	0	100.0	0.000
run2_C_readers	pooled_pread	off	cold	stride	16384	250000	1	1	3	1	512	202285	345924	468223	69607	111837246	4578	10	0	0	100.0	0.000
run2_C_readers	pool	off	cold	stride	16384	250000	1	1	3	2	512	184885	265623	345380	64611	95166282	5380	10	0	0	90.0	0.000
run2_C_readers	pool_ringloop	off	cold	stride	16384	250000	1	1	3	3	512	185483	260456	2785726	61092	141911221	3608	10	0	0	89.1	0.000
run2_C_readers	hybrid	off	cold	stride	16384	250000	1	1	3	4	512	188552	260138	366811	48733	94927117	5394	9	0	0	90.8	0.000
run2_C_readers	pooled_pread	off	cold	stride	16384	250000	1	1	4	0	512	187325	254471	445314	58386	95970281	5335	10	0	0	100.0	0.000
run2_C_readers	pool	off	cold	stride	16384	250000	1	1	4	1	512	185822	254860	370021	57782	93435735	5480	10	0	0	89.6	0.000
run2_C_readers	pool_ringloop	off	cold	stride	16384	250000	1	1	4	2	512	184200	260023	1110295	60186	100920946	5073	10	0	0	90.4	0.000
run2_C_readers	hybrid	off	cold	stride	16384	250000	1	1	4	3	512	176551	248583	342424	47320	90315508	5669	9	0	0	90.2	0.000
run2_C_readers	uring	off	cold	stride	16384	250000	1	1	4	4	512	178791	249819	349076	43526	90942124	5630	9	0	0	100.0	0.000
run2_C_readers	pool	off	cold	stride	16384	250000	1	1	5	0	512	180506	241585	355041	56970	89525770	5719	10	0	0	89.6	0.000
run2_C_readers	pool_ringloop	off	cold	stride	16384	250000	1	1	5	1	512	181788	248213	323786	58908	92457987	5538	10	0	0	90.2	0.000
run2_C_readers	hybrid	off	cold	stride	16384	250000	1	1	5	2	512	190462	285195	368714	52015	98663976	5189	9	0	0	89.8	0.000
run2_C_readers	uring	off	cold	stride	16384	250000	1	1	5	3	512	282102	360960	466664	88290	137959816	3711	9	0	0	100.0	0.000
run2_C_readers	pooled_pread	off	cold	stride	16384	250000	1	1	5	4	512	193113	278046	454305	63894	99396442	5151	10	0	0	100.0	0.000
run2_C_readers	pool	off	cold	stride	16384	250000	4	1	0	0	512	206772	297015	897829	68473	28810091	17772	16	0	0	93.2	0.000
run2_C_readers	pool_ringloop	off	cold	stride	16384	250000	4	1	0	1	512	212834	302783	1132025	70586	30275559	16911	15	0	0	90.8	0.000
run2_C_readers	hybrid	off	cold	stride	16384	250000	4	1	0	2	512	196161	279771	969637	38877	28307235	18087	9	0	0	91.0	0.000
run2_C_readers	uring	off	cold	stride	16384	250000	4	1	0	3	512	197413	291446	938292	37786	27894262	18355	9	0	0	100.0	0.000
run2_C_readers	pooled_pread	off	cold	stride	16384	250000	4	1	0	4	512	213951	304935	1000170	64750	30250326	16925	15	0	0	100.0	0.000
run2_C_readers	pool_ringloop	off	cold	stride	16384	250000	4	1	1	0	512	202261	287667	1059977	63895	28112614	18212	14	0	0	91.0	0.000
run2_C_readers	hybrid	off	cold	stride	16384	250000	4	1	1	1	512	196428	283425	1075943	38928	28907010	17712	9	0	0	91.0	0.000
run2_C_readers	uring	off	cold	stride	16384	250000	4	1	1	2	512	197379	293771	982152	36344	27972578	18304	9	0	0	100.0	0.000
run2_C_readers	pooled_pread	off	cold	stride	16384	250000	4	1	1	3	512	208776	319658	1092973	63295	30532863	16769	16	0	0	100.0	0.000
run2_C_readers	pool	off	cold	stride	16384	250000	4	1	1	4	512	190965	271178	816541	58741	26244460	19509	13	0	0	93.2	0.000
run2_C_readers	hybrid	off	cold	stride	16384	250000	4	1	2	0	512	192804	267146	856356	36583	27054717	18925	9	0	0	90.8	0.000
run2_C_readers	uring	off	cold	stride	16384	250000	4	1	2	1	512	197109	282517	931768	35889	28106162	18217	9	0	0	100.0	0.000
run2_C_readers	pooled_pread	off	cold	stride	16384	250000	4	1	2	2	512	201750	284549	874183	60901	28399436	18029	15	0	0	100.0	0.000
run2_C_readers	pool	off	cold	stride	16384	250000	4	1	2	3	512	204094	320787	1186832	66883	30569856	16749	16	0	0	92.8	0.000
run2_C_readers	pool_ringloop	off	cold	stride	16384	250000	4	1	2	4	512	198413	290570	976088	62342	28143333	18193	14	0	0	90.4	0.000
run2_C_readers	uring	off	cold	stride	16384	250000	4	1	3	0	512	208619	307968	928734	37536	29687822	17246	9	0	0	100.0	0.000
run2_C_readers	pooled_pread	off	cold	stride	16384	250000	4	1	3	1	512	200404	281927	820866	60636	28430116	18009	18	0	0	100.0	0.000
run2_C_readers	pool	off	cold	stride	16384	250000	4	1	3	2	512	194789	285105	950483	59445	27196506	18826	13	0	0	93.0	0.000
run2_C_readers	pool_ringloop	off	cold	stride	16384	250000	4	1	3	3	512	203184	291222	1090200	64927	28231818	18136	14	0	0	90.6	0.000
run2_C_readers	hybrid	off	cold	stride	16384	250000	4	1	3	4	512	192194	269101	787062	37979	27000795	18962	9	0	0	90.8	0.000
run2_C_readers	pooled_pread	off	cold	stride	16384	250000	4	1	4	0	512	199770	283407	891882	59209	28428441	18010	16	0	0	100.0	0.000
run2_C_readers	pool	off	cold	stride	16384	250000	4	1	4	1	512	196407	283074	807815	62489	27011980	18955	13	0	0	93.0	0.000
run2_C_readers	pool_ringloop	off	cold	stride	16384	250000	4	1	4	2	512	197322	277008	988690	62083	27815589	18407	13	0	0	90.6	0.000
run2_C_readers	hybrid	off	cold	stride	16384	250000	4	1	4	3	512	191222	271471	874986	39021	27423668	18670	9	0	0	90.8	0.000
run2_C_readers	uring	off	cold	stride	16384	250000	4	1	4	4	512	217056	374071	2146959	42652	38317774	13362	9	0	0	100.0	0.000
run2_C_readers	pool	off	cold	stride	16384	250000	4	1	5	0	512	206304	295353	786949	66568	28570405	17921	15	0	0	93.2	0.000
run2_C_readers	pool_ringloop	off	cold	stride	16384	250000	4	1	5	1	512	199678	283322	939742	63774	27904516	18348	13	0	0	91.0	0.000
run2_C_readers	hybrid	off	cold	stride	16384	250000	4	1	5	2	512	191547	280101	1037154	37470	28167080	18177	9	0	0	91.0	0.000
run2_C_readers	uring	off	cold	stride	16384	250000	4	1	5	3	512	195456	295469	986240	36577	27872575	18369	9	0	0	100.0	0.000
run2_C_readers	pooled_pread	off	cold	stride	16384	250000	4	1	5	4	512	215208	303742	757772	69399	29794767	17184	16	0	0	100.0	0.000
run2_C_readers	pool	off	cold	stride	16384	250000	1	4	0	0	2048	4469	203282	394527	27662	37821861	54149	14	0	0	30.6	0.000
run2_C_readers	pool_ringloop	off	cold	stride	16384	250000	1	4	0	1	2048	4553	209209	350319	29497	37613896	54448	15	0	0	30.5	0.000
run2_C_readers	hybrid	off	cold	stride	16384	250000	1	4	0	2	2048	4851	220673	411668	24928	39389305	51994	9	0	0	30.6	0.000
run2_C_readers	uring	off	cold	stride	16384	250000	1	4	0	3	2048	7056	229949	435277	26284	41615315	49213	9	0	0	100.0	0.000
run2_C_readers	pooled_pread	off	cold	stride	16384	250000	1	4	0	4	2048	22186	218711	358121	39679	45065110	45445	22	0	0	100.0	0.000
run2_C_readers	pool_ringloop	off	cold	stride	16384	250000	1	4	1	0	2048	5475	221154	421505	34041	41065011	49872	14	0	0	30.5	0.000
run2_C_readers	hybrid	off	cold	stride	16384	250000	1	4	1	1	2048	5508	256777	608998	29868	48482492	42242	9	0	0	30.4	0.000
run2_C_readers	uring	off	cold	stride	16384	250000	1	4	1	2	2048	6686	245693	453793	28794	43736564	46826	9	0	0	100.0	0.000
run2_C_readers	pooled_pread	off	cold	stride	16384	250000	1	4	1	3	2048	23861	234288	351354	43425	48628338	42115	23	0	0	100.0	0.000
run2_C_readers	pool	off	cold	stride	16384	250000	1	4	1	4	2048	5794	225946	433611	33678	40791687	50206	14	0	0	30.6	0.000
run2_C_readers	hybrid	off	cold	stride	16384	250000	1	4	2	0	2048	4617	236687	361525	26611	41145858	49774	9	0	0	30.3	0.000
run2_C_readers	uring	off	cold	stride	16384	250000	1	4	2	1	2048	6655	239971	450336	27864	45130604	45379	9	0	0	100.0	0.000
run2_C_readers	pooled_pread	off	cold	stride	16384	250000	1	4	2	2	2048	25272	233254	369782	43635	49123873	41691	27	0	0	100.0	0.000
run2_C_readers	pool	off	cold	stride	16384	250000	1	4	2	3	2048	5035	219538	379495	31766	40045897	51141	14	0	0	30.9	0.000
run2_C_readers	pool_ringloop	off	cold	stride	16384	250000	1	4	2	4	2048	5080	219920	381515	33167	41441629	49419	14	0	0	30.6	0.000
run2_C_readers	uring	off	cold	stride	16384	250000	1	4	3	0	2048	6908	241783	419717	27361	43764198	46796	9	0	0	100.0	0.000
run2_C_readers	pooled_pread	off	cold	stride	16384	250000	1	4	3	1	2048	24088	231701	367457	43075	47722490	42915	24	0	0	100.0	0.000
run2_C_readers	pool	off	cold	stride	16384	250000	1	4	3	2	2048	5399	203709	351717	29591	37743179	54261	14	0	0	31.0	0.000
run2_C_readers	pool_ringloop	off	cold	stride	16384	250000	1	4	3	3	2048	4979	223616	487350	32834	41801189	48994	16	0	0	30.8	0.000
run2_C_readers	hybrid	off	cold	stride	16384	250000	1	4	3	4	2048	4680	229482	408034	25735	41771280	49029	9	0	0	30.1	0.000
run2_C_readers	pooled_pread	off	cold	stride	16384	250000	1	4	4	0	2048	24657	226317	458420	41254	47533447	43085	24	0	0	100.0	0.000
run2_C_readers	pool	off	cold	stride	16384	250000	1	4	4	1	2048	4812	217651	493247	30135	40060192	51123	16	0	0	30.7	0.000
run2_C_readers	pool_ringloop	off	cold	stride	16384	250000	1	4	4	2	2048	5589	216469	382555	31712	38295854	53478	15	0	0	30.3	0.000
run2_C_readers	hybrid	off	cold	stride	16384	250000	1	4	4	3	2048	5181	244611	628080	27311	45124206	45386	9	0	0	30.8	0.000
run2_C_readers	uring	off	cold	stride	16384	250000	1	4	4	4	2048	7239	239521	587355	27311	44034411	46509	9	0	0	100.0	0.000
run2_C_readers	pool	off	cold	stride	16384	250000	1	4	5	0	2048	5409	213681	464088	29796	39512294	51832	15	0	0	30.2	0.000
run2_C_readers	pool_ringloop	off	cold	stride	16384	250000	1	4	5	1	2048	5351	214531	403991	31901	38419821	53306	15	0	0	30.6	0.000
run2_C_readers	hybrid	off	cold	stride	16384	250000	1	4	5	2	2048	6572	241446	424191	27476	43758729	46802	9	0	0	30.3	0.000
run2_C_readers	uring	off	cold	stride	16384	250000	1	4	5	3	2048	6486	226040	502496	25962	42719080	47941	9	0	0	100.0	0.000
run2_C_readers	pooled_pread	off	cold	stride	16384	250000	1	4	5	4	2048	24735	231306	452862	43047	49203323	41623	24	0	0	100.0	0.000
run2_C_readers	pool	off	cold	stride	16384	250000	4	4	0	0	2048	6120	534592	1500728	34197	25045260	81772	36	0	0	30.8	0.000
run2_C_readers	pool_ringloop	off	cold	stride	16384	250000	4	4	0	1	2048	4754	559557	1553371	33967	27526200	74402	34	0	0	30.1	0.000
run2_C_readers	hybrid	off	cold	stride	16384	250000	4	4	0	2	2048	5405	391812	872176	29852	25693661	79708	9	0	0	30.4	0.000
run2_C_readers	uring	off	cold	stride	16384	250000	4	4	0	3	2048	33267	575318	1029026	32061	28931437	70788	9	0	0	100.0	0.000
run2_C_readers	pooled_pread	off	cold	stride	16384	250000	4	4	0	4	2048	50550	758095	2029366	58629	38659672	52975	87	0	0	100.0	0.000
run2_C_readers	pool_ringloop	off	cold	stride	16384	250000	4	4	1	0	2048	5101	596280	1617231	39018	28999640	70622	34	0	0	30.7	0.000
run2_C_readers	hybrid	off	cold	stride	16384	250000	4	4	1	1	2048	4717	359640	704469	25444	21842342	93763	9	0	0	30.0	0.000
run2_C_readers	uring	off	cold	stride	16384	250000	4	4	1	2	2048	25363	467684	758494	25928	21903936	93499	9	0	0	100.0	0.000
run2_C_readers	pooled_pread	off	cold	stride	16384	250000	4	4	1	3	2048	65974	603386	1993414	48676	32806733	62426	97	0	0	100.0	0.000
run2_C_readers	pool	off	cold	stride	16384	250000	4	4	1	4	2048	6622	540429	1135405	34986	24210937	84590	39	0	0	31.2	0.000
run2_C_readers	hybrid	off	cold	stride	16384	250000	4	4	2	0	2048	5901	327991	690456	25494	21847817	93739	9	0	0	30.7	0.000
run2_C_readers	uring	off	cold	stride	16384	250000	4	4	2	1	2048	24741	491672	792603	26846	22980078	89121	9	0	0	100.0	0.000
run2_C_readers	pooled_pread	off	cold	stride	16384	250000	4	4	2	2	2048	62853	541227	1446979	46179	29716012	68919	66	0	0	100.0	0.000
run2_C_readers	pool	off	cold	stride	16384	250000	4	4	2	3	2048	6365	815620	3721426	37372	41696495	49117	43	0	0	31.0	0.000
run2_C_readers	pool_ringloop	off	cold	stride	16384	250000	4	4	2	4	2048	5482	553099	1566976	33940	24796689	82592	36	0	0	30.8	0.000
run2_C_readers	uring	off	cold	stride	16384	250000	4	4	3	0	2048	25209	453249	982762	26597	21250653	96374	9	0	0	100.0	0.000
run2_C_readers	pooled_pread	off	cold	stride	16384	250000	4	4	3	1	2048	49551	607091	1625026	50859	32784314	62469	97	0	0	100.0	0.000
run2_C_readers	pool	off	cold	stride	16384	250000	4	4	3	2	2048	7018	555473	2621904	37002	27342625	74901	36	0	0	30.7	0.000
run2_C_readers	pool_ringloop	off	cold	stride	16384	250000	4	4	3	3	2048	5855	584664	1781656	36124	26042420	78641	30	0	0	30.6	0.000
run2_C_readers	hybrid	off	cold	stride	16384	250000	4	4	3	4	2048	4542	375944	680839	25496	22529037	90905	9	0	0	30.7	0.000
run2_C_readers	pooled_pread	off	cold	stride	16384	250000	4	4	4	0	2048	51435	597805	1722452	49966	32067236	63866	94	0	0	100.0	0.000
run2_C_readers	pool	off	cold	stride	16384	250000	4	4	4	1	2048	6259	514505	1529670	34228	23040787	88886	31	0	0	31.2	0.000
run2_C_readers	pool_ringloop	off	cold	stride	16384	250000	4	4	4	2	2048	5838	516220	1531032	35147	24318461	84216	32	0	0	30.8	0.000
run2_C_readers	hybrid	off	cold	stride	16384	250000	4	4	4	3	2048	4838	388923	728995	26365	22838220	89674	9	0	0	30.9	0.000
run2_C_readers	uring	off	cold	stride	16384	250000	4	4	4	4	2048	24420	499894	806662	28561	23453063	87323	9	0	0	100.0	0.000
run2_C_readers	pool	off	cold	stride	16384	250000	4	4	5	0	2048	7149	519359	2028020	38205	25922763	79004	38	0	0	30.8	0.000
run2_C_readers	pool_ringloop	off	cold	stride	16384	250000	4	4	5	1	2048	4612	556691	1638397	36230	25785093	79426	36	0	0	30.6	0.000
run2_C_readers	hybrid	off	cold	stride	16384	250000	4	4	5	2	2048	5087	356101	826457	27011	22096767	92683	9	0	0	30.3	0.000
run2_C_readers	uring	off	cold	stride	16384	250000	4	4	5	3	2048	23391	474193	1095617	28155	24817041	82524	9	0	0	100.0	0.000
run2_C_readers	pooled_pread	off	cold	stride	16384	250000	4	4	5	4	2048	44597	594773	1387165	50026	29960557	68357	73	0	0	100.0	0.000
run2_C_readers	pool	off	cold	stride	16384	250000	1	16	0	0	8192	5833	13166	1081890	14323	33172974	246948	37	0	0	7.9	0.000
run2_C_readers	pool_ringloop	off	cold	stride	16384	250000	1	16	0	1	8192	5089	14451	880802	14022	30639484	267367	36	0	0	7.8	0.000
run2_C_readers	hybrid	off	cold	stride	16384	250000	1	16	0	2	8192	5309	14520	732395	12797	29761076	275259	9	0	0	8.1	0.000
run2_C_readers	uring	off	cold	stride	16384	250000	1	16	0	3	8192	6713	18525	671167	14052	29883259	274133	9	0	0	100.0	0.000
run2_C_readers	pooled_pread	off	cold	stride	16384	250000	1	16	0	4	8192	26810	282434	926995	27554	49534303	165380	124	0	0	100.0	0.000
run2_C_readers	pool_ringloop	off	cold	stride	16384	250000	1	16	1	0	8192	5411	12658	961630	13763	33262426	246284	35	0	0	8.0	0.000
run2_C_readers	hybrid	off	cold	stride	16384	250000	1	16	1	1	8192	5574	16067	841990	13084	31543556	259704	9	0	0	8.1	0.000
run2_C_readers	uring	off	cold	stride	16384	250000	1	16	1	2	8192	7003	16233	1028083	14570	32656798	250851	9	0	0	100.0	0.000
run2_C_readers	pooled_pread	off	cold	stride	16384	250000	1	16	1	3	8192	26761	276629	996917	27369	53422923	153342	103	0	0	100.0	0.000
run2_C_readers	pool	off	cold	stride	16384	250000	1	16	1	4	8192	5602	14047	805415	13790	30481090	268757	33	0	0	8.0	0.000
run2_C_readers	hybrid	off	cold	stride	16384	250000	1	16	2	0	8192	5651	18345	996963	13171	31103617	263378	9	0	0	8.2	0.000
run2_C_readers	uring	off	cold	stride	16384	250000	1	16	2	1	8192	6162	18017	893646	13510	31308500	261654	9	0	0	100.0	0.000
run2_C_readers	pooled_pread	off	cold	stride	16384	250000	1	16	2	2	8192	29304	284230	1020217	28801	52169362	157027	121	0	0	100.0	0.000
run2_C_readers	pool	off	cold	stride	16384	250000	1	16	2	3	8192	5621	13050	885318	13916	31234648	262273	35	0	0	7.8	0.000
run2_C_readers	pool_ringloop	off	cold	stride	16384	250000	1	16	2	4	8192	5601	14665	987795	14437	33151141	247111	40	0	0	8.1	0.000
run2_C_readers	uring	off	cold	stride	16384	250000	1	16	3	0	8192	6867	19268	653325	14490	29289690	279689	9	0	0	100.0	0.000
run2_C_readers	pooled_pread	off	cold	stride	16384	250000	1	16	3	1	8192	24666	273214	1212095	27827	52670061	155534	97	0	0	100.0	0.000
run2_C_readers	pool	off	cold	stride	16384	250000	1	16	3	2	8192	5582	15263	885775	14039	32297338	253643	39	0	0	7.9	0.000
run2_C_readers	pool_ringloop	off	cold	stride	16384	250000	1	16	3	3	8192	5094	10298	1068375	13690	31467625	260331	41	0	0	7.5	0.000
run2_C_readers	hybrid	off	cold	stride	16384	250000	1	16	3	4	8192	5702	15969	810127	13327	27887553	293751	9	0	0	8.1	0.000
run2_C_readers	pooled_pread	off	cold	stride	16384	250000	1	16	4	0	8192	25065	262893	1148780	27356	52440675	156215	101	0	0	100.0	0.000
run2_C_readers	pool	off	cold	stride	16384	250000	1	16	4	1	8192	5104	13526	928455	13907	32552412	251656	36	0	0	7.8	0.000
run2_C_readers	pool_ringloop	off	cold	stride	16384	250000	1	16	4	2	8192	5537	13475	1113661	13931	31947877	256418	33	0	0	8.0	0.000
run2_C_readers	hybrid	off	cold	stride	16384	250000	1	16	4	3	8192	6079	14589	669905	13517	28542241	287013	9	0	0	7.8	0.000
run2_C_readers	uring	off	cold	stride	16384	250000	1	16	4	4	8192	7330	17888	857034	14256	28804225	284403	9	0	0	100.0	0.000
run2_C_readers	pool	off	cold	stride	16384	250000	1	16	5	0	8192	5496	12400	1246380	13818	33413257	245172	33	0	0	7.8	0.000
run2_C_readers	pool_ringloop	off	cold	stride	16384	250000	1	16	5	1	8192	5133	12121	948349	13476	31869269	257050	39	0	0	7.8	0.000
run2_C_readers	hybrid	off	cold	stride	16384	250000	1	16	5	2	8192	5796	14000	663240	13120	27982398	292755	9	0	0	7.7	0.000
run2_C_readers	uring	off	cold	stride	16384	250000	1	16	5	3	8192	7022	17008	785619	14392	30412375	269364	9	0	0	100.0	0.000
run2_C_readers	pooled_pread	off	cold	stride	16384	250000	1	16	5	4	8192	24815	266009	1080767	26409	50306283	162842	97	0	0	100.0	0.000
run2_C_readers	pool	off	cold	stride	16384	250000	4	16	0	0	8192	5501	13886	8793733	16827	53187845	154020	110	0	0	8.2	0.000
run2_C_readers	pool_ringloop	off	cold	stride	16384	250000	4	16	0	1	8192	5659	15881	7157607	16018	40185378	203855	84	0	0	8.2	0.000
run2_C_readers	hybrid	off	cold	stride	16384	250000	4	16	0	2	8192	6089	18748	2386254	13785	31095509	263446	9	0	0	8.3	0.000
run2_C_readers	uring	off	cold	stride	16384	250000	4	16	0	3	8192	24207	290945	3105397	14302	29146443	281063	9	0	0	100.0	0.000
run2_C_readers	pooled_pread	off	cold	stride	16384	250000	4	16	0	4	8192	189152	1101053	3798819	31367	56101095	146022	184	0	0	100.0	0.000
run2_C_readers	pool_ringloop	off	cold	stride	16384	250000	4	16	1	0	8192	5873	14872	7024972	16845	41405853	197846	89	0	0	8.0	0.000
run2_C_readers	hybrid	off	cold	stride	16384	250000	4	16	1	1	8192	6156	18619	2742004	13997	32336015	253340	9	0	0	8.1	0.000
run2_C_readers	uring	off	cold	stride	16384	250000	4	16	1	2	8192	21917	495361	3583887	15015	29649899	276291	9	0	0	100.0	0.000
run2_C_readers	pooled_pread	off	cold	stride	16384	250000	4	16	1	3	8192	169360	932555	4978678	31504	58041404	141141	190	0	0	100.0	0.000
run2_C_readers	pool	off	cold	stride	16384	250000	4	16	1	4	8192	5596	19467	5981794	16250	35091361	233448	83	0	0	9.0	0.000
run2_C_readers	hybrid	off	cold	stride	16384	250000	4	16	2	0	8192	6170	16232	2390044	14307	32008829	255929	9	0	0	8.4	0.000
run2_C_readers	uring	off	cold	stride	16384	250000	4	16	2	1	8192	24452	387726	3763348	15697	33743199	242775	9	0	0	100.0	0.000
run2_C_readers	pooled_pread	off	cold	stride	16384	250000	4	16	2	2	8192	190958	979214	4187280	33873	56802280	144220	191	0	0	100.0	0.000
run2_C_readers	pool	off	cold	stride	16384	250000	4	16	2	3	8192	6056	13866	5177711	17201	34630008	236558	83	0	0	8.1	0.000
run2_C_readers	pool_ringloop	off	cold	stride	16384	250000	4	16	2	4	8192	5562	13391	6062008	16319	33987132	241032	75	0	0	7.9	0.000
run2_C_readers	uring	off	cold	stride	16384	250000	4	16	3	0	8192	25901	306296	3444488	15176	30141435	271785	9	0	0	100.0	0.000
run2_C_readers	pooled_pread	off	cold	stride	16384	250000	4	16	3	1	8192	173916	1251894	4256253	34179	59559599	137543	180	0	0	100.0	0.000
run2_C_readers	pool	off	cold	stride	16384	250000	4	16	3	2	8192	6109	13240	6617706	17120	35995227	227586	88	0	0	7.9	0.000
run2_C_readers	pool_ringloop	off	cold	stride	16384	250000	4	16	3	3	8192	5979	71477	4787917	18069	36891722	222055	89	0	0	9.3	0.000
run2_C_readers	hybrid	off	cold	stride	16384	250000	4	16	3	4	8192	6147	15906	2421510	14296	29247057	280097	9	0	0	8.3	0.000
run2_C_readers	pooled_pread	off	cold	stride	16384	250000	4	16	4	0	8192	175834	923241	3977119	32249	53240490	153868	170	0	0	100.0	0.000
run2_C_readers	pool	off	cold	stride	16384	250000	4	16	4	1	8192	5926	16223	6392223	17355	37463769	218665	87	0	0	8.5	0.000
run2_C_readers	pool_ringloop	off	cold	stride	16384	250000	4	16	4	2	8192	6043	18163	5153776	17369	35378405	231554	99	0	0	8.5	0.000
run2_C_readers	hybrid	off	cold	stride	16384	250000	4	16	4	3	8192	5874	16365	2442423	14392	32665936	250781	9	0	0	8.3	0.000
run2_C_readers	uring	off	cold	stride	16384	250000	4	16	4	4	8192	26178	306268	3332757	14986	28929408	283172	9	0	0	100.0	0.000
run2_C_readers	pool	off	cold	stride	16384	250000	4	16	5	0	8192	6137	20032	4558691	17157	34601260	236754	91	0	0	8.7	0.000
run2_C_readers	pool_ringloop	off	cold	stride	16384	250000	4	16	5	1	8192	5995	14271	4792523	16384	33083736	247614	76	0	0	8.0	0.000
run2_C_readers	hybrid	off	cold	stride	16384	250000	4	16	5	2	8192	6140	21716	2163789	14065	29454283	278126	9	0	0	8.8	0.000
run2_C_readers	uring	off	cold	stride	16384	250000	4	16	5	3	8192	25534	396716	3300287	14129	28582288	286611	9	0	0	100.0	0.000
run2_C_readers	pooled_pread	off	cold	stride	16384	250000	4	16	5	4	8192	163306	875591	4357226	32182	53668805	152640	168	0	0	100.0	0.000
