label	arm	prefetch	temp	shape	size	stride	depth	readers	repeat	pos	asks	p50_ns	p90_ns	p99_ns	cpu_ns_per_ask	wall_ns	asks_per_s	threads	gap_p99_ns	gap_max_ns	miss_pct	resident_pct
run1_A_stride	pool	off	cold	stride	16384	250000	1	1	0	0	512	119939	194515	379174	82374	66700962	7676	6	0	0	88.1	0.000
run1_A_stride	pool_ringloop	off	cold	stride	16384	250000	1	1	0	1	512	77372	99557	194178	76339	40544856	12628	6	0	0	87.7	0.000
run1_A_stride	hybrid	off	cold	stride	16384	250000	1	1	0	2	512	63830	74793	479364	36822	34039660	15041	5	0	0	87.9	0.000
run1_A_stride	hybrid_lazyring	off	cold	stride	16384	250000	1	1	0	3	512	62175	73721	277853	35292	33235080	15405	5	0	0	87.9	0.000
run1_A_stride	uring	off	cold	stride	16384	250000	1	1	0	4	512	62291	73116	186618	35112	33026057	15503	5	0	0	100.0	0.000
run1_A_stride	pooled_pread	off	cold	stride	16384	250000	1	1	0	5	512	108151	131247	270809	83700	57536610	8899	6	0	0	100.0	0.000
run1_A_stride	pool_ringloop	off	cold	stride	16384	250000	1	1	1	0	512	109646	123892	397424	84830	53304892	9605	6	0	0	87.9	0.000
run1_A_stride	hybrid	off	cold	stride	16384	250000	1	1	1	1	512	62439	71330	223542	35144	33399725	15329	5	0	0	87.9	0.000
run1_A_stride	hybrid_lazyring	off	cold	stride	16384	250000	1	1	1	2	512	63396	72896	261277	35823	33879431	15112	5	0	0	88.1	0.000
run1_A_stride	uring	off	cold	stride	16384	250000	1	1	1	3	512	60130	69789	156911	35115	32210370	15896	5	0	0	100.0	0.000
run1_A_stride	pooled_pread	off	cold	stride	16384	250000	1	1	1	4	512	107392	129400	238829	82907	56166212	9116	7	0	0	100.0	0.000
run1_A_stride	pool	off	cold	stride	16384	250000	1	1	1	5	512	82133	115495	236863	78905	45789141	11182	6	0	0	87.9	0.000
run1_A_stride	hybrid	off	cold	stride	16384	250000	1	1	2	0	512	60138	71570	528322	35175	33337754	15358	5	0	0	88.1	0.000
run1_A_stride	hybrid_lazyring	off	cold	stride	16384	250000	1	1	2	1	512	62430	74750	359279	37137	34393245	14887	5	0	0	87.9	0.000
run1_A_stride	uring	off	cold	stride	16384	250000	1	1	2	2	512	62000	75550	463945	35486	33437816	15312	5	0	0	100.0	0.000
run1_A_stride	pooled_pread	off	cold	stride	16384	250000	1	1	2	3	512	102274	126404	233763	83559	53797168	9517	6	0	0	100.0	0.000
run1_A_stride	pool	off	cold	stride	16384	250000	1	1	2	4	512	77293	102933	350645	75912	41439331	12355	6	0	0	88.1	0.000
run1_A_stride	pool_ringloop	off	cold	stride	16384	250000	1	1	2	5	512	81789	118733	483870	89047	46042292	11120	6	0	0	88.3	0.000
run1_A_stride	hybrid_lazyring	off	cold	stride	16384	250000	1	1	3	0	512	60336	77619	286697	40598	32909778	15558	5	0	0	87.3	0.000
run1_A_stride	uring	off	cold	stride	16384	250000	1	1	3	1	512	58222	65394	151265	35098	29824271	17167	5	0	0	100.0	0.000
run1_A_stride	pooled_pread	off	cold	stride	16384	250000	1	1	3	2	512	107071	126022	254536	82402	56820926	9011	6	0	0	100.0	0.000
run1_A_stride	pool	off	cold	stride	16384	250000	1	1	3	3	512	109353	128547	502854	84416	55064532	9298	6	0	0	88.1	0.000
run1_A_stride	pool_ringloop	off	cold	stride	16384	250000	1	1	3	4	512	78199	95819	515510	77344	40977760	12495	6	0	0	87.9	0.000
run1_A_stride	hybrid	off	cold	stride	16384	250000	1	1	3	5	512	57745	70407	130118	38560	30155954	16978	5	0	0	86.7	0.000
run1_A_stride	uring	off	cold	stride	16384	250000	1	1	4	0	512	67148	75553	190948	39749	34881634	14678	5	0	0	100.0	0.000
run1_A_stride	pooled_pread	off	cold	stride	16384	250000	1	1	4	1	512	112457	128214	194271	88430	57768844	8863	6	0	0	100.0	0.000
run1_A_stride	pool	off	cold	stride	16384	250000	1	1	4	2	512	74801	93989	463760	75527	40022176	12793	6	0	0	87.9	0.000
run1_A_stride	pool_ringloop	off	cold	stride	16384	250000	1	1	4	3	512	110134	120927	462223	80749	53779500	9520	6	0	0	87.5	0.000
run1_A_stride	hybrid	off	cold	stride	16384	250000	1	1	4	4	512	59824	71806	174522	35809	32577948	15716	5	0	0	87.3	0.000
run1_A_stride	hybrid_lazyring	off	cold	stride	16384	250000	1	1	4	5	512	62900	74440	482144	35869	34179668	14980	5	0	0	88.1	0.000
run1_A_stride	pooled_pread	off	cold	stride	16384	250000	1	1	5	0	512	107237	122766	181381	82304	54170029	9452	6	0	0	100.0	0.000
run1_A_stride	pool	off	cold	stride	16384	250000	1	1	5	1	512	76432	97637	141669	73886	37531932	13642	6	0	0	86.9	0.000
run1_A_stride	pool_ringloop	off	cold	stride	16384	250000	1	1	5	2	512	76952	115285	197243	78440	41967600	12200	6	0	0	87.9	0.000
run1_A_stride	hybrid	off	cold	stride	16384	250000	1	1	5	3	512	61709	70852	193575	35548	32806701	15607	5	0	0	87.7	0.000
run1_A_stride	hybrid_lazyring	off	cold	stride	16384	250000	1	1	5	4	512	59120	64403	293943	33694	31352509	16330	5	0	0	88.1	0.000
run1_A_stride	uring	off	cold	stride	16384	250000	1	1	5	5	512	60570	68163	218788	33828	32303617	15850	5	0	0	100.0	0.000
run1_A_stride	pool	off	cold	stride	16384	250000	2	1	0	0	512	105666	141268	633474	75574	28388171	18036	8	0	0	88.9	0.000
run1_A_stride	pool_ringloop	off	cold	stride	16384	250000	2	1	0	1	512	120370	185578	597634	87712	32232766	15884	8	0	0	89.1	0.000
run1_A_stride	hybrid	off	cold	stride	16384	250000	2	1	0	2	512	56800	86428	649505	29722	19298582	26530	5	0	0	88.7	0.000
run1_A_stride	hybrid_lazyring	off	cold	stride	16384	250000	2	1	0	3	512	57303	69016	513650	28147	17927736	28559	5	0	0	88.3	0.000
run1_A_stride	uring	off	cold	stride	16384	250000	2	1	0	4	512	56037	80595	213894	32185	18336406	27923	5	0	0	100.0	0.000
run1_A_stride	pooled_pread	off	cold	stride	16384	250000	2	1	0	5	512	122107	167007	529188	73294	34092923	15018	8	0	0	100.0	0.000
run1_A_stride	pool_ringloop	off	cold	stride	16384	250000	2	1	1	0	512	128417	189287	587878	91902	33951571	15080	10	0	0	89.3	0.000
run1_A_stride	hybrid	off	cold	stride	16384	250000	2	1	1	1	512	57825	76706	546085	28335	18144809	28217	5	0	0	88.3	0.000
run1_A_stride	hybrid_lazyring	off	cold	stride	16384	250000	2	1	1	2	512	57928	92217	597657	30065	21086342	24281	5	0	0	87.7	0.000
run1_A_stride	uring	off	cold	stride	16384	250000	2	1	1	3	512	54919	79521	175359	28200	16826315	30429	5	0	0	100.0	0.000
run1_A_stride	pooled_pread	off	cold	stride	16384	250000	2	1	1	4	512	122669	162620	733659	72819	34057246	15034	9	0	0	100.0	0.000
run1_A_stride	pool	off	cold	stride	16384	250000	2	1	1	5	512	113091	148258	674225	78161	29114951	17585	8	0	0	88.1	0.000
run1_A_stride	hybrid	off	cold	stride	16384	250000	2	1	2	0	512	58395	74998	603835	29935	18726807	27340	5	0	0	88.3	0.000
run1_A_stride	hybrid_lazyring	off	cold	stride	16384	250000	2	1	2	1	512	57785	77096	496551	30608	18807336	27223	5	0	0	87.7	0.000
run1_A_stride	uring	off	cold	stride	16384	250000	2	1	2	2	512	88549	116708	533517	40660	24163380	21189	5	0	0	100.0	0.000
run1_A_stride	pooled_pread	off	cold	stride	16384	250000	2	1	2	3	512	120449	154411	550298	69736	33022619	15505	9	0	0	100.0	0.000
run1_A_stride	pool	off	cold	stride	16384	250000	2	1	2	4	512	109680	143610	743519	70175	29076542	17609	9	0	0	88.3	0.000
run1_A_stride	pool_ringloop	off	cold	stride	16384	250000	2	1	2	5	512	109990	172402	611594	78490	30207936	16949	9	0	0	87.9	0.000
run1_A_stride	hybrid_lazyring	off	cold	stride	16384	250000	2	1	3	0	512	57108	70763	639880	27367	16804527	30468	5	0	0	88.3	0.000
run1_A_stride	uring	off	cold	stride	16384	250000	2	1	3	1	512	57661	77958	618348	28480	17317052	29566	5	0	0	100.0	0.000
run1_A_stride	pooled_pread	off	cold	stride	16384	250000	2	1	3	2	512	119180	150386	214687	70310	30261578	16919	9	0	0	100.0	0.000
run1_A_stride	pool	off	cold	stride	16384	250000	2	1	3	3	512	113129	150297	588003	72187	29630979	17279	9	0	0	89.3	0.000
run1_A_stride	pool_ringloop	off	cold	stride	16384	250000	2	1	3	4	512	122916	187187	698973	87169	33626870	15226	8	0	0	88.7	0.000
run1_A_stride	hybrid	off	cold	stride	16384	250000	2	1	3	5	512	58740	81076	370167	28701	18528829	27633	5	0	0	88.1	0.000
run1_A_stride	uring	off	cold	stride	16384	250000	2	1	4	0	512	61575	84842	281703	31176	17788668	28782	5	0	0	100.0	0.000
run1_A_stride	pooled_pread	off	cold	stride	16384	250000	2	1	4	1	512	130906	168964	549872	75701	35096952	14588	9	0	0	100.0	0.000
run1_A_stride	pool	off	cold	stride	16384	250000	2	1	4	2	512	124630	173164	603184	86037	33581633	15246	8	0	0	89.1	0.000
run1_A_stride	pool_ringloop	off	cold	stride	16384	250000	2	1	4	3	512	130151	190651	830443	95864	35238405	14530	8	0	0	88.3	0.000
run1_A_stride	hybrid	off	cold	stride	16384	250000	2	1	4	4	512	56178	77810	177132	28817	18370017	27872	5	0	0	87.3	0.000
run1_A_stride	hybrid_lazyring	off	cold	stride	16384	250000	2	1	4	5	512	58966	87606	500546	27498	20038628	25551	5	0	0	88.5	0.000
run1_A_stride	pooled_pread	off	cold	stride	16384	250000	2	1	5	0	512	123302	163418	481170	75242	33589560	15243	10	0	0	100.0	0.000
run1_A_stride	pool	off	cold	stride	16384	250000	2	1	5	1	512	110147	151382	567071	75632	29877776	17136	8	0	0	88.9	0.000
run1_A_stride	pool_ringloop	off	cold	stride	16384	250000	2	1	5	2	512	122675	173997	598679	86782	32562050	15724	9	0	0	88.7	0.000
run1_A_stride	hybrid	off	cold	stride	16384	250000	2	1	5	3	512	57697	75067	515351	27152	17909624	28588	5	0	0	88.7	0.000
run1_A_stride	hybrid_lazyring	off	cold	stride	16384	250000	2	1	5	4	512	58430	72348	611927	28756	18431312	27779	5	0	0	88.7	0.000
run1_A_stride	uring	off	cold	stride	16384	250000	2	1	5	5	512	65259	97154	567698	27557	19733472	25946	5	0	0	100.0	0.000
run1_A_stride	pool	off	cold	stride	16384	250000	4	1	0	0	512	139587	228337	773282	64621	20811676	24602	12	0	0	91.2	0.000
run1_A_stride	pool_ringloop	off	cold	stride	16384	250000	4	1	0	1	512	179926	268977	691448	75409	24634518	20784	11	0	0	90.6	0.000
run1_A_stride	hybrid	off	cold	stride	16384	250000	4	1	0	2	512	83068	135291	557343	25839	17283698	29623	5	0	0	89.8	0.000
run1_A_stride	hybrid_lazyring	off	cold	stride	16384	250000	4	1	0	3	512	74575	109702	159304	20570	13688747	37403	5	0	0	87.3	0.000
run1_A_stride	uring	off	cold	stride	16384	250000	4	1	0	4	512	107425	181962	620692	16132	17219755	29733	5	0	0	100.0	0.000
run1_A_stride	pooled_pread	off	cold	stride	16384	250000	4	1	0	5	512	169296	276349	759960	64680	24833362	20617	13	0	0	100.0	0.000
run1_A_stride	pool_ringloop	off	cold	stride	16384	250000	4	1	1	0	512	191087	323073	877829	85968	27381610	18699	10	0	0	89.6	0.000
run1_A_stride	hybrid	off	cold	stride	16384	250000	4	1	1	1	512	99332	156503	871896	35100	22987184	22273	5	0	0	89.5	0.000
run1_A_stride	hybrid_lazyring	off	cold	stride	16384	250000	4	1	1	2	512	103274	186845	674981	36462	22839342	22417	5	0	0	89.5	0.000
run1_A_stride	uring	off	cold	stride	16384	250000	4	1	1	3	512	134046	166810	741827	18006	19825426	25825	5	0	0	100.0	0.000
run1_A_stride	pooled_pread	off	cold	stride	16384	250000	4	1	1	4	512	201187	296910	852334	78909	28661209	17864	13	0	0	100.0	0.000
run1_A_stride	pool	off	cold	stride	16384	250000	4	1	1	5	512	177767	296534	1194966	77771	27191116	18830	12	0	0	89.8	0.000
run1_A_stride	hybrid	off	cold	stride	16384	250000	4	1	2	0	512	97630	153043	679073	31845	20585893	24871	5	0	0	89.3	0.000
run1_A_stride	hybrid_lazyring	off	cold	stride	16384	250000	4	1	2	1	512	94684	145905	790417	30160	19030191	26905	5	0	0	89.6	0.000
run1_A_stride	uring	off	cold	stride	16384	250000	4	1	2	2	512	125299	159603	744773	17021	18326071	27938	5	0	0	100.0	0.000
run1_A_stride	pooled_pread	off	cold	stride	16384	250000	4	1	2	3	512	173385	280626	768496	74265	25492033	20085	18	0	0	100.0	0.000
run1_A_stride	pool	off	cold	stride	16384	250000	4	1	2	4	512	138757	227896	758808	63640	21201620	24149	12	0	0	91.2	0.000
run1_A_stride	pool_ringloop	off	cold	stride	16384	250000	4	1	2	5	512	184140	283374	754283	80433	25117653	20384	12	0	0	91.0	0.000
run1_A_stride	hybrid_lazyring	off	cold	stride	16384	250000	4	1	3	0	512	81540	120332	566310	25888	16231176	31544	5	0	0	89.6	0.000
run1_A_stride	uring	off	cold	stride	16384	250000	4	1	3	1	512	116071	158698	559468	16209	17424787	29383	5	0	0	100.0	0.000
run1_A_stride	pooled_pread	off	cold	stride	16384	250000	4	1	3	2	512	140828	219760	734168	63258	20578492	24880	13	0	0	100.0	0.000
run1_A_stride	pool	off	cold	stride	16384	250000	4	1	3	3	512	142580	246486	743543	64374	21487305	23828	12	0	0	89.5	0.000
run1_A_stride	pool_ringloop	off	cold	stride	16384	250000	4	1	3	4	512	200474	281729	663639	88482	26084964	19628	11	0	0	90.0	0.000
run1_A_stride	hybrid	off	cold	stride	16384	250000	4	1	3	5	512	101807	157040	205395	32491	18586140	27547	5	0	0	87.5	0.000
run1_A_stride	uring	off	cold	stride	16384	250000	4	1	4	0	512	126255	168328	584677	15842	18061420	28348	5	0	0	100.0	0.000
run1_A_stride	pooled_pread	off	cold	stride	16384	250000	4	1	4	1	512	152565	243527	680587	62732	22043120	23227	16	0	0	100.0	0.000
run1_A_stride	pool	off	cold	stride	16384	250000	4	1	4	2	512	139990	226019	733159	64244	20493486	24984	12	0	0	89.8	0.000
run1_A_stride	pool_ringloop	off	cold	stride	16384	250000	4	1	4	3	512	191887	323616	717624	84330	26488978	19329	11	0	0	89.1	0.000
run1_A_stride	hybrid	off	cold	stride	16384	250000	4	1	4	4	512	83026	132832	570633	26053	17068983	29996	5	0	0	89.6	0.000
run1_A_stride	hybrid_lazyring	off	cold	stride	16384	250000	4	1	4	5	512	88931	139103	742374	28949	17473600	29301	5	0	0	88.9	0.000
run1_A_stride	pooled_pread	off	cold	stride	16384	250000	4	1	5	0	512	156403	249519	592508	70032	22698226	22557	17	0	0	100.0	0.000
run1_A_stride	pool	off	cold	stride	16384	250000	4	1	5	1	512	150591	215990	885688	60627	20816250	24596	12	0	0	90.4	0.000
run1_A_stride	pool_ringloop	off	cold	stride	16384	250000	4	1	5	2	512	182088	280011	752747	79060	25026286	20458	12	0	0	90.8	0.000
run1_A_stride	hybrid	off	cold	stride	16384	250000	4	1	5	3	512	81263	118567	563939	25281	15919221	32162	5	0	0	89.5	0.000
run1_A_stride	hybrid_lazyring	off	cold	stride	16384	250000	4	1	5	4	512	81980	115925	546228	25462	16237350	31532	5	0	0	88.9	0.000
run1_A_stride	uring	off	cold	stride	16384	250000	4	1	5	5	512	110728	151578	559174	15353	16823835	30433	5	0	0	100.0	0.000
run1_A_stride	pool	off	cold	stride	16384	250000	8	1	0	0	512	174736	392700	1307416	54743	15078471	33956	17	0	0	90.8	0.000
run1_A_stride	pool_ringloop	off	cold	stride	16384	250000	8	1	0	1	512	260533	507834	1146840	69185	19088405	26823	16	0	0	89.8	0.000
run1_A_stride	hybrid	off	cold	stride	16384	250000	8	1	0	2	512	102272	146253	621291	14484	11725686	43665	5	0	0	89.3	0.000
run1_A_stride	hybrid_lazyring	off	cold	stride	16384	250000	8	1	0	3	512	127805	225801	1520716	18687	15954374	32092	5	0	0	92.0	0.000
run1_A_stride	uring	off	cold	stride	16384	250000	8	1	0	4	512	167678	268353	1053078	12704	13431968	38118	5	0	0	100.0	0.000
run1_A_stride	pooled_pread	off	cold	stride	16384	250000	8	1	0	5	512	202417	330446	1240658	57413	15436767	33168	30	0	0	100.0	0.000
run1_A_stride	pool_ringloop	off	cold	stride	16384	250000	8	1	1	0	512	367562	629012	1339271	80558	25251811	20276	18	0	0	89.6	0.000
run1_A_stride	hybrid	off	cold	stride	16384	250000	8	1	1	1	512	125718	298441	1122459	22963	15964687	32071	5	0	0	91.8	0.000
run1_A_stride	hybrid_lazyring	off	cold	stride	16384	250000	8	1	1	2	512	122498	217185	1200732	24819	15368290	33315	5	0	0	92.2	0.000
run1_A_stride	uring	off	cold	stride	16384	250000	8	1	1	3	512	156622	237504	1140963	12113	13261467	38608	5	0	0	100.0	0.000
run1_A_stride	pooled_pread	off	cold	stride	16384	250000	8	1	1	4	512	202927	386379	1223377	58535	16183724	31637	19	0	0	100.0	0.000
run1_A_stride	pool	off	cold	stride	16384	250000	8	1	1	5	512	227287	363765	1690061	60766	17131307	29887	20	0	0	91.6	0.000
run1_A_stride	hybrid	off	cold	stride	16384	250000	8	1	2	0	512	118419	221186	1499736	21752	16284628	31441	5	0	0	92.2	0.000
run1_A_stride	hybrid_lazyring	off	cold	stride	16384	250000	8	1	2	1	512	124294	227003	1196933	22730	15703254	32605	5	0	0	92.4	0.000
run1_A_stride	uring	off	cold	stride	16384	250000	8	1	2	2	512	212909	356425	1261726	14276	17103328	29936	5	0	0	100.0	0.000
run1_A_stride	pooled_pread	off	cold	stride	16384	250000	8	1	2	3	512	183546	339916	1612848	58336	14922152	34311	20	0	0	100.0	0.000
run1_A_stride	pool	off	cold	stride	16384	250000	8	1	2	4	512	205226	392997	1414840	59336	16774321	30523	19	0	0	92.4	0.000
run1_A_stride	pool_ringloop	off	cold	stride	16384	250000	8	1	2	5	512	358137	633401	1545838	84898	25899019	19769	14	0	0	89.8	0.000
run1_A_stride	hybrid_lazyring	off	cold	stride	16384	250000	8	1	3	0	512	171330	304117	1151781	35219	20549940	24915	5	0	0	90.4	0.000
run1_A_stride	uring	off	cold	stride	16384	250000	8	1	3	1	512	243023	329353	1256203	18188	18016190	28419	5	0	0	100.0	0.000
run1_A_stride	pooled_pread	off	cold	stride	16384	250000	8	1	3	2	512	197934	376986	1210055	57447	15904175	32193	20	0	0	100.0	0.000
run1_A_stride	pool	off	cold	stride	16384	250000	8	1	3	3	512	207977	442716	1262555	59428	17015823	30090	19	0	0	91.2	0.000
run1_A_stride	pool_ringloop	off	cold	stride	16384	250000	8	1	3	4	512	256492	455514	1836865	70720	18650849	27452	16	0	0	87.5	0.000
run1_A_stride	hybrid	off	cold	stride	16384	250000	8	1	3	5	512	118337	212594	1066024	20214	14286234	35839	5	0	0	91.0	0.000
run1_A_stride	uring	off	cold	stride	16384	250000	8	1	4	0	512	183437	247215	858163	12240	12964894	39491	5	0	0	100.0	0.000
run1_A_stride	pooled_pread	off	cold	stride	16384	250000	8	1	4	1	512	228170	473173	1253073	66723	18258462	28042	23	0	0	100.0	0.000
run1_A_stride	pool	off	cold	stride	16384	250000	8	1	4	2	512	213471	402333	1408898	59572	17299692	29596	18	0	0	92.4	0.000
run1_A_stride	pool_ringloop	off	cold	stride	16384	250000	8	1	4	3	512	273385	427674	1187283	65958	19383782	26414	14	0	0	89.5	0.000
run1_A_stride	hybrid	off	cold	stride	16384	250000	8	1	4	4	512	115234	210912	1070926	21145	14459790	35409	5	0	0	92.2	0.000
run1_A_stride	hybrid_lazyring	off	cold	stride	16384	250000	8	1	4	5	512	127120	209463	1080792	23803	15068130	33979	5	0	0	91.8	0.000
run1_A_stride	pooled_pread	off	cold	stride	16384	250000	8	1	5	0	512	182643	343220	1189990	52397	14895301	34373	22	0	0	100.0	0.000
run1_A_stride	pool	off	cold	stride	16384	250000	8	1	5	1	512	179886	325275	1369603	50683	14530510	35236	17	0	0	92.4	0.000
run1_A_stride	pool_ringloop	off	cold	stride	16384	250000	8	1	5	2	512	289218	476609	1123578	69735	20175439	25377	15	0	0	89.5	0.000
run1_A_stride	hybrid	off	cold	stride	16384	250000	8	1	5	3	512	120453	227240	1180254	23226	15493163	33047	5	0	0	92.6	0.000
run1_A_stride	hybrid_lazyring	off	cold	stride	16384	250000	8	1	5	4	512	118551	166967	1164368	14482	12780030	40063	5	0	0	91.8	0.000
run1_A_stride	uring	off	cold	stride	16384	250000	8	1	5	5	512	160615	208951	1237986	12697	11652426	43939	5	0	0	100.0	0.000
run1_A_stride	pool	off	cold	stride	16384	250000	16	1	0	0	512	258618	602904	1503713	49749	10792447	47441	27	0	0	91.4	0.000
run1_A_stride	pool_ringloop	off	cold	stride	16384	250000	16	1	0	1	512	412368	868204	1769085	62036	15429686	33183	28	0	0	91.6	0.000
run1_A_stride	hybrid	off	cold	stride	16384	250000	16	1	0	2	512	204158	284807	1497566	12950	10512452	48704	5	0	0	92.0	0.000
run1_A_stride	hybrid_lazyring	off	cold	stride	16384	250000	16	1	0	3	512	215253	281267	1725240	13185	11295976	45326	5	0	0	92.8	0.000
run1_A_stride	uring	off	cold	stride	16384	250000	16	1	0	4	512	350637	406745	1744113	10999	12975636	39459	5	0	0	100.0	0.000
run1_A_stride	pooled_pread	off	cold	stride	16384	250000	16	1	0	5	512	262363	571379	2088625	48001	11729883	43649	41	0	0	100.0	0.000
run1_A_stride	pool_ringloop	off	cold	stride	16384	250000	16	1	1	0	512	398135	824961	1847966	59894	15999476	32001	28	0	0	91.8	0.000
run1_A_stride	hybrid	off	cold	stride	16384	250000	16	1	1	1	512	228506	484237	2068383	18724	13872637	36907	5	0	0	92.6	0.000
run1_A_stride	hybrid_lazyring	off	cold	stride	16384	250000	16	1	1	2	512	190785	338524	1347505	17163	11443553	44741	5	0	0	91.2	0.000
run1_A_stride	uring	off	cold	stride	16384	250000	16	1	1	3	512	292998	669333	2241640	10778	12822035	39931	5	0	0	100.0	0.000
run1_A_stride	pooled_pread	off	cold	stride	16384	250000	16	1	1	4	512	282357	578992	1624302	47890	11711115	43719	48	0	0	100.0	0.000
run1_A_stride	pool	off	cold	stride	16384	250000	16	1	1	5	512	286235	643162	2066505	56575	12558300	40770	27	0	0	91.8	0.000
run1_A_stride	hybrid	off	cold	stride	16384	250000	16	1	2	0	512	185757	412468	2267029	19426	13374244	38283	5	0	0	92.4	0.000
run1_A_stride	hybrid_lazyring	off	cold	stride	16384	250000	16	1	2	1	512	198091	363482	2240622	16062	12917111	39637	5	0	0	92.4	0.000
run1_A_stride	uring	off	cold	stride	16384	250000	16	1	2	2	512	334704	395311	1814014	10585	12791065	40028	5	0	0	100.0	0.000
run1_A_stride	pooled_pread	off	cold	stride	16384	250000	16	1	2	3	512	349454	703778	2259587	48447	13933980	36745	28	0	0	100.0	0.000
run1_A_stride	pool	off	cold	stride	16384	250000	16	1	2	4	512	396718	674753	2296837	61225	15634024	32749	29	0	0	92.6	0.000
run1_A_stride	pool_ringloop	off	cold	stride	16384	250000	16	1	2	5	512	773738	1312321	2904713	93781	26675783	19193	32	0	0	90.0	0.000
run1_A_stride	hybrid_lazyring	off	cold	stride	16384	250000	16	1	3	0	512	229944	484105	2414568	25086	16101138	31799	5	0	0	92.4	0.000
run1_A_stride	uring	off	cold	stride	16384	250000	16	1	3	1	512	311237	374454	2200787	10796	12445335	41140	5	0	0	100.0	0.000
run1_A_stride	pooled_pread	off	cold	stride	16384	250000	16	1	3	2	512	325504	601714	2098346	44551	12932643	39590	29	0	0	100.0	0.000
run1_A_stride	pool	off	cold	stride	16384	250000	16	1	3	3	512	292735	665742	2282202	49500	13067345	39182	28	0	0	92.4	0.000
run1_A_stride	pool_ringloop	off	cold	stride	16384	250000	16	1	3	4	512	556583	1179017	2489604	67476	20533515	24935	25	0	0	89.3	0.000
run1_A_stride	hybrid	off	cold	stride	16384	250000	16	1	3	5	512	202761	372774	2427259	16292	13235703	38683	5	0	0	92.6	0.000
run1_A_stride	uring	off	cold	stride	16384	250000	16	1	4	0	512	309132	464106	2314126	10879	12745841	40170	5	0	0	100.0	0.000
run1_A_stride	pooled_pread	off	cold	stride	16384	250000	16	1	4	1	512	306465	793460	2124591	52822	14287486	35836	62	0	0	100.0	0.000
run1_A_stride	pool	off	cold	stride	16384	250000	16	1	4	2	512	303952	756753	2400229	54755	14078304	36368	32	0	0	92.4	0.000
run1_A_stride	pool_ringloop	off	cold	stride	16384	250000	16	1	4	3	512	592740	990390	2424059	75396	21152945	24205	28	0	0	91.4	0.000
run1_A_stride	hybrid	off	cold	stride	16384	250000	16	1	4	4	512	208638	378278	2557553	17912	13898833	36838	5	0	0	92.8	0.000
run1_A_stride	hybrid_lazyring	off	cold	stride	16384	250000	16	1	4	5	512	227306	439984	2269854	20295	14612753	35038	5	0	0	91.8	0.000
run1_A_stride	pooled_pread	off	cold	stride	16384	250000	16	1	5	0	512	347087	625226	2204938	50352	14261807	35900	32	0	0	100.0	0.000
run1_A_stride	pool	off	cold	stride	16384	250000	16	1	5	1	512	300365	638467	2509488	51859	13145704	38948	26	0	0	92.6	0.000
run1_A_stride	pool_ringloop	off	cold	stride	16384	250000	16	1	5	2	512	602105	879960	2301497	66473	19965796	25644	24	0	0	90.2	0.000
run1_A_stride	hybrid	off	cold	stride	16384	250000	16	1	5	3	512	194873	417315	1915280	20267	13912256	36802	5	0	0	92.4	0.000
run1_A_stride	hybrid_lazyring	off	cold	stride	16384	250000	16	1	5	4	512	196809	446193	1835867	20801	13987681	36604	5	0	0	91.8	0.000
run1_A_stride	uring	off	cold	stride	16384	250000	16	1	5	5	512	302092	366652	2120670	10021	12029717	42561	5	0	0	100.0	0.000
run1_A_stride	pool	off	cold	stride	16384	250000	32	1	0	0	512	564618	1354899	2805740	51225	12084419	42369	45	0	0	92.6	0.000
run1_A_stride	pool_ringloop	off	cold	stride	16384	250000	32	1	0	1	512	1481468	1828720	4128374	75839	22099833	23168	42	0	0	89.5	0.000
run1_A_stride	hybrid	off	cold	stride	16384	250000	32	1	0	2	512	366925	872793	2569075	20022	13090560	39112	5	0	0	91.8	0.000
run1_A_stride	hybrid_lazyring	off	cold	stride	16384	250000	32	1	0	3	512	353341	779190	2249187	19523	12361372	41419	5	0	0	90.6	0.000
run1_A_stride	uring	off	cold	stride	16384	250000	32	1	0	4	512	589627	641986	2971487	10135	11277734	45399	5	0	0	100.0	0.000
run1_A_stride	pooled_pread	off	cold	stride	16384	250000	32	1	0	5	512	498520	1425139	2283749	50660	11840008	43243	86	0	0	100.0	0.000
run1_A_stride	pool_ringloop	off	cold	stride	16384	250000	32	1	1	0	512	983867	1681903	3588137	58624	16660986	30730	48	0	0	90.0	0.000
run1_A_stride	hybrid	off	cold	stride	16384	250000	32	1	1	1	512	420248	937784	3256225	24250	15408080	33229	5	0	0	92.8	0.000
run1_A_stride	hybrid_lazyring	off	cold	stride	16384	250000	32	1	1	2	512	395893	857681	2562277	16403	11891454	43056	5	0	0	92.6	0.000
run1_A_stride	uring	off	cold	stride	16384	250000	32	1	1	3	512	624131	833986	4709529	12600	13767107	37190	5	0	0	100.0	0.000
run1_A_stride	pooled_pread	off	cold	stride	16384	250000	32	1	1	4	512	497200	1530045	2713485	50260	12049205	42492	90	0	0	100.0	0.000
run1_A_stride	pool	off	cold	stride	16384	250000	32	1	1	5	512	580781	1371541	3128549	52271	13077086	39152	47	0	0	92.4	0.000
run1_A_stride	hybrid	off	cold	stride	16384	250000	32	1	2	0	512	303507	737629	2823154	15766	11314943	45250	5	0	0	92.8	0.000
run1_A_stride	hybrid_lazyring	off	cold	stride	16384	250000	32	1	2	1	512	303336	535498	3040126	12825	10189870	50246	5	0	0	92.0	0.000
run1_A_stride	uring	off	cold	stride	16384	250000	32	1	2	2	512	595871	678709	3094227	9417	11661356	43906	5	0	0	100.0	0.000
run1_A_stride	pooled_pread	off	cold	stride	16384	250000	32	1	2	3	512	551236	1266553	2358860	47741	12145017	42157	66	0	0	100.0	0.000
run1_A_stride	pool	off	cold	stride	16384	250000	32	1	2	4	512	483997	1311527	2597261	48179	11496791	44534	51	0	0	92.4	0.000
run1_A_stride	pool_ringloop	off	cold	stride	16384	250000	32	1	2	5	512	1287184	2044952	3797197	64389	20305208	25215	43	0	0	89.5	0.000
run1_A_stride	hybrid_lazyring	off	cold	stride	16384	250000	32	1	3	0	512	357837	521707	2503150	14470	10454656	48973	5	0	0	91.2	0.000
run1_A_stride	uring	off	cold	stride	16384	250000	32	1	3	1	512	554410	713570	3340196	10063	11474261	44622	5	0	0	100.0	0.000
run1_A_stride	pooled_pread	off	cold	stride	16384	250000	32	1	3	2	512	469731	1423515	3389264	48732	11552914	44318	67	0	0	100.0	0.000
run1_A_stride	pool	off	cold	stride	16384	250000	32	1	3	3	512	480199	1510336	2455200	54712	11145816	45937	49	0	0	92.6	0.000
run1_A_stride	pool_ringloop	off	cold	stride	16384	250000	32	1	3	4	512	753483	1633958	3403023	52234	15334265	33389	38	0	0	91.6	0.000
run1_A_stride	hybrid	off	cold	stride	16384	250000	32	1	3	5	512	372843	843896	2669595	17581	12241648	41824	5	0	0	92.0	0.000
run1_A_stride	uring	off	cold	stride	16384	250000	32	1	4	0	512	626307	715611	3178965	10490	12109634	42280	5	0	0	100.0	0.000
run1_A_stride	pooled_pread	off	cold	stride	16384	250000	32	1	4	1	512	560109	1036564	2471143	47192	11209872	45674	60	0	0	100.0	0.000
run1_A_stride	pool	off	cold	stride	16384	250000	32	1	4	2	512	513418	1296840	2377424	49433	11264303	45453	46	0	0	92.0	0.000
run1_A_stride	pool_ringloop	off	cold	stride	16384	250000	32	1	4	3	512	1004956	1715265	3252040	68206	17294828	29604	52	0	0	91.8	0.000
run1_A_stride	hybrid	off	cold	stride	16384	250000	32	1	4	4	512	453121	1047606	2773652	22689	14756735	34696	5	0	0	91.6	0.000
run1_A_stride	hybrid_lazyring	off	cold	stride	16384	250000	32	1	4	5	512	560899	1189130	4730058	30872	19592019	26133	5	0	0	92.4	0.000
run1_A_stride	pooled_pread	off	cold	stride	16384	250000	32	1	5	0	512	500814	1188312	2262273	49439	11160763	45875	63	0	0	100.0	0.000
run1_A_stride	pool	off	cold	stride	16384	250000	32	1	5	1	512	520942	1314783	2908531	53445	11333366	45176	44	0	0	92.6	0.000
run1_A_stride	pool_ringloop	off	cold	stride	16384	250000	32	1	5	2	512	1052450	1877818	3814370	65318	18992239	26958	38	0	0	92.2	0.000
run1_A_stride	hybrid	off	cold	stride	16384	250000	32	1	5	3	512	418129	646611	3422920	12601	11940108	42881	5	0	0	92.6	0.000
run1_A_stride	hybrid_lazyring	off	cold	stride	16384	250000	32	1	5	4	512	371404	568475	3295007	12761	11055066	46314	5	0	0	91.8	0.000
run1_A_stride	uring	off	cold	stride	16384	250000	32	1	5	5	512	605726	836433	3375837	10804	12660822	40440	5	0	0	100.0	0.000
run1_A_stride	pool	off	cold	stride	16384	250000	64	1	0	0	512	1009909	1823951	3159010	52530	10659950	48030	66	0	0	92.6	0.000
run1_A_stride	pool_ringloop	off	cold	stride	16384	250000	64	1	0	1	512	1723898	4583396	6858887	63488	17163027	29832	74	0	0	91.0	0.000
run1_A_stride	hybrid	off	cold	stride	16384	250000	64	1	0	2	512	534651	2447542	3384977	12052	8722446	58699	5	0	0	91.8	0.000
run1_A_stride	hybrid_lazyring	off	cold	stride	16384	250000	64	1	0	3	512	559098	2490134	3180854	20279	11708188	43730	5	0	0	91.0	0.000
run1_A_stride	uring	off	cold	stride	16384	250000	64	1	0	4	512	849673	1669092	3107926	14752	9513515	53818	5	0	0	100.0	0.000
run1_A_stride	pooled_pread	off	cold	stride	16384	250000	64	1	0	5	512	921638	2219554	3454493	58633	11898031	43032	94	0	0	100.0	0.000
run1_A_stride	pool_ringloop	off	cold	stride	16384	250000	64	1	1	0	512	1822977	4087269	6021890	63324	16609237	30826	71	0	0	92.6	0.000
run1_A_stride	hybrid	off	cold	stride	16384	250000	64	1	1	1	512	538279	2868973	3541694	10602	8958668	57151	5	0	0	91.4	0.000
run1_A_stride	hybrid_lazyring	off	cold	stride	16384	250000	64	1	1	2	512	617699	2470253	3000909	15283	10196599	50213	5	0	0	91.2	0.000
run1_A_stride	uring	off	cold	stride	16384	250000	64	1	1	3	512	758688	3197888	4102678	10162	9411926	54399	5	0	0	100.0	0.000
run1_A_stride	pooled_pread	off	cold	stride	16384	250000	64	1	1	4	512	834340	2666780	5262382	56916	11796462	43403	106	0	0	100.0	0.000
run1_A_stride	pool	off	cold	stride	16384	250000	64	1	1	5	512	878549	2553067	4632610	53089	11862399	43162	71	0	0	92.6	0.000
run1_A_stride	hybrid	off	cold	stride	16384	250000	64	1	2	0	512	726408	2652841	2957468	13565	9418768	54360	5	0	0	91.6	0.000
run1_A_stride	hybrid_lazyring	off	cold	stride	16384	250000	64	1	2	1	512	745677	2812105	3309192	11787	9612150	53266	5	0	0	91.2	0.000
run1_A_stride	uring	off	cold	stride	16384	250000	64	1	2	2	512	808084	3496697	4071158	11334	9410762	54406	5	0	0	100.0	0.000
run1_A_stride	pooled_pread	off	cold	stride	16384	250000	64	1	2	3	512	863232	2781505	4509660	57251	12511522	40922	104	0	0	100.0	0.000
run1_A_stride	pool	off	cold	stride	16384	250000	64	1	2	4	512	809567	2207348	4123388	53203	11286505	45364	75	0	0	92.8	0.000
run1_A_stride	pool_ringloop	off	cold	stride	16384	250000	64	1	2	5	512	1522201	4770791	6221301	62769	15854864	32293	65	0	0	91.6	0.000
run1_A_stride	hybrid_lazyring	off	cold	stride	16384	250000	64	1	3	0	512	726980	2876572	3164169	12855	9650507	53054	5	0	0	91.8	0.000
run1_A_stride	uring	off	cold	stride	16384	250000	64	1	3	1	512	777732	2510110	2995516	11380	8443694	60637	5	0	0	100.0	0.000
run1_A_stride	pooled_pread	off	cold	stride	16384	250000	64	1	3	2	512	1040700	2617489	5255209	62529	13072200	39167	118	0	0	100.0	0.000
run1_A_stride	pool	off	cold	stride	16384	250000	64	1	3	3	512	1105130	2049224	3459240	54806	12626255	40550	49	0	0	92.0	0.000
run1_A_stride	pool_ringloop	off	cold	stride	16384	250000	64	1	3	4	512	2523661	4431552	5586168	76621	21010636	24369	66	0	0	92.0	0.000
run1_A_stride	hybrid	off	cold	stride	16384	250000	64	1	3	5	512	578037	2624149	3209158	17884	11616831	44074	5	0	0	91.0	0.000
run1_A_stride	uring	off	cold	stride	16384	250000	64	1	4	0	512	746648	2535498	3916293	11017	9004317	56862	5	0	0	100.0	0.000
run1_A_stride	pooled_pread	off	cold	stride	16384	250000	64	1	4	1	512	825868	2307464	3297060	58215	11938415	42887	103	0	0	100.0	0.000
run1_A_stride	pool	off	cold	stride	16384	250000	64	1	4	2	512	978754	2438229	3760110	59407	12955184	39521	70	0	0	92.8	0.000
run1_A_stride	pool_ringloop	off	cold	stride	16384	250000	64	1	4	3	512	1291660	4043936	4292849	49137	13485328	37967	66	0	0	91.8	0.000
run1_A_stride	hybrid	off	cold	stride	16384	250000	64	1	4	4	512	584179	2793321	3669310	12559	9253437	55331	5	0	0	91.8	0.000
run1_A_stride	hybrid_lazyring	off	cold	stride	16384	250000	64	1	4	5	512	577452	2537983	3659868	14504	10395320	49253	5	0	0	92.8	0.000
run1_A_stride	pooled_pread	off	cold	stride	16384	250000	64	1	5	0	512	909059	2242117	3409210	53817	10688345	47903	101	0	0	100.0	0.000
run1_A_stride	pool	off	cold	stride	16384	250000	64	1	5	1	512	765542	1850094	2967592	49596	9974259	51332	70	0	0	92.8	0.000
run1_A_stride	pool_ringloop	off	cold	stride	16384	250000	64	1	5	2	512	1965564	3878526	4304598	59263	16113867	31774	65	0	0	92.0	0.000
run1_A_stride	hybrid	off	cold	stride	16384	250000	64	1	5	3	512	600825	3305060	3934300	14197	10594753	48326	5	0	0	91.8	0.000
run1_A_stride	hybrid_lazyring	off	cold	stride	16384	250000	64	1	5	4	512	595377	2835311	3383502	16996	11277576	45400	5	0	0	91.8	0.000
run1_A_stride	uring	off	cold	stride	16384	250000	64	1	5	5	512	847403	2892778	3189755	11476	9631195	53161	5	0	0	100.0	0.000
run1_A_stride	pool	off	warm	stride	16384	250000	1	1	0	0	512	1687	2324	3161	2367	1083577	472509	5	0	0	0.0	0.000
run1_A_stride	pool_ringloop	off	warm	stride	16384	250000	1	1	0	1	512	1193	1432	1939	1790	841146	608693	5	0	0	0.0	0.000
run1_A_stride	hybrid	off	warm	stride	16384	250000	1	1	0	2	512	1233	1486	1719	2000	898396	569905	5	0	0	0.0	0.000
run1_A_stride	hybrid_lazyring	off	warm	stride	16384	250000	1	1	0	3	512	1231	1498	6877	1828	855885	598211	5	0	0	0.0	0.000
run1_A_stride	uring	off	warm	stride	16384	250000	1	1	0	4	512	2886	15019	26221	8767	3718682	137683	5	0	0	100.0	0.000
run1_A_stride	pooled_pread	off	warm	stride	16384	250000	1	1	0	5	512	51348	61687	99214	60267	28271791	18110	6	0	0	100.0	0.000
run1_A_stride	pool_ringloop	off	warm	stride	16384	250000	1	1	1	0	512	2166	3006	7515	3024	1404117	364642	5	0	0	0.0	0.000
run1_A_stride	hybrid	off	warm	stride	16384	250000	1	1	1	1	512	1274	1600	2527	2198	1044444	490213	5	0	0	0.0	0.000
run1_A_stride	hybrid_lazyring	off	warm	stride	16384	250000	1	1	1	2	512	1184	1432	2495	1746	798041	641571	5	0	0	0.0	0.000
run1_A_stride	uring	off	warm	stride	16384	250000	1	1	1	3	512	2968	15170	21106	9086	3852315	132907	5	0	0	100.0	0.000
run1_A_stride	pooled_pread	off	warm	stride	16384	250000	1	1	1	4	512	57688	68633	123078	64651	30656452	16701	6	0	0	100.0	0.000
run1_A_stride	pool	off	warm	stride	16384	250000	1	1	1	5	512	2352	3169	8846	3602	1537102	333094	5	0	0	0.0	0.000
run1_A_stride	hybrid	off	warm	stride	16384	250000	1	1	2	0	512	1554	1749	2172	2163	1032837	495722	5	0	0	0.0	0.000
run1_A_stride	hybrid_lazyring	off	warm	stride	16384	250000	1	1	2	1	512	1525	1896	8099	2112	1013327	505266	5	0	0	0.0	0.000
run1_A_stride	uring	off	warm	stride	16384	250000	1	1	2	2	512	19858	22221	37264	19960	8713835	58757	5	0	0	100.0	0.000
run1_A_stride	pooled_pread	off	warm	stride	16384	250000	1	1	2	3	512	54422	65886	128807	63254	29791118	17186	7	0	0	100.0	0.000
run1_A_stride	pool	off	warm	stride	16384	250000	1	1	2	4	512	1817	2525	6786	2583	1216893	420744	5	0	0	0.0	0.000
run1_A_stride	pool_ringloop	off	warm	stride	16384	250000	1	1	2	5	512	1282	1780	4435	1966	869021	589169	5	0	0	0.0	0.000
run1_A_stride	hybrid_lazyring	off	warm	stride	16384	250000	1	1	3	0	512	1248	1512	5310	2004	843443	607036	5	0	0	0.0	0.000
run1_A_stride	uring	off	warm	stride	16384	250000	1	1	3	1	512	2922	16639	32543	9552	4061614	126058	5	0	0	100.0	0.000
run1_A_stride	pooled_pread	off	warm	stride	16384	250000	1	1	3	2	512	52149	63155	105084	60363	28572723	17919	6	0	0	100.0	0.000
run1_A_stride	pool	off	warm	stride	16384	250000	1	1	3	3	512	1756	2630	3529	2354	1148626	445750	5	0	0	0.0	0.000
run1_A_stride	pool_ringloop	off	warm	stride	16384	250000	1	1	3	4	512	1224	1469	1742	1769	801012	639191	5	0	0	0.0	0.000
run1_A_stride	hybrid	off	warm	stride	16384	250000	1	1	3	5	512	1229	1488	3217	1988	921680	555507	5	0	0	0.0	0.000
run1_A_stride	uring	off	warm	stride	16384	250000	1	1	4	0	512	2826	16910	26953	9014	3787495	135182	5	0	0	100.0	0.000
run1_A_stride	pooled_pread	off	warm	stride	16384	250000	1	1	4	1	512	50112	59989	102110	58950	27630467	18530	6	0	0	100.0	0.000
run1_A_stride	pool	off	warm	stride	16384	250000	1	1	4	2	512	1581	2402	4543	2254	1089152	470090	5	0	0	0.0	0.000
run1_A_stride	pool_ringloop	off	warm	stride	16384	250000	1	1	4	3	512	1294	1793	7155	1954	927442	552056	5	0	0	0.0	0.000
run1_A_stride	hybrid	off	warm	stride	16384	250000	1	1	4	4	512	1236	1505	2731	2004	942216	543400	5	0	0	0.0	0.000
run1_A_stride	hybrid_lazyring	off	warm	stride	16384	250000	1	1	4	5	512	1225	1493	5611	1745	837870	611073	5	0	0	0.0	0.000
run1_A_stride	pooled_pread	off	warm	stride	16384	250000	1	1	5	0	512	55169	68654	121657	63945	30631350	16715	7	0	0	100.0	0.000
run1_A_stride	pool	off	warm	stride	16384	250000	1	1	5	1	512	2055	2917	6599	2669	1336255	383160	5	0	0	0.0	0.000
run1_A_stride	pool_ringloop	off	warm	stride	16384	250000	1	1	5	2	512	1264	1818	7656	1977	911712	561581	5	0	0	0.0	0.000
run1_A_stride	hybrid	off	warm	stride	16384	250000	1	1	5	3	512	1300	1570	1855	2157	957633	534652	5	0	0	0.0	0.000
run1_A_stride	hybrid_lazyring	off	warm	stride	16384	250000	1	1	5	4	512	1248	1510	3176	1826	857309	597218	5	0	0	0.0	0.000
run1_A_stride	uring	off	warm	stride	16384	250000	1	1	5	5	512	2915	16435	23642	8689	3670630	139486	5	0	0	100.0	0.000
run1_A_stride	pool	off	warm	stride	16384	250000	2	1	0	0	512	1482	1728	2509	2183	618289	828092	5	0	0	0.0	0.000
run1_A_stride	pool_ringloop	off	warm	stride	16384	250000	2	1	0	1	512	1296	1609	3081	1777	856965	597457	5	0	0	0.0	0.000
run1_A_stride	hybrid	off	warm	stride	16384	250000	2	1	0	2	512	1356	1697	5573	2063	1020190	501867	5	0	0	0.0	0.000
run1_A_stride	hybrid_lazyring	off	warm	stride	16384	250000	2	1	0	3	512	1262	1481	1920	1679	771158	663937	5	0	0	0.0	0.000
run1_A_stride	uring	off	warm	stride	16384	250000	2	1	0	4	512	17602	22039	38753	11001	4755815	107658	5	0	0	100.0	0.000
run1_A_stride	pooled_pread	off	warm	stride	16384	250000	2	1	0	5	512	35094	78096	142228	38578	10690381	47894	11	0	0	100.0	0.000
run1_A_stride	pool_ringloop	off	warm	stride	16384	250000	2	1	1	0	512	1406	1826	4028	1928	936272	546850	5	0	0	0.0	0.000
run1_A_stride	hybrid	off	warm	stride	16384	250000	2	1	1	1	512	1366	1697	7477	2221	1074506	476498	5	0	0	0.0	0.000
run1_A_stride	hybrid_lazyring	off	warm	stride	16384	250000	2	1	1	2	512	1696	2278	3969	2462	1121583	456498	5	0	0	0.0	0.000
run1_A_stride	uring	off	warm	stride	16384	250000	2	1	1	3	512	16793	18301	28455	9300	3916825	130718	5	0	0	100.0	0.000
run1_A_stride	pooled_pread	off	warm	stride	16384	250000	2	1	1	4	512	38102	70562	145559	39043	10684156	47921	16	0	0	100.0	0.000
run1_A_stride	pool	off	warm	stride	16384	250000	2	1	1	5	512	1550	2016	7542	2437	638977	801281	5	0	0	0.0	0.000
run1_A_stride	hybrid	off	warm	stride	16384	250000	2	1	2	0	512	1289	1538	1899	2024	974316	525497	5	0	0	0.0	0.000
run1_A_stride	hybrid_lazyring	off	warm	stride	16384	250000	2	1	2	1	512	1293	1561	5581	1778	832260	615192	5	0	0	0.0	0.000
run1_A_stride	uring	off	warm	stride	16384	250000	2	1	2	2	512	16838	18033	31583	8822	3775683	135605	5	0	0	100.0	0.000
run1_A_stride	pooled_pread	off	warm	stride	16384	250000	2	1	2	3	512	36852	70987	108118	38437	10541057	48572	10	0	0	100.0	0.000
run1_A_stride	pool	off	warm	stride	16384	250000	2	1	2	4	512	1680	2088	2562	2335	599324	854296	5	0	0	0.0	0.000
run1_A_stride	pool_ringloop	off	warm	stride	16384	250000	2	1	2	5	512	1238	1501	5393	1807	875155	585039	5	0	0	0.0	0.000
run1_A_stride	hybrid_lazyring	off	warm	stride	16384	250000	2	1	3	0	512	1355	1664	2172	1873	893189	573227	5	0	0	0.0	0.000
run1_A_stride	uring	off	warm	stride	16384	250000	2	1	3	1	512	16768	19160	27677	8691	3726403	137398	5	0	0	100.0	0.000
run1_A_stride	pooled_pread	off	warm	stride	16384	250000	2	1	3	2	512	35202	72417	124998	37146	10261405	49896	11	0	0	100.0	0.000
run1_A_stride	pool	off	warm	stride	16384	250000	2	1	3	3	512	1467	1673	3843	2280	615019	832495	5	0	0	0.0	0.000
run1_A_stride	pool_ringloop	off	warm	stride	16384	250000	2	1	3	4	512	1200	1436	1719	1644	783161	653761	5	0	0	0.0	0.000
run1_A_stride	hybrid	off	warm	stride	16384	250000	2	1	3	5	512	1268	1568	6887	2102	1003843	510040	5	0	0	0.0	0.000
run1_A_stride	uring	off	warm	stride	16384	250000	2	1	4	0	512	16642	18440	29567	7850	3402462	150479	5	0	0	100.0	0.000
run1_A_stride	pooled_pread	off	warm	stride	16384	250000	2	1	4	1	512	38431	78815	146574	39133	11382648	44981	10	0	0	100.0	0.000
run1_A_stride	pool	off	warm	stride	16384	250000	2	1	4	2	512	1445	1729	3797	2302	594263	861571	5	0	0	0.0	0.000
run1_A_stride	pool_ringloop	off	warm	stride	16384	250000	2	1	4	3	512	1185	1432	1731	1682	762765	671242	5	0	0	0.0	0.000
run1_A_stride	hybrid	off	warm	stride	16384	250000	2	1	4	4	512	1296	1529	1837	2106	1029033	497555	5	0	0	0.0	0.000
run1_A_stride	hybrid_lazyring	off	warm	stride	16384	250000	2	1	4	5	512	1272	1500	2005	1733	831201	615976	5	0	0	0.0	0.000
run1_A_stride	pooled_pread	off	warm	stride	16384	250000	2	1	5	0	512	33449	75366	118111	35574	10127183	50557	12	0	0	100.0	0.000
run1_A_stride	pool	off	warm	stride	16384	250000	2	1	5	1	512	1436	1655	1968	1855	477577	1072078	5	0	0	0.0	0.000
run1_A_stride	pool_ringloop	off	warm	stride	16384	250000	2	1	5	2	512	1193	1451	1999	1749	795731	643434	5	0	0	0.0	0.000
run1_A_stride	hybrid	off	warm	stride	16384	250000	2	1	5	3	512	1295	1545	1815	2098	1004930	509488	5	0	0	0.0	0.000
run1_A_stride	hybrid_lazyring	off	warm	stride	16384	250000	2	1	5	4	512	1306	1577	5600	1773	884363	578948	5	0	0	0.0	0.000
run1_A_stride	uring	off	warm	stride	16384	250000	2	1	5	5	512	16985	18873	31739	8847	3812758	134286	5	0	0	100.0	0.000
run1_A_stride	pool	off	warm	stride	16384	250000	4	1	0	0	512	1389	1586	1817	1925	490609	1043601	5	0	0	0.0	0.000
run1_A_stride	pool_ringloop	off	warm	stride	16384	250000	4	1	0	1	512	1240	1742	6862	1810	869370	588932	5	0	0	0.0	0.000
run1_A_stride	hybrid	off	warm	stride	16384	250000	4	1	0	2	512	1247	1470	2153	1815	895095	572006	5	0	0	0.0	0.000
run1_A_stride	hybrid_lazyring	off	warm	stride	16384	250000	4	1	0	3	512	1310	1542	1773	1706	792588	645985	5	0	0	0.0	0.000
run1_A_stride	uring	off	warm	stride	16384	250000	4	1	0	4	512	20053	25079	46693	6787	3018007	169648	5	0	0	100.0	0.000
run1_A_stride	pooled_pread	off	warm	stride	16384	250000	4	1	0	5	512	21273	89061	212726	26399	5232990	97841	17	0	0	100.0	0.000
run1_A_stride	pool_ringloop	off	warm	stride	16384	250000	4	1	1	0	512	1188	1426	1660	1737	789649	648389	5	0	0	0.0	0.000
run1_A_stride	hybrid	off	warm	stride	16384	250000	4	1	1	1	512	1277	1508	1714	2062	923791	554238	5	0	0	0.0	0.000
run1_A_stride	hybrid_lazyring	off	warm	stride	16384	250000	4	1	1	2	512	1358	1646	6608	1891	911653	561617	5	0	0	0.0	0.000
run1_A_stride	uring	off	warm	stride	16384	250000	4	1	1	3	512	20054	22144	33696	6654	2918366	175441	5	0	0	100.0	0.000
run1_A_stride	pooled_pread	off	warm	stride	16384	250000	4	1	1	4	512	24306	85919	240608	27221	5261177	97317	17	0	0	100.0	0.000
run1_A_stride	pool	off	warm	stride	16384	250000	4	1	1	5	512	1536	1727	3710	2391	362597	1412036	5	0	0	0.0	0.000
run1_A_stride	hybrid	off	warm	stride	16384	250000	4	1	2	0	512	1549	1887	7667	2615	1266578	404239	5	0	0	0.0	0.000
run1_A_stride	hybrid_lazyring	off	warm	stride	16384	250000	4	1	2	1	512	1349	1650	2085	1911	886606	577483	5	0	0	0.0	0.000
run1_A_stride	uring	off	warm	stride	16384	250000	4	1	2	2	512	20049	24310	41364	6729	2919165	175393	5	0	0	100.0	0.000
run1_A_stride	pooled_pread	off	warm	stride	16384	250000	4	1	2	3	512	19590	102227	269731	28397	5744083	89135	17	0	0	100.0	0.000
run1_A_stride	pool	off	warm	stride	16384	250000	4	1	2	4	512	1535	1742	3849	2280	369729	1384798	5	0	0	0.0	0.000
run1_A_stride	pool_ringloop	off	warm	stride	16384	250000	4	1	2	5	512	1300	1608	5815	1835	877247	583644	5	0	0	0.0	0.000
run1_A_stride	hybrid_lazyring	off	warm	stride	16384	250000	4	1	3	0	512	1276	1517	1752	1811	871813	587282	5	0	0	0.0	0.000
run1_A_stride	uring	off	warm	stride	16384	250000	4	1	3	1	512	20030	23700	30802	6431	2844915	179970	5	0	0	100.0	0.000
run1_A_stride	pooled_pread	off	warm	stride	16384	250000	4	1	3	2	512	26683	103515	244050	29128	5846569	87573	17	0	0	100.0	0.000
run1_A_stride	pool	off	warm	stride	16384	250000	4	1	3	3	512	1564	1793	2085	2138	323978	1580354	5	0	0	0.0	0.000
run1_A_stride	pool_ringloop	off	warm	stride	16384	250000	4	1	3	4	512	1171	1378	1803	1810	835448	612845	5	0	0	0.0	0.000
run1_A_stride	hybrid	off	warm	stride	16384	250000	4	1	3	5	512	1289	1524	5690	1987	941267	543948	5	0	0	0.0	0.000
run1_A_stride	uring	off	warm	stride	16384	250000	4	1	4	0	512	20122	24600	48637	6586	2971992	172275	5	0	0	100.0	0.000
run1_A_stride	pooled_pread	off	warm	stride	16384	250000	4	1	4	1	512	29704	98994	242180	31093	6193617	82666	19	0	0	100.0	0.000
run1_A_stride	pool	off	warm	stride	16384	250000	4	1	4	2	512	1400	1599	3778	2375	624786	819481	5	0	0	0.0	0.000
run1_A_stride	pool_ringloop	off	warm	stride	16384	250000	4	1	4	3	512	1206	1460	1734	1679	779347	656960	5	0	0	0.0	0.000
run1_A_stride	hybrid	off	warm	stride	16384	250000	4	1	4	4	512	1273	1621	2207	2082	993164	515524	5	0	0	0.0	0.000
run1_A_stride	hybrid_lazyring	off	warm	stride	16384	250000	4	1	4	5	512	1274	1504	1718	1672	776939	658996	5	0	0	0.0	0.000
run1_A_stride	pooled_pread	off	warm	stride	16384	250000	4	1	5	0	512	29445	100012	363612	30912	6406399	79920	18	0	0	100.0	0.000
run1_A_stride	pool	off	warm	stride	16384	250000	4	1	5	1	512	1601	2035	7606	2471	381536	1341944	5	0	0	0.0	0.000
run1_A_stride	pool_ringloop	off	warm	stride	16384	250000	4	1	5	2	512	1158	1375	1665	1522	753568	679434	5	0	0	0.0	0.000
run1_A_stride	hybrid	off	warm	stride	16384	250000	4	1	5	3	512	1295	1567	2080	2023	952391	537594	5	0	0	0.0	0.000
run1_A_stride	hybrid_lazyring	off	warm	stride	16384	250000	4	1	5	4	512	1292	1559	3631	1831	868087	589803	5	0	0	0.0	0.000
run1_A_stride	uring	off	warm	stride	16384	250000	4	1	5	5	512	20149	24523	30983	6546	2870657	178356	5	0	0	100.0	0.000
run1_A_stride	pool	off	warm	stride	16384	250000	8	1	0	0	512	1514	1912	5670	2317	401799	1274269	5	0	0	0.0	0.000
run1_A_stride	pool_ringloop	off	warm	stride	16384	250000	8	1	0	1	512	1199	1445	1742	1723	787719	649978	5	0	0	0.0	0.000
run1_A_stride	hybrid	off	warm	stride	16384	250000	8	1	0	2	512	1304	1587	5506	2093	983040	520833	5	0	0	0.0	0.000
run1_A_stride	hybrid_lazyring	off	warm	stride	16384	250000	8	1	0	3	512	1328	1600	6387	1900	893885	572781	5	0	0	0.0	0.000
run1_A_stride	uring	off	warm	stride	16384	250000	8	1	0	4	512	25721	32572	48092	4341	1930940	265156	5	0	0	100.0	0.000
run1_A_stride	pooled_pread	off	warm	stride	16384	250000	8	1	0	5	512	23514	194979	632702	26510	5131999	99766	35	0	0	100.0	0.000
run1_A_stride	pool_ringloop	off	warm	stride	16384	250000	8	1	1	0	512	1245	1545	2234	1801	859751	595521	5	0	0	0.0	0.000
run1_A_stride	hybrid	off	warm	stride	16384	250000	8	1	1	1	512	1294	1561	6954	2112	989490	517438	5	0	0	0.0	0.000
run1_A_stride	hybrid_lazyring	off	warm	stride	16384	250000	8	1	1	2	512	1310	1619	3936	1864	854656	599071	5	0	0	0.0	0.000
run1_A_stride	uring	off	warm	stride	16384	250000	8	1	1	3	512	26449	30925	100109	4915	2117095	241841	5	0	0	100.0	0.000
run1_A_stride	pooled_pread	off	warm	stride	16384	250000	8	1	1	4	512	36354	155981	437139	27024	4499796	113783	33	0	0	100.0	0.000
run1_A_stride	pool	off	warm	stride	16384	250000	8	1	1	5	512	1513	1695	2302	2130	322986	1585208	5	0	0	0.0	0.000
run1_A_stride	hybrid	off	warm	stride	16384	250000	8	1	2	0	512	1350	1688	5759	2306	1180840	433590	5	0	0	0.0	0.000
run1_A_stride	hybrid_lazyring	off	warm	stride	16384	250000	8	1	2	1	512	1273	1513	5475	1842	855058	598790	5	0	0	0.0	0.000
run1_A_stride	uring	off	warm	stride	16384	250000	8	1	2	2	512	26414	33831	64041	4585	2054941	249156	5	0	0	100.0	0.000
run1_A_stride	pooled_pread	off	warm	stride	16384	250000	8	1	2	3	512	28453	218191	653746	28700	5239364	97722	49	0	0	100.0	0.000
run1_A_stride	pool	off	warm	stride	16384	250000	8	1	2	4	512	1618	2021	5737	2506	407378	1256818	5	0	0	0.0	0.000
run1_A_stride	pool_ringloop	off	warm	stride	16384	250000	8	1	2	5	512	1186	1426	5241	1688	775541	660184	5	0	0	0.0	0.000
run1_A_stride	hybrid_lazyring	off	warm	stride	16384	250000	8	1	3	0	512	1291	1546	6364	1881	895023	572052	5	0	0	0.0	0.000
run1_A_stride	uring	off	warm	stride	16384	250000	8	1	3	1	512	25298	29326	73472	4638	2045260	250335	5	0	0	100.0	0.000
run1_A_stride	pooled_pread	off	warm	stride	16384	250000	8	1	3	2	512	38025	176261	497477	28530	4796380	106747	36	0	0	100.0	0.000
run1_A_stride	pool	off	warm	stride	16384	250000	8	1	3	3	512	1518	1793	8033	2570	413313	1238771	5	0	0	0.0	0.000
run1_A_stride	pool_ringloop	off	warm	stride	16384	250000	8	1	3	4	512	1230	1490	7253	1776	866063	591181	5	0	0	0.0	0.000
run1_A_stride	hybrid	off	warm	stride	16384	250000	8	1	3	5	512	1322	1612	5715	2198	1055089	485267	5	0	0	0.0	0.000
run1_A_stride	uring	off	warm	stride	16384	250000	8	1	4	0	512	27588	38628	65139	4963	2249764	227579	5	0	0	100.0	0.000
run1_A_stride	pooled_pread	off	warm	stride	16384	250000	8	1	4	1	512	34276	209537	663634	30501	5338928	95899	38	0	0	100.0	0.000
run1_A_stride	pool	off	warm	stride	16384	250000	8	1	4	2	512	1624	1992	2504	2299	589482	868559	5	0	0	0.0	0.000
run1_A_stride	pool_ringloop	off	warm	stride	16384	250000	8	1	4	3	512	1193	1459	3388	1715	800643	639486	5	0	0	0.0	0.000
run1_A_stride	hybrid	off	warm	stride	16384	250000	8	1	4	4	512	1271	1521	3136	2088	1013156	505352	5	0	0	0.0	0.000
run1_A_stride	hybrid_lazyring	off	warm	stride	16384	250000	8	1	4	5	512	1240	1464	1783	1830	835795	612590	5	0	0	0.0	0.000
run1_A_stride	pooled_pread	off	warm	stride	16384	250000	8	1	5	0	512	35567	232639	566835	29071	5548281	92281	40	0	0	100.0	0.000
run1_A_stride	pool	off	warm	stride	16384	250000	8	1	5	1	512	1552	1772	2086	2180	336172	1523030	5	0	0	0.0	0.000
run1_A_stride	pool_ringloop	off	warm	stride	16384	250000	8	1	5	2	512	1490	1852	4295	1973	964578	530802	5	0	0	0.0	0.000
run1_A_stride	hybrid	off	warm	stride	16384	250000	8	1	5	3	512	1320	1690	7106	2160	1088363	470431	5	0	0	0.0	0.000
run1_A_stride	hybrid_lazyring	off	warm	stride	16384	250000	8	1	5	4	512	1547	1887	2425	2101	1010702	506579	5	0	0	0.0	0.000
run1_A_stride	uring	off	warm	stride	16384	250000	8	1	5	5	512	27524	37766	122732	5078	2295987	222998	5	0	0	100.0	0.000
run1_A_stride	pool	off	warm	stride	16384	250000	16	1	0	0	512	1479	1682	6426	2221	410245	1248035	5	0	0	0.0	0.000
run1_A_stride	pool_ringloop	off	warm	stride	16384	250000	16	1	0	1	512	1235	1811	7530	2076	1029446	497355	5	0	0	0.0	0.000
run1_A_stride	hybrid	off	warm	stride	16384	250000	16	1	0	2	512	1301	1574	5779	2238	1073380	476998	5	0	0	0.0	0.000
run1_A_stride	hybrid_lazyring	off	warm	stride	16384	250000	16	1	0	3	512	1291	1549	1759	1946	919519	556813	5	0	0	0.0	0.000
run1_A_stride	uring	off	warm	stride	16384	250000	16	1	0	4	512	23360	34585	68286	2331	1108202	462010	5	0	0	100.0	0.000
run1_A_stride	pooled_pread	off	warm	stride	16384	250000	16	1	0	5	512	70049	336301	903691	26540	4671041	109612	43	0	0	100.0	0.000
run1_A_stride	pool_ringloop	off	warm	stride	16384	250000	16	1	1	0	512	1347	1718	2606	2070	977275	523906	5	0	0	0.0	0.000
run1_A_stride	hybrid	off	warm	stride	16384	250000	16	1	1	1	512	1561	2180	3231	2610	1293473	395834	5	0	0	0.0	0.000
run1_A_stride	hybrid_lazyring	off	warm	stride	16384	250000	16	1	1	2	512	1279	1532	2174	1998	920605	556156	5	0	0	0.0	0.000
run1_A_stride	uring	off	warm	stride	16384	250000	16	1	1	3	512	40255	51483	72064	3629	1671265	306355	5	0	0	100.0	0.000
run1_A_stride	pooled_pread	off	warm	stride	16384	250000	16	1	1	4	512	59840	383967	816434	27656	5293728	96718	46	0	0	100.0	0.000
run1_A_stride	pool	off	warm	stride	16384	250000	16	1	1	5	512	1656	2033	4039	2409	380982	1343896	5	0	0	0.0	0.000
run1_A_stride	hybrid	off	warm	stride	16384	250000	16	1	2	0	512	1274	1557	3255	2218	1067856	479465	5	0	0	0.0	0.000
run1_A_stride	hybrid_lazyring	off	warm	stride	16384	250000	16	1	2	1	512	1286	1543	2407	1855	924024	554098	5	0	0	0.0	0.000
run1_A_stride	uring	off	warm	stride	16384	250000	16	1	2	2	512	38379	53418	163181	3770	1727667	296353	5	0	0	100.0	0.000
run1_A_stride	pooled_pread	off	warm	stride	16384	250000	16	1	2	3	512	53046	368721	1117120	26959	5114963	100098	52	0	0	100.0	0.000
run1_A_stride	pool	off	warm	stride	16384	250000	16	1	2	4	512	1790	2183	4107	2787	539384	949231	5	0	0	0.0	0.000
run1_A_stride	pool_ringloop	off	warm	stride	16384	250000	16	1	2	5	512	1173	1414	1733	1774	844481	606290	5	0	0	0.0	0.000
run1_A_stride	hybrid_lazyring	off	warm	stride	16384	250000	16	1	3	0	512	1307	1583	5897	2075	982691	521018	5	0	0	0.0	0.000
run1_A_stride	uring	off	warm	stride	16384	250000	16	1	3	1	512	36899	41515	63643	3706	1677085	305292	5	0	0	100.0	0.000
run1_A_stride	pooled_pread	off	warm	stride	16384	250000	16	1	3	2	512	56485	365462	1094623	27800	4952378	103385	43	0	0	100.0	0.000
run1_A_stride	pool	off	warm	stride	16384	250000	16	1	3	3	512	1574	1854	4273	2869	406593	1259245	5	0	0	0.0	0.000
run1_A_stride	pool_ringloop	off	warm	stride	16384	250000	16	1	3	4	512	1164	1418	1638	1792	833032	614622	5	0	0	0.0	0.000
run1_A_stride	hybrid	off	warm	stride	16384	250000	16	1	3	5	512	1301	1598	5596	2248	1067115	479798	5	0	0	0.0	0.000
run1_A_stride	uring	off	warm	stride	16384	250000	16	1	4	0	512	39529	52607	68811	3642	1666596	307213	5	0	0	100.0	0.000
run1_A_stride	pooled_pread	off	warm	stride	16384	250000	16	1	4	1	512	58567	443688	1210543	27279	5061062	101165	48	0	0	100.0	0.000
run1_A_stride	pool	off	warm	stride	16384	250000	16	1	4	2	512	1573	1848	2463	2523	434021	1179666	5	0	0	0.0	0.000
run1_A_stride	pool_ringloop	off	warm	stride	16384	250000	16	1	4	3	512	1160	1398	1666	1781	841909	608142	5	0	0	0.0	0.000
run1_A_stride	hybrid	off	warm	stride	16384	250000	16	1	4	4	512	1242	1518	6405	2112	1026362	498849	5	0	0	0.0	0.000
run1_A_stride	hybrid_lazyring	off	warm	stride	16384	250000	16	1	4	5	512	1235	1468	1654	1842	873224	586333	5	0	0	0.0	0.000
run1_A_stride	pooled_pread	off	warm	stride	16384	250000	16	1	5	0	512	71015	494767	1081013	28986	5710109	89666	46	0	0	100.0	0.000
run1_A_stride	pool	off	warm	stride	16384	250000	16	1	5	1	512	1532	1742	5708	2416	411862	1243135	5	0	0	0.0	0.000
run1_A_stride	pool_ringloop	off	warm	stride	16384	250000	16	1	5	2	512	1186	1415	3077	1760	870800	587965	5	0	0	0.0	0.000
run1_A_stride	hybrid	off	warm	stride	16384	250000	16	1	5	3	512	1242	1494	2295	2297	1081797	473287	5	0	0	0.0	0.000
run1_A_stride	hybrid_lazyring	off	warm	stride	16384	250000	16	1	5	4	512	1253	1493	2145	1939	903239	566849	5	0	0	0.0	0.000
run1_A_stride	uring	off	warm	stride	16384	250000	16	1	5	5	512	36970	53616	97475	3480	1627059	314678	5	0	0	100.0	0.000
run1_A_stride	pool	off	warm	stride	16384	250000	32	1	0	0	512	1505	1897	8003	2568	404851	1264663	5	0	0	0.0	0.000
run1_A_stride	pool_ringloop	off	warm	stride	16384	250000	32	1	0	1	512	1230	1490	5157	2129	1000309	511842	5	0	0	0.0	0.000
run1_A_stride	hybrid	off	warm	stride	16384	250000	32	1	0	2	512	1330	1680	3391	2423	1180402	433751	5	0	0	0.0	0.000
run1_A_stride	hybrid_lazyring	off	warm	stride	16384	250000	32	1	0	3	512	1306	1614	2827	2369	1226887	417316	5	0	0	0.0	0.000
run1_A_stride	uring	off	warm	stride	16384	250000	32	1	0	4	512	84369	101324	104845	3635	1716953	298203	5	0	0	100.0	0.000
run1_A_stride	pooled_pread	off	warm	stride	16384	250000	32	1	0	5	512	161672	722011	1553281	28508	5326106	96130	53	0	0	100.0	0.000
run1_A_stride	pool_ringloop	off	warm	stride	16384	250000	32	1	1	0	512	1432	1882	5616	2413	1162538	440416	5	0	0	0.0	0.000
run1_A_stride	hybrid	off	warm	stride	16384	250000	32	1	1	1	512	1324	1704	7628	2403	1156431	442742	5	0	0	0.0	0.000
run1_A_stride	hybrid_lazyring	off	warm	stride	16384	250000	32	1	1	2	512	1301	1607	3274	2154	1012248	505805	5	0	0	0.0	0.000
run1_A_stride	uring	off	warm	stride	16384	250000	32	1	1	3	512	72665	120178	125026	3510	1670754	306448	5	0	0	100.0	0.000
run1_A_stride	pooled_pread	off	warm	stride	16384	250000	32	1	1	4	512	151828	563426	1038595	30245	5508689	92944	56	0	0	100.0	0.000
run1_A_stride	pool	off	warm	stride	16384	250000	32	1	1	5	512	1807	2158	2544	2794	426068	1201686	5	0	0	0.0	0.000
run1_A_stride	hybrid	off	warm	stride	16384	250000	32	1	2	0	512	1295	1604	2255	2340	1169296	437870	5	0	0	0.0	0.000
run1_A_stride	hybrid_lazyring	off	warm	stride	16384	250000	32	1	2	1	512	1294	1544	1917	2211	1013580	505140	5	0	0	0.0	0.000
run1_A_stride	uring	off	warm	stride	16384	250000	32	1	2	2	512	93035	159877	190548	4247	2055397	249100	5	0	0	100.0	0.000
run1_A_stride	pooled_pread	off	warm	stride	16384	250000	32	1	2	3	512	160500	759358	1446601	30311	5755993	88951	58	0	0	100.0	0.000
run1_A_stride	pool	off	warm	stride	16384	250000	32	1	2	4	512	1586	1832	2196	2345	375398	1363886	5	0	0	0.0	0.000
run1_A_stride	pool_ringloop	off	warm	stride	16384	250000	32	1	2	5	512	1182	1387	1597	1778	823291	621894	5	0	0	0.0	0.000
run1_A_stride	hybrid_lazyring	off	warm	stride	16384	250000	32	1	3	0	512	1280	1541	1787	2608	1130923	452728	5	0	0	0.0	0.000
run1_A_stride	uring	off	warm	stride	16384	250000	32	1	3	1	512	69533	96241	106591	3399	1594014	321202	5	0	0	100.0	0.000
run1_A_stride	pooled_pread	off	warm	stride	16384	250000	32	1	3	2	512	144264	918426	2741730	31574	6351904	80606	72	0	0	100.0	0.000
run1_A_stride	pool	off	warm	stride	16384	250000	32	1	3	3	512	1896	2338	3879	2946	450427	1136699	5	0	0	0.0	0.000
run1_A_stride	pool_ringloop	off	warm	stride	16384	250000	32	1	3	4	512	1164	1405	2166	2068	1013788	505037	5	0	0	0.0	0.000
run1_A_stride	hybrid	off	warm	stride	16384	250000	32	1	3	5	512	1300	1605	7162	2523	1240984	412576	5	0	0	0.0	0.000
run1_A_stride	uring	off	warm	stride	16384	250000	32	1	4	0	512	72206	107751	121295	3836	1812623	282464	5	0	0	100.0	0.000
run1_A_stride	pooled_pread	off	warm	stride	16384	250000	32	1	4	1	512	171778	722818	1562526	29879	5626038	91005	61	0	0	100.0	0.000
run1_A_stride	pool	off	warm	stride	16384	250000	32	1	4	2	512	1625	1999	8336	2859	465270	1100436	5	0	0	0.0	0.000
run1_A_stride	pool_ringloop	off	warm	stride	16384	250000	32	1	4	3	512	1187	1430	3303	2126	1066562	480047	5	0	0	0.0	0.000
run1_A_stride	hybrid	off	warm	stride	16384	250000	32	1	4	4	512	1295	1595	6370	2550	1208887	423530	5	0	0	0.0	0.000
run1_A_stride	hybrid_lazyring	off	warm	stride	16384	250000	32	1	4	5	512	1487	1834	7493	2494	1154303	443558	5	0	0	0.0	0.000
run1_A_stride	pooled_pread	off	warm	stride	16384	250000	32	1	5	0	512	117343	654213	1356931	27233	4836445	105863	53	0	0	100.0	0.000
run1_A_stride	pool	off	warm	stride	16384	250000	32	1	5	1	512	1580	1910	6151	2524	369330	1386294	5	0	0	0.0	0.000
run1_A_stride	pool_ringloop	off	warm	stride	16384	250000	32	1	5	2	512	1212	1490	1730	2012	964167	531028	5	0	0	0.0	0.000
run1_A_stride	hybrid	off	warm	stride	16384	250000	32	1	5	3	512	1298	1625	3169	2413	1183628	432568	5	0	0	0.0	0.000
run1_A_stride	hybrid_lazyring	off	warm	stride	16384	250000	32	1	5	4	512	1350	1690	5604	2296	1090942	469319	5	0	0	0.0	0.000
run1_A_stride	uring	off	warm	stride	16384	250000	32	1	5	5	512	52115	76171	84295	2513	1204043	425234	5	0	0	100.0	0.000
run1_A_stride	pool	off	warm	stride	16384	250000	64	1	0	0	512	1507	1843	6920	2720	444641	1151491	5	0	0	0.0	0.000
run1_A_stride	pool_ringloop	off	warm	stride	16384	250000	64	1	0	1	512	1190	1462	5077	2523	1225636	417742	5	0	0	0.0	0.000
run1_A_stride	hybrid	off	warm	stride	16384	250000	64	1	0	2	512	1518	2182	8139	3404	1645309	311188	5	0	0	0.0	0.000
run1_A_stride	hybrid_lazyring	off	warm	stride	16384	250000	64	1	0	3	512	1465	1863	4604	2853	1373831	372680	5	0	0	0.0	0.000
run1_A_stride	uring	off	warm	stride	16384	250000	64	1	0	4	512	151680	278008	279600	4223	2037533	251284	5	0	0	100.0	0.000
run1_A_stride	pooled_pread	off	warm	stride	16384	250000	64	1	0	5	512	493850	1662908	3181257	37630	7105671	72055	77	0	0	100.0	0.000
run1_A_stride	pool_ringloop	off	warm	stride	16384	250000	64	1	1	0	512	2099	2885	7133	4053	1784170	286968	5	0	0	0.0	0.000
run1_A_stride	hybrid	off	warm	stride	16384	250000	64	1	1	1	512	1651	2400	9002	3385	1660163	308403	5	0	0	0.0	0.000
run1_A_stride	hybrid_lazyring	off	warm	stride	16384	250000	64	1	1	2	512	1656	2084	7954	3100	1520919	336639	5	0	0	0.0	0.000
run1_A_stride	uring	off	warm	stride	16384	250000	64	1	1	3	512	152198	256820	258434	4497	2017079	253832	5	0	0	100.0	0.000
run1_A_stride	pooled_pread	off	warm	stride	16384	250000	64	1	1	4	512	289455	1285621	2573640	32536	6058275	84513	60	0	0	100.0	0.000
run1_A_stride	pool	off	warm	stride	16384	250000	64	1	1	5	512	1848	2423	6983	2968	472388	1083855	5	0	0	0.0	0.000
run1_A_stride	hybrid	off	warm	stride	16384	250000	64	1	2	0	512	1484	1935	7649	3146	1546384	331095	5	0	0	0.0	0.000
run1_A_stride	hybrid_lazyring	off	warm	stride	16384	250000	64	1	2	1	512	1539	1895	2514	2646	1309501	390989	5	0	0	0.0	0.000
run1_A_stride	uring	off	warm	stride	16384	250000	64	1	2	2	512	146695	198859	200527	3562	1644845	311276	5	0	0	100.0	0.000
run1_A_stride	pooled_pread	off	warm	stride	16384	250000	64	1	2	3	512	341712	960420	1548283	30843	6009329	85201	55	0	0	100.0	0.000
run1_A_stride	pool	off	warm	stride	16384	250000	64	1	2	4	512	1716	2231	22812	3027	620524	825109	5	0	0	0.0	0.000
run1_A_stride	pool_ringloop	off	warm	stride	16384	250000	64	1	2	5	512	1189	1443	1648	2159	1052836	486306	5	0	0	0.0	0.000
run1_A_stride	hybrid_lazyring	off	warm	stride	16384	250000	64	1	3	0	512	1465	1789	3426	2420	1196037	428080	5	0	0	0.0	0.000
run1_A_stride	uring	off	warm	stride	16384	250000	64	1	3	1	512	137926	222520	224081	3511	1705996	300118	5	0	0	100.0	0.000
run1_A_stride	pooled_pread	off	warm	stride	16384	250000	64	1	3	2	512	287543	1436975	2089061	29842	6050869	84616	54	0	0	100.0	0.000
run1_A_stride	pool	off	warm	stride	16384	250000	64	1	3	3	512	1880	2280	4842	3224	579548	883447	5	0	0	0.0	0.000
run1_A_stride	pool_ringloop	off	warm	stride	16384	250000	64	1	3	4	512	1225	1535	1837	2329	1141463	448547	5	0	0	0.0	0.000
run1_A_stride	hybrid	off	warm	stride	16384	250000	64	1	3	5	512	1463	1853	2754	3028	1492281	343099	5	0	0	0.0	0.000
run1_A_stride	uring	off	warm	stride	16384	250000	64	1	4	0	512	141937	212516	214190	3719	1824438	280634	5	0	0	100.0	0.000
run1_A_stride	pooled_pread	off	warm	stride	16384	250000	64	1	4	1	512	348096	1563987	3365306	30392	5992932	85434	60	0	0	100.0	0.000
run1_A_stride	pool	off	warm	stride	16384	250000	64	1	4	2	512	1677	1997	2907	2624	398648	1284341	5	0	0	0.0	0.000
run1_A_stride	pool_ringloop	off	warm	stride	16384	250000	64	1	4	3	512	1174	1449	2132	2378	1142646	448083	5	0	0	0.0	0.000
run1_A_stride	hybrid	off	warm	stride	16384	250000	64	1	4	4	512	1466	1887	2831	3134	1646199	311020	5	0	0	0.0	0.000
run1_A_stride	hybrid_lazyring	off	warm	stride	16384	250000	64	1	4	5	512	1472	1900	4473	2762	1364236	375302	5	0	0	0.0	0.000
run1_A_stride	pooled_pread	off	warm	stride	16384	250000	64	1	5	0	512	550572	1903833	3396082	41490	9474304	54041	88	0	0	100.0	0.000
run1_A_stride	pool	off	warm	stride	16384	250000	64	1	5	1	512	2006	2509	4509	3212	601249	851561	5	0	0	0.0	0.000
run1_A_stride	pool_ringloop	off	warm	stride	16384	250000	64	1	5	2	512	1242	1522	3092	2332	1123478	455728	5	0	0	0.0	0.000
run1_A_stride	hybrid	off	warm	stride	16384	250000	64	1	5	3	512	1567	2096	3004	4939	2461477	208005	5	0	0	0.0	0.000
run1_A_stride	hybrid_lazyring	off	warm	stride	16384	250000	64	1	5	4	512	1461	1779	7365	2776	1350082	379236	5	0	0	0.0	0.000
run1_A_stride	uring	off	warm	stride	16384	250000	64	1	5	5	512	140663	277121	278569	3901	1851231	276573	5	0	0	100.0	0.000
run1_A_sweep	pool	off	cold	sweep	16384	16384	1	1	0	0	512	1648	2350	338602	6298	9864882	51901	6	0	0	1.2	0.000
run1_A_sweep	pool_ringloop	off	cold	sweep	16384	16384	1	1	0	1	512	1920	2386	8734	3915	5203504	98395	6	0	0	0.4	0.000
run1_A_sweep	hybrid	off	cold	sweep	16384	16384	1	1	0	2	512	1807	2383	369755	3708	4857563	105403	5	0	0	1.4	0.000
run1_A_sweep	hybrid_lazyring	off	cold	sweep	16384	16384	1	1	0	3	512	1763	2326	6279	3195	3274477	156361	5	0	0	0.4	0.000
run1_A_sweep	uring	off	cold	sweep	16384	16384	1	1	0	4	512	3706	16968	35410	12325	5345939	95774	5	0	0	100.0	0.000
run1_A_sweep	pooled_pread	off	cold	sweep	16384	16384	1	1	0	5	512	51956	63661	139923	61869	29759237	17205	7	0	0	100.0	0.000
run1_A_sweep	pool_ringloop	off	cold	sweep	16384	16384	1	1	1	0	512	2256	3102	50235	5016	7039781	72730	6	0	0	0.8	0.000
run1_A_sweep	hybrid	off	cold	sweep	16384	16384	1	1	1	1	512	2300	3010	340474	4261	5620581	91094	5	0	0	1.4	0.000
run1_A_sweep	hybrid_lazyring	off	cold	sweep	16384	16384	1	1	1	2	512	2054	2731	52840	3779	4359373	117448	5	0	0	0.8	0.000
run1_A_sweep	uring	off	cold	sweep	16384	16384	1	1	1	3	512	2772	22397	211513	7275	6563193	78011	5	0	0	100.0	0.000
run1_A_sweep	pooled_pread	off	cold	sweep	16384	16384	1	1	1	4	512	51671	62848	160099	61812	29578718	17310	7	0	0	100.0	0.000
run1_A_sweep	pool	off	cold	sweep	16384	16384	1	1	1	5	512	2219	2735	6313	4273	5136933	99670	6	0	0	0.2	0.000
run1_A_sweep	hybrid	off	cold	sweep	16384	16384	1	1	2	0	512	2046	2526	231980	3882	6875791	74464	5	0	0	1.0	0.000
run1_A_sweep	hybrid_lazyring	off	cold	sweep	16384	16384	1	1	2	1	512	1798	2380	5332	3588	2702200	189475	5	0	0	0.4	0.000
run1_A_sweep	uring	off	cold	sweep	16384	16384	1	1	2	2	512	15344	17642	37851	13896	6041815	84743	5	0	0	100.0	0.000
run1_A_sweep	pooled_pread	off	cold	sweep	16384	16384	1	1	2	3	512	50294	59154	126742	59179	28076094	18236	6	0	0	100.0	0.000
run1_A_sweep	pool	off	cold	sweep	16384	16384	1	1	2	4	512	1919	2448	296663	4209	4993610	102531	6	0	0	1.0	0.000
run1_A_sweep	pool_ringloop	off	cold	sweep	16384	16384	1	1	2	5	512	1702	2215	6927	3774	3446008	148578	6	0	0	0.4	0.000
run1_A_sweep	hybrid_lazyring	off	cold	sweep	16384	16384	1	1	3	0	512	1881	2541	222019	3531	4721111	108449	5	0	0	1.0	0.000
run1_A_sweep	uring	off	cold	sweep	16384	16384	1	1	3	1	512	3355	17729	33494	10897	4727283	108307	5	0	0	100.0	0.000
run1_A_sweep	pooled_pread	off	cold	sweep	16384	16384	1	1	3	2	512	50150	58584	101983	59279	28170106	18175	6	0	0	100.0	0.000
run1_A_sweep	pool	off	cold	sweep	16384	16384	1	1	3	3	512	1726	2222	5427	3589	6125313	83588	6	0	0	0.4	0.000
run1_A_sweep	pool_ringloop	off	cold	sweep	16384	16384	1	1	3	4	512	1882	3026	286531	4735	5332088	96022	6	0	0	1.4	0.000
run1_A_sweep	hybrid	off	cold	sweep	16384	16384	1	1	3	5	512	1754	2922	10602	3601	3664742	139710	5	0	0	0.4	0.000
run1_A_sweep	uring	off	cold	sweep	16384	16384	1	1	4	0	512	15194	17698	35380	14466	6305361	81201	5	0	0	100.0	0.000
run1_A_sweep	pooled_pread	off	cold	sweep	16384	16384	1	1	4	1	512	51249	59674	117097	60631	28697427	17841	6	0	0	100.0	0.000
run1_A_sweep	pool	off	cold	sweep	16384	16384	1	1	4	2	512	2135	3032	488677	4937	6241441	82032	6	0	0	1.4	0.000
run1_A_sweep	pool_ringloop	off	cold	sweep	16384	16384	1	1	4	3	512	1938	2718	69002	4129	5376198	95235	6	0	0	0.8	0.000
run1_A_sweep	hybrid	off	cold	sweep	16384	16384	1	1	4	4	512	1988	3105	260846	4099	4725377	108351	5	0	0	1.4	0.000
run1_A_sweep	hybrid_lazyring	off	cold	sweep	16384	16384	1	1	4	5	512	1887	2581	6262	3544	5091792	100554	5	0	0	0.8	0.000
run1_A_sweep	pooled_pread	off	cold	sweep	16384	16384	1	1	5	0	512	49987	56067	100095	58378	27398094	18687	6	0	0	100.0	0.000
run1_A_sweep	pool	off	cold	sweep	16384	16384	1	1	5	1	512	1938	2654	34116	4220	4676069	109494	6	0	0	0.8	0.000
run1_A_sweep	pool_ringloop	off	cold	sweep	16384	16384	1	1	5	2	512	2143	3014	296202	4856	5793280	88378	6	0	0	1.2	0.000
run1_A_sweep	hybrid	off	cold	sweep	16384	16384	1	1	5	3	512	1890	2572	30601	3653	5325122	96148	5	0	0	0.8	0.000
run1_A_sweep	hybrid_lazyring	off	cold	sweep	16384	16384	1	1	5	4	512	2652	3362	243182	4753	4944731	103545	5	0	0	1.4	0.000
run1_A_sweep	uring	off	cold	sweep	16384	16384	1	1	5	5	512	15652	18736	40033	15051	6545052	78227	5	0	0	100.0	0.000
run1_A_sweep	pool	off	cold	sweep	16384	16384	2	1	0	0	512	2747	3720	459378	6223	6866682	74563	7	0	0	2.0	0.000
run1_A_sweep	pool_ringloop	off	cold	sweep	16384	16384	2	1	0	1	512	2330	2953	505178	5959	5557584	92126	8	0	0	2.3	0.000
run1_A_sweep	hybrid	off	cold	sweep	16384	16384	2	1	0	2	512	2080	2768	309486	3746	4740243	108011	5	0	0	1.2	0.000
run1_A_sweep	hybrid_lazyring	off	cold	sweep	16384	16384	2	1	0	3	512	1992	2559	324030	3715	3878339	132015	5	0	0	2.1	0.000
run1_A_sweep	uring	off	cold	sweep	16384	16384	2	1	0	4	512	18184	19861	78738	11470	5023894	101913	5	0	0	100.0	0.000
run1_A_sweep	pooled_pread	off	cold	sweep	16384	16384	2	1	0	5	512	37078	76816	186062	36633	11151863	45912	11	0	0	100.0	0.000
run1_A_sweep	pool_ringloop	off	cold	sweep	16384	16384	2	1	1	0	512	2112	2795	620477	5605	5647552	90659	7	0	0	2.0	0.000
run1_A_sweep	hybrid	off	cold	sweep	16384	16384	2	1	1	1	512	2079	2647	352747	3799	4141995	123612	5	0	0	2.0	0.000
run1_A_sweep	hybrid_lazyring	off	cold	sweep	16384	16384	2	1	1	2	512	1999	2522	316323	3578	3318831	154271	5	0	0	1.6	0.000
run1_A_sweep	uring	off	cold	sweep	16384	16384	2	1	1	3	512	17706	19472	60130	10723	4716228	108561	5	0	0	100.0	0.000
run1_A_sweep	pooled_pread	off	cold	sweep	16384	16384	2	1	1	4	512	39217	79746	210056	38167	12145333	42156	10	0	0	100.0	0.000
run1_A_sweep	pool	off	cold	sweep	16384	16384	2	1	1	5	512	2296	3634	372187	6142	5444077	94047	7	0	0	2.3	0.000
run1_A_sweep	hybrid	off	cold	sweep	16384	16384	2	1	2	0	512	2087	3088	182209	10193	9035927	56663	5	0	0	0.4	0.000
run1_A_sweep	hybrid_lazyring	off	cold	sweep	16384	16384	2	1	2	1	512	1886	2560	374956	3829	5297929	96642	5	0	0	2.7	0.000
run1_A_sweep	uring	off	cold	sweep	16384	16384	2	1	2	2	512	4357	18191	173657	4868	5016988	102053	5	0	0	100.0	0.000
run1_A_sweep	pooled_pread	off	cold	sweep	16384	16384	2	1	2	3	512	37642	72094	145482	37403	10735589	47692	11	0	0	100.0	0.000
run1_A_sweep	pool	off	cold	sweep	16384	16384	2	1	2	4	512	1910	2585	9679	4117	3142605	162922	7	0	0	0.4	0.000
run1_A_sweep	pool_ringloop	off	cold	sweep	16384	16384	2	1	2	5	512	1557	2144	520428	5760	6887944	74333	7	0	0	2.7	0.000
run1_A_sweep	hybrid_lazyring	off	cold	sweep	16384	16384	2	1	3	0	512	1832	2337	8858	4914	6328210	80908	5	0	0	0.4	0.000
run1_A_sweep	uring	off	cold	sweep	16384	16384	2	1	3	1	512	4592	11147	363687	4922	6274435	81601	5	0	0	100.0	0.000
run1_A_sweep	pooled_pread	off	cold	sweep	16384	16384	2	1	3	2	512	39908	102975	294363	56730	16115196	31771	11	0	0	100.0	0.000
run1_A_sweep	pool	off	cold	sweep	16384	16384	2	1	3	3	512	2804	3930	548645	6637	4961714	103190	7	0	0	2.3	0.000
run1_A_sweep	pool_ringloop	off	cold	sweep	16384	16384	2	1	3	4	512	2092	2820	513500	7201	4516592	113360	7	0	0	2.7	0.000
run1_A_sweep	hybrid	off	cold	sweep	16384	16384	2	1	3	5	512	2654	3515	421758	5092	3970687	128945	5	0	0	1.4	0.000
run1_A_sweep	uring	off	cold	sweep	16384	16384	2	1	4	0	512	18539	21706	165593	12315	5411199	94619	5	0	0	100.0	0.000
run1_A_sweep	pooled_pread	off	cold	sweep	16384	16384	2	1	4	1	512	32824	76131	262911	40578	11586640	44189	10	0	0	100.0	0.000
run1_A_sweep	pool	off	cold	sweep	16384	16384	2	1	4	2	512	2327	5104	412562	9606	5132249	99761	7	0	0	1.4	0.000
run1_A_sweep	pool_ringloop	off	cold	sweep	16384	16384	2	1	4	3	512	1633	2526	581086	5415	4682542	109342	7	0	0	1.6	0.000
run1_A_sweep	hybrid	off	cold	sweep	16384	16384	2	1	4	4	512	1770	2525	318075	4396	4368646	117199	5	0	0	1.8	0.000
run1_A_sweep	hybrid_lazyring	off	cold	sweep	16384	16384	2	1	4	5	512	1736	2397	465242	3526	3977418	128727	5	0	0	1.2	0.000
run1_A_sweep	pooled_pread	off	cold	sweep	16384	16384	2	1	5	0	512	29234	75927	229734	35412	10397037	49245	10	0	0	100.0	0.000
run1_A_sweep	pool	off	cold	sweep	16384	16384	2	1	5	1	512	2024	2863	632817	6140	4827358	106062	7	0	0	1.6	0.000
run1_A_sweep	pool_ringloop	off	cold	sweep	16384	16384	2	1	5	2	512	1650	2447	432555	5198	4785495	106990	7	0	0	2.0	0.000
run1_A_sweep	hybrid	off	cold	sweep	16384	16384	2	1	5	3	512	75722	130136	247334	81527	41789863	12252	5	0	0	0.0	0.000
run1_A_sweep	hybrid_lazyring	off	cold	sweep	16384	16384	2	1	5	4	512	1855	2816	427553	4076	5330636	96049	5	0	0	2.5	0.000
run1_A_sweep	uring	off	cold	sweep	16384	16384	2	1	5	5	512	18445	21933	44730	13529	6014357	85130	5	0	0	100.0	0.000
run1_A_sweep	pool	off	cold	sweep	16384	16384	4	1	0	0	512	2228	4304	558509	7662	4665468	109742	11	0	0	5.5	0.000
run1_A_sweep	pool_ringloop	off	cold	sweep	16384	16384	4	1	0	1	512	1493	2080	43222	4590	3297263	155280	9	0	0	0.8	0.000
run1_A_sweep	hybrid	off	cold	sweep	16384	16384	4	1	0	2	512	1575	2313	431065	4038	5462860	93724	5	0	0	3.9	0.000
run1_A_sweep	hybrid_lazyring	off	cold	sweep	16384	16384	4	1	0	3	512	1455	1906	23457	4476	3299963	155153	5	0	0	0.8	0.000
run1_A_sweep	uring	off	cold	sweep	16384	16384	4	1	0	4	512	21709	26242	190689	7632	5820886	87959	5	0	0	100.0	0.000
run1_A_sweep	pooled_pread	off	cold	sweep	16384	16384	4	1	0	5	512	35697	127523	438838	33671	7747188	66088	23	0	0	100.0	0.000
run1_A_sweep	pool_ringloop	off	cold	sweep	16384	16384	4	1	1	0	512	1540	2702	734792	7263	6965500	73505	9	0	0	6.4	0.000
run1_A_sweep	hybrid	off	cold	sweep	16384	16384	4	1	1	1	512	1554	2083	102231	3566	3492269	146610	5	0	0	0.8	0.000
run1_A_sweep	hybrid_lazyring	off	cold	sweep	16384	16384	4	1	1	2	512	1649	2572	907301	3689	5312444	96377	5	0	0	5.7	0.000
run1_A_sweep	uring	off	cold	sweep	16384	16384	4	1	1	3	512	22289	29646	197928	8044	5558740	92107	5	0	0	100.0	0.000
run1_A_sweep	pooled_pread	off	cold	sweep	16384	16384	4	1	1	4	512	18876	123868	651085	30516	8859309	57792	19	0	0	100.0	0.000
run1_A_sweep	pool	off	cold	sweep	16384	16384	4	1	1	5	512	2085	2640	13536	5166	3706163	138148	9	0	0	0.8	0.000
run1_A_sweep	hybrid	off	cold	sweep	16384	16384	4	1	2	0	512	1700	2892	378673	3556	4472859	114468	5	0	0	4.7	0.000
run1_A_sweep	hybrid_lazyring	off	cold	sweep	16384	16384	4	1	2	1	512	2477	3553	722776	6691	5492393	93220	5	0	0	1.2	0.000
run1_A_sweep	uring	off	cold	sweep	16384	16384	4	1	2	2	512	21606	28031	232428	8342	4689111	109189	5	0	0	100.0	0.000
run1_A_sweep	pooled_pread	off	cold	sweep	16384	16384	4	1	2	3	512	23207	94594	266311	28463	5954059	85992	17	0	0	100.0	0.000
run1_A_sweep	pool	off	cold	sweep	16384	16384	4	1	2	4	512	2404	52482	593747	15135	7432687	68885	10	0	0	3.7	0.000
run1_A_sweep	pool_ringloop	off	cold	sweep	16384	16384	4	1	2	5	512	1790	73179	174117	18177	9408408	54419	5	0	0	0.0	0.000
run1_A_sweep	hybrid_lazyring	off	cold	sweep	16384	16384	4	1	3	0	512	2248	3258	674431	7011	8709346	58787	5	0	0	4.7	0.000
run1_A_sweep	uring	off	cold	sweep	16384	16384	4	1	3	1	512	21885	28061	189053	8145	6036468	84818	5	0	0	100.0	0.000
run1_A_sweep	pooled_pread	off	cold	sweep	16384	16384	4	1	3	2	512	33271	108954	432246	30727	7199477	71116	20	0	0	100.0	0.000
run1_A_sweep	pool	off	cold	sweep	16384	16384	4	1	3	3	512	2332	2988	111332	7031	5011572	102164	9	0	0	0.8	0.000
run1_A_sweep	pool_ringloop	off	cold	sweep	16384	16384	4	1	3	4	512	1770	2677	1122963	10901	5891845	86900	9	0	0	4.1	0.000
run1_A_sweep	hybrid	off	cold	sweep	16384	16384	4	1	3	5	512	1636	2087	33373	4273	3713823	137863	5	0	0	0.8	0.000
run1_A_sweep	uring	off	cold	sweep	16384	16384	4	1	4	0	512	9051	26182	383106	5228	6355024	80566	5	0	0	100.0	0.000
run1_A_sweep	pooled_pread	off	cold	sweep	16384	16384	4	1	4	1	512	29573	102247	449643	28366	9101234	56256	19	0	0	100.0	0.000
run1_A_sweep	pool	off	cold	sweep	16384	16384	4	1	4	2	512	2725	3645	550311	8013	2452820	208739	9	0	0	1.6	0.000
run1_A_sweep	pool_ringloop	off	cold	sweep	16384	16384	4	1	4	3	512	1849	2647	765170	7525	5245997	97598	9	0	0	4.1	0.000
run1_A_sweep	hybrid	off	cold	sweep	16384	16384	4	1	4	4	512	1675	2368	207705	5644	6446416	79424	5	0	0	1.6	0.000
run1_A_sweep	hybrid_lazyring	off	cold	sweep	16384	16384	4	1	4	5	512	1672	2323	767819	4958	6293465	81354	5	0	0	3.3	0.000
run1_A_sweep	pooled_pread	off	cold	sweep	16384	16384	4	1	5	0	512	24244	132089	680596	31021	9730792	52616	25	0	0	100.0	0.000
run1_A_sweep	pool	off	cold	sweep	16384	16384	4	1	5	1	512	2463	3952	1647151	7580	6566973	77966	10	0	0	4.7	0.000
run1_A_sweep	pool_ringloop	off	cold	sweep	16384	16384	4	1	5	2	512	1728	2430	2476328	5138	6100401	83929	9	0	0	1.6	0.000
run1_A_sweep	hybrid	off	cold	sweep	16384	16384	4	1	5	3	512	1840	2742	461897	4079	4181084	122456	5	0	0	3.9	0.000
run1_A_sweep	hybrid_lazyring	off	cold	sweep	16384	16384	4	1	5	4	512	1722	2328	734172	3368	3344175	153102	5	0	0	1.4	0.000
run1_A_sweep	uring	off	cold	sweep	16384	16384	4	1	5	5	512	314104	441144	558857	57329	28767892	17798	5	0	0	100.0	0.000
run1_A_sweep	pool	off	cold	sweep	16384	16384	8	1	0	0	512	2516	388035	681313	11523	5894985	86853	15	0	0	11.9	0.000
run1_A_sweep	pool_ringloop	off	cold	sweep	16384	16384	8	1	0	1	512	2328	84646	322399	27818	16885430	30322	9	0	0	0.8	0.000
run1_A_sweep	hybrid	off	cold	sweep	16384	16384	8	1	0	2	512	1695	2285	830305	4268	4377405	116964	5	0	0	2.3	0.000
run1_A_sweep	hybrid_lazyring	off	cold	sweep	16384	16384	8	1	0	3	512	2078	2909	724042	5517	4460514	114785	5	0	0	2.5	0.000
run1_A_sweep	uring	off	cold	sweep	16384	16384	8	1	0	4	512	23629	41780	1681394	4594	4913682	104199	5	0	0	100.0	0.000
run1_A_sweep	pooled_pread	off	cold	sweep	16384	16384	8	1	0	5	512	40039	325619	794786	32193	6795268	75347	36	0	0	100.0	0.000
run1_A_sweep	pool_ringloop	off	cold	sweep	16384	16384	8	1	1	0	512	1820	2781	2393138	7712	4762683	107502	14	0	0	6.6	0.000
run1_A_sweep	hybrid	off	cold	sweep	16384	16384	8	1	1	1	512	1941	2850	6158	8460	4239936	120757	5	0	0	0.0	0.000
run1_A_sweep	hybrid_lazyring	off	cold	sweep	16384	16384	8	1	1	2	512	1891	2672	351760	5325	4218679	121365	5	0	0	3.3	0.000
run1_A_sweep	uring	off	cold	sweep	16384	16384	8	1	1	3	512	29753	43975	1281496	7850	3734668	137094	5	0	0	100.0	0.000
run1_A_sweep	pooled_pread	off	cold	sweep	16384	16384	8	1	1	4	512	32975	244999	714296	27943	5873754	87167	43	0	0	100.0	0.000
run1_A_sweep	pool	off	cold	sweep	16384	16384	8	1	1	5	512	2030	3659	1523629	9143	4740923	107996	16	0	0	5.3	0.000
run1_A_sweep	hybrid	off	cold	sweep	16384	16384	8	1	2	0	512	1872	2857	806287	5139	6806614	75221	5	0	0	3.9	0.000
run1_A_sweep	hybrid_lazyring	off	cold	sweep	16384	16384	8	1	2	1	512	2007	3136	1226946	4084	3749141	136565	5	0	0	2.1	0.000
run1_A_sweep	uring	off	cold	sweep	16384	16384	8	1	2	2	512	35782	54143	233861	7143	4234808	120903	5	0	0	100.0	0.000
run1_A_sweep	pooled_pread	off	cold	sweep	16384	16384	8	1	2	3	512	42723	280251	1296498	35677	8934025	57309	48	0	0	100.0	0.000
run1_A_sweep	pool	off	cold	sweep	16384	16384	8	1	2	4	512	3352	10988	1460548	11373	6139955	83388	17	0	0	8.8	0.000
run1_A_sweep	pool_ringloop	off	cold	sweep	16384	16384	8	1	2	5	512	2544	343760	1080979	12184	8115542	63089	14	0	0	11.3	0.000
run1_A_sweep	hybrid_lazyring	off	cold	sweep	16384	16384	8	1	3	0	512	2434	3768	727183	5706	6364332	80448	5	0	0	3.9	0.000
run1_A_sweep	uring	off	cold	sweep	16384	16384	8	1	3	1	512	36894	55561	742332	6583	5791691	88403	5	0	0	100.0	0.000
run1_A_sweep	pooled_pread	off	cold	sweep	16384	16384	8	1	3	2	512	37115	237355	687903	31529	7161344	71495	45	0	0	100.0	0.000
run1_A_sweep	pool	off	cold	sweep	16384	16384	8	1	3	3	512	2982	8110	1342298	12107	7995005	64040	17	0	0	7.2	0.000
run1_A_sweep	pool_ringloop	off	cold	sweep	16384	16384	8	1	3	4	512	2566	247390	966012	9909	7993067	64056	14	0	0	10.7	0.000
run1_A_sweep	hybrid	off	cold	sweep	16384	16384	8	1	3	5	512	2382	3236	824561	4483	4140557	123655	5	0	0	3.1	0.000
run1_A_sweep	uring	off	cold	sweep	16384	16384	8	1	4	0	512	28150	169885	516890	5103	4805795	106538	5	0	0	100.0	0.000
run1_A_sweep	pooled_pread	off	cold	sweep	16384	16384	8	1	4	1	512	36544	283951	1029326	31452	8991455	56943	35	0	0	100.0	0.000
run1_A_sweep	pool	off	cold	sweep	16384	16384	8	1	4	2	512	2829	26570	1207926	9555	8137702	62917	14	0	0	9.8	0.000
run1_A_sweep	pool_ringloop	off	cold	sweep	16384	16384	8	1	4	3	512	2538	6364	1875866	9597	7682701	66643	14	0	0	7.0	0.000
run1_A_sweep	hybrid	off	cold	sweep	16384	16384	8	1	4	4	512	2372	3676	482246	4636	7895073	64851	5	0	0	4.7	0.000
run1_A_sweep	hybrid_lazyring	off	cold	sweep	16384	16384	8	1	4	5	512	2328	4276	956608	4969	4976849	102876	5	0	0	3.9	0.000
run1_A_sweep	pooled_pread	off	cold	sweep	16384	16384	8	1	5	0	512	30665	191306	827501	27100	5671374	90278	35	0	0	100.0	0.000
run1_A_sweep	pool	off	cold	sweep	16384	16384	8	1	5	1	512	2668	6961	1215976	10236	7633684	67071	15	0	0	7.2	0.000
run1_A_sweep	pool_ringloop	off	cold	sweep	16384	16384	8	1	5	2	512	2312	12997	939578	10254	7294928	70186	18	0	0	9.2	0.000
run1_A_sweep	hybrid	off	cold	sweep	16384	16384	8	1	5	3	512	2970	6467	521128	5405	8495279	60269	5	0	0	5.5	0.000
run1_A_sweep	hybrid_lazyring	off	cold	sweep	16384	16384	8	1	5	4	512	2671	3486	664608	4880	6453652	79335	5	0	0	4.7	0.000
run1_A_sweep	uring	off	cold	sweep	16384	16384	8	1	5	5	512	23766	235332	721737	5664	7051154	72612	5	0	0	100.0	0.000
run1_A_sweep	pool	off	cold	sweep	16384	16384	16	1	0	0	512	2784	480412	1457387	13992	7223160	70883	36	0	0	12.1	0.000
run1_A_sweep	pool_ringloop	off	cold	sweep	16384	16384	16	1	0	1	512	2629	559956	1058909	12922	7851018	65214	25	0	0	16.0	0.000
run1_A_sweep	hybrid	off	cold	sweep	16384	16384	16	1	0	2	512	3050	4034	579946	6055	6172326	82951	5	0	0	4.1	0.000
run1_A_sweep	hybrid_lazyring	off	cold	sweep	16384	16384	16	1	0	3	512	2835	3733	432762	5539	4553688	112436	5	0	0	4.7	0.000
run1_A_sweep	uring	off	cold	sweep	16384	16384	16	1	0	4	512	48507	291265	1257662	4597	4162002	123018	5	0	0	100.0	0.000
run1_A_sweep	pooled_pread	off	cold	sweep	16384	16384	16	1	0	5	512	83501	645462	1399416	37133	8623650	59372	70	0	0	100.0	0.000
run1_A_sweep	pool_ringloop	off	cold	sweep	16384	16384	16	1	1	0	512	2553	546946	1749339	12860	5489413	93270	23	0	0	18.4	0.000
run1_A_sweep	hybrid	off	cold	sweep	16384	16384	16	1	1	1	512	2593	3652	370454	5040	5529247	92599	5	0	0	5.5	0.000
run1_A_sweep	hybrid_lazyring	off	cold	sweep	16384	16384	16	1	1	2	512	2374	223095	410949	4922	4113316	124474	5	0	0	10.4	0.000
run1_A_sweep	uring	off	cold	sweep	16384	16384	16	1	1	3	512	62063	209125	629927	7263	3861590	132588	5	0	0	100.0	0.000
run1_A_sweep	pooled_pread	off	cold	sweep	16384	16384	16	1	1	4	512	54619	676433	1961172	35591	10422595	49124	80	0	0	100.0	0.000
run1_A_sweep	pool	off	cold	sweep	16384	16384	16	1	1	5	512	2553	3281	37435	5577	5076359	100860	9	0	0	0.8	0.000
run1_A_sweep	hybrid	off	cold	sweep	16384	16384	16	1	2	0	512	2037	2927	444594	4201	5350842	95686	5	0	0	4.7	0.000
run1_A_sweep	hybrid_lazyring	off	cold	sweep	16384	16384	16	1	2	1	512	1662	2164	57559	3761	3612779	141719	5	0	0	0.8	0.000
run1_A_sweep	uring	off	cold	sweep	16384	16384	16	1	2	2	512	42534	401332	1536589	5211	5316902	96297	5	0	0	100.0	0.000
run1_A_sweep	pooled_pread	off	cold	sweep	16384	16384	16	1	2	3	512	53494	505468	1066979	29678	6710678	76296	69	0	0	100.0	0.000
run1_A_sweep	pool	off	cold	sweep	16384	16384	16	1	2	4	512	2074	6158	2114091	12992	5121500	99971	29	0	0	7.0	0.000
run1_A_sweep	pool_ringloop	off	cold	sweep	16384	16384	16	1	2	5	512	2361	89846	283071	30849	15881967	32238	9	0	0	0.8	0.000
run1_A_sweep	hybrid_lazyring	off	cold	sweep	16384	16384	16	1	3	0	512	1802	3648	1266153	4123	4656898	109944	5	0	0	7.8	0.000
run1_A_sweep	uring	off	cold	sweep	16384	16384	16	1	3	1	512	36156	381398	1000486	4228	5220102	98082	5	0	0	100.0	0.000
run1_A_sweep	pooled_pread	off	cold	sweep	16384	16384	16	1	3	2	512	64587	783154	1373041	36622	8571943	59730	65	0	0	100.0	0.000
run1_A_sweep	pool	off	cold	sweep	16384	16384	16	1	3	3	512	2040	290827	2207674	10859	7491369	68345	25	0	0	10.4	0.000
run1_A_sweep	pool_ringloop	off	cold	sweep	16384	16384	16	1	3	4	512	1857	3064	2001894	10181	4561528	112243	23	0	0	8.2	0.000
run1_A_sweep	hybrid	off	cold	sweep	16384	16384	16	1	3	5	512	1789	2686	1029282	5130	5765625	88802	5	0	0	3.1	0.000
run1_A_sweep	uring	off	cold	sweep	16384	16384	16	1	4	0	512	32311	202477	1032224	3994	5571668	91893	5	0	0	100.0	0.000
run1_A_sweep	pooled_pread	off	cold	sweep	16384	16384	16	1	4	1	512	78626	846105	1538890	39592	9562349	53543	83	0	0	100.0	0.000
run1_A_sweep	pool	off	cold	sweep	16384	16384	16	1	4	2	512	2226	22176	1655254	12159	7147414	71634	25	0	0	9.6	0.000
run1_A_sweep	pool_ringloop	off	cold	sweep	16384	16384	16	1	4	3	512	2918	613955	2738348	12424	6055133	84556	24	0	0	13.1	0.000
run1_A_sweep	hybrid	off	cold	sweep	16384	16384	16	1	4	4	512	2722	7917	435263	7347	7269703	70429	5	0	0	8.8	0.000
run1_A_sweep	hybrid_lazyring	off	cold	sweep	16384	16384	16	1	4	5	512	2457	5082	497810	5855	5019757	101997	5	0	0	7.6	0.000
run1_A_sweep	pooled_pread	off	cold	sweep	16384	16384	16	1	5	0	512	385339	831405	2120380	105358	17403065	29420	74	0	0	100.0	0.000
run1_A_sweep	pool	off	cold	sweep	16384	16384	16	1	5	1	512	2714	667246	1460265	18250	8576150	59700	36	0	0	20.1	0.000
run1_A_sweep	pool_ringloop	off	cold	sweep	16384	16384	16	1	5	2	512	2625	124850	179796	27153	13922945	36774	5	0	0	0.0	0.000
run1_A_sweep	hybrid	off	cold	sweep	16384	16384	16	1	5	3	512	2209	5431	483983	4297	5264641	97253	5	0	0	5.5	0.000
run1_A_sweep	hybrid_lazyring	off	cold	sweep	16384	16384	16	1	5	4	512	1589	2179	40854	4170	5529291	92598	5	0	0	0.8	0.000
run1_A_sweep	uring	off	cold	sweep	16384	16384	16	1	5	5	512	54698	413695	965461	8554	6180413	82842	5	0	0	100.0	0.000
run1_A_sweep	pool	off	cold	sweep	16384	16384	32	1	0	0	512	2178	7514	1830394	15257	3850786	132960	31	0	0	8.4	0.000
run1_A_sweep	pool_ringloop	off	cold	sweep	16384	16384	32	1	0	1	512	2651	1763991	2575172	24814	8101051	63202	52	0	0	22.3	0.000
run1_A_sweep	hybrid	off	cold	sweep	16384	16384	32	1	0	2	512	2136	3020	33761	4424	5887908	86958	5	0	0	0.8	0.000
run1_A_sweep	hybrid_lazyring	off	cold	sweep	16384	16384	32	1	0	3	512	2203	5944	494833	5216	4213353	121518	5	0	0	7.2	0.000
run1_A_sweep	uring	off	cold	sweep	16384	16384	32	1	0	4	512	111029	157049	323324	4922	2880159	177768	5	0	0	100.0	0.000
run1_A_sweep	pooled_pread	off	cold	sweep	16384	16384	32	1	0	5	512	279844	1395924	2335955	45887	11406178	44888	83	0	0	100.0	0.000
run1_A_sweep	pool_ringloop	off	cold	sweep	16384	16384	32	1	1	0	512	2378	8329	4168464	15116	8512947	60144	38	0	0	9.2	0.000
run1_A_sweep	hybrid	off	cold	sweep	16384	16384	32	1	1	1	512	2369	3877	1372259	5370	7687727	66600	5	0	0	1.4	0.000
run1_A_sweep	hybrid_lazyring	off	cold	sweep	16384	16384	32	1	1	2	512	2314	5467	505544	5393	7785699	65762	5	0	0	4.7	0.000
run1_A_sweep	uring	off	cold	sweep	16384	16384	32	1	1	3	512	97867	294911	1540591	4955	6051760	84603	5	0	0	100.0	0.000
run1_A_sweep	pooled_pread	off	cold	sweep	16384	16384	32	1	1	4	512	168719	1049930	2377003	34866	10486549	48824	65	0	0	100.0	0.000
run1_A_sweep	pool	off	cold	sweep	16384	16384	32	1	1	5	512	2392	6660	2634726	14746	7272501	70402	34	0	0	7.2	0.000
run1_A_sweep	hybrid	off	cold	sweep	16384	16384	32	1	2	0	512	2300	2926	423852	4941	7142472	71684	5	0	0	4.7	0.000
run1_A_sweep	hybrid_lazyring	off	cold	sweep	16384	16384	32	1	2	1	512	2016	3486	1309983	4898	6894063	74267	5	0	0	7.6	0.000
run1_A_sweep	uring	off	cold	sweep	16384	16384	32	1	2	2	512	111321	463137	955718	5661	6730894	76067	5	0	0	100.0	0.000
run1_A_sweep	pooled_pread	off	cold	sweep	16384	16384	32	1	2	3	512	189526	740119	2304615	33001	9203676	55630	63	0	0	100.0	0.000
run1_A_sweep	pool	off	cold	sweep	16384	16384	32	1	2	4	512	2422	760391	2366593	15841	6584692	77756	40	0	0	13.5	0.000
run1_A_sweep	pool_ringloop	off	cold	sweep	16384	16384	32	1	2	5	512	1900	2858	2670850	12054	4245779	120590	36	0	0	8.0	0.000
run1_A_sweep	hybrid_lazyring	off	cold	sweep	16384	16384	32	1	3	0	512	2140	3039	606266	4452	4081809	125435	5	0	0	3.3	0.000
run1_A_sweep	uring	off	cold	sweep	16384	16384	32	1	3	1	512	85417	250946	1169019	4441	5306268	96490	5	0	0	100.0	0.000
run1_A_sweep	pooled_pread	off	cold	sweep	16384	16384	32	1	3	2	512	168075	884841	2163651	31860	9557334	53571	73	0	0	100.0	0.000
run1_A_sweep	pool	off	cold	sweep	16384	16384	32	1	3	3	512	2362	768426	2292435	14467	5677308	90184	39	0	0	13.9	0.000
run1_A_sweep	pool_ringloop	off	cold	sweep	16384	16384	32	1	3	4	512	1991	1172040	1969532	13950	6980041	73352	35	0	0	13.5	0.000
run1_A_sweep	hybrid	off	cold	sweep	16384	16384	32	1	3	5	512	2013	2796	811151	4277	4264088	120073	5	0	0	2.3	0.000
run1_A_sweep	uring	off	cold	sweep	16384	16384	32	1	4	0	512	97159	488968	1216761	5049	5007179	102253	5	0	0	100.0	0.000
run1_A_sweep	pooled_pread	off	cold	sweep	16384	16384	32	1	4	1	512	148164	859341	1952283	33916	9534124	53702	86	0	0	100.0	0.000
run1_A_sweep	pool	off	cold	sweep	16384	16384	32	1	4	2	512	2751	1083213	1818365	21950	6609691	77462	41	0	0	18.2	0.000
run1_A_sweep	pool_ringloop	off	cold	sweep	16384	16384	32	1	4	3	512	2058	5828	2433662	13973	5714174	89602	23	0	0	7.0	0.000
run1_A_sweep	hybrid	off	cold	sweep	16384	16384	32	1	4	4	512	2239	3042	644767	5813	4584005	111693	5	0	0	2.3	0.000
run1_A_sweep	hybrid_lazyring	off	cold	sweep	16384	16384	32	1	4	5	512	2065	2895	1080062	5622	4894143	104615	5	0	0	1.8	0.000
run1_A_sweep	pooled_pread	off	cold	sweep	16384	16384	32	1	5	0	512	222843	1057142	2441941	39879	8405837	60910	76	0	0	100.0	0.000
run1_A_sweep	pool	off	cold	sweep	16384	16384	32	1	5	1	512	2554	42158	2244395	17669	6763553	75700	39	0	0	9.8	0.000
run1_A_sweep	pool_ringloop	off	cold	sweep	16384	16384	32	1	5	2	512	2250	1070697	1693423	18241	5681526	90117	38	0	0	23.4	0.000
run1_A_sweep	hybrid	off	cold	sweep	16384	16384	32	1	5	3	512	75017	127732	283545	62303	32089980	15955	5	0	0	0.0	0.000
run1_A_sweep	hybrid_lazyring	off	cold	sweep	16384	16384	32	1	5	4	512	2142	3381	754586	5613	6011460	85171	5	0	0	4.1	0.000
run1_A_sweep	uring	off	cold	sweep	16384	16384	32	1	5	5	512	93972	196245	316288	4969	4781026	107090	5	0	0	100.0	0.000
run1_A_sweep	pool	off	cold	sweep	16384	16384	64	1	0	0	512	1933	928729	2311274	18720	6300286	81266	35	0	0	16.4	0.000
run1_A_sweep	pool_ringloop	off	cold	sweep	16384	16384	64	1	0	1	512	1597	2175	37721	5942	3720198	137627	9	0	0	0.8	0.000
run1_A_sweep	hybrid	off	cold	sweep	16384	16384	64	1	0	2	512	1950	2912	469190	5296	5431743	94261	5	0	0	3.9	0.000
run1_A_sweep	hybrid_lazyring	off	cold	sweep	16384	16384	64	1	0	3	512	1854	4179	35530	6880	6086710	84118	5	0	0	0.8	0.000
run1_A_sweep	uring	off	cold	sweep	16384	16384	64	1	0	4	512	530040	794145	796415	6761	7455654	68673	5	0	0	100.0	0.000
run1_A_sweep	pooled_pread	off	cold	sweep	16384	16384	64	1	0	5	512	217321	988426	1747429	34446	7652076	66910	64	0	0	100.0	0.000
run1_A_sweep	pool_ringloop	off	cold	sweep	16384	16384	64	1	1	0	512	1669	3141145	3174136	14780	4653541	110024	34	0	0	13.7	0.000
run1_A_sweep	hybrid	off	cold	sweep	16384	16384	64	1	1	1	512	1969	2839	337186	5356	3661666	139827	5	0	0	1.0	0.000
run1_A_sweep	hybrid_lazyring	off	cold	sweep	16384	16384	64	1	1	2	512	2341	5326	635223	7085	6653767	76949	5	0	0	5.5	0.000
run1_A_sweep	uring	off	cold	sweep	16384	16384	64	1	1	3	512	190738	381927	383475	5003	4896406	104566	5	0	0	100.0	0.000
run1_A_sweep	pooled_pread	off	cold	sweep	16384	16384	64	1	1	4	512	516000	1710018	2406270	37199	10145399	50466	79	0	0	100.0	0.000
run1_A_sweep	pool	off	cold	sweep	16384	16384	64	1	1	5	512	2135	2773	16246	6380	2345754	218267	9	0	0	0.8	0.000
run1_A_sweep	hybrid	off	cold	sweep	16384	16384	64	1	2	0	512	1970	3073	354500	5095	4498531	113815	5	0	0	4.7	0.000
run1_A_sweep	hybrid_lazyring	off	cold	sweep	16384	16384	64	1	2	1	512	2473	3680	336239	6116	4808028	106489	5	0	0	1.0	0.000
run1_A_sweep	uring	off	cold	sweep	16384	16384	64	1	2	2	512	261376	1375499	1376955	5762	4317852	118577	5	0	0	100.0	0.000
run1_A_sweep	pooled_pread	off	cold	sweep	16384	16384	64	1	2	3	512	715244	2358238	3708538	53891	10699724	47852	97	0	0	100.0	0.000
run1_A_sweep	pool	off	cold	sweep	16384	16384	64	1	2	4	512	2731	715440	2403651	22636	5928105	86368	35	0	0	10.9	0.000
run1_A_sweep	pool_ringloop	off	cold	sweep	16384	16384	64	1	2	5	512	1807	3870521	3930611	16284	7991176	64071	33	0	0	13.3	0.000
run1_A_sweep	hybrid_lazyring	off	cold	sweep	16384	16384	64	1	3	0	512	2969	84339	786867	19905	10428595	49096	5	0	0	6.6	0.000
run1_A_sweep	uring	off	cold	sweep	16384	16384	64	1	3	1	512	347461	1189456	1306404	5256	4354426	117582	5	0	0	100.0	0.000
run1_A_sweep	pooled_pread	off	cold	sweep	16384	16384	64	1	3	2	512	701590	1487619	2297983	39117	7685840	66616	86	0	0	100.0	0.000
run1_A_sweep	pool	off	cold	sweep	16384	16384	64	1	3	3	512	2297	1949506	3542881	21351	5354707	95617	53	0	0	17.2	0.000
run1_A_sweep	pool_ringloop	off	cold	sweep	16384	16384	64	1	3	4	512	1988	3685710	3709232	15792	7574216	67598	40	0	0	14.6	0.000
run1_A_sweep	hybrid	off	cold	sweep	16384	16384	64	1	3	5	512	2073	206169	599658	4190	4045000	126576	5	0	0	11.3	0.000
run1_A_sweep	uring	off	cold	sweep	16384	16384	64	1	4	0	512	318580	1358201	1359759	5077	4754552	107686	5	0	0	100.0	0.000
run1_A_sweep	pooled_pread	off	cold	sweep	16384	16384	64	1	4	1	512	419659	1442980	2530314	31447	8939992	57271	67	0	0	100.0	0.000
run1_A_sweep	pool	off	cold	sweep	16384	16384	64	1	4	2	512	2759	62476	210339	14559	5833489	87769	9	0	0	0.8	0.000
run1_A_sweep	pool_ringloop	off	cold	sweep	16384	16384	64	1	4	3	512	1970	3392450	3925966	20828	7640268	67013	58	0	0	16.6	0.000
run1_A_sweep	hybrid	off	cold	sweep	16384	16384	64	1	4	4	512	2194	2968	46973	5215	3247640	157653	5	0	0	0.8	0.000
run1_A_sweep	hybrid_lazyring	off	cold	sweep	16384	16384	64	1	4	5	512	73526	93473	119346	68475	35059493	14604	5	0	0	0.0	0.000
run1_A_sweep	pooled_pread	off	cold	sweep	16384	16384	64	1	5	0	512	269172	1180692	1979672	32675	8925776	57362	69	0	0	100.0	0.000
run1_A_sweep	pool	off	cold	sweep	16384	16384	64	1	5	1	512	2189	2718	9155	5586	4614083	110965	9	0	0	0.8	0.000
run1_A_sweep	pool_ringloop	off	cold	sweep	16384	16384	64	1	5	2	512	1645	4193654	4223856	16429	8471706	60436	39	0	0	13.5	0.000
run1_A_sweep	hybrid	off	cold	sweep	16384	16384	64	1	5	3	512	1722	2223	5784	4234	5575081	91837	5	0	0	0.8	0.000
run1_A_sweep	hybrid_lazyring	off	cold	sweep	16384	16384	64	1	5	4	512	2639	3668	1337550	6740	6956326	73602	5	0	0	2.5	0.000
run1_A_sweep	uring	off	cold	sweep	16384	16384	64	1	5	5	512	492029	555920	606991	5336	6685844	76580	5	0	0	100.0	0.000
run1_A_sweep	pool	off	warm	sweep	16384	16384	1	1	0	0	512	1378	1863	2560	2101	915555	559224	5	0	0	0.0	0.000
run1_A_sweep	pool_ringloop	off	warm	sweep	16384	16384	1	1	0	1	512	1116	1247	1800	1648	736655	695034	5	0	0	0.0	0.000
run1_A_sweep	hybrid	off	warm	sweep	16384	16384	1	1	0	2	512	1398	1623	2000	2003	932084	549307	5	0	0	0.0	0.000
run1_A_sweep	hybrid_lazyring	off	warm	sweep	16384	16384	1	1	0	3	512	1123	1233	2364	1688	786263	651182	5	0	0	0.0	0.000
run1_A_sweep	uring	off	warm	sweep	16384	16384	1	1	0	4	512	1501	1604	1915	2144	1023322	500331	5	0	0	100.0	0.000
run1_A_sweep	pooled_pread	off	warm	sweep	16384	16384	1	1	0	5	512	50016	57535	93467	58096	27345743	18723	6	0	0	100.0	0.000
run1_A_sweep	pool_ringloop	off	warm	sweep	16384	16384	1	1	1	0	512	1309	1880	2681	1821	874899	585210	5	0	0	0.0	0.000
run1_A_sweep	hybrid	off	warm	sweep	16384	16384	1	1	1	1	512	1158	1251	1527	1672	832300	615163	5	0	0	0.0	0.000
run1_A_sweep	hybrid_lazyring	off	warm	sweep	16384	16384	1	1	1	2	512	1253	1565	3743	1825	831284	615915	5	0	0	0.0	0.000
run1_A_sweep	uring	off	warm	sweep	16384	16384	1	1	1	3	512	2054	14936	17009	6947	2865563	178673	5	0	0	100.0	0.000
run1_A_sweep	pooled_pread	off	warm	sweep	16384	16384	1	1	1	4	512	4422	23222	76023	11548	9153087	55937	7	0	0	100.0	0.000
run1_A_sweep	pool	off	warm	sweep	16384	16384	1	1	1	5	512	1197	1598	2244	1664	851285	601444	5	0	0	0.0	0.000
run1_A_sweep	hybrid	off	warm	sweep	16384	16384	1	1	2	0	512	1149	1423	1770	1811	892042	573964	5	0	0	0.0	0.000
run1_A_sweep	hybrid_lazyring	off	warm	sweep	16384	16384	1	1	2	1	512	1115	1195	1376	1447	740330	691583	5	0	0	0.0	0.000
run1_A_sweep	uring	off	warm	sweep	16384	16384	1	1	2	2	512	1439	1533	1780	1925	995691	514216	5	0	0	100.0	0.000
run1_A_sweep	pooled_pread	off	warm	sweep	16384	16384	1	1	2	3	512	44328	53440	90745	50522	27322066	18739	7	0	0	100.0	0.000
run1_A_sweep	pool	off	warm	sweep	16384	16384	1	1	2	4	512	1144	1471	2052	1719	800823	639342	5	0	0	0.0	0.000
run1_A_sweep	pool_ringloop	off	warm	sweep	16384	16384	1	1	2	5	512	1130	1229	2006	1629	752230	680643	5	0	0	0.0	0.000
run1_A_sweep	hybrid_lazyring	off	warm	sweep	16384	16384	1	1	3	0	512	1105	1209	1386	1579	725476	705744	5	0	0	0.0	0.000
run1_A_sweep	uring	off	warm	sweep	16384	16384	1	1	3	1	512	1792	16805	20542	6890	2886360	177386	5	0	0	100.0	0.000
run1_A_sweep	pooled_pread	off	warm	sweep	16384	16384	1	1	3	2	512	48919	56072	95323	56847	26498245	19322	6	0	0	100.0	0.000
run1_A_sweep	pool	off	warm	sweep	16384	16384	1	1	3	3	512	1109	1316	1735	1573	742443	689615	5	0	0	0.0	0.000
run1_A_sweep	pool_ringloop	off	warm	sweep	16384	16384	1	1	3	4	512	1104	1215	1731	1516	719595	711511	5	0	0	0.0	0.000
run1_A_sweep	hybrid	off	warm	sweep	16384	16384	1	1	3	5	512	1079	1184	3484	1863	857664	596970	5	0	0	0.0	0.000
run1_A_sweep	uring	off	warm	sweep	16384	16384	1	1	4	0	512	1670	14953	19973	6571	2812615	182037	5	0	0	100.0	0.000
run1_A_sweep	pooled_pread	off	warm	sweep	16384	16384	1	1	4	1	512	49560	58453	102314	58007	27465598	18642	6	0	0	100.0	0.000
run1_A_sweep	pool	off	warm	sweep	16384	16384	1	1	4	2	512	1239	1601	2926	1921	927148	552231	5	0	0	0.0	0.000
run1_A_sweep	pool_ringloop	off	warm	sweep	16384	16384	1	1	4	3	512	1135	1270	1599	1543	719004	712096	5	0	0	0.0	0.000
run1_A_sweep	hybrid	off	warm	sweep	16384	16384	1	1	4	4	512	1151	1252	1571	1774	833916	613971	5	0	0	0.0	0.000
run1_A_sweep	hybrid_lazyring	off	warm	sweep	16384	16384	1	1	4	5	512	1173	1620	1950	1758	803044	637574	5	0	0	0.0	0.000
run1_A_sweep	pooled_pread	off	warm	sweep	16384	16384	1	1	5	0	512	49520	54695	93831	57026	26880578	19047	6	0	0	100.0	0.000
run1_A_sweep	pool	off	warm	sweep	16384	16384	1	1	5	1	512	1117	1255	1557	1662	771956	663250	5	0	0	0.0	0.000
run1_A_sweep	pool_ringloop	off	warm	sweep	16384	16384	1	1	5	2	512	1123	1212	1397	1529	698684	732806	5	0	0	0.0	0.000
run1_A_sweep	hybrid	off	warm	sweep	16384	16384	1	1	5	3	512	1431	1581	1923	2043	988045	518195	5	0	0	0.0	0.000
run1_A_sweep	hybrid_lazyring	off	warm	sweep	16384	16384	1	1	5	4	512	1110	1200	1458	1408	687205	745047	5	0	0	0.0	0.000
run1_A_sweep	uring	off	warm	sweep	16384	16384	1	1	5	5	512	2620	15047	24003	8606	3620441	141419	5	0	0	100.0	0.000
run1_A_sweep	pool	off	warm	sweep	16384	16384	2	1	0	0	512	1504	1686	3647	2375	601847	850715	5	0	0	0.0	0.000
run1_A_sweep	pool_ringloop	off	warm	sweep	16384	16384	2	1	0	1	512	1120	1224	1538	1510	691980	739906	5	0	0	0.0	0.000
run1_A_sweep	hybrid	off	warm	sweep	16384	16384	2	1	0	2	512	1156	1243	1393	1774	871299	587628	5	0	0	0.0	0.000
run1_A_sweep	hybrid_lazyring	off	warm	sweep	16384	16384	2	1	0	3	512	1190	1284	1545	1539	729979	701390	5	0	0	0.0	0.000
run1_A_sweep	uring	off	warm	sweep	16384	16384	2	1	0	4	512	4595	17169	27585	6298	2704398	189321	5	0	0	100.0	0.000
run1_A_sweep	pooled_pread	off	warm	sweep	16384	16384	2	1	0	5	512	31725	63759	123699	31870	9135023	56048	9	0	0	100.0	0.000
run1_A_sweep	pool_ringloop	off	warm	sweep	16384	16384	2	1	1	0	512	1081	1186	1421	1453	672735	761072	5	0	0	0.0	0.000
run1_A_sweep	hybrid	off	warm	sweep	16384	16384	2	1	1	1	512	1196	1288	1717	1742	820116	624302	5	0	0	0.0	0.000
run1_A_sweep	hybrid_lazyring	off	warm	sweep	16384	16384	2	1	1	2	512	1206	1290	1460	1595	762588	671398	5	0	0	0.0	0.000
run1_A_sweep	uring	off	warm	sweep	16384	16384	2	1	1	3	512	3690	17478	25514	5360	2333128	219448	5	0	0	100.0	0.000
run1_A_sweep	pooled_pread	off	warm	sweep	16384	16384	2	1	1	4	512	32214	70872	108145	34682	9675283	52918	11	0	0	100.0	0.000
run1_A_sweep	pool	off	warm	sweep	16384	16384	2	1	1	5	512	1472	1657	2362	2078	556998	919213	5	0	0	0.0	0.000
run1_A_sweep	hybrid	off	warm	sweep	16384	16384	2	1	2	0	512	1167	1240	2619	1856	881788	580638	5	0	0	0.0	0.000
run1_A_sweep	hybrid_lazyring	off	warm	sweep	16384	16384	2	1	2	1	512	1225	1298	1545	1641	783845	653190	5	0	0	0.0	0.000
run1_A_sweep	uring	off	warm	sweep	16384	16384	2	1	2	2	512	4356	17248	37293	6222	2708200	189055	5	0	0	100.0	0.000
run1_A_sweep	pooled_pread	off	warm	sweep	16384	16384	2	1	2	3	512	33412	77678	125459	35350	10524080	48650	10	0	0	100.0	0.000
run1_A_sweep	pool	off	warm	sweep	16384	16384	2	1	2	4	512	1431	1566	1723	1883	502777	1018344	5	0	0	0.0	0.000
run1_A_sweep	pool_ringloop	off	warm	sweep	16384	16384	2	1	2	5	512	1113	1183	1366	1495	699717	731724	5	0	0	0.0	0.000
run1_A_sweep	hybrid_lazyring	off	warm	sweep	16384	16384	2	1	3	0	512	1190	1289	1520	1619	772210	663032	5	0	0	0.0	0.000
run1_A_sweep	uring	off	warm	sweep	16384	16384	2	1	3	1	512	2744	17206	23444	4876	2100478	243754	5	0	0	100.0	0.000
run1_A_sweep	pooled_pread	off	warm	sweep	16384	16384	2	1	3	2	512	29677	80366	203168	32456	10532465	48612	12	0	0	100.0	0.000
run1_A_sweep	pool	off	warm	sweep	16384	16384	2	1	3	3	512	1452	1612	2048	2095	541902	944820	5	0	0	0.0	0.000
run1_A_sweep	pool_ringloop	off	warm	sweep	16384	16384	2	1	3	4	512	1082	1373	2234	1602	732908	698587	5	0	0	0.0	0.000
run1_A_sweep	hybrid	off	warm	sweep	16384	16384	2	1	3	5	512	1127	1209	1373	2066	929591	550780	5	0	0	0.0	0.000
run1_A_sweep	uring	off	warm	sweep	16384	16384	2	1	4	0	512	3738	17206	23814	5654	2450000	208980	5	0	0	100.0	0.000
run1_A_sweep	pooled_pread	off	warm	sweep	16384	16384	2	1	4	1	512	30479	77644	152016	33497	9892201	51758	10	0	0	100.0	0.000
run1_A_sweep	pool	off	warm	sweep	16384	16384	2	1	4	2	512	1492	1950	3241	2172	576092	888747	5	0	0	0.0	0.000
run1_A_sweep	pool_ringloop	off	warm	sweep	16384	16384	2	1	4	3	512	1135	1226	3287	1643	765862	668528	5	0	0	0.0	0.000
run1_A_sweep	hybrid	off	warm	sweep	16384	16384	2	1	4	4	512	1153	1224	1437	1725	834962	613202	5	0	0	0.0	0.000
run1_A_sweep	hybrid_lazyring	off	warm	sweep	16384	16384	2	1	4	5	512	1236	1642	2028	1742	843482	607008	5	0	0	0.0	0.000
run1_A_sweep	pooled_pread	off	warm	sweep	16384	16384	2	1	5	0	512	28278	72343	184204	34864	9294438	55087	11	0	0	100.0	0.000
run1_A_sweep	pool	off	warm	sweep	16384	16384	2	1	5	1	512	1463	1636	2544	1930	543117	942707	5	0	0	0.0	0.000
run1_A_sweep	pool_ringloop	off	warm	sweep	16384	16384	2	1	5	2	512	1137	1566	2358	1728	774279	661260	5	0	0	0.0	0.000
run1_A_sweep	hybrid	off	warm	sweep	16384	16384	2	1	5	3	512	1225	1477	1817	1780	885601	578138	5	0	0	0.0	0.000
run1_A_sweep	hybrid_lazyring	off	warm	sweep	16384	16384	2	1	5	4	512	1197	1277	1453	1655	762508	671468	5	0	0	0.0	0.000
run1_A_sweep	uring	off	warm	sweep	16384	16384	2	1	5	5	512	3510	17614	37625	5400	2335889	219188	5	0	0	100.0	0.000
run1_A_sweep	pool	off	warm	sweep	16384	16384	4	1	0	0	512	1535	1723	3511	2110	398375	1285221	5	0	0	0.0	0.000
run1_A_sweep	pool_ringloop	off	warm	sweep	16384	16384	4	1	0	1	512	1091	1167	1925	1657	755512	677686	5	0	0	0.0	0.000
run1_A_sweep	hybrid	off	warm	sweep	16384	16384	4	1	0	2	512	1193	1271	1890	1854	871752	587323	5	0	0	0.0	0.000
run1_A_sweep	hybrid_lazyring	off	warm	sweep	16384	16384	4	1	0	3	512	1163	1230	1416	1539	859595	595629	5	0	0	0.0	0.000
run1_A_sweep	uring	off	warm	sweep	16384	16384	4	1	0	4	512	17599	21739	32718	5042	2139941	239259	5	0	0	100.0	0.000
run1_A_sweep	pooled_pread	off	warm	sweep	16384	16384	4	1	0	5	512	21797	88583	227891	28408	5375023	95255	21	0	0	100.0	0.000
run1_A_sweep	pool_ringloop	off	warm	sweep	16384	16384	4	1	1	0	512	1425	1555	2757	1966	917344	558133	5	0	0	0.0	0.000
run1_A_sweep	hybrid	off	warm	sweep	16384	16384	4	1	1	1	512	1196	1288	1537	1837	880762	581315	5	0	0	0.0	0.000
run1_A_sweep	hybrid_lazyring	off	warm	sweep	16384	16384	4	1	1	2	512	1223	1294	1866	1763	851468	601314	5	0	0	0.0	0.000
run1_A_sweep	uring	off	warm	sweep	16384	16384	4	1	1	3	512	19597	20937	42930	6686	2928611	174827	5	0	0	100.0	0.000
run1_A_sweep	pooled_pread	off	warm	sweep	16384	16384	4	1	1	4	512	23486	80169	242158	27563	5011442	102166	18	0	0	100.0	0.000
run1_A_sweep	pool	off	warm	sweep	16384	16384	4	1	1	5	512	1540	1778	2154	2170	358155	1429549	5	0	0	0.0	0.000
run1_A_sweep	hybrid	off	warm	sweep	16384	16384	4	1	2	0	512	1186	1289	2347	1785	851960	600967	5	0	0	0.0	0.000
run1_A_sweep	hybrid_lazyring	off	warm	sweep	16384	16384	4	1	2	1	512	1185	1255	1441	1681	782831	654036	5	0	0	0.0	0.000
run1_A_sweep	uring	off	warm	sweep	16384	16384	4	1	2	2	512	18709	19639	40399	6124	2662451	192304	5	0	0	100.0	0.000
run1_A_sweep	pooled_pread	off	warm	sweep	16384	16384	4	1	2	3	512	23650	102620	349242	28192	5859941	87373	25	0	0	100.0	0.000
run1_A_sweep	pool	off	warm	sweep	16384	16384	4	1	2	4	512	1506	1693	2064	2049	325722	1571893	5	0	0	0.0	0.000
run1_A_sweep	pool_ringloop	off	warm	sweep	16384	16384	4	1	2	5	512	1113	1411	2655	1769	813487	629389	5	0	0	0.0	0.000
run1_A_sweep	hybrid_lazyring	off	warm	sweep	16384	16384	4	1	3	0	512	1174	1254	1426	1599	756364	676923	5	0	0	0.0	0.000
run1_A_sweep	uring	off	warm	sweep	16384	16384	4	1	3	1	512	18524	21195	48044	6228	2678029	191185	5	0	0	100.0	0.000
run1_A_sweep	pooled_pread	off	warm	sweep	16384	16384	4	1	3	2	512	21345	89264	224361	26800	5378873	95187	17	0	0	100.0	0.000
run1_A_sweep	pool	off	warm	sweep	16384	16384	4	1	3	3	512	1532	1728	3640	2339	371305	1378920	5	0	0	0.0	0.000
run1_A_sweep	pool_ringloop	off	warm	sweep	16384	16384	4	1	3	4	512	1123	1204	4954	1612	774410	661148	5	0	0	0.0	0.000
run1_A_sweep	hybrid	off	warm	sweep	16384	16384	4	1	3	5	512	1184	1287	3078	1918	892538	573645	5	0	0	0.0	0.000
run1_A_sweep	uring	off	warm	sweep	16384	16384	4	1	4	0	512	19078	24071	44602	6475	2807893	182343	5	0	0	100.0	0.000
run1_A_sweep	pooled_pread	off	warm	sweep	16384	16384	4	1	4	1	512	33028	77725	224350	27591	5475820	93502	17	0	0	100.0	0.000
run1_A_sweep	pool	off	warm	sweep	16384	16384	4	1	4	2	512	1598	1857	2427	2689	560488	913490	5	0	0	0.0	0.000
run1_A_sweep	pool_ringloop	off	warm	sweep	16384	16384	4	1	4	3	512	1119	1202	1810	1537	733683	697849	5	0	0	0.0	0.000
run1_A_sweep	hybrid	off	warm	sweep	16384	16384	4	1	4	4	512	1140	1226	1433	1817	912446	561129	5	0	0	0.0	0.000
run1_A_sweep	hybrid_lazyring	off	warm	sweep	16384	16384	4	1	4	5	512	1194	1276	1435	1605	769994	664940	5	0	0	0.0	0.000
run1_A_sweep	pooled_pread	off	warm	sweep	16384	16384	4	1	5	0	512	27073	100759	331066	30458	6219331	82324	19	0	0	100.0	0.000
run1_A_sweep	pool	off	warm	sweep	16384	16384	4	1	5	1	512	1534	1725	2033	2123	349742	1463936	5	0	0	0.0	0.000
run1_A_sweep	pool_ringloop	off	warm	sweep	16384	16384	4	1	5	2	512	1066	1144	1641	1455	695288	736385	5	0	0	0.0	0.000
run1_A_sweep	hybrid	off	warm	sweep	16384	16384	4	1	5	3	512	1196	1283	1465	1952	874663	585368	5	0	0	0.0	0.000
run1_A_sweep	hybrid_lazyring	off	warm	sweep	16384	16384	4	1	5	4	512	1148	1224	1408	1488	726321	704922	5	0	0	0.0	0.000
run1_A_sweep	uring	off	warm	sweep	16384	16384	4	1	5	5	512	18796	19225	39349	6294	2705806	189223	5	0	0	100.0	0.000
run1_A_sweep	pool	off	warm	sweep	16384	16384	8	1	0	0	512	1525	1747	2087	2108	323205	1584134	5	0	0	0.0	0.000
run1_A_sweep	pool_ringloop	off	warm	sweep	16384	16384	8	1	0	1	512	1093	1167	1327	1449	718007	713085	5	0	0	0.0	0.000
run1_A_sweep	hybrid	off	warm	sweep	16384	16384	8	1	0	2	512	1176	1237	1413	1852	874480	585491	5	0	0	0.0	0.000
run1_A_sweep	hybrid_lazyring	off	warm	sweep	16384	16384	8	1	0	3	512	1138	1216	1914	1645	784428	652705	5	0	0	0.0	0.000
run1_A_sweep	uring	off	warm	sweep	16384	16384	8	1	0	4	512	23249	23980	33319	3921	1741873	293936	5	0	0	100.0	0.000
run1_A_sweep	pooled_pread	off	warm	sweep	16384	16384	8	1	0	5	512	32578	139984	464486	25206	4130659	123951	32	0	0	100.0	0.000
run1_A_sweep	pool_ringloop	off	warm	sweep	16384	16384	8	1	1	0	512	1101	1523	2080	1673	799718	640226	5	0	0	0.0	0.000
run1_A_sweep	hybrid	off	warm	sweep	16384	16384	8	1	1	1	512	1535	1687	2021	2236	1089900	469768	5	0	0	0.0	0.000
run1_A_sweep	hybrid_lazyring	off	warm	sweep	16384	16384	8	1	1	2	512	1152	1485	3796	1678	808741	633083	5	0	0	0.0	0.000
run1_A_sweep	uring	off	warm	sweep	16384	16384	8	1	1	3	512	25759	34543	92386	4639	2056879	248921	5	0	0	100.0	0.000
run1_A_sweep	pooled_pread	off	warm	sweep	16384	16384	8	1	1	4	512	42984	168644	862311	27157	5397398	94861	32	0	0	100.0	0.000
run1_A_sweep	pool	off	warm	sweep	16384	16384	8	1	1	5	512	1635	1929	3140	2340	368759	1388441	5	0	0	0.0	0.000
run1_A_sweep	hybrid	off	warm	sweep	16384	16384	8	1	2	0	512	1212	1603	2595	2187	1044169	490342	5	0	0	0.0	0.000
run1_A_sweep	hybrid_lazyring	off	warm	sweep	16384	16384	8	1	2	1	512	1197	1484	2058	1732	833530	614255	5	0	0	0.0	0.000
run1_A_sweep	uring	off	warm	sweep	16384	16384	8	1	2	2	512	24862	34217	49197	4660	2050370	249711	5	0	0	100.0	0.000
run1_A_sweep	pooled_pread	off	warm	sweep	16384	16384	8	1	2	3	512	38961	234517	722699	30556	5857608	87408	28	0	0	100.0	0.000
run1_A_sweep	pool	off	warm	sweep	16384	16384	8	1	2	4	512	1903	2383	3813	2869	455290	1124558	5	0	0	0.0	0.000
run1_A_sweep	pool_ringloop	off	warm	sweep	16384	16384	8	1	2	5	512	1127	1313	1620	1591	766999	667537	5	0	0	0.0	0.000
run1_A_sweep	hybrid_lazyring	off	warm	sweep	16384	16384	8	1	3	0	512	1192	1609	2106	1721	830865	616225	5	0	0	0.0	0.000
run1_A_sweep	uring	off	warm	sweep	16384	16384	8	1	3	1	512	23663	27687	81055	4333	1915127	267345	5	0	0	100.0	0.000
run1_A_sweep	pooled_pread	off	warm	sweep	16384	16384	8	1	3	2	512	29542	185075	886783	28253	5828822	87839	39	0	0	100.0	0.000
run1_A_sweep	pool	off	warm	sweep	16384	16384	8	1	3	3	512	1878	2240	2862	2624	434207	1179161	5	0	0	0.0	0.000
run1_A_sweep	pool_ringloop	off	warm	sweep	16384	16384	8	1	3	4	512	1500	1654	2876	2018	963332	531489	5	0	0	0.0	0.000
run1_A_sweep	hybrid	off	warm	sweep	16384	16384	8	1	3	5	512	1167	1279	1851	1932	958116	534382	5	0	0	0.0	0.000
run1_A_sweep	uring	off	warm	sweep	16384	16384	8	1	4	0	512	23613	24496	46668	4247	1853157	276285	5	0	0	100.0	0.000
run1_A_sweep	pooled_pread	off	warm	sweep	16384	16384	8	1	4	1	512	34810	183634	637593	27446	4891687	104667	44	0	0	100.0	0.000
run1_A_sweep	pool	off	warm	sweep	16384	16384	8	1	4	2	512	1568	1942	6961	2460	393714	1300436	5	0	0	0.0	0.000
run1_A_sweep	pool_ringloop	off	warm	sweep	16384	16384	8	1	4	3	512	1059	1132	1577	1536	725920	705312	5	0	0	0.0	0.000
run1_A_sweep	hybrid	off	warm	sweep	16384	16384	8	1	4	4	512	1160	1211	1477	1807	866108	591150	5	0	0	0.0	0.000
run1_A_sweep	hybrid_lazyring	off	warm	sweep	16384	16384	8	1	4	5	512	1145	1215	1368	1635	750484	682226	5	0	0	0.0	0.000
run1_A_sweep	pooled_pread	off	warm	sweep	16384	16384	8	1	5	0	512	37317	155468	512682	26354	4383789	116794	37	0	0	100.0	0.000
run1_A_sweep	pool	off	warm	sweep	16384	16384	8	1	5	1	512	1699	2146	2563	2969	394260	1298635	5	0	0	0.0	0.000
run1_A_sweep	pool_ringloop	off	warm	sweep	16384	16384	8	1	5	2	512	1487	1620	2077	2175	1023007	500485	5	0	0	0.0	0.000
run1_A_sweep	hybrid	off	warm	sweep	16384	16384	8	1	5	3	512	1142	1230	3196	1938	888825	576041	5	0	0	0.0	0.000
run1_A_sweep	hybrid_lazyring	off	warm	sweep	16384	16384	8	1	5	4	512	1170	1501	4120	1924	905193	565625	5	0	0	0.0	0.000
run1_A_sweep	uring	off	warm	sweep	16384	16384	8	1	5	5	512	23617	29455	61308	4286	1867860	274110	5	0	0	100.0	0.000
run1_A_sweep	pool	off	warm	sweep	16384	16384	16	1	0	0	512	1543	1766	1984	2191	355401	1440626	5	0	0	0.0	0.000
run1_A_sweep	pool_ringloop	off	warm	sweep	16384	16384	16	1	0	1	512	1095	1311	1643	1691	813781	629162	5	0	0	0.0	0.000
run1_A_sweep	hybrid	off	warm	sweep	16384	16384	16	1	0	2	512	1218	1329	1905	1985	984656	519979	5	0	0	0.0	0.000
run1_A_sweep	hybrid_lazyring	off	warm	sweep	16384	16384	16	1	0	3	512	1136	1228	1549	1730	832597	614943	5	0	0	0.0	0.000
run1_A_sweep	uring	off	warm	sweep	16384	16384	16	1	0	4	512	34698	41288	60451	3203	1487096	344295	5	0	0	100.0	0.000
run1_A_sweep	pooled_pread	off	warm	sweep	16384	16384	16	1	0	5	512	75640	444208	1036932	31636	5961211	85889	60	0	0	100.0	0.000
run1_A_sweep	pool_ringloop	off	warm	sweep	16384	16384	16	1	1	0	512	1074	1171	2068	1720	817168	626554	5	0	0	0.0	0.000
run1_A_sweep	hybrid	off	warm	sweep	16384	16384	16	1	1	1	512	1140	1233	2546	1907	894323	572500	5	0	0	0.0	0.000
run1_A_sweep	hybrid_lazyring	off	warm	sweep	16384	16384	16	1	1	2	512	1159	1239	1478	1730	826513	619470	5	0	0	0.0	0.000
run1_A_sweep	uring	off	warm	sweep	16384	16384	16	1	1	3	512	35081	36465	49172	3095	1404748	364478	5	0	0	100.0	0.000
run1_A_sweep	pooled_pread	off	warm	sweep	16384	16384	16	1	1	4	512	56405	508398	1371999	31867	6512953	78613	72	0	0	100.0	0.000
run1_A_sweep	pool	off	warm	sweep	16384	16384	16	1	1	5	512	1685	1998	2800	2406	399591	1281310	5	0	0	0.0	0.000
run1_A_sweep	hybrid	off	warm	sweep	16384	16384	16	1	2	0	512	1169	1260	1719	2075	982285	521234	5	0	0	0.0	0.000
run1_A_sweep	hybrid_lazyring	off	warm	sweep	16384	16384	16	1	2	1	512	1490	1749	2803	2288	1049937	487648	5	0	0	0.0	0.000
run1_A_sweep	uring	off	warm	sweep	16384	16384	16	1	2	2	512	49096	64180	80161	4408	2051230	249606	5	0	0	100.0	0.000
run1_A_sweep	pooled_pread	off	warm	sweep	16384	16384	16	1	2	3	512	75349	493293	1759645	34257	6940948	73765	56	0	0	100.0	0.000
run1_A_sweep	pool	off	warm	sweep	16384	16384	16	1	2	4	512	1845	2175	2926	2892	521689	981428	5	0	0	0.0	0.000
run1_A_sweep	pool_ringloop	off	warm	sweep	16384	16384	16	1	2	5	512	1104	1266	1788	1674	807861	633772	5	0	0	0.0	0.000
run1_A_sweep	hybrid_lazyring	off	warm	sweep	16384	16384	16	1	3	0	512	1243	1336	2437	1918	933313	548583	5	0	0	0.0	0.000
run1_A_sweep	uring	off	warm	sweep	16384	16384	16	1	3	1	512	33908	39709	72844	3349	1500294	341266	5	0	0	100.0	0.000
run1_A_sweep	pooled_pread	off	warm	sweep	16384	16384	16	1	3	2	512	72594	306055	1335146	28309	5433457	94231	37	0	0	100.0	0.000
run1_A_sweep	pool	off	warm	sweep	16384	16384	16	1	3	3	512	1672	1986	4052	2428	461449	1109548	5	0	0	0.0	0.000
run1_A_sweep	pool_ringloop	off	warm	sweep	16384	16384	16	1	3	4	512	1135	1270	6438	1776	858459	596418	5	0	0	0.0	0.000
run1_A_sweep	hybrid	off	warm	sweep	16384	16384	16	1	3	5	512	1163	1249	1509	2061	981156	521833	5	0	0	0.0	0.000
run1_A_sweep	uring	off	warm	sweep	16384	16384	16	1	4	0	512	33806	37797	61777	3274	1513631	338259	5	0	0	100.0	0.000
run1_A_sweep	pooled_pread	off	warm	sweep	16384	16384	16	1	4	1	512	92789	461282	1261073	30261	6336747	80799	55	0	0	100.0	0.000
run1_A_sweep	pool	off	warm	sweep	16384	16384	16	1	4	2	512	1592	1815	3671	2318	352486	1452540	5	0	0	0.0	0.000
run1_A_sweep	pool_ringloop	off	warm	sweep	16384	16384	16	1	4	3	512	1096	1189	1504	1797	905268	565578	5	0	0	0.0	0.000
run1_A_sweep	hybrid	off	warm	sweep	16384	16384	16	1	4	4	512	1158	1231	1558	2321	948334	539894	5	0	0	0.0	0.000
run1_A_sweep	hybrid_lazyring	off	warm	sweep	16384	16384	16	1	4	5	512	1158	1254	2715	1862	865010	591901	5	0	0	0.0	0.000
run1_A_sweep	pooled_pread	off	warm	sweep	16384	16384	16	1	5	0	512	64068	385671	1190520	28792	5403470	94754	57	0	0	100.0	0.000
run1_A_sweep	pool	off	warm	sweep	16384	16384	16	1	5	1	512	1598	1802	2525	2286	365656	1400223	5	0	0	0.0	0.000
run1_A_sweep	pool_ringloop	off	warm	sweep	16384	16384	16	1	5	2	512	1116	1175	1330	1588	733039	698462	5	0	0	0.0	0.000
run1_A_sweep	hybrid	off	warm	sweep	16384	16384	16	1	5	3	512	1178	1264	1501	1882	910369	562409	5	0	0	0.0	0.000
run1_A_sweep	hybrid_lazyring	off	warm	sweep	16384	16384	16	1	5	4	512	1207	1274	1496	1681	782454	654352	5	0	0	0.0	0.000
run1_A_sweep	uring	off	warm	sweep	16384	16384	16	1	5	5	512	33875	35875	61021	3073	1374007	372633	5	0	0	100.0	0.000
run1_A_sweep	pool	off	warm	sweep	16384	16384	32	1	0	0	512	1593	1853	24819	2761	425224	1204071	5	0	0	0.0	0.000
run1_A_sweep	pool_ringloop	off	warm	sweep	16384	16384	32	1	0	1	512	1092	1159	1350	1815	852628	600496	5	0	0	0.0	0.000
run1_A_sweep	hybrid	off	warm	sweep	16384	16384	32	1	0	2	512	1299	1683	2833	2598	1305723	392120	5	0	0	0.0	0.000
run1_A_sweep	hybrid_lazyring	off	warm	sweep	16384	16384	32	1	0	3	512	1198	1294	1852	1993	943169	542851	5	0	0	0.0	0.000
run1_A_sweep	uring	off	warm	sweep	16384	16384	32	1	0	4	512	71110	92683	95680	3505	1657337	308929	5	0	0	100.0	0.000
run1_A_sweep	pooled_pread	off	warm	sweep	16384	16384	32	1	0	5	512	179122	1063564	2646357	34927	7049720	72627	67	0	0	100.0	0.000
run1_A_sweep	pool_ringloop	off	warm	sweep	16384	16384	32	1	1	0	512	1120	1446	5065	2493	969090	528331	5	0	0	0.0	0.000
run1_A_sweep	hybrid	off	warm	sweep	16384	16384	32	1	1	1	512	1177	1340	7343	2241	1112535	460210	5	0	0	0.0	0.000
run1_A_sweep	hybrid_lazyring	off	warm	sweep	16384	16384	32	1	1	2	512	1254	1432	7490	2240	1106310	462800	5	0	0	0.0	0.000
run1_A_sweep	uring	off	warm	sweep	16384	16384	32	1	1	3	512	64515	83422	91642	3046	1451239	352802	5	0	0	100.0	0.000
run1_A_sweep	pooled_pread	off	warm	sweep	16384	16384	32	1	1	4	512	146308	827194	1754677	29081	5715602	89579	62	0	0	100.0	0.000
run1_A_sweep	pool	off	warm	sweep	16384	16384	32	1	1	5	512	1526	1724	5511	2318	662018	773393	5	0	0	0.0	0.000
run1_A_sweep	hybrid	off	warm	sweep	16384	16384	32	1	2	0	512	1179	1329	5290	2405	1184187	432364	5	0	0	0.0	0.000
run1_A_sweep	hybrid_lazyring	off	warm	sweep	16384	16384	32	1	2	1	512	1210	1307	5211	2109	1029850	497160	5	0	0	0.0	0.000
run1_A_sweep	uring	off	warm	sweep	16384	16384	32	1	2	2	512	77011	103163	105455	3555	1699264	301307	5	0	0	100.0	0.000
run1_A_sweep	pooled_pread	off	warm	sweep	16384	16384	32	1	2	3	512	114292	697594	1273340	29424	5818789	87991	68	0	0	100.0	0.000
run1_A_sweep	pool	off	warm	sweep	16384	16384	32	1	2	4	512	1543	1953	5754	2833	436656	1172548	5	0	0	0.0	0.000
run1_A_sweep	pool_ringloop	off	warm	sweep	16384	16384	32	1	2	5	512	1133	1551	6489	2265	1072575	477356	5	0	0	0.0	0.000
run1_A_sweep	hybrid_lazyring	off	warm	sweep	16384	16384	32	1	3	0	512	1205	1344	6134	2048	978929	523021	5	0	0	0.0	0.000
run1_A_sweep	uring	off	warm	sweep	16384	16384	32	1	3	1	512	78294	125991	153825	3669	1723247	297114	5	0	0	100.0	0.000
run1_A_sweep	pooled_pread	off	warm	sweep	16384	16384	32	1	3	2	512	134626	1027660	2182881	31717	6731103	76065	63	0	0	100.0	0.000
run1_A_sweep	pool	off	warm	sweep	16384	16384	32	1	3	3	512	1557	1791	5402	2543	385450	1328318	5	0	0	0.0	0.000
run1_A_sweep	pool_ringloop	off	warm	sweep	16384	16384	32	1	3	4	512	1066	1126	1317	1880	904762	565895	5	0	0	0.0	0.000
run1_A_sweep	hybrid	off	warm	sweep	16384	16384	32	1	3	5	512	1192	1318	5079	2327	1126380	454554	5	0	0	0.0	0.000
run1_A_sweep	uring	off	warm	sweep	16384	16384	32	1	4	0	512	76665	88969	109237	3601	1641633	311885	5	0	0	100.0	0.000
run1_A_sweep	pooled_pread	off	warm	sweep	16384	16384	32	1	4	1	512	176756	745785	1521757	29371	5325113	96148	52	0	0	100.0	0.000
run1_A_sweep	pool	off	warm	sweep	16384	16384	32	1	4	2	512	1596	1897	3762	2533	392430	1304691	5	0	0	0.0	0.000
run1_A_sweep	pool_ringloop	off	warm	sweep	16384	16384	32	1	4	3	512	1102	1208	3579	1959	935090	547541	5	0	0	0.0	0.000
run1_A_sweep	hybrid	off	warm	sweep	16384	16384	32	1	4	4	512	1264	1470	5270	2346	1148683	445728	5	0	0	0.0	0.000
run1_A_sweep	hybrid_lazyring	off	warm	sweep	16384	16384	32	1	4	5	512	1666	1848	6364	2750	1348462	379692	5	0	0	0.0	0.000
run1_A_sweep	pooled_pread	off	warm	sweep	16384	16384	32	1	5	0	512	154172	652868	1156789	29037	5537834	92455	46	0	0	100.0	0.000
run1_A_sweep	pool	off	warm	sweep	16384	16384	32	1	5	1	512	1563	1836	4712	2547	404291	1266415	5	0	0	0.0	0.000
run1_A_sweep	pool_ringloop	off	warm	sweep	16384	16384	32	1	5	2	512	1094	1177	5448	1837	896128	571347	5	0	0	0.0	0.000
run1_A_sweep	hybrid	off	warm	sweep	16384	16384	32	1	5	3	512	1217	1332	4933	2233	1051564	486894	5	0	0	0.0	0.000
run1_A_sweep	hybrid_lazyring	off	warm	sweep	16384	16384	32	1	5	4	512	1565	1873	8542	2633	1241873	412280	5	0	0	0.0	0.000
run1_A_sweep	uring	off	warm	sweep	16384	16384	32	1	5	5	512	76436	96247	112811	3554	1652857	309767	5	0	0	100.0	0.000
run1_A_sweep	pool	off	warm	sweep	16384	16384	64	1	0	0	512	1563	1993	5277	2560	505448	1012963	5	0	0	0.0	0.000
run1_A_sweep	pool_ringloop	off	warm	sweep	16384	16384	64	1	0	1	512	1080	1435	1799	2180	1083857	472387	5	0	0	0.0	0.000
run1_A_sweep	hybrid	off	warm	sweep	16384	16384	64	1	0	2	512	1427	1665	5245	3079	1533825	333806	5	0	0	0.0	0.000
run1_A_sweep	hybrid_lazyring	off	warm	sweep	16384	16384	64	1	0	3	512	1472	1824	6374	3159	1515929	337747	5	0	0	0.0	0.000
run1_A_sweep	uring	off	warm	sweep	16384	16384	64	1	0	4	512	147766	225706	227499	4212	2105708	243149	5	0	0	100.0	0.000
run1_A_sweep	pooled_pread	off	warm	sweep	16384	16384	64	1	0	5	512	307607	852487	1562563	31592	6194515	82654	63	0	0	100.0	0.000
run1_A_sweep	pool_ringloop	off	warm	sweep	16384	16384	64	1	1	0	512	1634	1967	7080	3400	1680207	304724	5	0	0	0.0	0.000
run1_A_sweep	hybrid	off	warm	sweep	16384	16384	64	1	1	1	512	1416	1635	2121	3073	1464913	349509	5	0	0	0.0	0.000
run1_A_sweep	hybrid_lazyring	off	warm	sweep	16384	16384	64	1	1	2	512	1464	1645	2498	3045	1404994	364414	5	0	0	0.0	0.000
run1_A_sweep	uring	off	warm	sweep	16384	16384	64	1	1	3	512	139305	258801	260289	3737	1803847	283838	5	0	0	100.0	0.000
run1_A_sweep	pooled_pread	off	warm	sweep	16384	16384	64	1	1	4	512	373141	1380162	2692064	35613	7174445	71364	55	0	0	100.0	0.000
run1_A_sweep	pool	off	warm	sweep	16384	16384	64	1	1	5	512	1700	2199	4043	2752	555444	921785	5	0	0	0.0	0.000
run1_A_sweep	hybrid	off	warm	sweep	16384	16384	64	1	2	0	512	1370	1499	2263	3133	1420908	360333	5	0	0	0.0	0.000
run1_A_sweep	hybrid_lazyring	off	warm	sweep	16384	16384	64	1	2	1	512	1330	1599	2413	2906	1365784	374876	5	0	0	0.0	0.000
run1_A_sweep	uring	off	warm	sweep	16384	16384	64	1	2	2	512	115935	178640	180329	3435	1630900	313937	5	0	0	100.0	0.000
run1_A_sweep	pooled_pread	off	warm	sweep	16384	16384	64	1	2	3	512	278952	858449	1707077	25894	4830878	105985	47	0	0	100.0	0.000
run1_A_sweep	pool	off	warm	sweep	16384	16384	64	1	2	4	512	1612	1952	7185	2752	447224	1144840	5	0	0	0.0	0.000
run1_A_sweep	pool_ringloop	off	warm	sweep	16384	16384	64	1	2	5	512	1069	1193	5755	2609	1290161	396850	5	0	0	0.0	0.000
run1_A_sweep	hybrid_lazyring	off	warm	sweep	16384	16384	64	1	3	0	512	1317	1440	1794	2593	1254272	408205	5	0	0	0.0	0.000
run1_A_sweep	uring	off	warm	sweep	16384	16384	64	1	3	1	512	114329	188187	189737	3436	1654695	309423	5	0	0	100.0	0.000
run1_A_sweep	pooled_pread	off	warm	sweep	16384	16384	64	1	3	2	512	306945	1064978	2304936	25987	4966292	103095	43	0	0	100.0	0.000
run1_A_sweep	pool	off	warm	sweep	16384	16384	64	1	3	3	512	1499	1687	7106	2819	515749	992731	5	0	0	0.0	0.000
run1_A_sweep	pool_ringloop	off	warm	sweep	16384	16384	64	1	3	4	512	1067	1136	1375	2354	1158841	441821	5	0	0	0.0	0.000
run1_A_sweep	hybrid	off	warm	sweep	16384	16384	64	1	3	5	512	1392	1508	1973	3098	1441456	355196	5	0	0	0.0	0.000
run1_A_sweep	uring	off	warm	sweep	16384	16384	64	1	4	0	512	125154	221761	223177	4189	2042971	250615	5	0	0	100.0	0.000
run1_A_sweep	pooled_pread	off	warm	sweep	16384	16384	64	1	4	1	512	461268	1302072	1818949	30999	6037881	84798	74	0	0	100.0	0.000
run1_A_sweep	pool	off	warm	sweep	16384	16384	64	1	4	2	512	1597	1846	2165	2621	428191	1195728	5	0	0	0.0	0.000
run1_A_sweep	pool_ringloop	off	warm	sweep	16384	16384	64	1	4	3	512	1118	1243	1703	2435	1161192	440926	5	0	0	0.0	0.000
run1_A_sweep	hybrid	off	warm	sweep	16384	16384	64	1	4	4	512	1387	1544	2106	2928	1359777	376532	5	0	0	0.0	0.000
run1_A_sweep	hybrid_lazyring	off	warm	sweep	16384	16384	64	1	4	5	512	1398	1510	2738	2749	1347747	379893	5	0	0	0.0	0.000
run1_A_sweep	pooled_pread	off	warm	sweep	16384	16384	64	1	5	0	512	321326	1112496	1998549	28219	5000630	102387	53	0	0	100.0	0.000
run1_A_sweep	pool	off	warm	sweep	16384	16384	64	1	5	1	512	1536	1759	3960	2819	464904	1101303	5	0	0	0.0	0.000
run1_A_sweep	pool_ringloop	off	warm	sweep	16384	16384	64	1	5	2	512	1116	1198	2959	2462	1212091	422411	5	0	0	0.0	0.000
run1_A_sweep	hybrid	off	warm	sweep	16384	16384	64	1	5	3	512	1443	1570	2079	2941	1441697	355137	5	0	0	0.0	0.000
run1_A_sweep	hybrid_lazyring	off	warm	sweep	16384	16384	64	1	5	4	512	1398	1486	1766	2635	1268082	403759	5	0	0	0.0	0.000
run1_A_sweep	uring	off	warm	sweep	16384	16384	64	1	5	5	512	135216	190976	192532	3883	1849191	276878	5	0	0	100.0	0.000
run2_A_stride	pool	off	cold	stride	16384	250000	1	1	0	0	512	79266	114541	143392	80240	41565723	12318	6	0	0	86.5	0.000
run2_A_stride	pool_ringloop	off	cold	stride	16384	250000	1	1	0	1	512	77315	114955	334985	78670	43129221	11871	6	0	0	88.1	0.000
run2_A_stride	hybrid	off	cold	stride	16384	250000	1	1	0	2	512	62194	72583	227943	35018	32928851	15549	5	0	0	88.1	0.000
run2_A_stride	hybrid_lazyring	off	cold	stride	16384	250000	1	1	0	3	512	61166	71481	309368	34723	32539152	15735	5	0	0	87.9	0.000
run2_A_stride	uring	off	cold	stride	16384	250000	1	1	0	4	512	61534	73425	194740	34232	32413323	15796	5	0	0	100.0	0.000
run2_A_stride	pooled_pread	off	cold	stride	16384	250000	1	1	0	5	512	94476	117618	198529	81885	51201522	10000	6	0	0	100.0	0.000
run2_A_stride	pool_ringloop	off	cold	stride	16384	250000	1	1	1	0	512	77040	97271	285877	76181	41467504	12347	6	0	0	88.1	0.000
run2_A_stride	hybrid	off	cold	stride	16384	250000	1	1	1	1	512	60758	73869	276816	34748	32585816	15712	5	0	0	88.1	0.000
run2_A_stride	hybrid_lazyring	off	cold	stride	16384	250000	1	1	1	2	512	62122	77535	128316	37217	31468036	16270	5	0	0	87.1	0.000
run2_A_stride	uring	off	cold	stride	16384	250000	1	1	1	3	512	68032	88617	171315	41068	36233258	14131	5	0	0	100.0	0.000
run2_A_stride	pooled_pread	off	cold	stride	16384	250000	1	1	1	4	512	110505	144540	239539	88519	59495668	8606	6	0	0	100.0	0.000
run2_A_stride	pool	off	cold	stride	16384	250000	1	1	1	5	512	78330	120479	321876	84984	45417020	11273	6	0	0	87.9	0.000
run2_A_stride	hybrid	off	cold	stride	16384	250000	1	1	2	0	512	66196	87936	215350	37475	35967845	14235	5	0	0	87.9	0.000
run2_A_stride	hybrid_lazyring	off	cold	stride	16384	250000	1	1	2	1	512	65225	84962	192404	38457	35193141	14548	5	0	0	87.7	0.000
run2_A_stride	uring	off	cold	stride	16384	250000	1	1	2	2	512	61981	80410	204000	36127	34026611	15047	5	0	0	100.0	0.000
run2_A_stride	pooled_pread	off	cold	stride	16384	250000	1	1	2	3	512	116303	146550	230984	90017	61131334	8375	6	0	0	100.0	0.000
run2_A_stride	pool	off	cold	stride	16384	250000	1	1	2	4	512	78928	114851	487882	81004	45323852	11296	6	0	0	88.1	0.000
run2_A_stride	pool_ringloop	off	cold	stride	16384	250000	1	1	2	5	512	80470	110346	372848	80792	43626219	11736	6	0	0	87.7	0.000
run2_A_stride	hybrid_lazyring	off	cold	stride	16384	250000	1	1	3	0	512	66414	82412	501033	37129	35899026	14262	5	0	0	88.1	0.000
run2_A_stride	uring	off	cold	stride	16384	250000	1	1	3	1	512	54246	75378	282202	36275	31402905	16304	5	0	0	100.0	0.000
run2_A_stride	pooled_pread	off	cold	stride	16384	250000	1	1	3	2	512	117596	143695	217892	86242	60857455	8413	6	0	0	100.0	0.000
run2_A_stride	pool	off	cold	stride	16384	250000	1	1	3	3	512	110110	127250	471125	94455	55083331	9295	6	0	0	87.7	0.000
run2_A_stride	pool_ringloop	off	cold	stride	16384	250000	1	1	3	4	512	102714	129707	301929	84819	51170531	10006	6	0	0	87.7	0.000
run2_A_stride	hybrid	off	cold	stride	16384	250000	1	1	3	5	512	67938	88200	323884	36121	36590506	13993	5	0	0	87.9	0.000
run2_A_stride	uring	off	cold	stride	16384	250000	1	1	4	0	512	62487	74353	216410	34303	33658687	15212	5	0	0	100.0	0.000
run2_A_stride	pooled_pread	off	cold	stride	16384	250000	1	1	4	1	512	113477	144600	284063	84153	60028513	8529	6	0	0	100.0	0.000
run2_A_stride	pool	off	cold	stride	16384	250000	1	1	4	2	512	94253	120665	484780	80343	47664239	10742	6	0	0	88.1	0.000
run2_A_stride	pool_ringloop	off	cold	stride	16384	250000	1	1	4	3	512	81545	120142	352321	82784	45117937	11348	6	0	0	88.1	0.000
run2_A_stride	hybrid	off	cold	stride	16384	250000	1	1	4	4	512	62088	76220	163041	35199	33376346	15340	5	0	0	87.9	0.000
run2_A_stride	hybrid_lazyring	off	cold	stride	16384	250000	1	1	4	5	512	61545	76523	498003	36576	33810415	15143	5	0	0	87.7	0.000
run2_A_stride	pooled_pread	off	cold	stride	16384	250000	1	1	5	0	512	105701	142266	230708	91004	56931848	8993	7	0	0	100.0	0.000
run2_A_stride	pool	off	cold	stride	16384	250000	1	1	5	1	512	75436	104625	384015	76513	41451702	12352	6	0	0	87.9	0.000
run2_A_stride	pool_ringloop	off	cold	stride	16384	250000	1	1	5	2	512	105344	131583	525649	87276	52605224	9733	6	0	0	88.1	0.000
run2_A_stride	hybrid	off	cold	stride	16384	250000	1	1	5	3	512	61294	77934	230253	36626	33591613	15242	5	0	0	87.7	0.000
run2_A_stride	hybrid_lazyring	off	cold	stride	16384	250000	1	1	5	4	512	61630	77419	185032	37058	33325457	15364	5	0	0	87.5	0.000
run2_A_stride	uring	off	cold	stride	16384	250000	1	1	5	5	512	64311	81133	230692	37091	34986573	14634	5	0	0	100.0	0.000
run2_A_stride	pool	off	cold	stride	16384	250000	2	1	0	0	512	116637	158643	661876	82808	31023657	16504	9	0	0	88.3	0.000
run2_A_stride	pool_ringloop	off	cold	stride	16384	250000	2	1	0	1	512	127964	188467	610001	89219	33535232	15268	10	0	0	88.9	0.000
run2_A_stride	hybrid	off	cold	stride	16384	250000	2	1	0	2	512	59519	77626	576122	29519	18452675	27747	5	0	0	88.5	0.000
run2_A_stride	hybrid_lazyring	off	cold	stride	16384	250000	2	1	0	3	512	59370	80426	534217	29461	18838454	27178	5	0	0	88.3	0.000
run2_A_stride	uring	off	cold	stride	16384	250000	2	1	0	4	512	58398	92277	586159	28378	19059719	26863	5	0	0	100.0	0.000
run2_A_stride	pooled_pread	off	cold	stride	16384	250000	2	1	0	5	512	129029	177054	480752	78213	34704547	14753	9	0	0	100.0	0.000
run2_A_stride	pool_ringloop	off	cold	stride	16384	250000	2	1	1	0	512	128316	195976	627474	88767	33939932	15085	8	0	0	88.9	0.000
run2_A_stride	hybrid	off	cold	stride	16384	250000	2	1	1	1	512	61072	84785	551145	30678	19335774	26479	5	0	0	88.3	0.000
run2_A_stride	hybrid_lazyring	off	cold	stride	16384	250000	2	1	1	2	512	60182	78591	492695	28914	18278405	28011	5	0	0	88.1	0.000
run2_A_stride	uring	off	cold	stride	16384	250000	2	1	1	3	512	57710	79076	538808	28085	17615527	29065	5	0	0	100.0	0.000
run2_A_stride	pooled_pread	off	cold	stride	16384	250000	2	1	1	4	512	125862	168789	499575	75557	34854824	14690	11	0	0	100.0	0.000
run2_A_stride	pool	off	cold	stride	16384	250000	2	1	1	5	512	112350	147831	623088	79467	29845028	17155	8	0	0	89.1	0.000
run2_A_stride	hybrid	off	cold	stride	16384	250000	2	1	2	0	512	58119	69730	532774	28184	17755152	28837	5	0	0	88.3	0.000
run2_A_stride	hybrid_lazyring	off	cold	stride	16384	250000	2	1	2	1	512	57002	71707	526263	28159	17746035	28852	5	0	0	88.1	0.000
run2_A_stride	uring	off	cold	stride	16384	250000	2	1	2	2	512	57100	78894	544262	28465	18218493	28103	5	0	0	100.0	0.000
run2_A_stride	pooled_pread	off	cold	stride	16384	250000	2	1	2	3	512	137063	180844	560412	79839	37524315	13644	9	0	0	100.0	0.000
run2_A_stride	pool	off	cold	stride	16384	250000	2	1	2	4	512	115087	156246	692740	77833	31428105	16291	8	0	0	88.9	0.000
run2_A_stride	pool_ringloop	off	cold	stride	16384	250000	2	1	2	5	512	124317	179817	570401	89760	32581560	15714	8	0	0	88.7	0.000
run2_A_stride	hybrid_lazyring	off	cold	stride	16384	250000	2	1	3	0	512	56976	76116	536785	27881	18221915	28098	5	0	0	88.5	0.000
run2_A_stride	uring	off	cold	stride	16384	250000	2	1	3	1	512	58149	85981	541403	26211	18860590	27147	5	0	0	100.0	0.000
run2_A_stride	pooled_pread	off	cold	stride	16384	250000	2	1	3	2	512	127766	165691	492086	73897	34327951	14915	9	0	0	100.0	0.000
run2_A_stride	pool	off	cold	stride	16384	250000	2	1	3	3	512	112262	151099	569534	79044	29518905	17345	8	0	0	88.5	0.000
run2_A_stride	pool_ringloop	off	cold	stride	16384	250000	2	1	3	4	512	120153	173131	557199	88941	31468822	16270	9	0	0	88.5	0.000
run2_A_stride	hybrid	off	cold	stride	16384	250000	2	1	3	5	512	59293	85752	509477	27323	19289745	26543	5	0	0	88.7	0.000
run2_A_stride	uring	off	cold	stride	16384	250000	2	1	4	0	512	60983	90566	557176	27000	19615550	26102	5	0	0	100.0	0.000
run2_A_stride	pooled_pread	off	cold	stride	16384	250000	2	1	4	1	512	127480	168890	583244	75249	34558424	14815	9	0	0	100.0	0.000
run2_A_stride	pool	off	cold	stride	16384	250000	2	1	4	2	512	115013	157062	605957	82734	30624264	16719	8	0	0	89.1	0.000
run2_A_stride	pool_ringloop	off	cold	stride	16384	250000	2	1	4	3	512	121670	175192	609148	87881	32261431	15870	8	0	0	88.9	0.000
run2_A_stride	hybrid	off	cold	stride	16384	250000	2	1	4	4	512	57760	76709	498723	28373	18426200	27787	5	0	0	88.7	0.000
run2_A_stride	hybrid_lazyring	off	cold	stride	16384	250000	2	1	4	5	512	56585	70872	510690	27641	17738074	28864	5	0	0	88.7	0.000
run2_A_stride	pooled_pread	off	cold	stride	16384	250000	2	1	5	0	512	120766	156334	472950	67980	32853386	15584	9	0	0	100.0	0.000
run2_A_stride	pool	off	cold	stride	16384	250000	2	1	5	1	512	115093	147333	568416	79825	29932453	17105	8	0	0	89.1	0.000
run2_A_stride	pool_ringloop	off	cold	stride	16384	250000	2	1	5	2	512	117211	168457	559315	84451	31148032	16438	8	0	0	89.3	0.000
run2_A_stride	hybrid	off	cold	stride	16384	250000	2	1	5	3	512	57846	68438	544793	27635	17614847	29066	5	0	0	88.3	0.000
run2_A_stride	hybrid_lazyring	off	cold	stride	16384	250000	2	1	5	4	512	59244	80161	496330	28431	19234632	26619	5	0	0	88.5	0.000
run2_A_stride	uring	off	cold	stride	16384	250000	2	1	5	5	512	88433	127527	689199	43066	26537507	19293	5	0	0	100.0	0.000
run2_A_stride	pool	off	cold	stride	16384	250000	4	1	0	0	512	167955	254201	703049	74346	24504920	20894	12	0	0	91.2	0.000
run2_A_stride	pool_ringloop	off	cold	stride	16384	250000	4	1	0	1	512	212421	310042	799659	93753	28327110	18075	11	0	0	90.8	0.000
run2_A_stride	hybrid	off	cold	stride	16384	250000	4	1	0	2	512	80633	120890	575555	20816	16631736	30785	5	0	0	89.6	0.000
run2_A_stride	hybrid_lazyring	off	cold	stride	16384	250000	4	1	0	3	512	90341	138084	558761	27364	18581767	27554	5	0	0	89.8	0.000
run2_A_stride	uring	off	cold	stride	16384	250000	4	1	0	4	512	111709	163661	615336	16097	17419464	29392	5	0	0	100.0	0.000
run2_A_stride	pooled_pread	off	cold	stride	16384	250000	4	1	0	5	512	168380	249500	610098	73908	24241059	21121	15	0	0	100.0	0.000
run2_A_stride	pool_ringloop	off	cold	stride	16384	250000	4	1	1	0	512	203568	326516	684333	90715	27672886	18502	12	0	0	89.6	0.000
run2_A_stride	hybrid	off	cold	stride	16384	250000	4	1	1	1	512	100495	151244	592693	26510	19350919	26459	5	0	0	90.4	0.000
run2_A_stride	hybrid_lazyring	off	cold	stride	16384	250000	4	1	1	2	512	98956	149463	606949	25639	19492680	26266	5	0	0	89.1	0.000
run2_A_stride	uring	off	cold	stride	16384	250000	4	1	1	3	512	128018	187237	726547	19667	19662664	26039	5	0	0	100.0	0.000
run2_A_stride	pooled_pread	off	cold	stride	16384	250000	4	1	1	4	512	154969	253774	717120	71553	22682838	22572	13	0	0	100.0	0.000
run2_A_stride	pool	off	cold	stride	16384	250000	4	1	1	5	512	144499	231412	659236	65911	20602750	24851	11	0	0	90.4	0.000
run2_A_stride	hybrid	off	cold	stride	16384	250000	4	1	2	0	512	108182	185159	567279	30850	20940448	24450	5	0	0	90.0	0.000
run2_A_stride	hybrid_lazyring	off	cold	stride	16384	250000	4	1	2	1	512	83259	122313	592952	24977	17564968	29149	5	0	0	91.0	0.000
run2_A_stride	uring	off	cold	stride	16384	250000	4	1	2	2	512	138127	202170	620750	18017	19879272	25755	5	0	0	100.0	0.000
run2_A_stride	pooled_pread	off	cold	stride	16384	250000	4	1	2	3	512	143611	230028	656780	66661	21431955	23890	14	0	0	100.0	0.000
run2_A_stride	pool	off	cold	stride	16384	250000	4	1	2	4	512	150899	243176	668602	70541	21535610	23775	11	0	0	90.4	0.000
run2_A_stride	pool_ringloop	off	cold	stride	16384	250000	4	1	2	5	512	195018	306056	766415	85762	27102268	18891	12	0	0	91.2	0.000
run2_A_stride	hybrid_lazyring	off	cold	stride	16384	250000	4	1	3	0	512	82804	116926	570072	25758	16643482	30763	5	0	0	89.5	0.000
run2_A_stride	uring	off	cold	stride	16384	250000	4	1	3	1	512	139341	183348	884490	20835	20746269	24679	5	0	0	100.0	0.000
run2_A_stride	pooled_pread	off	cold	stride	16384	250000	4	1	3	2	512	163082	245296	677871	72434	23635687	21662	13	0	0	100.0	0.000
run2_A_stride	pool	off	cold	stride	16384	250000	4	1	3	3	512	154551	261111	645183	69785	21980060	23294	13	0	0	91.0	0.000
run2_A_stride	pool_ringloop	off	cold	stride	16384	250000	4	1	3	4	512	191939	282754	646554	84331	26177493	19559	11	0	0	91.4	0.000
run2_A_stride	hybrid	off	cold	stride	16384	250000	4	1	3	5	512	100512	159315	527588	32543	20178352	25374	5	0	0	89.6	0.000
run2_A_stride	uring	off	cold	stride	16384	250000	4	1	4	0	512	128490	168190	549842	18590	18253869	28049	5	0	0	100.0	0.000
run2_A_stride	pooled_pread	off	cold	stride	16384	250000	4	1	4	1	512	146026	253991	605058	66926	21745187	23545	13	0	0	100.0	0.000
run2_A_stride	pool	off	cold	stride	16384	250000	4	1	4	2	512	145369	229022	693811	70103	20472305	25009	12	0	0	91.2	0.000
run2_A_stride	pool_ringloop	off	cold	stride	16384	250000	4	1	4	3	512	182291	304489	655205	82784	25792260	19851	12	0	0	89.1	0.000
run2_A_stride	hybrid	off	cold	stride	16384	250000	4	1	4	4	512	74527	110835	589040	17192	15764540	32478	5	0	0	90.0	0.000
run2_A_stride	hybrid_lazyring	off	cold	stride	16384	250000	4	1	4	5	512	89505	146596	604072	23010	18627226	27487	5	0	0	90.2	0.000
run2_A_stride	pooled_pread	off	cold	stride	16384	250000	4	1	5	0	512	162100	251305	720832	68235	24050449	21289	15	0	0	100.0	0.000
run2_A_stride	pool	off	cold	stride	16384	250000	4	1	5	1	512	154203	256507	767362	73221	22921446	22337	13	0	0	91.2	0.000
run2_A_stride	pool_ringloop	off	cold	stride	16384	250000	4	1	5	2	512	185317	312105	808921	86548	26417712	19381	11	0	0	89.3	0.000
run2_A_stride	hybrid	off	cold	stride	16384	250000	4	1	5	3	512	92023	130873	173091	23530	16072697	31855	5	0	0	87.7	0.000
run2_A_stride	hybrid_lazyring	off	cold	stride	16384	250000	4	1	5	4	512	80087	120800	568530	26095	15627199	32763	5	0	0	88.5	0.000
run2_A_stride	uring	off	cold	stride	16384	250000	4	1	5	5	512	102689	138764	567383	14980	16422509	31177	5	0	0	100.0	0.000
run2_A_stride	pool	off	cold	stride	16384	250000	8	1	0	0	512	208368	357253	532170	67163	13625585	37576	18	0	0	86.5	0.000
run2_A_stride	pool_ringloop	off	cold	stride	16384	250000	8	1	0	1	512	325202	588950	1370317	81040	23305412	21969	18	0	0	89.3	0.000
run2_A_stride	hybrid	off	cold	stride	16384	250000	8	1	0	2	512	140764	259998	1162492	22536	16112164	31777	5	0	0	92.0	0.000
run2_A_stride	hybrid_lazyring	off	cold	stride	16384	250000	8	1	0	3	512	135356	229659	990795	24572	14593861	35083	5	0	0	89.8	0.000
run2_A_stride	uring	off	cold	stride	16384	250000	8	1	0	4	512	240077	300442	781957	15899	16418284	31185	5	0	0	100.0	0.000
run2_A_stride	pooled_pread	off	cold	stride	16384	250000	8	1	0	5	512	236543	368030	1029565	71053	16672157	30710	20	0	0	100.0	0.000
run2_A_stride	pool_ringloop	off	cold	stride	16384	250000	8	1	1	0	512	301789	481781	1230880	85075	20895360	24503	15	0	0	89.8	0.000
run2_A_stride	hybrid	off	cold	stride	16384	250000	8	1	1	1	512	138088	244455	1122058	23001	15625529	32767	5	0	0	90.8	0.000
run2_A_stride	hybrid_lazyring	off	cold	stride	16384	250000	8	1	1	2	512	143622	237912	932934	25395	16092008	31817	5	0	0	90.6	0.000
run2_A_stride	uring	off	cold	stride	16384	250000	8	1	1	3	512	206143	249368	1197121	13826	15314413	33433	5	0	0	100.0	0.000
run2_A_stride	pooled_pread	off	cold	stride	16384	250000	8	1	1	4	512	216797	368502	1099169	60437	16070211	31860	18	0	0	100.0	0.000
run2_A_stride	pool	off	cold	stride	16384	250000	8	1	1	5	512	217585	392674	1196397	67717	15988670	32023	18	0	0	91.0	0.000
run2_A_stride	hybrid	off	cold	stride	16384	250000	8	1	2	0	512	141954	235012	1088804	23433	16048850	31903	5	0	0	90.8	0.000
run2_A_stride	hybrid_lazyring	off	cold	stride	16384	250000	8	1	2	1	512	139522	242057	1079560	26248	16769506	30532	5	0	0	92.4	0.000
run2_A_stride	uring	off	cold	stride	16384	250000	8	1	2	2	512	181580	269217	1140039	13288	14605711	35055	5	0	0	100.0	0.000
run2_A_stride	pooled_pread	off	cold	stride	16384	250000	8	1	2	3	512	212143	397641	1114529	65132	16786119	30501	20	0	0	100.0	0.000
run2_A_stride	pool	off	cold	stride	16384	250000	8	1	2	4	512	223231	365174	1208359	64105	16428753	31165	18	0	0	92.2	0.000
run2_A_stride	pool_ringloop	off	cold	stride	16384	250000	8	1	2	5	512	281161	470567	1265238	76577	20806499	24608	16	0	0	91.6	0.000
run2_A_stride	hybrid_lazyring	off	cold	stride	16384	250000	8	1	3	0	512	116981	218339	759253	20987	14360011	35655	5	0	0	91.2	0.000
run2_A_stride	uring	off	cold	stride	16384	250000	8	1	3	1	512	182581	253288	1045227	13541	14702504	34824	5	0	0	100.0	0.000
run2_A_stride	pooled_pread	off	cold	stride	16384	250000	8	1	3	2	512	232279	507705	1175740	75091	19264133	26578	29	0	0	100.0	0.000
run2_A_stride	pool	off	cold	stride	16384	250000	8	1	3	3	512	188388	387781	1358971	59108	15508513	33014	17	0	0	92.0	0.000
run2_A_stride	pool_ringloop	off	cold	stride	16384	250000	8	1	3	4	512	371390	550021	1316617	83403	24444447	20945	15	0	0	89.6	0.000
run2_A_stride	hybrid	off	cold	stride	16384	250000	8	1	3	5	512	124717	230563	1058530	24474	15638096	32741	5	0	0	91.8	0.000
run2_A_stride	uring	off	cold	stride	16384	250000	8	1	4	0	512	215739	296082	1165112	15003	16666588	30720	5	0	0	100.0	0.000
run2_A_stride	pooled_pread	off	cold	stride	16384	250000	8	1	4	1	512	249301	487172	1371342	68853	19610427	26109	20	0	0	100.0	0.000
run2_A_stride	pool	off	cold	stride	16384	250000	8	1	4	2	512	213913	404541	1414916	64445	17269036	29648	18	0	0	92.2	0.000
run2_A_stride	pool_ringloop	off	cold	stride	16384	250000	8	1	4	3	512	308317	595900	1305600	83005	23094314	22170	17	0	0	90.6	0.000
run2_A_stride	hybrid	off	cold	stride	16384	250000	8	1	4	4	512	115576	224807	1357019	22466	15514439	33002	5	0	0	92.2	0.000
run2_A_stride	hybrid_lazyring	off	cold	stride	16384	250000	8	1	4	5	512	121955	215097	992629	21144	14520571	35260	5	0	0	91.6	0.000
run2_A_stride	pooled_pread	off	cold	stride	16384	250000	8	1	5	0	512	207133	367596	960127	56812	15853635	32295	35	0	0	100.0	0.000
run2_A_stride	pool	off	cold	stride	16384	250000	8	1	5	1	512	184933	333849	1168464	48762	14129372	36237	17	0	0	91.6	0.000
run2_A_stride	pool_ringloop	off	cold	stride	16384	250000	8	1	5	2	512	327046	551070	1192506	75514	21837779	23446	16	0	0	88.7	0.000
run2_A_stride	hybrid	off	cold	stride	16384	250000	8	1	5	3	512	119152	209046	1018314	23660	14777433	34647	5	0	0	91.4	0.000
run2_A_stride	hybrid_lazyring	off	cold	stride	16384	250000	8	1	5	4	512	176499	332527	405680	38341	19522302	26226	5	0	0	86.1	0.000
run2_A_stride	uring	off	cold	stride	16384	250000	8	1	5	5	512	172296	207206	1127999	11364	13884914	36875	5	0	0	100.0	0.000
run2_A_stride	pool	off	cold	stride	16384	250000	16	1	0	0	512	277707	546080	862026	48734	10081282	50787	33	0	0	87.5	0.000
run2_A_stride	pool_ringloop	off	cold	stride	16384	250000	16	1	0	1	512	622151	914000	2066265	68035	20330041	25184	27	0	0	88.7	0.000
run2_A_stride	hybrid	off	cold	stride	16384	250000	16	1	0	2	512	226228	397254	1897484	18146	13386827	38247	5	0	0	92.6	0.000
run2_A_stride	hybrid_lazyring	off	cold	stride	16384	250000	16	1	0	3	512	208394	429058	2070191	18013	13702147	37366	5	0	0	92.6	0.000
run2_A_stride	uring	off	cold	stride	16384	250000	16	1	0	4	512	308459	351598	2061822	9913	11198912	45719	5	0	0	100.0	0.000
run2_A_stride	pooled_pread	off	cold	stride	16384	250000	16	1	0	5	512	294616	646308	1588644	51286	12249150	41799	46	0	0	100.0	0.000
run2_A_stride	pool_ringloop	off	cold	stride	16384	250000	16	1	1	0	512	587933	887063	2181538	70493	20214423	25328	30	0	0	91.8	0.000
run2_A_stride	hybrid	off	cold	stride	16384	250000	16	1	1	1	512	218412	384361	1935576	15816	12839439	39877	5	0	0	91.6	0.000
run2_A_stride	hybrid_lazyring	off	cold	stride	16384	250000	16	1	1	2	512	263887	437646	1672668	16474	13858535	36945	5	0	0	92.0	0.000
run2_A_stride	uring	off	cold	stride	16384	250000	16	1	1	3	512	417674	456346	2211084	10028	15625965	32766	5	0	0	100.0	0.000
run2_A_stride	pooled_pread	off	cold	stride	16384	250000	16	1	1	4	512	321050	503625	2261699	42546	12662169	40435	33	0	0	100.0	0.000
run2_A_stride	pool	off	cold	stride	16384	250000	16	1	1	5	512	293059	578928	2759654	45367	13136831	38974	28	0	0	92.6	0.000
run2_A_stride	hybrid	off	cold	stride	16384	250000	16	1	2	0	512	259011	329992	2032166	10723	12878871	39755	5	0	0	92.4	0.000
run2_A_stride	hybrid_lazyring	off	cold	stride	16384	250000	16	1	2	1	512	233399	315311	2359830	11959	12601822	40629	5	0	0	92.4	0.000
run2_A_stride	uring	off	cold	stride	16384	250000	16	1	2	2	512	309352	354186	2021527	9893	11710275	43722	5	0	0	100.0	0.000
run2_A_stride	pooled_pread	off	cold	stride	16384	250000	16	1	2	3	512	371672	631571	1683511	52296	14034623	36481	41	0	0	100.0	0.000
run2_A_stride	pool	off	cold	stride	16384	250000	16	1	2	4	512	284609	785330	2258289	53903	13322658	38431	28	0	0	92.0	0.000
run2_A_stride	pool_ringloop	off	cold	stride	16384	250000	16	1	2	5	512	591062	998616	2569613	72545	21264722	24077	27	0	0	91.4	0.000
run2_A_stride	hybrid_lazyring	off	cold	stride	16384	250000	16	1	3	0	512	215536	436953	2214094	20385	14152501	36177	5	0	0	92.6	0.000
run2_A_stride	uring	off	cold	stride	16384	250000	16	1	3	1	512	368184	413936	1908524	10989	13761925	37204	5	0	0	100.0	0.000
run2_A_stride	pooled_pread	off	cold	stride	16384	250000	16	1	3	2	512	303051	540188	1550495	46235	11648280	43955	37	0	0	100.0	0.000
run2_A_stride	pool	off	cold	stride	16384	250000	16	1	3	3	512	274389	609878	2017102	48252	12063359	42443	30	0	0	92.4	0.000
run2_A_stride	pool_ringloop	off	cold	stride	16384	250000	16	1	3	4	512	685879	1103825	2169431	76814	22642192	22613	31	0	0	89.8	0.000
run2_A_stride	hybrid	off	cold	stride	16384	250000	16	1	3	5	512	278189	495414	2266204	21276	15826524	32351	5	0	0	92.2	0.000
run2_A_stride	uring	off	cold	stride	16384	250000	16	1	4	0	512	430575	520308	1731318	15171	15378513	33293	5	0	0	100.0	0.000
run2_A_stride	pooled_pread	off	cold	stride	16384	250000	16	1	4	1	512	308204	531251	1773294	50766	12535780	40843	37	0	0	100.0	0.000
run2_A_stride	pool	off	cold	stride	16384	250000	16	1	4	2	512	331566	648702	2102929	54972	13339730	38382	33	0	0	92.6	0.000
run2_A_stride	pool_ringloop	off	cold	stride	16384	250000	16	1	4	3	512	513450	1020044	2039495	68828	18732964	27331	25	0	0	91.0	0.000
run2_A_stride	hybrid	off	cold	stride	16384	250000	16	1	4	4	512	210404	335128	2474736	15160	13505183	37911	5	0	0	92.6	0.000
run2_A_stride	hybrid_lazyring	off	cold	stride	16384	250000	16	1	4	5	512	261081	452769	1771182	15169	13665366	37467	5	0	0	91.8	0.000
run2_A_stride	pooled_pread	off	cold	stride	16384	250000	16	1	5	0	512	363438	806091	1980467	54456	14545594	35200	44	0	0	100.0	0.000
run2_A_stride	pool	off	cold	stride	16384	250000	16	1	5	1	512	319322	863073	1733322	58296	14050101	36441	32	0	0	92.4	0.000
run2_A_stride	pool_ringloop	off	cold	stride	16384	250000	16	1	5	2	512	542017	931129	2219194	68990	19303520	26524	29	0	0	90.0	0.000
run2_A_stride	hybrid	off	cold	stride	16384	250000	16	1	5	3	512	191184	409747	1894286	19115	12906102	39671	5	0	0	92.4	0.000
run2_A_stride	hybrid_lazyring	off	cold	stride	16384	250000	16	1	5	4	512	215745	421887	1900919	20802	13660219	37481	5	0	0	92.4	0.000
run2_A_stride	uring	off	cold	stride	16384	250000	16	1	5	5	512	364181	438853	2287269	11979	13862619	36934	5	0	0	100.0	0.000
run2_A_stride	pool	off	cold	stride	16384	250000	32	1	0	0	512	500132	1318983	2254044	47779	11076420	46224	43	0	0	92.4	0.000
run2_A_stride	pool_ringloop	off	cold	stride	16384	250000	32	1	0	1	512	917055	1568506	4257823	60098	18403604	27821	42	0	0	91.6	0.000
run2_A_stride	hybrid	off	cold	stride	16384	250000	32	1	0	2	512	394155	837759	2341170	14804	11343894	45134	5	0	0	91.6	0.000
run2_A_stride	hybrid_lazyring	off	cold	stride	16384	250000	32	1	0	3	512	382329	788629	2501165	17395	12020938	42592	5	0	0	91.8	0.000
run2_A_stride	uring	off	cold	stride	16384	250000	32	1	0	4	512	614090	834178	3075778	10908	12256942	41772	5	0	0	100.0	0.000
run2_A_stride	pooled_pread	off	cold	stride	16384	250000	32	1	0	5	512	490946	1572830	3564113	50269	12695173	40330	75	0	0	100.0	0.000
run2_A_stride	pool_ringloop	off	cold	stride	16384	250000	32	1	1	0	512	1030918	1711120	4266307	68105	17822815	28727	50	0	0	90.4	0.000
run2_A_stride	hybrid	off	cold	stride	16384	250000	32	1	1	1	512	387246	836025	2573424	15052	12005516	42647	5	0	0	91.8	0.000
run2_A_stride	hybrid_lazyring	off	cold	stride	16384	250000	32	1	1	2	512	358373	787003	2868385	15686	11561845	44284	5	0	0	92.0	0.000
run2_A_stride	uring	off	cold	stride	16384	250000	32	1	1	3	512	610684	694380	3135340	10649	11713946	43709	5	0	0	100.0	0.000
run2_A_stride	pooled_pread	off	cold	stride	16384	250000	32	1	1	4	512	588227	1357601	2235095	54436	12194048	41988	82	0	0	100.0	0.000
run2_A_stride	pool	off	cold	stride	16384	250000	32	1	1	5	512	469748	1301698	2085903	47886	11081610	46203	46	0	0	91.6	0.000
run2_A_stride	hybrid	off	cold	stride	16384	250000	32	1	2	0	512	383609	786366	2560240	13612	11233856	45577	5	0	0	91.8	0.000
run2_A_stride	hybrid_lazyring	off	cold	stride	16384	250000	32	1	2	1	512	384448	570311	2715714	15095	11190734	45752	5	0	0	91.2	0.000
run2_A_stride	uring	off	cold	stride	16384	250000	32	1	2	2	512	668039	751253	3040078	11921	12540587	40827	5	0	0	100.0	0.000
run2_A_stride	pooled_pread	off	cold	stride	16384	250000	32	1	2	3	512	655565	2165899	3781724	67784	16637454	30774	94	0	0	100.0	0.000
run2_A_stride	pool	off	cold	stride	16384	250000	32	1	2	4	512	513164	1146465	2675497	52418	12037840	42533	45	0	0	92.6	0.000
run2_A_stride	pool_ringloop	off	cold	stride	16384	250000	32	1	2	5	512	1243565	2471082	3674294	83177	23139898	22126	43	0	0	90.8	0.000
run2_A_stride	hybrid_lazyring	off	cold	stride	16384	250000	32	1	3	0	512	420193	844168	2867160	14405	11741594	43606	5	0	0	91.8	0.000
run2_A_stride	uring	off	cold	stride	16384	250000	32	1	3	1	512	695475	885342	3379052	11974	13734090	37279	5	0	0	100.0	0.000
run2_A_stride	pooled_pread	off	cold	stride	16384	250000	32	1	3	2	512	468355	1134253	2878440	48930	11464991	44658	57	0	0	100.0	0.000
run2_A_stride	pool	off	cold	stride	16384	250000	32	1	3	3	512	645320	1319500	3112897	54346	13784111	37144	50	0	0	92.6	0.000
run2_A_stride	pool_ringloop	off	cold	stride	16384	250000	32	1	3	4	512	1739556	2417461	4177526	97493	26588964	19256	45	0	0	91.2	0.000
run2_A_stride	hybrid	off	cold	stride	16384	250000	32	1	3	5	512	405874	806497	2555707	12037	11148160	45927	5	0	0	91.8	0.000
run2_A_stride	uring	off	cold	stride	16384	250000	32	1	4	0	512	633176	747182	3175637	9839	11987452	42711	5	0	0	100.0	0.000
run2_A_stride	pooled_pread	off	cold	stride	16384	250000	32	1	4	1	512	551993	1057169	2667886	48564	11745505	43591	63	0	0	100.0	0.000
run2_A_stride	pool	off	cold	stride	16384	250000	32	1	4	2	512	566188	1268964	2992627	52802	12324758	41542	50	0	0	92.6	0.000
run2_A_stride	pool_ringloop	off	cold	stride	16384	250000	32	1	4	3	512	1118282	2527314	5338364	74930	21205947	24144	39	0	0	91.0	0.000
run2_A_stride	hybrid	off	cold	stride	16384	250000	32	1	4	4	512	404162	937249	3183728	18284	13224650	38716	5	0	0	92.6	0.000
run2_A_stride	hybrid_lazyring	off	cold	stride	16384	250000	32	1	4	5	512	382311	923924	2337683	17389	11964516	42793	5	0	0	91.0	0.000
run2_A_stride	pooled_pread	off	cold	stride	16384	250000	32	1	5	0	512	493482	1053621	1926485	42766	10689855	47896	59	0	0	100.0	0.000
run2_A_stride	pool	off	cold	stride	16384	250000	32	1	5	1	512	649930	1325398	2544779	49354	12743373	40178	48	0	0	92.2	0.000
run2_A_stride	pool_ringloop	off	cold	stride	16384	250000	32	1	5	2	512	1019758	1601016	3394246	66651	16931799	30239	44	0	0	91.0	0.000
run2_A_stride	hybrid	off	cold	stride	16384	250000	32	1	5	3	512	392753	749136	2218632	12439	10469300	48905	5	0	0	91.6	0.000
run2_A_stride	hybrid_lazyring	off	cold	stride	16384	250000	32	1	5	4	512	352579	665090	2709524	13954	10916541	46901	5	0	0	92.6	0.000
run2_A_stride	uring	off	cold	stride	16384	250000	32	1	5	5	512	601558	690734	2608556	10215	11232232	45583	5	0	0	100.0	0.000
run2_A_stride	pool	off	cold	stride	16384	250000	64	1	0	0	512	839818	1639176	2905505	52813	9696387	52803	72	0	0	92.4	0.000
run2_A_stride	pool_ringloop	off	cold	stride	16384	250000	64	1	0	1	512	1925729	3785282	5508682	66490	16923880	30253	52	0	0	91.6	0.000
run2_A_stride	hybrid	off	cold	stride	16384	250000	64	1	0	2	512	639136	2179002	2664314	12693	8530972	60017	5	0	0	91.6	0.000
run2_A_stride	hybrid_lazyring	off	cold	stride	16384	250000	64	1	0	3	512	537950	2180141	2631000	14794	9630109	53167	5	0	0	91.2	0.000
run2_A_stride	uring	off	cold	stride	16384	250000	64	1	0	4	512	687768	2370071	2815047	10718	8122971	63031	5	0	0	100.0	0.000
run2_A_stride	pooled_pread	off	cold	stride	16384	250000	64	1	0	5	512	869550	2054968	3606353	56144	11535784	44384	100	0	0	100.0	0.000
run2_A_stride	pool_ringloop	off	cold	stride	16384	250000	64	1	1	0	512	1550967	4468047	5621086	62614	16388634	31241	70	0	0	91.6	0.000
run2_A_stride	hybrid	off	cold	stride	16384	250000	64	1	1	1	512	568336	2320115	2735567	13868	8930464	57332	5	0	0	91.4	0.000
run2_A_stride	hybrid_lazyring	off	cold	stride	16384	250000	64	1	1	2	512	531126	2084937	2521691	12100	8261279	61976	5	0	0	91.0	0.000
run2_A_stride	uring	off	cold	stride	16384	250000	64	1	1	3	512	666933	2067715	2453214	10065	7543859	67870	5	0	0	100.0	0.000
run2_A_stride	pooled_pread	off	cold	stride	16384	250000	64	1	1	4	512	1548074	2903113	5830044	74837	18525860	27637	101	0	0	100.0	0.000
run2_A_stride	pool	off	cold	stride	16384	250000	64	1	1	5	512	871360	1983409	3327643	53205	10832968	47263	48	0	0	92.6	0.000
run2_A_stride	hybrid	off	cold	stride	16384	250000	64	1	2	0	512	629029	2227958	3284483	10885	8332302	61448	5	0	0	92.6	0.000
run2_A_stride	hybrid_lazyring	off	cold	stride	16384	250000	64	1	2	1	512	576793	2468869	3066007	12652	9083985	56363	5	0	0	91.2	0.000
run2_A_stride	uring	off	cold	stride	16384	250000	64	1	2	2	512	671976	2195349	2628947	10333	7681149	66657	5	0	0	100.0	0.000
run2_A_stride	pooled_pread	off	cold	stride	16384	250000	64	1	2	3	512	1054533	1895538	2646524	56129	10864344	47127	99	0	0	100.0	0.000
run2_A_stride	pool	off	cold	stride	16384	250000	64	1	2	4	512	828869	2124724	3221745	52474	10203284	50180	66	0	0	92.2	0.000
run2_A_stride	pool_ringloop	off	cold	stride	16384	250000	64	1	2	5	512	1921003	2828929	5110074	62320	15394149	33259	64	0	0	91.8	0.000
run2_A_stride	hybrid_lazyring	off	cold	stride	16384	250000	64	1	3	0	512	545428	2173194	2546972	11403	7790837	65718	5	0	0	91.0	0.000
run2_A_stride	uring	off	cold	stride	16384	250000	64	1	3	1	512	756873	2173967	3067991	10587	8206355	62391	5	0	0	100.0	0.000
run2_A_stride	pooled_pread	off	cold	stride	16384	250000	64	1	3	2	512	928326	2298957	3267981	60132	11348335	45117	102	0	0	100.0	0.000
run2_A_stride	pool	off	cold	stride	16384	250000	64	1	3	3	512	962292	1875393	3491769	54617	11740297	43610	68	0	0	92.6	0.000
run2_A_stride	pool_ringloop	off	cold	stride	16384	250000	64	1	3	4	512	1445458	4043529	5537269	60756	15012169	34106	63	0	0	91.8	0.000
run2_A_stride	hybrid	off	cold	stride	16384	250000	64	1	3	5	512	702577	2504791	3051399	10480	8817676	58065	5	0	0	91.8	0.000
run2_A_stride	uring	off	cold	stride	16384	250000	64	1	4	0	512	750822	2698286	3354476	10469	8906896	57484	5	0	0	100.0	0.000
run2_A_stride	pooled_pread	off	cold	stride	16384	250000	64	1	4	1	512	803333	2103880	3733357	57815	11320727	45227	99	0	0	100.0	0.000
run2_A_stride	pool	off	cold	stride	16384	250000	64	1	4	2	512	850024	1833305	3527930	51741	11168778	45842	47	0	0	92.2	0.000
run2_A_stride	pool_ringloop	off	cold	stride	16384	250000	64	1	4	3	512	1802540	2834577	3828991	60503	14129675	36236	82	0	0	89.8	0.000
run2_A_stride	hybrid	off	cold	stride	16384	250000	64	1	4	4	512	599487	2608762	3279651	13768	9579614	53447	5	0	0	92.8	0.000
run2_A_stride	hybrid_lazyring	off	cold	stride	16384	250000	64	1	4	5	512	618014	2024482	2349943	12120	8170912	62661	5	0	0	91.2	0.000
run2_A_stride	pooled_pread	off	cold	stride	16384	250000	64	1	5	0	512	888756	1978891	3573726	55790	11855385	43187	122	0	0	100.0	0.000
run2_A_stride	pool	off	cold	stride	16384	250000	64	1	5	1	512	831512	1988865	3599428	50792	10490996	48804	61	0	0	92.4	0.000
run2_A_stride	pool_ringloop	off	cold	stride	16384	250000	64	1	5	2	512	1903626	3125387	4748176	56228	15715138	32580	55	0	0	91.2	0.000
run2_A_stride	hybrid	off	cold	stride	16384	250000	64	1	5	3	512	628483	2268465	2694020	11539	8086073	63319	5	0	0	91.8	0.000
run2_A_stride	hybrid_lazyring	off	cold	stride	16384	250000	64	1	5	4	512	634320	2201760	3069853	16593	10550190	48530	5	0	0	91.0	0.000
run2_A_stride	uring	off	cold	stride	16384	250000	64	1	5	5	512	745281	2550741	3271282	10440	8167416	62688	5	0	0	100.0	0.000
run2_A_stride	pool	off	warm	stride	16384	250000	1	1	0	0	512	1665	2101	2819	2333	1095678	467291	5	0	0	0.0	0.000
run2_A_stride	pool_ringloop	off	warm	stride	16384	250000	1	1	0	1	512	1394	1634	2305	1881	879212	582340	5	0	0	0.0	0.000
run2_A_stride	hybrid	off	warm	stride	16384	250000	1	1	0	2	512	1474	1912	2624	2164	1022572	500698	5	0	0	0.0	0.000
run2_A_stride	hybrid_lazyring	off	warm	stride	16384	250000	1	1	0	3	512	1439	1606	1795	1749	863349	593039	5	0	0	0.0	0.000
run2_A_stride	uring	off	warm	stride	16384	250000	1	1	0	4	512	3440	17968	26885	11607	4952645	103379	5	0	0	100.0	0.000
run2_A_stride	pooled_pread	off	warm	stride	16384	250000	1	1	0	5	512	49377	57583	111357	57253	26954243	18995	6	0	0	100.0	0.000
run2_A_stride	pool_ringloop	off	warm	stride	16384	250000	1	1	1	0	512	1482	1794	2352	2033	962340	532036	5	0	0	0.0	0.000
run2_A_stride	hybrid	off	warm	stride	16384	250000	1	1	1	1	512	1465	1861	2535	2178	1043237	490780	5	0	0	0.0	0.000
run2_A_stride	hybrid_lazyring	off	warm	stride	16384	250000	1	1	1	2	512	1496	1853	2267	1966	932736	548923	5	0	0	0.0	0.000
run2_A_stride	uring	off	warm	stride	16384	250000	1	1	1	3	512	14065	16980	29521	12116	5084167	100705	5	0	0	100.0	0.000
run2_A_stride	pooled_pread	off	warm	stride	16384	250000	1	1	1	4	512	49143	54535	94494	56229	26546498	19287	6	0	0	100.0	0.000
run2_A_stride	pool	off	warm	stride	16384	250000	1	1	1	5	512	1603	2110	2641	2186	1056302	484710	5	0	0	0.0	0.000
run2_A_stride	hybrid	off	warm	stride	16384	250000	1	1	2	0	512	1458	1798	2099	2265	1074334	476574	5	0	0	0.0	0.000
run2_A_stride	hybrid_lazyring	off	warm	stride	16384	250000	1	1	2	1	512	1376	1534	1702	1784	838562	610569	5	0	0	0.0	0.000
run2_A_stride	uring	off	warm	stride	16384	250000	1	1	2	2	512	3390	18470	29714	11088	4676549	109482	5	0	0	100.0	0.000
run2_A_stride	pooled_pread	off	warm	stride	16384	250000	1	1	2	3	512	49492	60151	108220	58388	27464201	18642	6	0	0	100.0	0.000
run2_A_stride	pool	off	warm	stride	16384	250000	1	1	2	4	512	1575	2083	2779	2107	1012563	505648	5	0	0	0.0	0.000
run2_A_stride	pool_ringloop	off	warm	stride	16384	250000	1	1	2	5	512	1492	1885	2678	2109	946049	541198	5	0	0	0.0	0.000
run2_A_stride	hybrid_lazyring	off	warm	stride	16384	250000	1	1	3	0	512	1398	1554	4592	2115	967614	529137	5	0	0	0.0	0.000
run2_A_stride	uring	off	warm	stride	16384	250000	1	1	3	1	512	3098	14912	21943	9414	3930149	130275	5	0	0	100.0	0.000
run2_A_stride	pooled_pread	off	warm	stride	16384	250000	1	1	3	2	512	51044	61014	104916	59551	27965626	18308	7	0	0	100.0	0.000
run2_A_stride	pool	off	warm	stride	16384	250000	1	1	3	3	512	2323	3113	4353	3031	1440563	355417	5	0	0	0.0	0.000
run2_A_stride	pool_ringloop	off	warm	stride	16384	250000	1	1	3	4	512	1492	1880	3070	2004	943487	542668	5	0	0	0.0	0.000
run2_A_stride	hybrid	off	warm	stride	16384	250000	1	1	3	5	512	1452	1643	6586	2332	1111771	460526	5	0	0	0.0	0.000
run2_A_stride	uring	off	warm	stride	16384	250000	1	1	4	0	512	3395	15152	23862	11014	4622322	110767	5	0	0	100.0	0.000
run2_A_stride	pooled_pread	off	warm	stride	16384	250000	1	1	4	1	512	50026	57930	102496	57964	27351764	18719	6	0	0	100.0	0.000
run2_A_stride	pool	off	warm	stride	16384	250000	1	1	4	2	512	1858	2458	3567	2337	1166590	438886	5	0	0	0.0	0.000
run2_A_stride	pool_ringloop	off	warm	stride	16384	250000	1	1	4	3	512	1417	1689	2882	2022	960840	532867	5	0	0	0.0	0.000
run2_A_stride	hybrid	off	warm	stride	16384	250000	1	1	4	4	512	1386	1568	2347	2078	1002406	510771	5	0	0	0.0	0.000
run2_A_stride	hybrid_lazyring	off	warm	stride	16384	250000	1	1	4	5	512	1445	1607	2308	2015	948400	539857	5	0	0	0.0	0.000
run2_A_stride	pooled_pread	off	warm	stride	16384	250000	1	1	5	0	512	50737	60759	109721	59698	27992675	18290	7	0	0	100.0	0.000
run2_A_stride	pool	off	warm	stride	16384	250000	1	1	5	1	512	2213	2800	3638	2831	1374849	372405	5	0	0	0.0	0.000
run2_A_stride	pool_ringloop	off	warm	stride	16384	250000	1	1	5	2	512	1476	1807	3686	2044	979289	522828	5	0	0	0.0	0.000
run2_A_stride	hybrid	off	warm	stride	16384	250000	1	1	5	3	512	1431	1576	1967	2178	1003882	510020	5	0	0	0.0	0.000
run2_A_stride	hybrid_lazyring	off	warm	stride	16384	250000	1	1	5	4	512	1429	1604	2353	2045	884311	578982	5	0	0	0.0	0.000
run2_A_stride	uring	off	warm	stride	16384	250000	1	1	5	5	512	3266	15096	24528	10217	4290275	119340	5	0	0	100.0	0.000
run2_A_stride	pool	off	warm	stride	16384	250000	2	1	0	0	512	1612	1813	2130	2121	535465	956178	5	0	0	0.0	0.000
run2_A_stride	pool_ringloop	off	warm	stride	16384	250000	2	1	0	1	512	1411	1673	2210	1818	844536	606250	5	0	0	0.0	0.000
run2_A_stride	hybrid	off	warm	stride	16384	250000	2	1	0	2	512	1453	1707	2546	2274	1098624	466038	5	0	0	0.0	0.000
run2_A_stride	hybrid_lazyring	off	warm	stride	16384	250000	2	1	0	3	512	1473	1730	3023	2026	994451	514857	5	0	0	0.0	0.000
run2_A_stride	uring	off	warm	stride	16384	250000	2	1	0	4	512	17313	22449	39550	10067	4321811	118469	5	0	0	100.0	0.000
run2_A_stride	pooled_pread	off	warm	stride	16384	250000	2	1	0	5	512	37352	74060	114952	37449	10665295	48006	9	0	0	100.0	0.000
run2_A_stride	pool_ringloop	off	warm	stride	16384	250000	2	1	1	0	512	1449	1729	2228	2081	974117	525604	5	0	0	0.0	0.000
run2_A_stride	hybrid	off	warm	stride	16384	250000	2	1	1	1	512	1655	1963	2554	2368	1128124	453851	5	0	0	0.0	0.000
run2_A_stride	hybrid_lazyring	off	warm	stride	16384	250000	2	1	1	2	512	1661	1969	3985	2286	1071945	477636	5	0	0	0.0	0.000
run2_A_stride	uring	off	warm	stride	16384	250000	2	1	1	3	512	17212	21819	42306	10029	4340917	117947	5	0	0	100.0	0.000
run2_A_stride	pooled_pread	off	warm	stride	16384	250000	2	1	1	4	512	26103	68362	144331	33607	9137802	56031	12	0	0	100.0	0.000
run2_A_stride	pool	off	warm	stride	16384	250000	2	1	1	5	512	1697	2177	6588	2713	714263	716823	5	0	0	0.0	0.000
run2_A_stride	hybrid	off	warm	stride	16384	250000	2	1	2	0	512	1509	1672	5581	2373	1101421	464854	5	0	0	0.0	0.000
run2_A_stride	hybrid_lazyring	off	warm	stride	16384	250000	2	1	2	1	512	1494	1636	2434	2069	978528	523235	5	0	0	0.0	0.000
run2_A_stride	uring	off	warm	stride	16384	250000	2	1	2	2	512	16985	21308	42238	9616	4158463	123122	5	0	0	100.0	0.000
run2_A_stride	pooled_pread	off	warm	stride	16384	250000	2	1	2	3	512	34115	71137	129043	36540	10136706	50510	10	0	0	100.0	0.000
run2_A_stride	pool	off	warm	stride	16384	250000	2	1	2	4	512	1590	2027	2544	2488	680171	752752	5	0	0	0.0	0.000
run2_A_stride	pool_ringloop	off	warm	stride	16384	250000	2	1	2	5	512	1421	1716	2721	1957	910200	562514	5	0	0	0.0	0.000
run2_A_stride	hybrid_lazyring	off	warm	stride	16384	250000	2	1	3	0	512	1498	1652	1968	1919	962003	532223	5	0	0	0.0	0.000
run2_A_stride	uring	off	warm	stride	16384	250000	2	1	3	1	512	16992	17584	38563	9729	4197294	121983	5	0	0	100.0	0.000
run2_A_stride	pooled_pread	off	warm	stride	16384	250000	2	1	3	2	512	25189	63614	189199	32564	9228070	55483	12	0	0	100.0	0.000
run2_A_stride	pool	off	warm	stride	16384	250000	2	1	3	3	512	1471	1613	3205	2063	554032	924134	5	0	0	0.0	0.000
run2_A_stride	pool_ringloop	off	warm	stride	16384	250000	2	1	3	4	512	1390	1532	1741	1879	871967	587178	5	0	0	0.0	0.000
run2_A_stride	hybrid	off	warm	stride	16384	250000	2	1	3	5	512	1471	1635	2138	2077	1016058	503908	5	0	0	0.0	0.000
run2_A_stride	uring	off	warm	stride	16384	250000	2	1	4	0	512	16928	17865	27799	9146	3921626	130558	5	0	0	100.0	0.000
run2_A_stride	pooled_pread	off	warm	stride	16384	250000	2	1	4	1	512	30330	75546	125138	35519	9664783	52976	11	0	0	100.0	0.000
run2_A_stride	pool	off	warm	stride	16384	250000	2	1	4	2	512	1554	2072	3487	2268	598989	854774	5	0	0	0.0	0.000
run2_A_stride	pool_ringloop	off	warm	stride	16384	250000	2	1	4	3	512	1354	1491	1785	1846	873896	585882	5	0	0	0.0	0.000
run2_A_stride	hybrid	off	warm	stride	16384	250000	2	1	4	4	512	1478	1905	2802	2159	1049883	487673	5	0	0	0.0	0.000
run2_A_stride	hybrid_lazyring	off	warm	stride	16384	250000	2	1	4	5	512	1480	1637	1887	1849	932470	549079	5	0	0	0.0	0.000
run2_A_stride	pooled_pread	off	warm	stride	16384	250000	2	1	5	0	512	37709	74603	121346	37380	10811492	47357	10	0	0	100.0	0.000
run2_A_stride	pool	off	warm	stride	16384	250000	2	1	5	1	512	1596	1800	2225	2223	582428	879079	5	0	0	0.0	0.000
run2_A_stride	pool_ringloop	off	warm	stride	16384	250000	2	1	5	2	512	1521	1708	3029	2156	998913	512557	5	0	0	0.0	0.000
run2_A_stride	hybrid	off	warm	stride	16384	250000	2	1	5	3	512	1532	1746	2242	2231	1085978	471464	5	0	0	0.0	0.000
run2_A_stride	hybrid_lazyring	off	warm	stride	16384	250000	2	1	5	4	512	1495	1655	3996	1992	929469	550852	5	0	0	0.0	0.000
run2_A_stride	uring	off	warm	stride	16384	250000	2	1	5	5	512	17140	20051	38715	10595	4581060	111765	5	0	0	100.0	0.000
run2_A_stride	pool	off	warm	stride	16384	250000	4	1	0	0	512	1672	1984	8582	2751	421097	1215872	5	0	0	0.0	0.000
run2_A_stride	pool_ringloop	off	warm	stride	16384	250000	4	1	0	1	512	1402	1791	3286	1994	952922	537295	5	0	0	0.0	0.000
run2_A_stride	hybrid	off	warm	stride	16384	250000	4	1	0	2	512	1657	2073	7237	2421	1181773	433247	5	0	0	0.0	0.000
run2_A_stride	hybrid_lazyring	off	warm	stride	16384	250000	4	1	0	3	512	1653	2045	6942	2213	1095190	467499	5	0	0	0.0	0.000
run2_A_stride	uring	off	warm	stride	16384	250000	4	1	0	4	512	20714	24203	55005	6983	3036410	168620	5	0	0	100.0	0.000
run2_A_stride	pooled_pread	off	warm	stride	16384	250000	4	1	0	5	512	24843	88697	202944	27714	5345786	95776	17	0	0	100.0	0.000
run2_A_stride	pool_ringloop	off	warm	stride	16384	250000	4	1	1	0	512	1492	1910	8164	2096	998836	512597	5	0	0	0.0	0.000
run2_A_stride	hybrid	off	warm	stride	16384	250000	4	1	1	1	512	1517	1679	6004	2316	1098764	465978	5	0	0	0.0	0.000
run2_A_stride	hybrid_lazyring	off	warm	stride	16384	250000	4	1	1	2	512	1460	1629	5848	2055	989696	517331	5	0	0	0.0	0.000
run2_A_stride	uring	off	warm	stride	16384	250000	4	1	1	3	512	20420	21852	42403	6620	2907133	176119	5	0	0	100.0	0.000
run2_A_stride	pooled_pread	off	warm	stride	16384	250000	4	1	1	4	512	28814	101492	344906	29813	6678946	76659	17	0	0	100.0	0.000
run2_A_stride	pool	off	warm	stride	16384	250000	4	1	1	5	512	1591	1772	3428	2295	375572	1363254	5	0	0	0.0	0.000
run2_A_stride	hybrid	off	warm	stride	16384	250000	4	1	2	0	512	1498	1645	1783	2132	1033878	495223	5	0	0	0.0	0.000
run2_A_stride	hybrid_lazyring	off	warm	stride	16384	250000	4	1	2	1	512	1585	1746	1919	2028	974909	525177	5	0	0	0.0	0.000
run2_A_stride	uring	off	warm	stride	16384	250000	4	1	2	2	512	20621	25874	43860	6994	3015029	169816	5	0	0	100.0	0.000
run2_A_stride	pooled_pread	off	warm	stride	16384	250000	4	1	2	3	512	30278	92946	299663	30363	5911160	86616	16	0	0	100.0	0.000
run2_A_stride	pool	off	warm	stride	16384	250000	4	1	2	4	512	1685	2163	7507	2736	421601	1214418	5	0	0	0.0	0.000
run2_A_stride	pool_ringloop	off	warm	stride	16384	250000	4	1	2	5	512	1395	1553	3583	1928	898905	569582	5	0	0	0.0	0.000
run2_A_stride	hybrid_lazyring	off	warm	stride	16384	250000	4	1	3	0	512	1451	1614	3688	1856	917853	557824	5	0	0	0.0	0.000
run2_A_stride	uring	off	warm	stride	16384	250000	4	1	3	1	512	20624	24207	53499	6839	3041795	168322	5	0	0	100.0	0.000
run2_A_stride	pooled_pread	off	warm	stride	16384	250000	4	1	3	2	512	27660	96300	275026	30905	6072081	84320	16	0	0	100.0	0.000
run2_A_stride	pool	off	warm	stride	16384	250000	4	1	3	3	512	1501	1670	6959	2562	701157	730222	5	0	0	0.0	0.000
run2_A_stride	pool_ringloop	off	warm	stride	16384	250000	4	1	3	4	512	1380	1577	5706	2110	989196	517592	5	0	0	0.0	0.000
run2_A_stride	hybrid	off	warm	stride	16384	250000	4	1	3	5	512	1448	1596	5607	2259	1082858	472823	5	0	0	0.0	0.000
run2_A_stride	uring	off	warm	stride	16384	250000	4	1	4	0	512	20853	26227	51060	6836	2983948	171585	5	0	0	100.0	0.000
run2_A_stride	pooled_pread	off	warm	stride	16384	250000	4	1	4	1	512	18964	88007	352807	27275	5524058	92685	22	0	0	100.0	0.000
run2_A_stride	pool	off	warm	stride	16384	250000	4	1	4	2	512	1536	1882	2355	2212	576257	888492	5	0	0	0.0	0.000
run2_A_stride	pool_ringloop	off	warm	stride	16384	250000	4	1	4	3	512	1394	1530	1740	1790	862956	593310	5	0	0	0.0	0.000
run2_A_stride	hybrid	off	warm	stride	16384	250000	4	1	4	4	512	1567	1896	2806	2390	1153027	444049	5	0	0	0.0	0.000
run2_A_stride	hybrid_lazyring	off	warm	stride	16384	250000	4	1	4	5	512	1510	1763	5925	2047	975344	524943	5	0	0	0.0	0.000
run2_A_stride	pooled_pread	off	warm	stride	16384	250000	4	1	5	0	512	18163	125848	376897	28195	6126809	83567	21	0	0	100.0	0.000
run2_A_stride	pool	off	warm	stride	16384	250000	4	1	5	1	512	1639	1849	2030	2171	407681	1255884	5	0	0	0.0	0.000
run2_A_stride	pool_ringloop	off	warm	stride	16384	250000	4	1	5	2	512	1467	1964	2914	1979	934131	548103	5	0	0	0.0	0.000
run2_A_stride	hybrid	off	warm	stride	16384	250000	4	1	5	3	512	1545	1837	2380	2206	1040667	491992	5	0	0	0.0	0.000
run2_A_stride	hybrid_lazyring	off	warm	stride	16384	250000	4	1	5	4	512	1477	1622	1832	1941	909513	562939	5	0	0	0.0	0.000
run2_A_stride	uring	off	warm	stride	16384	250000	4	1	5	5	512	20936	26285	45661	7044	3068271	166869	5	0	0	100.0	0.000
run2_A_stride	pool	off	warm	stride	16384	250000	8	1	0	0	512	1629	1891	2301	2313	415379	1232609	5	0	0	0.0	0.000
run2_A_stride	pool_ringloop	off	warm	stride	16384	250000	8	1	0	1	512	1393	1544	1681	1805	831621	615665	5	0	0	0.0	0.000
run2_A_stride	hybrid	off	warm	stride	16384	250000	8	1	0	2	512	1561	1829	2204	2216	1078651	474667	5	0	0	0.0	0.000
run2_A_stride	hybrid_lazyring	off	warm	stride	16384	250000	8	1	0	3	512	1469	1617	1858	2042	958440	534201	5	0	0	0.0	0.000
run2_A_stride	uring	off	warm	stride	16384	250000	8	1	0	4	512	27394	38281	126848	4893	2278967	224663	5	0	0	100.0	0.000
run2_A_stride	pooled_pread	off	warm	stride	16384	250000	8	1	0	5	512	37021	208888	744455	31271	5381231	95146	42	0	0	100.0	0.000
run2_A_stride	pool_ringloop	off	warm	stride	16384	250000	8	1	1	0	512	1469	1945	6486	2087	961785	532344	5	0	0	0.0	0.000
run2_A_stride	hybrid	off	warm	stride	16384	250000	8	1	1	1	512	1872	2059	5019	2968	1376294	372014	5	0	0	0.0	0.000
run2_A_stride	hybrid_lazyring	off	warm	stride	16384	250000	8	1	1	2	512	1615	1775	5765	2205	1066985	479857	5	0	0	0.0	0.000
run2_A_stride	uring	off	warm	stride	16384	250000	8	1	1	3	512	27122	36355	100407	4605	2098636	243968	5	0	0	100.0	0.000
run2_A_stride	pooled_pread	off	warm	stride	16384	250000	8	1	1	4	512	42741	215407	562336	30502	5359630	95529	34	0	0	100.0	0.000
run2_A_stride	pool	off	warm	stride	16384	250000	8	1	1	5	512	1685	2207	3639	2641	490954	1042868	5	0	0	0.0	0.000
run2_A_stride	hybrid	off	warm	stride	16384	250000	8	1	2	0	512	1595	1760	2616	2312	1156666	442652	5	0	0	0.0	0.000
run2_A_stride	hybrid_lazyring	off	warm	stride	16384	250000	8	1	2	1	512	1981	2232	3426	3073	1338354	382559	5	0	0	0.0	0.000
run2_A_stride	uring	off	warm	stride	16384	250000	8	1	2	2	512	27421	35738	80454	4870	2166303	236347	5	0	0	100.0	0.000
run2_A_stride	pooled_pread	off	warm	stride	16384	250000	8	1	2	3	512	31242	205187	637971	28404	5486883	93313	55	0	0	100.0	0.000
run2_A_stride	pool	off	warm	stride	16384	250000	8	1	2	4	512	1616	1834	3744	2766	480647	1065231	5	0	0	0.0	0.000
run2_A_stride	pool_ringloop	off	warm	stride	16384	250000	8	1	2	5	512	1519	1690	1952	2025	983839	520410	5	0	0	0.0	0.000
run2_A_stride	hybrid_lazyring	off	warm	stride	16384	250000	8	1	3	0	512	1462	1620	1952	1949	917705	557913	5	0	0	0.0	0.000
run2_A_stride	uring	off	warm	stride	16384	250000	8	1	3	1	512	26929	31406	50393	4741	2086146	245429	5	0	0	100.0	0.000
run2_A_stride	pooled_pread	off	warm	stride	16384	250000	8	1	3	2	512	33600	178711	537140	28515	4916565	104138	37	0	0	100.0	0.000
run2_A_stride	pool	off	warm	stride	16384	250000	8	1	3	3	512	1550	1912	5799	2206	577919	885937	5	0	0	0.0	0.000
run2_A_stride	pool_ringloop	off	warm	stride	16384	250000	8	1	3	4	512	1388	1532	1700	1898	921792	555440	5	0	0	0.0	0.000
run2_A_stride	hybrid	off	warm	stride	16384	250000	8	1	3	5	512	1482	1642	5335	2262	1074135	476663	5	0	0	0.0	0.000
run2_A_stride	uring	off	warm	stride	16384	250000	8	1	4	0	512	27302	34828	47656	4608	2036617	251397	5	0	0	100.0	0.000
run2_A_stride	pooled_pread	off	warm	stride	16384	250000	8	1	4	1	512	40312	163600	386887	28146	4712821	108640	31	0	0	100.0	0.000
run2_A_stride	pool	off	warm	stride	16384	250000	8	1	4	2	512	1701	2089	5774	2462	481197	1064013	5	0	0	0.0	0.000
run2_A_stride	pool_ringloop	off	warm	stride	16384	250000	8	1	4	3	512	1562	1850	5504	2288	1077161	475324	5	0	0	0.0	0.000
run2_A_stride	hybrid	off	warm	stride	16384	250000	8	1	4	4	512	1505	1706	5408	2456	1146369	446628	5	0	0	0.0	0.000
run2_A_stride	hybrid_lazyring	off	warm	stride	16384	250000	8	1	4	5	512	1512	1748	5615	2300	1110752	460949	5	0	0	0.0	0.000
run2_A_stride	pooled_pread	off	warm	stride	16384	250000	8	1	5	0	512	36486	175313	530840	27589	4832466	105950	39	0	0	100.0	0.000
run2_A_stride	pool	off	warm	stride	16384	250000	8	1	5	1	512	1571	1742	2076	2362	463171	1105423	5	0	0	0.0	0.000
run2_A_stride	pool_ringloop	off	warm	stride	16384	250000	8	1	5	2	512	1441	1904	2478	2117	919040	557103	5	0	0	0.0	0.000
run2_A_stride	hybrid	off	warm	stride	16384	250000	8	1	5	3	512	1474	1624	3125	2384	1118551	457735	5	0	0	0.0	0.000
run2_A_stride	hybrid_lazyring	off	warm	stride	16384	250000	8	1	5	4	512	1485	1645	2467	2106	978854	523061	5	0	0	0.0	0.000
run2_A_stride	uring	off	warm	stride	16384	250000	8	1	5	5	512	26762	29389	57078	4428	2037485	251290	5	0	0	100.0	0.000
run2_A_stride	pool	off	warm	stride	16384	250000	16	1	0	0	512	1641	1888	3741	2400	381952	1340483	5	0	0	0.0	0.000
run2_A_stride	pool_ringloop	off	warm	stride	16384	250000	16	1	0	1	512	1520	1683	2230	2166	1021855	501050	5	0	0	0.0	0.000
run2_A_stride	hybrid	off	warm	stride	16384	250000	16	1	0	2	512	1588	1761	2567	2477	1211507	422614	5	0	0	0.0	0.000
run2_A_stride	hybrid_lazyring	off	warm	stride	16384	250000	16	1	0	3	512	1526	1878	3291	2175	1053988	485774	5	0	0	0.0	0.000
run2_A_stride	uring	off	warm	stride	16384	250000	16	1	0	4	512	41509	51078	61411	3805	1732612	295508	5	0	0	100.0	0.000
run2_A_stride	pooled_pread	off	warm	stride	16384	250000	16	1	0	5	512	53741	428599	1020133	25874	5117030	100058	52	0	0	100.0	0.000
run2_A_stride	pool_ringloop	off	warm	stride	16384	250000	16	1	1	0	512	1399	1559	2031	2088	944015	542364	5	0	0	0.0	0.000
run2_A_stride	hybrid	off	warm	stride	16384	250000	16	1	1	1	512	1454	1583	1773	2260	1068976	478963	5	0	0	0.0	0.000
run2_A_stride	hybrid_lazyring	off	warm	stride	16384	250000	16	1	1	2	512	1481	1654	2045	2062	989246	517566	5	0	0	0.0	0.000
run2_A_stride	uring	off	warm	stride	16384	250000	16	1	1	3	512	48899	67151	95934	4209	1893755	270362	5	0	0	100.0	0.000
run2_A_stride	pooled_pread	off	warm	stride	16384	250000	16	1	1	4	512	68361	488078	1227860	30859	5858888	87389	51	0	0	100.0	0.000
run2_A_stride	pool	off	warm	stride	16384	250000	16	1	1	5	512	1609	1849	2467	2323	354043	1446152	5	0	0	0.0	0.000
run2_A_stride	hybrid	off	warm	stride	16384	250000	16	1	2	0	512	1480	1636	1926	2221	1072863	477228	5	0	0	0.0	0.000
run2_A_stride	hybrid_lazyring	off	warm	stride	16384	250000	16	1	2	1	512	1475	1630	1878	2098	988654	517876	5	0	0	0.0	0.000
run2_A_stride	uring	off	warm	stride	16384	250000	16	1	2	2	512	40898	49462	91414	3633	1670510	306493	5	0	0	100.0	0.000
run2_A_stride	pooled_pread	off	warm	stride	16384	250000	16	1	2	3	512	68950	305832	836803	25658	4546605	112611	37	0	0	100.0	0.000
run2_A_stride	pool	off	warm	stride	16384	250000	16	1	2	4	512	1562	1736	3713	2234	344515	1486147	5	0	0	0.0	0.000
run2_A_stride	pool_ringloop	off	warm	stride	16384	250000	16	1	2	5	512	1407	1557	5225	2033	1023584	500203	5	0	0	0.0	0.000
run2_A_stride	hybrid_lazyring	off	warm	stride	16384	250000	16	1	3	0	512	1443	1581	2061	1932	932921	548814	5	0	0	0.0	0.000
run2_A_stride	uring	off	warm	stride	16384	250000	16	1	3	1	512	41238	46266	72755	3621	1658417	308728	5	0	0	100.0	0.000
run2_A_stride	pooled_pread	off	warm	stride	16384	250000	16	1	3	2	512	53420	441231	957522	26805	5077416	100839	61	0	0	100.0	0.000
run2_A_stride	pool	off	warm	stride	16384	250000	16	1	3	3	512	1607	1940	3981	2511	396415	1291576	5	0	0	0.0	0.000
run2_A_stride	pool_ringloop	off	warm	stride	16384	250000	16	1	3	4	512	1408	1567	8050	2202	1106559	462696	5	0	0	0.0	0.000
run2_A_stride	hybrid	off	warm	stride	16384	250000	16	1	3	5	512	1449	1592	3645	2267	1103137	464131	5	0	0	0.0	0.000
run2_A_stride	uring	off	warm	stride	16384	250000	16	1	4	0	512	42854	67735	73706	3981	1690742	302826	5	0	0	100.0	0.000
run2_A_stride	pooled_pread	off	warm	stride	16384	250000	16	1	4	1	512	67692	333284	1037667	26401	4384686	116770	38	0	0	100.0	0.000
run2_A_stride	pool	off	warm	stride	16384	250000	16	1	4	2	512	1656	2029	3787	2526	417545	1226215	5	0	0	0.0	0.000
run2_A_stride	pool_ringloop	off	warm	stride	16384	250000	16	1	4	3	512	1467	1834	6330	2370	1073911	476762	5	0	0	0.0	0.000
run2_A_stride	hybrid	off	warm	stride	16384	250000	16	1	4	4	512	1491	1642	2437	2355	1110365	461110	5	0	0	0.0	0.000
run2_A_stride	hybrid_lazyring	off	warm	stride	16384	250000	16	1	4	5	512	1503	1794	3055	2334	1007530	508173	5	0	0	0.0	0.000
run2_A_stride	pooled_pread	off	warm	stride	16384	250000	16	1	5	0	512	63882	642258	1539942	38061	8183562	62564	88	0	0	100.0	0.000
run2_A_stride	pool	off	warm	stride	16384	250000	16	1	5	1	512	1673	2036	5284	2521	400085	1279728	5	0	0	0.0	0.000
run2_A_stride	pool_ringloop	off	warm	stride	16384	250000	16	1	5	2	512	1361	1514	2302	1910	925523	553201	5	0	0	0.0	0.000
run2_A_stride	hybrid	off	warm	stride	16384	250000	16	1	5	3	512	1477	1643	2067	2833	1129263	453393	5	0	0	0.0	0.000
run2_A_stride	hybrid_lazyring	off	warm	stride	16384	250000	16	1	5	4	512	1544	1956	5753	2458	1177995	434637	5	0	0	0.0	0.000
run2_A_stride	uring	off	warm	stride	16384	250000	16	1	5	5	512	42947	52093	67885	3728	1782787	287191	5	0	0	100.0	0.000
run2_A_stride	pool	off	warm	stride	16384	250000	32	1	0	0	512	1618	2016	6155	2631	428828	1193952	5	0	0	0.0	0.000
run2_A_stride	pool_ringloop	off	warm	stride	16384	250000	32	1	0	1	512	1428	1570	3790	2353	1142335	448205	5	0	0	0.0	0.000
run2_A_stride	hybrid	off	warm	stride	16384	250000	32	1	0	2	512	1543	1715	3969	2528	1236664	414017	5	0	0	0.0	0.000
run2_A_stride	hybrid_lazyring	off	warm	stride	16384	250000	32	1	0	3	512	1565	1751	3167	2397	1174250	436023	5	0	0	0.0	0.000
run2_A_stride	uring	off	warm	stride	16384	250000	32	1	0	4	512	81256	109600	130852	3838	1809588	282937	5	0	0	100.0	0.000
run2_A_stride	pooled_pread	off	warm	stride	16384	250000	32	1	0	5	512	176776	804385	1587465	31966	6241225	82035	66	0	0	100.0	0.000
run2_A_stride	pool_ringloop	off	warm	stride	16384	250000	32	1	1	0	512	1444	1639	2585	2301	1120047	457124	5	0	0	0.0	0.000
run2_A_stride	hybrid	off	warm	stride	16384	250000	32	1	1	1	512	1545	1755	2143	2545	1243472	411750	5	0	0	0.0	0.000
run2_A_stride	hybrid_lazyring	off	warm	stride	16384	250000	32	1	1	2	512	1532	1696	1963	2281	1067433	479655	5	0	0	0.0	0.000
run2_A_stride	uring	off	warm	stride	16384	250000	32	1	1	3	512	82725	105704	150521	4000	1823586	280765	5	0	0	100.0	0.000
run2_A_stride	pooled_pread	off	warm	stride	16384	250000	32	1	1	4	512	149701	1217695	2582956	35463	7918754	64657	63	0	0	100.0	0.000
run2_A_stride	pool	off	warm	stride	16384	250000	32	1	1	5	512	1591	1894	2528	2397	396926	1289913	5	0	0	0.0	0.000
run2_A_stride	hybrid	off	warm	stride	16384	250000	32	1	2	0	512	1534	2122	2662	2533	1212804	422162	5	0	0	0.0	0.000
run2_A_stride	hybrid_lazyring	off	warm	stride	16384	250000	32	1	2	1	512	1536	1703	2012	2302	1100026	465444	5	0	0	0.0	0.000
run2_A_stride	uring	off	warm	stride	16384	250000	32	1	2	2	512	77907	102887	105602	3699	1730023	295950	5	0	0	100.0	0.000
run2_A_stride	pooled_pread	off	warm	stride	16384	250000	32	1	2	3	512	220180	657950	1036150	31241	5875080	87148	39	0	0	100.0	0.000
run2_A_stride	pool	off	warm	stride	16384	250000	32	1	2	4	512	1745	2097	3231	2934	525188	974889	5	0	0	0.0	0.000
run2_A_stride	pool_ringloop	off	warm	stride	16384	250000	32	1	2	5	512	1420	1589	2131	2078	975267	524984	5	0	0	0.0	0.000
run2_A_stride	hybrid_lazyring	off	warm	stride	16384	250000	32	1	3	0	512	1566	1735	2524	2195	1035730	494337	5	0	0	0.0	0.000
run2_A_stride	uring	off	warm	stride	16384	250000	32	1	3	1	512	99201	109132	161015	4160	1978374	258798	5	0	0	100.0	0.000
run2_A_stride	pooled_pread	off	warm	stride	16384	250000	32	1	3	2	512	132207	808032	1674671	31258	6129461	83531	72	0	0	100.0	0.000
run2_A_stride	pool	off	warm	stride	16384	250000	32	1	3	3	512	1621	1846	2162	2742	493687	1037094	5	0	0	0.0	0.000
run2_A_stride	pool_ringloop	off	warm	stride	16384	250000	32	1	3	4	512	1545	1746	7500	2405	1218427	420214	5	0	0	0.0	0.000
run2_A_stride	hybrid	off	warm	stride	16384	250000	32	1	3	5	512	1623	2006	6399	2633	1281284	399599	5	0	0	0.0	0.000
run2_A_stride	uring	off	warm	stride	16384	250000	32	1	4	0	512	81628	99318	108991	3505	1663767	307735	5	0	0	100.0	0.000
run2_A_stride	pooled_pread	off	warm	stride	16384	250000	32	1	4	1	512	167622	902361	2072169	30298	6481226	78997	47	0	0	100.0	0.000
run2_A_stride	pool	off	warm	stride	16384	250000	32	1	4	2	512	1554	1726	2072	2174	586195	873429	5	0	0	0.0	0.000
run2_A_stride	pool_ringloop	off	warm	stride	16384	250000	32	1	4	3	512	1424	1602	5624	2247	1088109	470541	5	0	0	0.0	0.000
run2_A_stride	hybrid	off	warm	stride	16384	250000	32	1	4	4	512	1571	1780	7646	2949	1391339	367991	5	0	0	0.0	0.000
run2_A_stride	hybrid_lazyring	off	warm	stride	16384	250000	32	1	4	5	512	1559	1753	2000	2355	1142708	448058	5	0	0	0.0	0.000
run2_A_stride	pooled_pread	off	warm	stride	16384	250000	32	1	5	0	512	113503	880563	1980770	28578	5688800	90001	53	0	0	100.0	0.000
run2_A_stride	pool	off	warm	stride	16384	250000	32	1	5	1	512	1581	1918	2967	2477	402022	1273562	5	0	0	0.0	0.000
run2_A_stride	pool_ringloop	off	warm	stride	16384	250000	32	1	5	2	512	1435	1597	6447	2318	1127145	454245	5	0	0	0.0	0.000
run2_A_stride	hybrid	off	warm	stride	16384	250000	32	1	5	3	512	1582	1830	6283	2843	1355216	377800	5	0	0	0.0	0.000
run2_A_stride	hybrid_lazyring	off	warm	stride	16384	250000	32	1	5	4	512	1567	1791	6237	2626	1200295	426562	5	0	0	0.0	0.000
run2_A_stride	uring	off	warm	stride	16384	250000	32	1	5	5	512	85313	105670	110144	3767	1769843	289291	5	0	0	100.0	0.000
run2_A_stride	pool	off	warm	stride	16384	250000	64	1	0	0	512	1578	1767	5520	2682	456482	1121621	5	0	0	0.0	0.000
run2_A_stride	pool_ringloop	off	warm	stride	16384	250000	64	1	0	1	512	1378	1546	6815	2653	1293172	395926	5	0	0	0.0	0.000
run2_A_stride	hybrid	off	warm	stride	16384	250000	64	1	0	2	512	1693	1971	7966	3281	1614060	317212	5	0	0	0.0	0.000
run2_A_stride	hybrid_lazyring	off	warm	stride	16384	250000	64	1	0	3	512	1917	2628	9552	3380	1694183	302211	5	0	0	0.0	0.000
run2_A_stride	uring	off	warm	stride	16384	250000	64	1	0	4	512	162143	192734	193802	3918	1903531	268974	5	0	0	100.0	0.000
run2_A_stride	pooled_pread	off	warm	stride	16384	250000	64	1	0	5	512	365223	923374	1761139	30568	5619115	91118	48	0	0	100.0	0.000
run2_A_stride	pool_ringloop	off	warm	stride	16384	250000	64	1	1	0	512	1557	1752	7217	3177	1535545	333432	5	0	0	0.0	0.000
run2_A_stride	hybrid	off	warm	stride	16384	250000	64	1	1	1	512	1921	2271	6634	3584	1753592	291972	5	0	0	0.0	0.000
run2_A_stride	hybrid_lazyring	off	warm	stride	16384	250000	64	1	1	2	512	1717	2526	8309	3503	1534192	333726	5	0	0	0.0	0.000
run2_A_stride	uring	off	warm	stride	16384	250000	64	1	1	3	512	182314	214803	216332	4462	2197904	232949	5	0	0	100.0	0.000
run2_A_stride	pooled_pread	off	warm	stride	16384	250000	64	1	1	4	512	315116	1848775	3405207	33671	6031230	84891	48	0	0	100.0	0.000
run2_A_stride	pool	off	warm	stride	16384	250000	64	1	1	5	512	1651	2064	5830	2722	753046	679905	5	0	0	0.0	0.000
run2_A_stride	hybrid	off	warm	stride	16384	250000	64	1	2	0	512	1826	2279	7403	3776	1826154	280371	5	0	0	0.0	0.000
run2_A_stride	hybrid_lazyring	off	warm	stride	16384	250000	64	1	2	1	512	1925	2247	8754	3435	1663420	307800	5	0	0	0.0	0.000
run2_A_stride	uring	off	warm	stride	16384	250000	64	1	2	2	512	169847	242318	244104	4572	2101082	243684	5	0	0	100.0	0.000
run2_A_stride	pooled_pread	off	warm	stride	16384	250000	64	1	2	3	512	311510	1044286	2262468	29792	6007284	85230	57	0	0	100.0	0.000
run2_A_stride	pool	off	warm	stride	16384	250000	64	1	2	4	512	1587	1886	5912	2655	480298	1066005	5	0	0	0.0	0.000
run2_A_stride	pool_ringloop	off	warm	stride	16384	250000	64	1	2	5	512	1441	1603	5125	2744	1278161	400576	5	0	0	0.0	0.000
run2_A_stride	hybrid_lazyring	off	warm	stride	16384	250000	64	1	3	0	512	1794	2176	8045	3214	1557545	328722	5	0	0	0.0	0.000
run2_A_stride	uring	off	warm	stride	16384	250000	64	1	3	1	512	181433	232897	234417	4484	2180698	234787	5	0	0	100.0	0.000
run2_A_stride	pooled_pread	off	warm	stride	16384	250000	64	1	3	2	512	421601	1630527	3074295	37073	7326493	69883	63	0	0	100.0	0.000
run2_A_stride	pool	off	warm	stride	16384	250000	64	1	3	3	512	1756	2209	7533	3327	646602	791832	5	0	0	0.0	0.000
run2_A_stride	pool_ringloop	off	warm	stride	16384	250000	64	1	3	4	512	1427	1598	5919	2619	1253433	408478	5	0	0	0.0	0.000
run2_A_stride	hybrid	off	warm	stride	16384	250000	64	1	3	5	512	1748	1983	6778	3127	1547114	330939	5	0	0	0.0	0.000
run2_A_stride	uring	off	warm	stride	16384	250000	64	1	4	0	512	175621	223691	225511	4496	2148048	238356	5	0	0	100.0	0.000
run2_A_stride	pooled_pread	off	warm	stride	16384	250000	64	1	4	1	512	502916	1080380	2012751	33818	6530565	78401	50	0	0	100.0	0.000
run2_A_stride	pool	off	warm	stride	16384	250000	64	1	4	2	512	1565	1796	7216	2570	683409	749185	5	0	0	0.0	0.000
run2_A_stride	pool_ringloop	off	warm	stride	16384	250000	64	1	4	3	512	1449	1618	6455	2611	1254371	408173	5	0	0	0.0	0.000
run2_A_stride	hybrid	off	warm	stride	16384	250000	64	1	4	4	512	1775	2152	8315	3207	1557416	328750	5	0	0	0.0	0.000
run2_A_stride	hybrid_lazyring	off	warm	stride	16384	250000	64	1	4	5	512	1798	2420	8748	3434	1653774	309595	5	0	0	0.0	0.000
run2_A_stride	pooled_pread	off	warm	stride	16384	250000	64	1	5	0	512	321648	1224485	2011616	31580	5750632	89034	56	0	0	100.0	0.000
run2_A_stride	pool	off	warm	stride	16384	250000	64	1	5	1	512	1548	1714	2120	2871	468349	1093202	5	0	0	0.0	0.000
run2_A_stride	pool_ringloop	off	warm	stride	16384	250000	64	1	5	2	512	1448	1634	5735	2810	1329190	385197	5	0	0	0.0	0.000
run2_A_stride	hybrid	off	warm	stride	16384	250000	64	1	5	3	512	1644	1806	2246	3041	1456825	351449	5	0	0	0.0	0.000
run2_A_stride	hybrid_lazyring	off	warm	stride	16384	250000	64	1	5	4	512	1747	1962	8773	2974	1455237	351833	5	0	0	0.0	0.000
run2_A_stride	uring	off	warm	stride	16384	250000	64	1	5	5	512	163004	220614	222242	3726	1689247	303094	5	0	0	100.0	0.000
run2_A_sweep	pool	off	cold	sweep	16384	16384	1	1	0	0	512	1849	2380	310689	5676	5776419	88636	6	0	0	1.4	0.000
run2_A_sweep	pool_ringloop	off	cold	sweep	16384	16384	1	1	0	1	512	1848	2252	250453	4925	5711546	89643	6	0	0	1.2	0.000
run2_A_sweep	hybrid	off	cold	sweep	16384	16384	1	1	0	2	512	1867	2384	255734	3787	4270647	119888	5	0	0	1.2	0.000
run2_A_sweep	hybrid_lazyring	off	cold	sweep	16384	16384	1	1	0	3	512	2361	3050	296549	4451	4650479	110096	5	0	0	1.4	0.000
run2_A_sweep	uring	off	cold	sweep	16384	16384	1	1	0	4	512	2489	8341	253574	6437	4789845	106893	5	0	0	100.0	0.000
run2_A_sweep	pooled_pread	off	cold	sweep	16384	16384	1	1	0	5	512	54745	66455	120940	64165	30421823	16830	6	0	0	100.0	0.000
run2_A_sweep	pool_ringloop	off	cold	sweep	16384	16384	1	1	1	0	512	2465	3110	304323	5484	4595882	111404	6	0	0	1.4	0.000
run2_A_sweep	hybrid	off	cold	sweep	16384	16384	1	1	1	1	512	2443	3180	274280	4791	4246205	120578	5	0	0	1.2	0.000
run2_A_sweep	hybrid_lazyring	off	cold	sweep	16384	16384	1	1	1	2	512	2162	2770	275023	4203	6384800	80190	5	0	0	1.2	0.000
run2_A_sweep	uring	off	cold	sweep	16384	16384	1	1	1	3	512	2861	14939	40317	6092	6121454	83640	5	0	0	100.0	0.000
run2_A_sweep	pooled_pread	off	cold	sweep	16384	16384	1	1	1	4	512	53719	67018	119950	62889	29944096	17099	7	0	0	100.0	0.000
run2_A_sweep	pool	off	cold	sweep	16384	16384	1	1	1	5	512	2773	3594	281350	5869	5810588	88115	6	0	0	1.4	0.000
run2_A_sweep	hybrid	off	cold	sweep	16384	16384	1	1	2	0	512	2370	2974	267779	4554	7835811	65341	5	0	0	1.2	0.000
run2_A_sweep	hybrid_lazyring	off	cold	sweep	16384	16384	1	1	2	1	512	2544	3409	281143	4776	4569564	112046	5	0	0	1.4	0.000
run2_A_sweep	uring	off	cold	sweep	16384	16384	1	1	2	2	512	6962	20432	42682	14379	6298572	81288	5	0	0	100.0	0.000
run2_A_sweep	pooled_pread	off	cold	sweep	16384	16384	1	1	2	3	512	50710	61787	119818	60830	28761871	17801	6	0	0	100.0	0.000
run2_A_sweep	pool	off	cold	sweep	16384	16384	1	1	2	4	512	2535	3174	266629	5434	5693202	89932	6	0	0	1.4	0.000
run2_A_sweep	pool_ringloop	off	cold	sweep	16384	16384	1	1	2	5	512	2203	2700	304450	5168	4340798	117951	6	0	0	1.2	0.000
run2_A_sweep	hybrid_lazyring	off	cold	sweep	16384	16384	1	1	3	0	512	2387	2962	294370	4116	4599145	111325	5	0	0	1.4	0.000
run2_A_sweep	uring	off	cold	sweep	16384	16384	1	1	3	1	512	3780	18111	34952	12174	5385710	95066	5	0	0	100.0	0.000
run2_A_sweep	pooled_pread	off	cold	sweep	16384	16384	1	1	3	2	512	50492	63769	141355	60819	29137384	17572	6	0	0	100.0	0.000
run2_A_sweep	pool	off	cold	sweep	16384	16384	1	1	3	3	512	2407	3109	305008	5285	5575387	91832	6	0	0	1.4	0.000
run2_A_sweep	pool_ringloop	off	cold	sweep	16384	16384	1	1	3	4	512	2280	2846	249007	5160	5702486	89785	6	0	0	1.4	0.000
run2_A_sweep	hybrid	off	cold	sweep	16384	16384	1	1	3	5	512	2275	2940	299498	4298	5274209	97076	5	0	0	1.4	0.000
run2_A_sweep	uring	off	cold	sweep	16384	16384	1	1	4	0	512	14888	19605	37704	14760	6436853	79542	5	0	0	100.0	0.000
run2_A_sweep	pooled_pread	off	cold	sweep	16384	16384	1	1	4	1	512	50267	58499	140893	59372	28446068	17999	7	0	0	100.0	0.000
run2_A_sweep	pool	off	cold	sweep	16384	16384	1	1	4	2	512	2430	2964	269150	5485	7394340	69242	6	0	0	1.2	0.000
run2_A_sweep	pool_ringloop	off	cold	sweep	16384	16384	1	1	4	3	512	2514	3304	255111	5456	7674118	66718	6	0	0	1.4	0.000
run2_A_sweep	hybrid	off	cold	sweep	16384	16384	1	1	4	4	512	2229	2743	257810	4342	4301118	119039	5	0	0	1.2	0.000
run2_A_sweep	hybrid_lazyring	off	cold	sweep	16384	16384	1	1	4	5	512	2567	3118	245439	4056	4364399	117313	5	0	0	1.2	0.000
run2_A_sweep	pooled_pread	off	cold	sweep	16384	16384	1	1	5	0	512	57979	68264	139980	65511	31495161	16256	7	0	0	100.0	0.000
run2_A_sweep	pool	off	cold	sweep	16384	16384	1	1	5	1	512	2459	2945	291552	5152	7886453	64921	6	0	0	1.4	0.000
run2_A_sweep	pool_ringloop	off	cold	sweep	16384	16384	1	1	5	2	512	2296	3001	256177	4929	6325620	80941	6	0	0	1.2	0.000
run2_A_sweep	hybrid	off	cold	sweep	16384	16384	1	1	5	3	512	2197	2721	300072	3921	5934916	86269	5	0	0	1.2	0.000
run2_A_sweep	hybrid_lazyring	off	cold	sweep	16384	16384	1	1	5	4	512	2135	2701	300660	4190	5167454	99082	5	0	0	1.4	0.000
run2_A_sweep	uring	off	cold	sweep	16384	16384	1	1	5	5	512	4080	18541	38297	12477	5503003	93040	5	0	0	100.0	0.000
run2_A_sweep	pool	off	cold	sweep	16384	16384	2	1	0	0	512	3012	6552	466967	7549	4685502	109273	7	0	0	2.7	0.000
run2_A_sweep	pool_ringloop	off	cold	sweep	16384	16384	2	1	0	1	512	2506	3687	578823	7209	4914717	104177	7	0	0	2.7	0.000
run2_A_sweep	hybrid	off	cold	sweep	16384	16384	2	1	0	2	512	2296	2939	291342	4134	4760726	107547	5	0	0	1.8	0.000
run2_A_sweep	hybrid_lazyring	off	cold	sweep	16384	16384	2	1	0	3	512	2528	3209	297200	4548	5493452	93202	5	0	0	2.0	0.000
run2_A_sweep	uring	off	cold	sweep	16384	16384	2	1	0	4	512	19090	22723	75630	12383	5480486	93422	5	0	0	100.0	0.000
run2_A_sweep	pooled_pread	off	cold	sweep	16384	16384	2	1	0	5	512	37895	79975	201215	41552	12339574	41493	11	0	0	100.0	0.000
run2_A_sweep	pool_ringloop	off	cold	sweep	16384	16384	2	1	1	0	512	2564	3202	502049	7136	4679430	109415	7	0	0	2.7	0.000
run2_A_sweep	hybrid	off	cold	sweep	16384	16384	2	1	1	1	512	2421	3017	400672	4628	5010750	102180	5	0	0	1.8	0.000
run2_A_sweep	hybrid_lazyring	off	cold	sweep	16384	16384	2	1	1	2	512	2298	2926	391510	4444	7860446	65136	5	0	0	2.1	0.000
run2_A_sweep	uring	off	cold	sweep	16384	16384	2	1	1	3	512	5520	16821	313462	5223	6475585	79066	5	0	0	100.0	0.000
run2_A_sweep	pooled_pread	off	cold	sweep	16384	16384	2	1	1	4	512	30296	74243	247034	34722	10459646	48950	10	0	0	100.0	0.000
run2_A_sweep	pool	off	cold	sweep	16384	16384	2	1	1	5	512	2650	3732	507279	7131	4886643	104775	7	0	0	2.7	0.000
run2_A_sweep	hybrid	off	cold	sweep	16384	16384	2	1	2	0	512	2331	3030	253425	4566	4029179	127073	5	0	0	1.8	0.000
run2_A_sweep	hybrid_lazyring	off	cold	sweep	16384	16384	2	1	2	1	512	2312	2932	304019	4072	4332153	118186	5	0	0	1.6	0.000
run2_A_sweep	uring	off	cold	sweep	16384	16384	2	1	2	2	512	4451	17993	231863	4684	5795108	88350	5	0	0	100.0	0.000
run2_A_sweep	pooled_pread	off	cold	sweep	16384	16384	2	1	2	3	512	38293	86726	180431	38225	12012361	42623	11	0	0	100.0	0.000
run2_A_sweep	pool	off	cold	sweep	16384	16384	2	1	2	4	512	3006	4075	380106	7213	5457396	93818	7	0	0	2.7	0.000
run2_A_sweep	pool_ringloop	off	cold	sweep	16384	16384	2	1	2	5	512	2250	5746	397108	7152	7629599	67107	7	0	0	2.7	0.000
run2_A_sweep	hybrid_lazyring	off	cold	sweep	16384	16384	2	1	3	0	512	2388	3286	315936	4908	4626965	110656	5	0	0	2.0	0.000
run2_A_sweep	uring	off	cold	sweep	16384	16384	2	1	3	1	512	19717	26136	70324	13505	5898025	86809	5	0	0	100.0	0.000
run2_A_sweep	pooled_pread	off	cold	sweep	16384	16384	2	1	3	2	512	39394	87647	202893	41442	12431164	41187	11	0	0	100.0	0.000
run2_A_sweep	pool	off	cold	sweep	16384	16384	2	1	3	3	512	2765	5945	479395	7362	4722614	108415	7	0	0	2.7	0.000
run2_A_sweep	pool_ringloop	off	cold	sweep	16384	16384	2	1	3	4	512	2222	2907	467876	6397	4129128	123997	7	0	0	2.3	0.000
run2_A_sweep	hybrid	off	cold	sweep	16384	16384	2	1	3	5	512	2179	2767	286098	4575	5086734	100654	5	0	0	2.0	0.000
run2_A_sweep	uring	off	cold	sweep	16384	16384	2	1	4	0	512	4261	5524	298259	4107	6128527	83544	5	0	0	100.0	0.000
run2_A_sweep	pooled_pread	off	cold	sweep	16384	16384	2	1	4	1	512	34496	80895	167951	35655	11015431	46480	10	0	0	100.0	0.000
run2_A_sweep	pool	off	cold	sweep	16384	16384	2	1	4	2	512	2892	3980	420870	6589	4644084	110248	7	0	0	2.3	0.000
run2_A_sweep	pool_ringloop	off	cold	sweep	16384	16384	2	1	4	3	512	2201	3247	488767	6477	4884095	104830	7	0	0	2.3	0.000
run2_A_sweep	hybrid	off	cold	sweep	16384	16384	2	1	4	4	512	2287	2824	319551	4192	4803538	106588	5	0	0	2.7	0.000
run2_A_sweep	hybrid_lazyring	off	cold	sweep	16384	16384	2	1	4	5	512	2124	2995	298757	4717	4332303	118182	5	0	0	2.0	0.000
run2_A_sweep	pooled_pread	off	cold	sweep	16384	16384	2	1	5	0	512	39576	78470	212144	39961	11939985	42881	11	0	0	100.0	0.000
run2_A_sweep	pool	off	cold	sweep	16384	16384	2	1	5	1	512	2464	3728	426160	6483	4162960	122989	7	0	0	2.3	0.000
run2_A_sweep	pool_ringloop	off	cold	sweep	16384	16384	2	1	5	2	512	2169	2891	495876	6009	4189406	122213	7	0	0	2.7	0.000
run2_A_sweep	hybrid	off	cold	sweep	16384	16384	2	1	5	3	512	1928	2413	372654	4151	4024097	127234	5	0	0	1.6	0.000
run2_A_sweep	hybrid_lazyring	off	cold	sweep	16384	16384	2	1	5	4	512	1956	2540	282326	3871	3843173	133223	5	0	0	2.0	0.000
run2_A_sweep	uring	off	cold	sweep	16384	16384	2	1	5	5	512	17097	18616	145005	9827	4386675	116717	5	0	0	100.0	0.000
run2_A_sweep	pool	off	cold	sweep	16384	16384	4	1	0	0	512	2423	4370	494246	8353	3775005	135629	10	0	0	5.9	0.000
run2_A_sweep	pool_ringloop	off	cold	sweep	16384	16384	4	1	0	1	512	1934	2499	758183	6774	3760519	136151	10	0	0	4.5	0.000
run2_A_sweep	hybrid	off	cold	sweep	16384	16384	4	1	0	2	512	2097	2898	267739	4510	4088957	125215	5	0	0	2.1	0.000
run2_A_sweep	hybrid_lazyring	off	cold	sweep	16384	16384	4	1	0	3	512	2010	2735	359592	3802	4905116	104381	5	0	0	3.5	0.000
run2_A_sweep	uring	off	cold	sweep	16384	16384	4	1	0	4	512	23268	29389	263276	8334	4922374	104015	5	0	0	100.0	0.000
run2_A_sweep	pooled_pread	off	cold	sweep	16384	16384	4	1	0	5	512	18859	111877	639644	31247	9870190	51873	19	0	0	100.0	0.000
run2_A_sweep	pool_ringloop	off	cold	sweep	16384	16384	4	1	1	0	512	2121	2709	1268234	6540	4907267	104335	10	0	0	4.1	0.000
run2_A_sweep	hybrid	off	cold	sweep	16384	16384	4	1	1	1	512	2209	2893	293080	4056	4802918	106602	5	0	0	3.5	0.000
run2_A_sweep	hybrid_lazyring	off	cold	sweep	16384	16384	4	1	1	2	512	2022	2735	318772	3996	4000106	127997	5	0	0	3.9	0.000
run2_A_sweep	uring	off	cold	sweep	16384	16384	4	1	1	3	512	22845	24641	347714	8128	4621555	110785	5	0	0	100.0	0.000
run2_A_sweep	pooled_pread	off	cold	sweep	16384	16384	4	1	1	4	512	21377	124489	463116	31603	7256489	70558	18	0	0	100.0	0.000
run2_A_sweep	pool	off	cold	sweep	16384	16384	4	1	1	5	512	2522	4665	811502	7979	5427691	94331	11	0	0	5.5	0.000
run2_A_sweep	hybrid	off	cold	sweep	16384	16384	4	1	2	0	512	2188	2798	382021	3994	4275024	119765	5	0	0	3.5	0.000
run2_A_sweep	hybrid_lazyring	off	cold	sweep	16384	16384	4	1	2	1	512	2715	4542	273822	5055	4750255	107784	5	0	0	3.3	0.000
run2_A_sweep	uring	off	cold	sweep	16384	16384	4	1	2	2	512	22512	28535	233225	8027	4698820	108964	5	0	0	100.0	0.000
run2_A_sweep	pooled_pread	off	cold	sweep	16384	16384	4	1	2	3	512	38885	101969	400604	32200	9677095	52908	19	0	0	100.0	0.000
run2_A_sweep	pool	off	cold	sweep	16384	16384	4	1	2	4	512	2570	4448	1591138	8156	7008358	73056	11	0	0	5.9	0.000
run2_A_sweep	pool_ringloop	off	cold	sweep	16384	16384	4	1	2	5	512	2102	2970	707546	7597	5235275	97798	9	0	0	4.5	0.000
run2_A_sweep	hybrid_lazyring	off	cold	sweep	16384	16384	4	1	3	0	512	2167	2896	276865	3904	3721952	137562	5	0	0	3.1	0.000
run2_A_sweep	uring	off	cold	sweep	16384	16384	4	1	3	1	512	22856	28467	228148	9136	6025908	84966	5	0	0	100.0	0.000
run2_A_sweep	pooled_pread	off	cold	sweep	16384	16384	4	1	3	2	512	29238	114257	394919	31269	9203618	55630	18	0	0	100.0	0.000
run2_A_sweep	pool	off	cold	sweep	16384	16384	4	1	3	3	512	2493	4122	770605	7785	4208358	121663	11	0	0	6.1	0.000
run2_A_sweep	pool_ringloop	off	cold	sweep	16384	16384	4	1	3	4	512	2175	2902	617289	6238	3678380	139192	9	0	0	4.7	0.000
run2_A_sweep	hybrid	off	cold	sweep	16384	16384	4	1	3	5	512	2165	2965	449090	4418	4232527	120968	5	0	0	2.9	0.000
run2_A_sweep	uring	off	cold	sweep	16384	16384	4	1	4	0	512	24264	26184	227380	8514	4542632	112710	5	0	0	100.0	0.000
run2_A_sweep	pooled_pread	off	cold	sweep	16384	16384	4	1	4	1	512	33125	109921	312498	31506	9433368	54275	16	0	0	100.0	0.000
run2_A_sweep	pool	off	cold	sweep	16384	16384	4	1	4	2	512	2483	4531	567858	7560	5042030	101546	9	0	0	4.9	0.000
run2_A_sweep	pool_ringloop	off	cold	sweep	16384	16384	4	1	4	3	512	2044	2790	808112	7743	5311832	96389	10	0	0	4.7	0.000
run2_A_sweep	hybrid	off	cold	sweep	16384	16384	4	1	4	4	512	2033	2655	320300	3833	3722497	137542	5	0	0	2.7	0.000
run2_A_sweep	hybrid_lazyring	off	cold	sweep	16384	16384	4	1	4	5	512	2029	2687	324364	3685	3872389	132218	5	0	0	3.1	0.000
run2_A_sweep	pooled_pread	off	cold	sweep	16384	16384	4	1	5	0	512	25067	103341	501750	30369	7255681	70565	19	0	0	100.0	0.000
run2_A_sweep	pool	off	cold	sweep	16384	16384	4	1	5	1	512	2959	5639	669212	8310	5138717	99636	10	0	0	5.5	0.000
run2_A_sweep	pool_ringloop	off	cold	sweep	16384	16384	4	1	5	2	512	2568	3263	752790	6906	5236271	97780	9	0	0	4.3	0.000
run2_A_sweep	hybrid	off	cold	sweep	16384	16384	4	1	5	3	512	2518	3246	339755	4853	5763888	88829	5	0	0	3.3	0.000
run2_A_sweep	hybrid_lazyring	off	cold	sweep	16384	16384	4	1	5	4	512	2360	2894	293015	4233	3963555	129177	5	0	0	2.7	0.000
run2_A_sweep	uring	off	cold	sweep	16384	16384	4	1	5	5	512	24076	27312	186387	8162	3749386	136556	5	0	0	100.0	0.000
run2_A_sweep	pool	off	cold	sweep	16384	16384	8	1	0	0	512	2195	9616	1934440	8297	4758412	107599	16	0	0	9.0	0.000
run2_A_sweep	pool_ringloop	off	cold	sweep	16384	16384	8	1	0	1	512	1949	2714	786211	8095	3811990	134313	15	0	0	7.6	0.000
run2_A_sweep	hybrid	off	cold	sweep	16384	16384	8	1	0	2	512	1947	2599	330356	3952	4294943	119210	5	0	0	3.9	0.000
run2_A_sweep	hybrid_lazyring	off	cold	sweep	16384	16384	8	1	0	3	512	2127	2785	321885	4313	5005229	102293	5	0	0	5.7	0.000
run2_A_sweep	uring	off	cold	sweep	16384	16384	8	1	0	4	512	24726	139499	458345	5036	6806189	75226	5	0	0	100.0	0.000
run2_A_sweep	pooled_pread	off	cold	sweep	16384	16384	8	1	0	5	512	42440	258746	762426	31285	9674982	52920	42	0	0	100.0	0.000
run2_A_sweep	pool_ringloop	off	cold	sweep	16384	16384	8	1	1	0	512	3057	393445	1041572	10127	7406315	69130	15	0	0	10.9	0.000
run2_A_sweep	hybrid	off	cold	sweep	16384	16384	8	1	1	1	512	3062	3633	476852	4703	7716655	66350	5	0	0	4.9	0.000
run2_A_sweep	hybrid_lazyring	off	cold	sweep	16384	16384	8	1	1	2	512	3009	3699	411074	4904	4917385	104120	5	0	0	5.3	0.000
run2_A_sweep	uring	off	cold	sweep	16384	16384	8	1	1	3	512	26407	53793	1547522	5152	5044553	101496	5	0	0	100.0	0.000
run2_A_sweep	pooled_pread	off	cold	sweep	16384	16384	8	1	1	4	512	34042	266481	997772	31627	7396465	69222	56	0	0	100.0	0.000
run2_A_sweep	pool	off	cold	sweep	16384	16384	8	1	1	5	512	3332	347303	1063952	10398	8528744	60032	16	0	0	11.3	0.000
run2_A_sweep	hybrid	off	cold	sweep	16384	16384	8	1	2	0	512	2976	3598	513674	5246	7936906	64509	5	0	0	5.7	0.000
run2_A_sweep	hybrid_lazyring	off	cold	sweep	16384	16384	8	1	2	1	512	3004	3692	616344	5189	8932832	57317	5	0	0	5.7	0.000
run2_A_sweep	uring	off	cold	sweep	16384	16384	8	1	2	2	512	25031	140949	635828	5167	7275698	70371	5	0	0	100.0	0.000
run2_A_sweep	pooled_pread	off	cold	sweep	16384	16384	8	1	2	3	512	40797	171851	657367	26068	8190037	62515	28	0	0	100.0	0.000
run2_A_sweep	pool	off	cold	sweep	16384	16384	8	1	2	4	512	3553	339311	977272	10791	5191345	98626	17	0	0	11.7	0.000
run2_A_sweep	pool_ringloop	off	cold	sweep	16384	16384	8	1	2	5	512	3141	362802	1047820	10364	5903980	86721	14	0	0	10.2	0.000
run2_A_sweep	hybrid_lazyring	off	cold	sweep	16384	16384	8	1	3	0	512	2980	3839	574947	5537	8718809	58724	5	0	0	6.8	0.000
run2_A_sweep	uring	off	cold	sweep	16384	16384	8	1	3	1	512	24331	208364	430893	5129	7042357	72703	5	0	0	100.0	0.000
run2_A_sweep	pooled_pread	off	cold	sweep	16384	16384	8	1	3	2	512	25979	221002	1189439	30078	9803783	52225	46	0	0	100.0	0.000
run2_A_sweep	pool	off	cold	sweep	16384	16384	8	1	3	3	512	3310	313346	917323	10384	5366993	95398	15	0	0	10.9	0.000
run2_A_sweep	pool_ringloop	off	cold	sweep	16384	16384	8	1	3	4	512	2952	4915	859898	9441	5335986	95952	14	0	0	8.0	0.000
run2_A_sweep	hybrid	off	cold	sweep	16384	16384	8	1	3	5	512	3000	3882	428567	5206	5983587	85567	5	0	0	4.1	0.000
run2_A_sweep	uring	off	cold	sweep	16384	16384	8	1	4	0	512	50739	62494	481171	8855	5174403	98949	5	0	0	100.0	0.000
run2_A_sweep	pooled_pread	off	cold	sweep	16384	16384	8	1	4	1	512	31652	219860	1313824	30162	7334444	69808	56	0	0	100.0	0.000
run2_A_sweep	pool	off	cold	sweep	16384	16384	8	1	4	2	512	3599	249130	1221995	11438	8475492	60409	18	0	0	10.5	0.000
run2_A_sweep	pool_ringloop	off	cold	sweep	16384	16384	8	1	4	3	512	3100	11651	1977250	9698	7612765	67255	14	0	0	9.4	0.000
run2_A_sweep	hybrid	off	cold	sweep	16384	16384	8	1	4	4	512	2897	3674	442466	5094	4891244	104677	5	0	0	4.9	0.000
run2_A_sweep	hybrid_lazyring	off	cold	sweep	16384	16384	8	1	4	5	512	2972	6887	412089	5227	4991679	102571	5	0	0	5.3	0.000
run2_A_sweep	pooled_pread	off	cold	sweep	16384	16384	8	1	5	0	512	44205	246502	651199	32528	6368839	80391	42	0	0	100.0	0.000
run2_A_sweep	pool	off	cold	sweep	16384	16384	8	1	5	1	512	3424	284043	907463	10378	5005157	102294	14	0	0	10.4	0.000
run2_A_sweep	pool_ringloop	off	cold	sweep	16384	16384	8	1	5	2	512	2784	5104	1409728	8563	4481617	114244	15	0	0	7.8	0.000
run2_A_sweep	hybrid	off	cold	sweep	16384	16384	8	1	5	3	512	2856	3706	719865	4915	5312936	96369	5	0	0	6.1	0.000
run2_A_sweep	hybrid_lazyring	off	cold	sweep	16384	16384	8	1	5	4	512	2840	3607	637701	4784	5475535	93507	5	0	0	5.3	0.000
run2_A_sweep	uring	off	cold	sweep	16384	16384	8	1	5	5	512	25865	133511	1236929	5261	4718267	108514	5	0	0	100.0	0.000
run2_A_sweep	pool	off	cold	sweep	16384	16384	16	1	0	0	512	3362	649775	1810750	13200	5801228	88257	25	0	0	16.0	0.000
run2_A_sweep	pool_ringloop	off	cold	sweep	16384	16384	16	1	0	1	512	3112	604253	989313	13177	5181238	98818	22	0	0	17.0	0.000
run2_A_sweep	hybrid	off	cold	sweep	16384	16384	16	1	0	2	512	3282	9348	484372	5188	5386591	95051	5	0	0	9.0	0.000
run2_A_sweep	hybrid_lazyring	off	cold	sweep	16384	16384	16	1	0	3	512	3358	5020	402696	5938	7982361	64141	5	0	0	7.6	0.000
run2_A_sweep	uring	off	cold	sweep	16384	16384	16	1	0	4	512	64052	518230	601475	5406	7221761	70897	5	0	0	100.0	0.000
run2_A_sweep	pooled_pread	off	cold	sweep	16384	16384	16	1	0	5	512	80535	441898	1489432	30649	7620329	67189	51	0	0	100.0	0.000
run2_A_sweep	pool_ringloop	off	cold	sweep	16384	16384	16	1	1	0	512	3052	678880	1139287	16217	8638600	59269	24	0	0	19.5	0.000
run2_A_sweep	hybrid	off	cold	sweep	16384	16384	16	1	1	1	512	3143	4053	399733	6504	5115364	100091	5	0	0	6.8	0.000
run2_A_sweep	hybrid_lazyring	off	cold	sweep	16384	16384	16	1	1	2	512	3163	4032	396064	5537	5669704	90305	5	0	0	5.5	0.000
run2_A_sweep	uring	off	cold	sweep	16384	16384	16	1	1	3	512	61388	491012	581401	5035	6969954	73458	5	0	0	100.0	0.000
run2_A_sweep	pooled_pread	off	cold	sweep	16384	16384	16	1	1	4	512	84395	679121	1684046	35877	9523282	53763	77	0	0	100.0	0.000
run2_A_sweep	pool	off	cold	sweep	16384	16384	16	1	1	5	512	3520	692215	1855433	15346	8111265	63122	26	0	0	20.3	0.000
run2_A_sweep	hybrid	off	cold	sweep	16384	16384	16	1	2	0	512	3072	4157	558007	5105	4874672	105033	5	0	0	8.0	0.000
run2_A_sweep	hybrid_lazyring	off	cold	sweep	16384	16384	16	1	2	1	512	3036	4143	1312389	4988	4999117	102418	5	0	0	6.8	0.000
run2_A_sweep	uring	off	cold	sweep	16384	16384	16	1	2	2	512	52849	333273	504161	5231	6000783	85322	5	0	0	100.0	0.000
run2_A_sweep	pooled_pread	off	cold	sweep	16384	16384	16	1	2	3	512	67125	504637	1214259	34002	7089855	72216	78	0	0	100.0	0.000
run2_A_sweep	pool	off	cold	sweep	16384	16384	16	1	2	4	512	3622	603617	999887	13620	5160985	99206	25	0	0	17.4	0.000
run2_A_sweep	pool_ringloop	off	cold	sweep	16384	16384	16	1	2	5	512	3055	626036	898240	14275	5109088	100214	30	0	0	18.9	0.000
run2_A_sweep	hybrid_lazyring	off	cold	sweep	16384	16384	16	1	3	0	512	3096	269314	416258	5243	7576927	67574	5	0	0	10.9	0.000
run2_A_sweep	uring	off	cold	sweep	16384	16384	16	1	3	1	512	59392	248739	822252	5152	6187452	82748	5	0	0	100.0	0.000
run2_A_sweep	pooled_pread	off	cold	sweep	16384	16384	16	1	3	2	512	83355	579058	1770456	36022	9973979	51334	81	0	0	100.0	0.000
run2_A_sweep	pool	off	cold	sweep	16384	16384	16	1	3	3	512	3545	416965	1610238	14046	5518266	92783	25	0	0	11.9	0.000
run2_A_sweep	pool_ringloop	off	cold	sweep	16384	16384	16	1	3	4	512	2918	801435	1671852	15300	6248778	81936	23	0	0	11.1	0.000
run2_A_sweep	hybrid	off	cold	sweep	16384	16384	16	1	3	5	512	2903	3883	499037	5135	4707668	108759	5	0	0	6.4	0.000
run2_A_sweep	uring	off	cold	sweep	16384	16384	16	1	4	0	512	59220	364936	472432	5441	5912138	86601	5	0	0	100.0	0.000
run2_A_sweep	pooled_pread	off	cold	sweep	16384	16384	16	1	4	1	512	85208	584353	1427352	36192	10481920	48846	72	0	0	100.0	0.000
run2_A_sweep	pool	off	cold	sweep	16384	16384	16	1	4	2	512	3493	644934	1064156	15964	7514303	68137	32	0	0	19.5	0.000
run2_A_sweep	pool_ringloop	off	cold	sweep	16384	16384	16	1	4	3	512	2019	543963	1125836	13826	4878412	104952	24	0	0	19.5	0.000
run2_A_sweep	hybrid	off	cold	sweep	16384	16384	16	1	4	4	512	1991	7981	337211	3752	3948688	129663	5	0	0	9.4	0.000
run2_A_sweep	hybrid_lazyring	off	cold	sweep	16384	16384	16	1	4	5	512	2550	3594	1050939	5025	4949931	103436	5	0	0	8.0	0.000
run2_A_sweep	pooled_pread	off	cold	sweep	16384	16384	16	1	5	0	512	71070	427751	1115749	28951	6206659	82492	44	0	0	100.0	0.000
run2_A_sweep	pool	off	cold	sweep	16384	16384	16	1	5	1	512	3088	552527	906428	13298	4674346	109534	27	0	0	18.2	0.000
run2_A_sweep	pool_ringloop	off	cold	sweep	16384	16384	16	1	5	2	512	2372	495697	1274622	11886	4332873	118166	23	0	0	14.1	0.000
run2_A_sweep	hybrid	off	cold	sweep	16384	16384	16	1	5	3	512	2202	7948	414778	4201	3853453	132868	5	0	0	9.6	0.000
run2_A_sweep	hybrid_lazyring	off	cold	sweep	16384	16384	16	1	5	4	512	2272	3105	283896	4530	3449103	148444	5	0	0	2.9	0.000
run2_A_sweep	uring	off	cold	sweep	16384	16384	16	1	5	5	512	43239	246442	325920	4445	5337260	95929	5	0	0	100.0	0.000
run2_A_sweep	pool	off	cold	sweep	16384	16384	32	1	0	0	512	2528	633762	1354084	15390	4034773	126897	39	0	0	16.0	0.000
run2_A_sweep	pool_ringloop	off	cold	sweep	16384	16384	32	1	0	1	512	2265	240950	2653066	11998	3897274	131374	34	0	0	10.0	0.000
run2_A_sweep	hybrid	off	cold	sweep	16384	16384	32	1	0	2	512	2049	2611	296056	4525	6432586	79595	5	0	0	2.7	0.000
run2_A_sweep	hybrid_lazyring	off	cold	sweep	16384	16384	32	1	0	3	512	2266	236505	335850	5374	6180246	82845	5	0	0	15.0	0.000
run2_A_sweep	uring	off	cold	sweep	16384	16384	32	1	0	4	512	120192	394485	1241066	5362	4282364	119560	5	0	0	100.0	0.000
run2_A_sweep	pooled_pread	off	cold	sweep	16384	16384	32	1	0	5	512	148783	1324453	2471239	36747	8567818	59759	87	0	0	100.0	0.000
run2_A_sweep	pool_ringloop	off	cold	sweep	16384	16384	32	1	1	0	512	2618	963764	2053645	18349	5060254	101181	37	0	0	22.7	0.000
run2_A_sweep	hybrid	off	cold	sweep	16384	16384	32	1	1	1	512	3168	4245	418329	7387	7584796	67503	5	0	0	1.4	0.000
run2_A_sweep	hybrid_lazyring	off	cold	sweep	16384	16384	32	1	1	2	512	2707	3680	390811	5669	7263310	70491	5	0	0	4.1	0.000
run2_A_sweep	uring	off	cold	sweep	16384	16384	32	1	1	3	512	139646	380722	665197	4796	6045035	84698	5	0	0	100.0	0.000
run2_A_sweep	pooled_pread	off	cold	sweep	16384	16384	32	1	1	4	512	200754	1131061	2039331	35548	8319058	61545	96	0	0	100.0	0.000
run2_A_sweep	pool	off	cold	sweep	16384	16384	32	1	1	5	512	2804	867469	1224306	18345	6623774	77297	44	0	0	17.6	0.000
run2_A_sweep	hybrid	off	cold	sweep	16384	16384	32	1	2	0	512	2445	3137	325738	5042	3952916	129525	5	0	0	3.9	0.000
run2_A_sweep	hybrid_lazyring	off	cold	sweep	16384	16384	32	1	2	1	512	2525	3501	399569	5716	3870315	132289	5	0	0	2.1	0.000
run2_A_sweep	uring	off	cold	sweep	16384	16384	32	1	2	2	512	104981	267112	359283	5019	5226000	97972	5	0	0	100.0	0.000
run2_A_sweep	pooled_pread	off	cold	sweep	16384	16384	32	1	2	3	512	192661	1000757	2205513	36328	8559832	59814	94	0	0	100.0	0.000
run2_A_sweep	pool	off	cold	sweep	16384	16384	32	1	2	4	512	2600	628119	2283555	14015	6991205	73235	28	0	0	11.9	0.000
run2_A_sweep	pool_ringloop	off	cold	sweep	16384	16384	32	1	2	5	512	2266	978385	1501407	12108	4463288	114714	30	0	0	14.1	0.000
run2_A_sweep	hybrid_lazyring	off	cold	sweep	16384	16384	32	1	3	0	512	2515	3948	324329	5476	6527666	78435	5	0	0	3.3	0.000
run2_A_sweep	uring	off	cold	sweep	16384	16384	32	1	3	1	512	118618	401606	1794730	5829	4823851	106139	5	0	0	100.0	0.000
run2_A_sweep	pooled_pread	off	cold	sweep	16384	16384	32	1	3	2	512	285098	1304649	2226667	41758	9909469	51668	84	0	0	100.0	0.000
run2_A_sweep	pool	off	cold	sweep	16384	16384	32	1	3	3	512	2879	911162	1605088	21433	8366872	61194	37	0	0	23.2	0.000
run2_A_sweep	pool_ringloop	off	cold	sweep	16384	16384	32	1	3	4	512	2348	3274	3039975	10656	5576900	91807	22	0	0	7.0	0.000
run2_A_sweep	hybrid	off	cold	sweep	16384	16384	32	1	3	5	512	2619	3307	312258	5114	4568163	112080	5	0	0	5.5	0.000
run2_A_sweep	uring	off	cold	sweep	16384	16384	32	1	4	0	512	129688	365783	570555	4617	4050521	126403	5	0	0	100.0	0.000
run2_A_sweep	pooled_pread	off	cold	sweep	16384	16384	32	1	4	1	512	132125	1020997	2140375	32129	7540115	67903	70	0	0	100.0	0.000
run2_A_sweep	pool	off	cold	sweep	16384	16384	32	1	4	2	512	2648	617530	1212563	16516	4473799	114444	41	0	0	20.9	0.000
run2_A_sweep	pool_ringloop	off	cold	sweep	16384	16384	32	1	4	3	512	2268	3274	2699878	10989	4505780	113632	30	0	0	7.8	0.000
run2_A_sweep	hybrid	off	cold	sweep	16384	16384	32	1	4	4	512	2491	3098	304225	4708	3944549	129799	5	0	0	3.5	0.000
run2_A_sweep	hybrid_lazyring	off	cold	sweep	16384	16384	32	1	4	5	512	2945	3871	332759	5849	5330762	96046	5	0	0	2.0	0.000
run2_A_sweep	pooled_pread	off	cold	sweep	16384	16384	32	1	5	0	512	147775	976877	3286755	34510	7820961	65465	75	0	0	100.0	0.000
run2_A_sweep	pool	off	cold	sweep	16384	16384	32	1	5	1	512	2869	54702	2570532	14607	6821833	75053	27	0	0	9.6	0.000
run2_A_sweep	pool_ringloop	off	cold	sweep	16384	16384	32	1	5	2	512	2353	4112	2818962	10683	5445516	94022	21	0	0	7.0	0.000
run2_A_sweep	hybrid	off	cold	sweep	16384	16384	32	1	5	3	512	2457	2951	316344	4557	3830888	133650	5	0	0	1.8	0.000
run2_A_sweep	hybrid_lazyring	off	cold	sweep	16384	16384	32	1	5	4	512	2423	3625	477296	5271	4390145	116625	5	0	0	5.5	0.000
run2_A_sweep	uring	off	cold	sweep	16384	16384	32	1	5	5	512	123635	404096	462478	5236	4001460	127953	5	0	0	100.0	0.000
run2_A_sweep	pool	off	cold	sweep	16384	16384	64	1	0	0	512	2855	1206848	1959828	18278	4541635	112735	39	0	0	18.8	0.000
run2_A_sweep	pool_ringloop	off	cold	sweep	16384	16384	64	1	0	1	512	2250	2231022	2285914	13242	3743755	136761	36	0	0	14.1	0.000
run2_A_sweep	hybrid	off	cold	sweep	16384	16384	64	1	0	2	512	2854	3446	272922	5652	6153591	83203	5	0	0	3.9	0.000
run2_A_sweep	hybrid_lazyring	off	cold	sweep	16384	16384	64	1	0	3	512	2815	6781	307871	6891	5339055	95897	5	0	0	5.5	0.000
run2_A_sweep	uring	off	cold	sweep	16384	16384	64	1	0	4	512	286108	581863	805466	6535	4784694	107008	5	0	0	100.0	0.000
run2_A_sweep	pooled_pread	off	cold	sweep	16384	16384	64	1	0	5	512	458426	1165744	2083692	27013	7006977	73070	36	0	0	100.0	0.000
run2_A_sweep	pool_ringloop	off	cold	sweep	16384	16384	64	1	1	0	512	2426	3278180	3780853	15955	5421997	94430	40	0	0	16.6	0.000
run2_A_sweep	hybrid	off	cold	sweep	16384	16384	64	1	1	1	512	2863	3439	264301	7280	6680760	76638	5	0	0	1.6	0.000
run2_A_sweep	hybrid_lazyring	off	cold	sweep	16384	16384	64	1	1	2	512	2727	3860	415927	9749	5698644	89846	5	0	0	1.0	0.000
run2_A_sweep	uring	off	cold	sweep	16384	16384	64	1	1	3	512	285890	658570	1065397	7551	4564021	112182	5	0	0	100.0	0.000
run2_A_sweep	pooled_pread	off	cold	sweep	16384	16384	64	1	1	4	512	613490	2990020	4856217	40438	10899969	46973	74	0	0	100.0	0.000
run2_A_sweep	pool	off	cold	sweep	16384	16384	64	1	1	5	512	2784	1319439	2831118	16368	4718237	108515	26	0	0	14.6	0.000
run2_A_sweep	hybrid	off	cold	sweep	16384	16384	64	1	2	0	512	2630	3310	36348	10037	5872524	87186	5	0	0	0.8	0.000
run2_A_sweep	hybrid_lazyring	off	cold	sweep	16384	16384	64	1	2	1	512	2639	3860	456536	12273	6981905	73332	5	0	0	1.0	0.000
run2_A_sweep	uring	off	cold	sweep	16384	16384	64	1	2	2	512	233305	1075258	1077351	6264	4233978	120926	5	0	0	100.0	0.000
run2_A_sweep	pooled_pread	off	cold	sweep	16384	16384	64	1	2	3	512	1106237	2115224	4202245	43346	12265012	41745	88	0	0	100.0	0.000
run2_A_sweep	pool	off	cold	sweep	16384	16384	64	1	2	4	512	3115	1081157	1984846	20174	4866718	105204	46	0	0	23.8	0.000
run2_A_sweep	pool_ringloop	off	cold	sweep	16384	16384	64	1	2	5	512	2474	2171444	3375376	17924	6856439	74674	46	0	0	19.3	0.000
run2_A_sweep	hybrid_lazyring	off	cold	sweep	16384	16384	64	1	3	0	512	2802	3486	317465	6587	4274188	119789	5	0	0	1.4	0.000
run2_A_sweep	uring	off	cold	sweep	16384	16384	64	1	3	1	512	267283	725197	726640	6347	3852426	132903	5	0	0	100.0	0.000
run2_A_sweep	pooled_pread	off	cold	sweep	16384	16384	64	1	3	2	512	366953	1255044	2000441	28177	6075455	84274	58	0	0	100.0	0.000
run2_A_sweep	pool	off	cold	sweep	16384	16384	64	1	3	3	512	2615	1225932	2124724	15473	4019754	127371	34	0	0	18.0	0.000
run2_A_sweep	pool_ringloop	off	cold	sweep	16384	16384	64	1	3	4	512	2106	1697277	2966612	15720	4027203	127135	38	0	0	17.6	0.000
run2_A_sweep	hybrid	off	cold	sweep	16384	16384	64	1	3	5	512	2467	410859	467051	4903	3737447	136992	5	0	0	15.6	0.000
run2_A_sweep	uring	off	cold	sweep	16384	16384	64	1	4	0	512	198535	446434	707215	5642	4334001	118136	5	0	0	100.0	0.000
run2_A_sweep	pooled_pread	off	cold	sweep	16384	16384	64	1	4	1	512	337218	869440	1962343	31647	9782871	52336	54	0	0	100.0	0.000
run2_A_sweep	pool	off	cold	sweep	16384	16384	64	1	4	2	512	2931	1193816	2362719	18520	4948918	103457	46	0	0	24.2	0.000
run2_A_sweep	pool_ringloop	off	cold	sweep	16384	16384	64	1	4	3	512	2628	3393122	3460212	17444	8240768	62130	41	0	0	14.3	0.000
run2_A_sweep	hybrid	off	cold	sweep	16384	16384	64	1	4	4	512	2864	3522	354555	5967	6079085	84223	5	0	0	3.1	0.000
run2_A_sweep	hybrid_lazyring	off	cold	sweep	16384	16384	64	1	4	5	512	2785	389675	407529	6858	6230737	82173	5	0	0	14.5	0.000
run2_A_sweep	pooled_pread	off	cold	sweep	16384	16384	64	1	5	0	512	436691	1318193	2174570	32065	6982358	73328	54	0	0	100.0	0.000
run2_A_sweep	pool	off	cold	sweep	16384	16384	64	1	5	1	512	2667	1082568	1769718	14853	4123910	124154	43	0	0	16.4	0.000
run2_A_sweep	pool_ringloop	off	cold	sweep	16384	16384	64	1	5	2	512	2527	2368400	3836616	17841	5189071	98669	50	0	0	17.0	0.000
run2_A_sweep	hybrid	off	cold	sweep	16384	16384	64	1	5	3	512	2895	352588	368338	5998	5434062	94220	5	0	0	14.5	0.000
run2_A_sweep	hybrid_lazyring	off	cold	sweep	16384	16384	64	1	5	4	512	2787	3447	330139	6313	4208767	121651	5	0	0	2.1	0.000
run2_A_sweep	uring	off	cold	sweep	16384	16384	64	1	5	5	512	426199	1456409	1457891	6253	4590725	111529	5	0	0	100.0	0.000
run2_A_sweep	pool	off	warm	sweep	16384	16384	1	1	0	0	512	2031	2705	3646	2730	1385130	369640	5	0	0	0.0	0.000
run2_A_sweep	pool_ringloop	off	warm	sweep	16384	16384	1	1	0	1	512	1607	2040	3127	2330	1134173	451430	5	0	0	0.0	0.000
run2_A_sweep	hybrid	off	warm	sweep	16384	16384	1	1	0	2	512	1496	1710	2801	2248	1068073	479368	5	0	0	0.0	0.000
run2_A_sweep	hybrid_lazyring	off	warm	sweep	16384	16384	1	1	0	3	512	1534	1711	2275	2148	999777	512114	5	0	0	0.0	0.000
run2_A_sweep	uring	off	warm	sweep	16384	16384	1	1	0	4	512	2833	15197	32745	10165	4314868	118659	5	0	0	100.0	0.000
run2_A_sweep	pooled_pread	off	warm	sweep	16384	16384	1	1	0	5	512	50191	62303	110676	58886	27598313	18552	7	0	0	100.0	0.000
run2_A_sweep	pool_ringloop	off	warm	sweep	16384	16384	1	1	1	0	512	1541	1810	2307	2010	969796	527946	5	0	0	0.0	0.000
run2_A_sweep	hybrid	off	warm	sweep	16384	16384	1	1	1	1	512	1557	1925	2676	2296	1085374	471727	5	0	0	0.0	0.000
run2_A_sweep	hybrid_lazyring	off	warm	sweep	16384	16384	1	1	1	2	512	1462	1638	1812	2074	912802	560910	5	0	0	0.0	0.000
run2_A_sweep	uring	off	warm	sweep	16384	16384	1	1	1	3	512	3014	16426	24439	10318	4395823	116474	5	0	0	100.0	0.000
run2_A_sweep	pooled_pread	off	warm	sweep	16384	16384	1	1	1	4	512	49419	61386	106616	57969	27358666	18714	7	0	0	100.0	0.000
run2_A_sweep	pool	off	warm	sweep	16384	16384	1	1	1	5	512	2130	2523	2985	2721	1335474	383384	5	0	0	0.0	0.000
run2_A_sweep	hybrid	off	warm	sweep	16384	16384	1	1	2	0	512	1451	1622	2751	2445	981598	521598	5	0	0	0.0	0.000
run2_A_sweep	hybrid_lazyring	off	warm	sweep	16384	16384	1	1	2	1	512	1542	1832	2561	2149	1016740	503570	5	0	0	0.0	0.000
run2_A_sweep	uring	off	warm	sweep	16384	16384	1	1	2	2	512	2642	14854	20325	7349	3108485	164710	5	0	0	100.0	0.000
run2_A_sweep	pooled_pread	off	warm	sweep	16384	16384	1	1	2	3	512	56536	67775	101189	62547	29741678	17215	6	0	0	100.0	0.000
run2_A_sweep	pool	off	warm	sweep	16384	16384	1	1	2	4	512	2008	2541	3270	2513	1220956	419344	5	0	0	0.0	0.000
run2_A_sweep	pool_ringloop	off	warm	sweep	16384	16384	1	1	2	5	512	1916	2150	2563	2433	1169848	437664	5	0	0	0.0	0.000
run2_A_sweep	hybrid_lazyring	off	warm	sweep	16384	16384	1	1	3	0	512	1452	1612	1761	1822	868729	589367	5	0	0	0.0	0.000
run2_A_sweep	uring	off	warm	sweep	16384	16384	1	1	3	1	512	14322	19394	26799	13370	5767003	88781	5	0	0	100.0	0.000
run2_A_sweep	pooled_pread	off	warm	sweep	16384	16384	1	1	3	2	512	57073	67433	119839	61688	29034850	17634	7	0	0	100.0	0.000
run2_A_sweep	pool	off	warm	sweep	16384	16384	1	1	3	3	512	2340	2803	3781	3164	1425125	359267	5	0	0	0.0	0.000
run2_A_sweep	pool_ringloop	off	warm	sweep	16384	16384	1	1	3	4	512	1480	1660	2062	2057	919535	556803	5	0	0	0.0	0.000
run2_A_sweep	hybrid	off	warm	sweep	16384	16384	1	1	3	5	512	1445	1591	1799	2368	1004317	509799	5	0	0	0.0	0.000
run2_A_sweep	uring	off	warm	sweep	16384	16384	1	1	4	0	512	3189	14766	24468	8418	3494716	146507	5	0	0	100.0	0.000
run2_A_sweep	pooled_pread	off	warm	sweep	16384	16384	1	1	4	1	512	52641	65965	111133	61057	29035456	17634	7	0	0	100.0	0.000
run2_A_sweep	pool	off	warm	sweep	16384	16384	1	1	4	2	512	2532	3085	3692	3281	1532813	334026	5	0	0	0.0	0.000
run2_A_sweep	pool_ringloop	off	warm	sweep	16384	16384	1	1	4	3	512	1936	2242	3968	2596	1241661	412351	5	0	0	0.0	0.000
run2_A_sweep	hybrid	off	warm	sweep	16384	16384	1	1	4	4	512	1460	1592	1770	2185	1018457	502721	5	0	0	0.0	0.000
run2_A_sweep	hybrid_lazyring	off	warm	sweep	16384	16384	1	1	4	5	512	1441	1582	1820	1892	889956	575309	5	0	0	0.0	0.000
run2_A_sweep	pooled_pread	off	warm	sweep	16384	16384	1	1	5	0	512	50725	65546	107994	60869	28705683	17836	7	0	0	100.0	0.000
run2_A_sweep	pool	off	warm	sweep	16384	16384	1	1	5	1	512	1737	2077	2647	2353	1108124	462042	5	0	0	0.0	0.000
run2_A_sweep	pool_ringloop	off	warm	sweep	16384	16384	1	1	5	2	512	1478	1830	2432	2046	958664	534077	5	0	0	0.0	0.000
run2_A_sweep	hybrid	off	warm	sweep	16384	16384	1	1	5	3	512	1481	1965	3149	2676	1134445	451322	5	0	0	0.0	0.000
run2_A_sweep	hybrid_lazyring	off	warm	sweep	16384	16384	1	1	5	4	512	1507	1905	2460	2002	972140	526673	5	0	0	0.0	0.000
run2_A_sweep	uring	off	warm	sweep	16384	16384	1	1	5	5	512	2666	15387	17827	7575	3185649	160721	5	0	0	100.0	0.000
run2_A_sweep	pool	off	warm	sweep	16384	16384	2	1	0	0	512	1734	1929	3324	2373	624734	819549	5	0	0	0.0	0.000
run2_A_sweep	pool_ringloop	off	warm	sweep	16384	16384	2	1	0	1	512	1408	1542	1827	1831	855371	598571	5	0	0	0.0	0.000
run2_A_sweep	hybrid	off	warm	sweep	16384	16384	2	1	0	2	512	1563	1883	2666	2347	1070219	478407	5	0	0	0.0	0.000
run2_A_sweep	hybrid_lazyring	off	warm	sweep	16384	16384	2	1	0	3	512	1538	1688	1850	1961	925418	553263	5	0	0	0.0	0.000
run2_A_sweep	uring	off	warm	sweep	16384	16384	2	1	0	4	512	4720	19141	27114	6220	2715901	188519	5	0	0	100.0	0.000
run2_A_sweep	pooled_pread	off	warm	sweep	16384	16384	2	1	0	5	512	30342	76566	148108	33725	9812851	52176	10	0	0	100.0	0.000
run2_A_sweep	pool_ringloop	off	warm	sweep	16384	16384	2	1	1	0	512	1504	1694	2060	1890	917177	558235	5	0	0	0.0	0.000
run2_A_sweep	hybrid	off	warm	sweep	16384	16384	2	1	1	1	512	1550	1933	3038	2377	1132090	452261	5	0	0	0.0	0.000
run2_A_sweep	hybrid_lazyring	off	warm	sweep	16384	16384	2	1	1	2	512	1509	1667	2297	1974	953097	537196	5	0	0	0.0	0.000
run2_A_sweep	uring	off	warm	sweep	16384	16384	2	1	1	3	512	17215	17879	37987	9746	4085065	125335	5	0	0	100.0	0.000
run2_A_sweep	pooled_pread	off	warm	sweep	16384	16384	2	1	1	4	512	38836	78480	116647	39064	11009097	46507	10	0	0	100.0	0.000
run2_A_sweep	pool	off	warm	sweep	16384	16384	2	1	1	5	512	1853	2214	2919	2475	660830	774783	5	0	0	0.0	0.000
run2_A_sweep	hybrid	off	warm	sweep	16384	16384	2	1	2	0	512	1604	1980	2429	2345	1133755	451597	5	0	0	0.0	0.000
run2_A_sweep	hybrid_lazyring	off	warm	sweep	16384	16384	2	1	2	1	512	1528	1692	3114	2159	972996	526210	5	0	0	0.0	0.000
run2_A_sweep	uring	off	warm	sweep	16384	16384	2	1	2	2	512	16707	20615	43775	9464	4036206	126852	5	0	0	100.0	0.000
run2_A_sweep	pooled_pread	off	warm	sweep	16384	16384	2	1	2	3	512	24330	71764	215135	33281	9870255	51873	10	0	0	100.0	0.000
run2_A_sweep	pool	off	warm	sweep	16384	16384	2	1	2	4	512	1752	2210	3277	2421	618877	827305	5	0	0	0.0	0.000
run2_A_sweep	pool_ringloop	off	warm	sweep	16384	16384	2	1	2	5	512	1431	1873	2275	1929	909169	563152	5	0	0	0.0	0.000
run2_A_sweep	hybrid_lazyring	off	warm	sweep	16384	16384	2	1	3	0	512	1540	1860	2610	2041	958777	534014	5	0	0	0.0	0.000
run2_A_sweep	uring	off	warm	sweep	16384	16384	2	1	3	1	512	17159	17598	39141	10639	4536266	112868	5	0	0	100.0	0.000
run2_A_sweep	pooled_pread	off	warm	sweep	16384	16384	2	1	3	2	512	31172	71247	136973	35212	9825437	52110	11	0	0	100.0	0.000
run2_A_sweep	pool	off	warm	sweep	16384	16384	2	1	3	3	512	1683	2225	3763	2407	636836	803975	5	0	0	0.0	0.000
run2_A_sweep	pool_ringloop	off	warm	sweep	16384	16384	2	1	3	4	512	1422	1829	2296	1953	946197	541114	5	0	0	0.0	0.000
run2_A_sweep	hybrid	off	warm	sweep	16384	16384	2	1	3	5	512	1477	1641	1915	2120	1005398	509251	5	0	0	0.0	0.000
run2_A_sweep	uring	off	warm	sweep	16384	16384	2	1	4	0	512	17792	21523	41639	10896	4744518	107914	5	0	0	100.0	0.000
run2_A_sweep	pooled_pread	off	warm	sweep	16384	16384	2	1	4	1	512	36219	73878	130145	36040	10436831	49057	11	0	0	100.0	0.000
run2_A_sweep	pool	off	warm	sweep	16384	16384	2	1	4	2	512	2092	2641	5737	2926	762926	671100	5	0	0	0.0	0.000
run2_A_sweep	pool_ringloop	off	warm	sweep	16384	16384	2	1	4	3	512	1423	1655	2308	1887	868645	589424	5	0	0	0.0	0.000
run2_A_sweep	hybrid	off	warm	sweep	16384	16384	2	1	4	4	512	1453	1595	1938	2153	1020214	501855	5	0	0	0.0	0.000
run2_A_sweep	hybrid_lazyring	off	warm	sweep	16384	16384	2	1	4	5	512	1515	1656	1856	1944	927848	551815	5	0	0	0.0	0.000
run2_A_sweep	pooled_pread	off	warm	sweep	16384	16384	2	1	5	0	512	30899	71392	117210	35430	9535982	53691	10	0	0	100.0	0.000
run2_A_sweep	pool	off	warm	sweep	16384	16384	2	1	5	1	512	1797	2082	2632	2442	671918	761998	5	0	0	0.0	0.000
run2_A_sweep	pool_ringloop	off	warm	sweep	16384	16384	2	1	5	2	512	1407	1758	2029	1904	904521	566045	5	0	0	0.0	0.000
run2_A_sweep	hybrid	off	warm	sweep	16384	16384	2	1	5	3	512	1472	1623	2385	2152	1022507	500730	5	0	0	0.0	0.000
run2_A_sweep	hybrid_lazyring	off	warm	sweep	16384	16384	2	1	5	4	512	1527	1797	2445	2052	964088	531072	5	0	0	0.0	0.000
run2_A_sweep	uring	off	warm	sweep	16384	16384	2	1	5	5	512	16413	16977	29300	8217	3487732	146800	5	0	0	100.0	0.000
run2_A_sweep	pool	off	warm	sweep	16384	16384	4	1	0	0	512	1777	2181	3755	2647	408983	1251886	5	0	0	0.0	0.000
run2_A_sweep	pool_ringloop	off	warm	sweep	16384	16384	4	1	0	1	512	1442	1708	2670	1979	933274	548606	5	0	0	0.0	0.000
run2_A_sweep	hybrid	off	warm	sweep	16384	16384	4	1	0	2	512	1561	2027	2992	2311	1102706	464312	5	0	0	0.0	0.000
run2_A_sweep	hybrid_lazyring	off	warm	sweep	16384	16384	4	1	0	3	512	1521	1678	2599	2101	976876	524120	5	0	0	0.0	0.000
run2_A_sweep	uring	off	warm	sweep	16384	16384	4	1	0	4	512	20402	21559	42913	6653	2922256	175207	5	0	0	100.0	0.000
run2_A_sweep	pooled_pread	off	warm	sweep	16384	16384	4	1	0	5	512	28011	74579	150971	27678	4867823	105180	17	0	0	100.0	0.000
run2_A_sweep	pool_ringloop	off	warm	sweep	16384	16384	4	1	1	0	512	1441	1595	2725	1930	924987	553521	5	0	0	0.0	0.000
run2_A_sweep	hybrid	off	warm	sweep	16384	16384	4	1	1	1	512	1515	1678	3222	2379	1105164	463280	5	0	0	0.0	0.000
run2_A_sweep	hybrid_lazyring	off	warm	sweep	16384	16384	4	1	1	2	512	1619	2066	4830	2168	1051905	486736	5	0	0	0.0	0.000
run2_A_sweep	uring	off	warm	sweep	16384	16384	4	1	1	3	512	21740	27959	57424	7500	3323641	154048	5	0	0	100.0	0.000
run2_A_sweep	pooled_pread	off	warm	sweep	16384	16384	4	1	1	4	512	33684	97708	177408	29188	5769336	88745	17	0	0	100.0	0.000
run2_A_sweep	pool	off	warm	sweep	16384	16384	4	1	1	5	512	1795	2163	3620	2437	403569	1268680	5	0	0	0.0	0.000
run2_A_sweep	hybrid	off	warm	sweep	16384	16384	4	1	2	0	512	1817	2140	3196	2582	1268145	403739	5	0	0	0.0	0.000
run2_A_sweep	hybrid_lazyring	off	warm	sweep	16384	16384	4	1	2	1	512	1850	2170	3167	2464	1156892	442565	5	0	0	0.0	0.000
run2_A_sweep	uring	off	warm	sweep	16384	16384	4	1	2	2	512	20311	22615	41748	6247	2709496	188965	5	0	0	100.0	0.000
run2_A_sweep	pooled_pread	off	warm	sweep	16384	16384	4	1	2	3	512	27372	95967	281671	29077	5890901	86914	18	0	0	100.0	0.000
run2_A_sweep	pool	off	warm	sweep	16384	16384	4	1	2	4	512	1830	2380	3552	2948	552548	926616	5	0	0	0.0	0.000
run2_A_sweep	pool_ringloop	off	warm	sweep	16384	16384	4	1	2	5	512	1438	1608	2105	1875	901081	568206	5	0	0	0.0	0.000
run2_A_sweep	hybrid_lazyring	off	warm	sweep	16384	16384	4	1	3	0	512	1626	2039	3035	2272	1080103	474029	5	0	0	0.0	0.000
run2_A_sweep	uring	off	warm	sweep	16384	16384	4	1	3	1	512	24630	27401	52852	7452	3277086	156236	5	0	0	100.0	0.000
run2_A_sweep	pooled_pread	off	warm	sweep	16384	16384	4	1	3	2	512	22899	107624	357261	29084	6068401	84371	19	0	0	100.0	0.000
run2_A_sweep	pool	off	warm	sweep	16384	16384	4	1	3	3	512	1794	2235	4034	2624	388593	1317574	5	0	0	0.0	0.000
run2_A_sweep	pool_ringloop	off	warm	sweep	16384	16384	4	1	3	4	512	1505	1970	3009	2022	979252	522848	5	0	0	0.0	0.000
run2_A_sweep	hybrid	off	warm	sweep	16384	16384	4	1	3	5	512	1652	1975	2956	2347	1138382	449761	5	0	0	0.0	0.000
run2_A_sweep	uring	off	warm	sweep	16384	16384	4	1	4	0	512	26211	28306	52269	7815	3474536	147358	5	0	0	100.0	0.000
run2_A_sweep	pooled_pread	off	warm	sweep	16384	16384	4	1	4	1	512	21424	98373	225987	29073	5415402	94545	22	0	0	100.0	0.000
run2_A_sweep	pool	off	warm	sweep	16384	16384	4	1	4	2	512	1869	2206	3518	2558	405870	1261488	5	0	0	0.0	0.000
run2_A_sweep	pool_ringloop	off	warm	sweep	16384	16384	4	1	4	3	512	1369	1526	1716	1920	877334	583586	5	0	0	0.0	0.000
run2_A_sweep	hybrid	off	warm	sweep	16384	16384	4	1	4	4	512	1528	1684	2311	2338	1071512	477829	5	0	0	0.0	0.000
run2_A_sweep	hybrid_lazyring	off	warm	sweep	16384	16384	4	1	4	5	512	1464	1615	1814	1859	930279	550373	5	0	0	0.0	0.000
run2_A_sweep	pooled_pread	off	warm	sweep	16384	16384	4	1	5	0	512	25930	79476	286803	28959	5528812	92606	18	0	0	100.0	0.000
run2_A_sweep	pool	off	warm	sweep	16384	16384	4	1	5	1	512	1650	1878	3437	2544	660753	774874	5	0	0	0.0	0.000
run2_A_sweep	pool_ringloop	off	warm	sweep	16384	16384	4	1	5	2	512	1385	1552	1773	1825	865481	591579	5	0	0	0.0	0.000
run2_A_sweep	hybrid	off	warm	sweep	16384	16384	4	1	5	3	512	1457	1620	1781	2139	1012823	505518	5	0	0	0.0	0.000
run2_A_sweep	hybrid_lazyring	off	warm	sweep	16384	16384	4	1	5	4	512	1515	1664	1910	1957	940651	544304	5	0	0	0.0	0.000
run2_A_sweep	uring	off	warm	sweep	16384	16384	4	1	5	5	512	20093	21925	38146	6315	2741861	186734	5	0	0	100.0	0.000
run2_A_sweep	pool	off	warm	sweep	16384	16384	8	1	0	0	512	1740	2170	4160	2646	476837	1073742	5	0	0	0.0	0.000
run2_A_sweep	pool_ringloop	off	warm	sweep	16384	16384	8	1	0	1	512	1398	1832	2568	1932	906759	564648	5	0	0	0.0	0.000
run2_A_sweep	hybrid	off	warm	sweep	16384	16384	8	1	0	2	512	1539	1688	1916	2252	1063679	481348	5	0	0	0.0	0.000
run2_A_sweep	hybrid_lazyring	off	warm	sweep	16384	16384	8	1	0	3	512	1523	1667	1818	1941	914378	559943	5	0	0	0.0	0.000
run2_A_sweep	uring	off	warm	sweep	16384	16384	8	1	0	4	512	25805	27215	44950	4392	1930976	265151	5	0	0	100.0	0.000
run2_A_sweep	pooled_pread	off	warm	sweep	16384	16384	8	1	0	5	512	31119	169622	433351	26667	4535908	112877	33	0	0	100.0	0.000
run2_A_sweep	pool_ringloop	off	warm	sweep	16384	16384	8	1	1	0	512	1413	1899	2384	1958	925652	553124	5	0	0	0.0	0.000
run2_A_sweep	hybrid	off	warm	sweep	16384	16384	8	1	1	1	512	1510	1826	2147	2177	1047081	488978	5	0	0	0.0	0.000
run2_A_sweep	hybrid_lazyring	off	warm	sweep	16384	16384	8	1	1	2	512	1485	1637	1799	1909	912371	561175	5	0	0	0.0	0.000
run2_A_sweep	uring	off	warm	sweep	16384	16384	8	1	1	3	512	26259	29398	83867	4678	2062848	248201	5	0	0	100.0	0.000
run2_A_sweep	pooled_pread	off	warm	sweep	16384	16384	8	1	1	4	512	36996	153767	464290	23952	4433140	115494	31	0	0	100.0	0.000
run2_A_sweep	pool	off	warm	sweep	16384	16384	8	1	1	5	512	1760	2201	3978	2614	415045	1233601	5	0	0	0.0	0.000
run2_A_sweep	hybrid	off	warm	sweep	16384	16384	8	1	2	0	512	1485	1716	2811	2272	1114076	459574	5	0	0	0.0	0.000
run2_A_sweep	hybrid_lazyring	off	warm	sweep	16384	16384	8	1	2	1	512	1595	2071	3331	2191	1043842	490496	5	0	0	0.0	0.000
run2_A_sweep	uring	off	warm	sweep	16384	16384	8	1	2	2	512	28169	28885	56800	4658	2097105	244146	5	0	0	100.0	0.000
run2_A_sweep	pooled_pread	off	warm	sweep	16384	16384	8	1	2	3	512	34446	121795	479604	24954	4246029	120583	29	0	0	100.0	0.000
run2_A_sweep	pool	off	warm	sweep	16384	16384	8	1	2	4	512	1452	1666	2568	1901	932911	548820	5	0	0	0.0	0.000
run2_A_sweep	pool_ringloop	off	warm	sweep	16384	16384	8	1	2	5	512	1429	1577	1799	1922	879998	581820	5	0	0	0.0	0.000
run2_A_sweep	hybrid_lazyring	off	warm	sweep	16384	16384	8	1	3	0	512	1477	1629	2037	2008	957630	534653	5	0	0	0.0	0.000
run2_A_sweep	uring	off	warm	sweep	16384	16384	8	1	3	1	512	27097	35068	62786	4672	2071518	247162	5	0	0	100.0	0.000
run2_A_sweep	pooled_pread	off	warm	sweep	16384	16384	8	1	3	2	512	38593	215248	824004	30415	5709647	89673	44	0	0	100.0	0.000
run2_A_sweep	pool	off	warm	sweep	16384	16384	8	1	3	3	512	1819	2077	5944	2570	398118	1286051	5	0	0	0.0	0.000
run2_A_sweep	pool_ringloop	off	warm	sweep	16384	16384	8	1	3	4	512	1537	1790	4635	2144	995898	514109	5	0	0	0.0	0.000
run2_A_sweep	hybrid	off	warm	sweep	16384	16384	8	1	3	5	512	1526	1670	3267	2294	1159899	441418	5	0	0	0.0	0.000
run2_A_sweep	uring	off	warm	sweep	16384	16384	8	1	4	0	512	26187	30404	40001	4420	1974409	259318	5	0	0	100.0	0.000
run2_A_sweep	pooled_pread	off	warm	sweep	16384	16384	8	1	4	1	512	34474	209488	510503	29490	5116731	100064	37	0	0	100.0	0.000
run2_A_sweep	pool	off	warm	sweep	16384	16384	8	1	4	2	512	1767	2027	5894	2384	630666	811840	5	0	0	0.0	0.000
run2_A_sweep	pool_ringloop	off	warm	sweep	16384	16384	8	1	4	3	512	1385	1554	1783	1835	882508	580165	5	0	0	0.0	0.000
run2_A_sweep	hybrid	off	warm	sweep	16384	16384	8	1	4	4	512	1499	1928	3421	2266	1103579	463945	5	0	0	0.0	0.000
run2_A_sweep	hybrid_lazyring	off	warm	sweep	16384	16384	8	1	4	5	512	1911	2262	3216	2599	1196190	428026	5	0	0	0.0	0.000
run2_A_sweep	pooled_pread	off	warm	sweep	16384	16384	8	1	5	0	512	51717	141944	616704	29533	5227654	97941	26	0	0	100.0	0.000
run2_A_sweep	pool	off	warm	sweep	16384	16384	8	1	5	1	512	1862	2166	3626	2461	352903	1450824	5	0	0	0.0	0.000
run2_A_sweep	pool_ringloop	off	warm	sweep	16384	16384	8	1	5	2	512	1412	1844	2093	1972	930337	550338	5	0	0	0.0	0.000
run2_A_sweep	hybrid	off	warm	sweep	16384	16384	8	1	5	3	512	1491	1641	4993	2327	1135340	450966	5	0	0	0.0	0.000
run2_A_sweep	hybrid_lazyring	off	warm	sweep	16384	16384	8	1	5	4	512	1475	1621	1779	1808	877083	583753	5	0	0	0.0	0.000
run2_A_sweep	uring	off	warm	sweep	16384	16384	8	1	5	5	512	25396	25965	47621	4332	1894770	270217	5	0	0	100.0	0.000
run2_A_sweep	pool	off	warm	sweep	16384	16384	16	1	0	0	512	1774	1982	4072	2792	481895	1062472	5	0	0	0.0	0.000
run2_A_sweep	pool_ringloop	off	warm	sweep	16384	16384	16	1	0	1	512	1444	1610	6136	2123	1008360	507755	5	0	0	0.0	0.000
run2_A_sweep	hybrid	off	warm	sweep	16384	16384	16	1	0	2	512	1910	2589	7386	3237	1586454	322732	5	0	0	0.0	0.000
run2_A_sweep	hybrid_lazyring	off	warm	sweep	16384	16384	16	1	0	3	512	1892	2312	7798	2762	1347416	379987	5	0	0	0.0	0.000
run2_A_sweep	uring	off	warm	sweep	16384	16384	16	1	0	4	512	43902	69202	90163	4274	1900888	269348	5	0	0	100.0	0.000
run2_A_sweep	pooled_pread	off	warm	sweep	16384	16384	16	1	0	5	512	67572	476079	1155799	32878	6011485	85170	52	0	0	100.0	0.000
run2_A_sweep	pool_ringloop	off	warm	sweep	16384	16384	16	1	1	0	512	2006	2270	5018	3117	1390712	368157	5	0	0	0.0	0.000
run2_A_sweep	hybrid	off	warm	sweep	16384	16384	16	1	1	1	512	1582	1895	2625	2581	1252381	408821	5	0	0	0.0	0.000
run2_A_sweep	hybrid_lazyring	off	warm	sweep	16384	16384	16	1	1	2	512	1519	1658	2881	2144	1063035	481640	5	0	0	0.0	0.000
run2_A_sweep	uring	off	warm	sweep	16384	16384	16	1	1	3	512	42159	57082	72242	4195	1863602	274737	5	0	0	100.0	0.000
run2_A_sweep	pooled_pread	off	warm	sweep	16384	16384	16	1	1	4	512	82261	426052	781716	32238	6113815	83745	48	0	0	100.0	0.000
run2_A_sweep	pool	off	warm	sweep	16384	16384	16	1	1	5	512	1920	2410	3724	2782	425049	1204567	5	0	0	0.0	0.000
run2_A_sweep	hybrid	off	warm	sweep	16384	16384	16	1	2	0	512	1634	2102	4395	2836	1368336	374177	5	0	0	0.0	0.000
run2_A_sweep	hybrid_lazyring	off	warm	sweep	16384	16384	16	1	2	1	512	1529	1689	4818	2139	1038984	492789	5	0	0	0.0	0.000
run2_A_sweep	uring	off	warm	sweep	16384	16384	16	1	2	2	512	54297	69335	78057	4723	2176235	235269	5	0	0	100.0	0.000
run2_A_sweep	pooled_pread	off	warm	sweep	16384	16384	16	1	2	3	512	66198	540012	1212165	31746	6115254	83725	65	0	0	100.0	0.000
run2_A_sweep	pool	off	warm	sweep	16384	16384	16	1	2	4	512	1856	2355	4121	2857	443537	1154357	5	0	0	0.0	0.000
run2_A_sweep	pool_ringloop	off	warm	sweep	16384	16384	16	1	2	5	512	1435	1600	3464	2170	1011891	505983	5	0	0	0.0	0.000
run2_A_sweep	hybrid_lazyring	off	warm	sweep	16384	16384	16	1	3	0	512	1530	1686	1841	2259	1025958	499046	5	0	0	0.0	0.000
run2_A_sweep	uring	off	warm	sweep	16384	16384	16	1	3	1	512	53413	70587	104321	4693	2199249	232807	5	0	0	100.0	0.000
run2_A_sweep	pooled_pread	off	warm	sweep	16384	16384	16	1	3	2	512	87622	570591	1285145	35863	7013129	73006	54	0	0	100.0	0.000
run2_A_sweep	pool	off	warm	sweep	16384	16384	16	1	3	3	512	1950	2552	3745	3205	675915	757492	5	0	0	0.0	0.000
run2_A_sweep	pool_ringloop	off	warm	sweep	16384	16384	16	1	3	4	512	1844	2201	3180	2595	1284582	398573	5	0	0	0.0	0.000
run2_A_sweep	hybrid	off	warm	sweep	16384	16384	16	1	3	5	512	1925	2309	3348	3184	1549715	330383	5	0	0	0.0	0.000
run2_A_sweep	uring	off	warm	sweep	16384	16384	16	1	4	0	512	54482	60755	80480	4755	2215670	231081	5	0	0	100.0	0.000
run2_A_sweep	pooled_pread	off	warm	sweep	16384	16384	16	1	4	1	512	73504	607813	1308302	34714	6751167	75839	64	0	0	100.0	0.000
run2_A_sweep	pool	off	warm	sweep	16384	16384	16	1	4	2	512	1911	2460	8588	2957	456759	1120941	5	0	0	0.0	0.000
run2_A_sweep	pool_ringloop	off	warm	sweep	16384	16384	16	1	4	3	512	1769	2040	7005	2757	1360377	376366	5	0	0	0.0	0.000
run2_A_sweep	hybrid	off	warm	sweep	16384	16384	16	1	4	4	512	1552	1912	6227	2741	1318056	388451	5	0	0	0.0	0.000
run2_A_sweep	hybrid_lazyring	off	warm	sweep	16384	16384	16	1	4	5	512	1524	1681	5384	2235	1049309	487940	5	0	0	0.0	0.000
run2_A_sweep	pooled_pread	off	warm	sweep	16384	16384	16	1	5	0	512	82371	508242	870211	31654	6069262	84360	48	0	0	100.0	0.000
run2_A_sweep	pool	off	warm	sweep	16384	16384	16	1	5	1	512	1999	2523	7015	3115	479104	1068662	5	0	0	0.0	0.000
run2_A_sweep	pool_ringloop	off	warm	sweep	16384	16384	16	1	5	2	512	1427	1570	2093	2128	997945	513054	5	0	0	0.0	0.000
run2_A_sweep	hybrid	off	warm	sweep	16384	16384	16	1	5	3	512	1915	2286	3241	2881	1406030	364146	5	0	0	0.0	0.000
run2_A_sweep	hybrid_lazyring	off	warm	sweep	16384	16384	16	1	5	4	512	1498	1654	1899	2143	1006707	508589	5	0	0	0.0	0.000
run2_A_sweep	uring	off	warm	sweep	16384	16384	16	1	5	5	512	40303	42214	66641	3773	1707503	299853	5	0	0	100.0	0.000
run2_A_sweep	pool	off	warm	sweep	16384	16384	32	1	0	0	512	1837	2352	3790	2805	434920	1177228	5	0	0	0.0	0.000
run2_A_sweep	pool_ringloop	off	warm	sweep	16384	16384	32	1	0	1	512	1536	1699	2396	2436	1156036	442893	5	0	0	0.0	0.000
run2_A_sweep	hybrid	off	warm	sweep	16384	16384	32	1	0	2	512	1581	1765	2227	2780	1352962	378429	5	0	0	0.0	0.000
run2_A_sweep	hybrid_lazyring	off	warm	sweep	16384	16384	32	1	0	3	512	1596	1762	2098	2410	1193615	428949	5	0	0	0.0	0.000
run2_A_sweep	uring	off	warm	sweep	16384	16384	32	1	0	4	512	101814	123838	130422	4510	2159299	237114	5	0	0	100.0	0.000
run2_A_sweep	pooled_pread	off	warm	sweep	16384	16384	32	1	0	5	512	209485	838095	1544157	35658	6974945	73406	56	0	0	100.0	0.000
run2_A_sweep	pool_ringloop	off	warm	sweep	16384	16384	32	1	1	0	512	1458	1675	5511	2315	1115459	459004	5	0	0	0.0	0.000
run2_A_sweep	hybrid	off	warm	sweep	16384	16384	32	1	1	1	512	1604	1781	2006	2764	1328074	385521	5	0	0	0.0	0.000
run2_A_sweep	hybrid_lazyring	off	warm	sweep	16384	16384	32	1	1	2	512	1562	1740	2059	2400	1151887	444488	5	0	0	0.0	0.000
run2_A_sweep	uring	off	warm	sweep	16384	16384	32	1	1	3	512	77319	101505	103608	3719	1711770	299106	5	0	0	100.0	0.000
run2_A_sweep	pooled_pread	off	warm	sweep	16384	16384	32	1	1	4	512	252916	1033277	2154844	37409	7569675	67638	82	0	0	100.0	0.000
run2_A_sweep	pool	off	warm	sweep	16384	16384	32	1	1	5	512	2029	2574	22026	3684	596597	858201	5	0	0	0.0	0.000
run2_A_sweep	hybrid	off	warm	sweep	16384	16384	32	1	2	0	512	1562	1765	3804	2505	1235219	414501	5	0	0	0.0	0.000
run2_A_sweep	hybrid_lazyring	off	warm	sweep	16384	16384	32	1	2	1	512	1583	1931	7740	2648	1227026	417269	5	0	0	0.0	0.000
run2_A_sweep	uring	off	warm	sweep	16384	16384	32	1	2	2	512	77462	111794	119541	3579	1662524	307965	5	0	0	100.0	0.000
run2_A_sweep	pooled_pread	off	warm	sweep	16384	16384	32	1	2	3	512	156774	871346	1671816	31721	6436569	79545	45	0	0	100.0	0.000
run2_A_sweep	pool	off	warm	sweep	16384	16384	32	1	2	4	512	1810	2300	7088	2903	815059	628175	5	0	0	0.0	0.000
run2_A_sweep	pool_ringloop	off	warm	sweep	16384	16384	32	1	2	5	512	1551	1704	5487	2460	1202007	425954	5	0	0	0.0	0.000
run2_A_sweep	hybrid_lazyring	off	warm	sweep	16384	16384	32	1	3	0	512	1690	1871	8879	2701	1324836	386463	5	0	0	0.0	0.000
run2_A_sweep	uring	off	warm	sweep	16384	16384	32	1	3	1	512	105060	131996	195228	4423	2121166	241377	5	0	0	100.0	0.000
run2_A_sweep	pooled_pread	off	warm	sweep	16384	16384	32	1	3	2	512	144075	1132847	1754309	33618	6719998	76190	77	0	0	100.0	0.000
run2_A_sweep	pool	off	warm	sweep	16384	16384	32	1	3	3	512	1573	1770	5733	2205	1067453	479646	5	0	0	0.0	0.000
run2_A_sweep	pool_ringloop	off	warm	sweep	16384	16384	32	1	3	4	512	1533	1699	5410	2265	1050604	487339	5	0	0	0.0	0.000
run2_A_sweep	hybrid	off	warm	sweep	16384	16384	32	1	3	5	512	1552	1717	3086	2786	1358798	376804	5	0	0	0.0	0.000
run2_A_sweep	uring	off	warm	sweep	16384	16384	32	1	4	0	512	85193	112030	125623	3982	1881726	272091	5	0	0	100.0	0.000
run2_A_sweep	pooled_pread	off	warm	sweep	16384	16384	32	1	4	1	512	141470	741673	2180750	31010	6042128	84738	66	0	0	100.0	0.000
run2_A_sweep	pool	off	warm	sweep	16384	16384	32	1	4	2	512	1774	2007	8549	2863	463008	1105812	5	0	0	0.0	0.000
run2_A_sweep	pool_ringloop	off	warm	sweep	16384	16384	32	1	4	3	512	1390	1546	1809	2219	1053448	486023	5	0	0	0.0	0.000
run2_A_sweep	hybrid	off	warm	sweep	16384	16384	32	1	4	4	512	1529	1707	2071	2551	1205150	424843	5	0	0	0.0	0.000
run2_A_sweep	hybrid_lazyring	off	warm	sweep	16384	16384	32	1	4	5	512	1675	1854	3179	2598	1220948	419346	5	0	0	0.0	0.000
run2_A_sweep	pooled_pread	off	warm	sweep	16384	16384	32	1	5	0	512	142474	549771	1714830	26590	4735053	108130	49	0	0	100.0	0.000
run2_A_sweep	pool	off	warm	sweep	16384	16384	32	1	5	1	512	1745	1963	2242	2703	427293	1198241	5	0	0	0.0	0.000
run2_A_sweep	pool_ringloop	off	warm	sweep	16384	16384	32	1	5	2	512	1381	1758	2782	2123	1030664	496767	5	0	0	0.0	0.000
run2_A_sweep	hybrid	off	warm	sweep	16384	16384	32	1	5	3	512	1546	1743	2410	2789	1350017	379254	5	0	0	0.0	0.000
run2_A_sweep	hybrid_lazyring	off	warm	sweep	16384	16384	32	1	5	4	512	1550	1703	1875	2323	1130712	452812	5	0	0	0.0	0.000
run2_A_sweep	uring	off	warm	sweep	16384	16384	32	1	5	5	512	71458	94381	97382	3448	1639317	312325	5	0	0	100.0	0.000
run2_A_sweep	pool	off	warm	sweep	16384	16384	64	1	0	0	512	1688	1905	3607	2630	486072	1053342	5	0	0	0.0	0.000
run2_A_sweep	pool_ringloop	off	warm	sweep	16384	16384	64	1	0	1	512	1395	1712	2164	2711	1298659	394253	5	0	0	0.0	0.000
run2_A_sweep	hybrid	off	warm	sweep	16384	16384	64	1	0	2	512	1914	2127	2518	3447	1700543	301080	5	0	0	0.0	0.000
run2_A_sweep	hybrid_lazyring	off	warm	sweep	16384	16384	64	1	0	3	512	1948	2139	3757	3385	1682356	304335	5	0	0	0.0	0.000
run2_A_sweep	uring	off	warm	sweep	16384	16384	64	1	0	4	512	159580	215393	216856	4031	1948784	262728	5	0	0	100.0	0.000
run2_A_sweep	pooled_pread	off	warm	sweep	16384	16384	64	1	0	5	512	371362	1148111	1767986	29654	5407185	94689	49	0	0	100.0	0.000
run2_A_sweep	pool_ringloop	off	warm	sweep	16384	16384	64	1	1	0	512	1411	1565	4321	2774	1354042	378127	5	0	0	0.0	0.000
run2_A_sweep	hybrid	off	warm	sweep	16384	16384	64	1	1	1	512	1749	2138	7306	3358	1648291	310625	5	0	0	0.0	0.000
run2_A_sweep	hybrid_lazyring	off	warm	sweep	16384	16384	64	1	1	2	512	1878	2087	2786	3270	1612799	317461	5	0	0	0.0	0.000
run2_A_sweep	uring	off	warm	sweep	16384	16384	64	1	1	3	512	155450	203880	205736	3887	1895249	270149	5	0	0	100.0	0.000
run2_A_sweep	pooled_pread	off	warm	sweep	16384	16384	64	1	1	4	512	219613	708724	1310777	27739	5540541	92410	52	0	0	100.0	0.000
run2_A_sweep	pool	off	warm	sweep	16384	16384	64	1	1	5	512	1770	2038	5096	3014	560065	914180	5	0	0	0.0	0.000
run2_A_sweep	hybrid	off	warm	sweep	16384	16384	64	1	2	0	512	1906	2091	2419	4130	2043625	250535	5	0	0	0.0	0.000
run2_A_sweep	hybrid_lazyring	off	warm	sweep	16384	16384	64	1	2	1	512	1745	2140	5185	3085	1507939	339536	5	0	0	0.0	0.000
run2_A_sweep	uring	off	warm	sweep	16384	16384	64	1	2	2	512	154587	187564	189308	3642	1761015	290741	5	0	0	100.0	0.000
run2_A_sweep	pooled_pread	off	warm	sweep	16384	16384	64	1	2	3	512	371006	1338037	3099938	34033	6989721	73250	80	0	0	100.0	0.000
run2_A_sweep	pool	off	warm	sweep	16384	16384	64	1	2	4	512	1880	2149	2585	2904	467636	1094869	5	0	0	0.0	0.000
run2_A_sweep	pool_ringloop	off	warm	sweep	16384	16384	64	1	2	5	512	1391	1529	1710	2633	1304161	392590	5	0	0	0.0	0.000
run2_A_sweep	hybrid_lazyring	off	warm	sweep	16384	16384	64	1	3	0	512	1777	3996	6170	3144	1493286	342868	5	0	0	0.0	0.000
run2_A_sweep	uring	off	warm	sweep	16384	16384	64	1	3	1	512	149848	226504	228018	3963	1895300	270142	5	0	0	100.0	0.000
run2_A_sweep	pooled_pread	off	warm	sweep	16384	16384	64	1	3	2	512	290389	1589245	2181073	31252	6559938	78050	45	0	0	100.0	0.000
run2_A_sweep	pool	off	warm	sweep	16384	16384	64	1	3	3	512	1884	2310	8704	3327	507099	1009665	5	0	0	0.0	0.000
run2_A_sweep	pool_ringloop	off	warm	sweep	16384	16384	64	1	3	4	512	1540	1678	1834	2725	1311185	390486	5	0	0	0.0	0.000
run2_A_sweep	hybrid	off	warm	sweep	16384	16384	64	1	3	5	512	1698	1897	3840	3337	1651619	309999	5	0	0	0.0	0.000
run2_A_sweep	uring	off	warm	sweep	16384	16384	64	1	4	0	512	143609	208144	210082	3931	1895790	270072	5	0	0	100.0	0.000
run2_A_sweep	pooled_pread	off	warm	sweep	16384	16384	64	1	4	1	512	283921	1377440	2092950	31077	6372931	80340	59	0	0	100.0	0.000
run2_A_sweep	pool	off	warm	sweep	16384	16384	64	1	4	2	512	1746	1972	6417	2968	481856	1062558	5	0	0	0.0	0.000
run2_A_sweep	pool_ringloop	off	warm	sweep	16384	16384	64	1	4	3	512	1381	1524	2474	2556	1243634	411697	5	0	0	0.0	0.000
run2_A_sweep	hybrid	off	warm	sweep	16384	16384	64	1	4	4	512	1760	1940	2210	3147	1521601	336488	5	0	0	0.0	0.000
run2_A_sweep	hybrid_lazyring	off	warm	sweep	16384	16384	64	1	4	5	512	1750	1934	2745	3056	1485568	344649	5	0	0	0.0	0.000
run2_A_sweep	pooled_pread	off	warm	sweep	16384	16384	64	1	5	0	512	322380	1482508	2610438	34232	6543689	78243	54	0	0	100.0	0.000
run2_A_sweep	pool	off	warm	sweep	16384	16384	64	1	5	1	512	2112	2637	7629	3556	564808	906503	5	0	0	0.0	0.000
run2_A_sweep	pool_ringloop	off	warm	sweep	16384	16384	64	1	5	2	512	1656	2035	3043	2865	1423840	359591	5	0	0	0.0	0.000
run2_A_sweep	hybrid	off	warm	sweep	16384	16384	64	1	5	3	512	1697	1891	2938	3115	1509603	339162	5	0	0	0.0	0.000
run2_A_sweep	hybrid_lazyring	off	warm	sweep	16384	16384	64	1	5	4	512	1731	1991	3417	2996	1481088	345692	5	0	0	0.0	0.000
run2_A_sweep	uring	off	warm	sweep	16384	16384	64	1	5	5	512	147429	186058	187640	3914	1879479	272416	5	0	0	100.0	0.000
