label	arm	prefetch	temp	shape	size	stride	depth	readers	repeat	pos	asks	p50_ns	p90_ns	p99_ns	cpu_ns_per_ask	wall_ns	asks_per_s	threads	gap_p99_ns	gap_max_ns	miss_pct	resident_pct
run1_A_stride	pool	off	cold	stride	16384	250000	1	1	0	0	512	182227	251228	349358	65936	92125388	5558	10	0	0	90.2	0.000
run1_A_stride	pool_ringloop	off	cold	stride	16384	250000	1	1	0	1	512	175835	250243	315234	59409	89204466	5740	10	0	0	90.8	0.000
run1_A_stride	hybrid	off	cold	stride	16384	250000	1	1	0	2	512	169966	229673	329710	44528	85051417	6020	9	0	0	90.2	0.000
run1_A_stride	hybrid_lazyring	off	cold	stride	16384	250000	1	1	0	3	512	205929	293227	376220	58985	101852553	5027	9	0	0	89.5	0.000
run1_A_stride	uring	off	cold	stride	16384	250000	1	1	0	4	512	212412	307208	373691	61800	105470553	4854	9	0	0	100.0	0.000
run1_A_stride	pooled_pread	off	cold	stride	16384	250000	1	1	0	5	512	171319	248075	337128	53042	88151724	5808	10	0	0	100.0	0.000
run1_A_stride	pool_ringloop	off	cold	stride	16384	250000	1	1	1	0	512	172332	236230	350532	55992	85837845	5965	10	0	0	90.2	0.000
run1_A_stride	hybrid	off	cold	stride	16384	250000	1	1	1	1	512	172550	229912	305202	44379	85373257	5997	9	0	0	90.8	0.000
run1_A_stride	hybrid_lazyring	off	cold	stride	16384	250000	1	1	1	2	512	193488	272034	1109357	54302	105193599	4867	9	0	0	89.1	0.000
run1_A_stride	uring	off	cold	stride	16384	250000	1	1	1	3	512	228336	312276	400795	69394	114180524	4484	9	0	0	100.0	0.000
run1_A_stride	pooled_pread	off	cold	stride	16384	250000	1	1	1	4	512	196919	284503	385731	63590	101255845	5056	11	0	0	100.0	0.000
run1_A_stride	pool	off	cold	stride	16384	250000	1	1	1	5	512	172957	241873	325705	54886	87161275	5874	10	0	0	89.8	0.000
run1_A_stride	hybrid	off	cold	stride	16384	250000	1	1	2	0	512	174317	231392	312819	45071	85689659	5975	9	0	0	90.0	0.000
run1_A_stride	hybrid_lazyring	off	cold	stride	16384	250000	1	1	2	1	512	176073	239061	327680	44691	87020479	5884	9	0	0	90.6	0.000
run1_A_stride	uring	off	cold	stride	16384	250000	1	1	2	2	512	182340	249750	396125	46090	92517330	5534	9	0	0	100.0	0.000
run1_A_stride	pooled_pread	off	cold	stride	16384	250000	1	1	2	3	512	188240	292039	2638025	59627	142476836	3594	10	0	0	100.0	0.000
run1_A_stride	pool	off	cold	stride	16384	250000	1	1	2	4	512	185011	259103	341392	56965	92337006	5545	10	0	0	89.8	0.000
run1_A_stride	pool_ringloop	off	cold	stride	16384	250000	1	1	2	5	512	173067	238364	316319	56676	85928610	5958	10	0	0	89.8	0.000
run1_A_stride	hybrid_lazyring	off	cold	stride	16384	250000	1	1	3	0	512	165485	223143	306918	43582	83347972	6143	9	0	0	90.2	0.000
run1_A_stride	uring	off	cold	stride	16384	250000	1	1	3	1	512	172200	231603	335134	43486	85550851	5985	9	0	0	100.0	0.000
run1_A_stride	pooled_pread	off	cold	stride	16384	250000	1	1	3	2	512	182837	250061	316989	56900	91738554	5581	10	0	0	100.0	0.000
run1_A_stride	pool	off	cold	stride	16384	250000	1	1	3	3	512	181250	245480	346501	56273	89225777	5738	10	0	0	89.8	0.000
run1_A_stride	pool_ringloop	off	cold	stride	16384	250000	1	1	3	4	512	168980	232826	333537	56916	85004144	6023	10	0	0	90.6	0.000
run1_A_stride	hybrid	off	cold	stride	16384	250000	1	1	3	5	512	172261	234389	331730	43637	85633130	5979	9	0	0	90.6	0.000
run1_A_stride	uring	off	cold	stride	16384	250000	1	1	4	0	512	268497	373726	445121	83935	129381504	3957	9	0	0	100.0	0.000
run1_A_stride	pooled_pread	off	cold	stride	16384	250000	1	1	4	1	512	191721	310039	418047	65921	102244482	5008	10	0	0	100.0	0.000
run1_A_stride	pool	off	cold	stride	16384	250000	1	1	4	2	512	183674	256537	332263	61020	90693109	5645	10	0	0	89.3	0.000
run1_A_stride	pool_ringloop	off	cold	stride	16384	250000	1	1	4	3	512	185322	257879	370703	64693	93532606	5474	10	0	0	89.8	0.000
run1_A_stride	hybrid	off	cold	stride	16384	250000	1	1	4	4	512	183508	241841	317199	45949	89564700	5717	9	0	0	90.6	0.000
run1_A_stride	hybrid_lazyring	off	cold	stride	16384	250000	1	1	4	5	512	196708	264648	352018	56540	97670081	5242	9	0	0	90.6	0.000
run1_A_stride	pooled_pread	off	cold	stride	16384	250000	1	1	5	0	512	182333	249445	332212	55594	91403703	5602	10	0	0	100.0	0.000
run1_A_stride	pool	off	cold	stride	16384	250000	1	1	5	1	512	168910	231383	292622	52832	84768709	6040	10	0	0	90.0	0.000
run1_A_stride	pool_ringloop	off	cold	stride	16384	250000	1	1	5	2	512	176391	254438	320284	56867	89067621	5748	10	0	0	89.6	0.000
run1_A_stride	hybrid	off	cold	stride	16384	250000	1	1	5	3	512	189109	262941	341066	51152	95058054	5386	9	0	0	89.8	0.000
run1_A_stride	hybrid_lazyring	off	cold	stride	16384	250000	1	1	5	4	512	227717	308498	395651	69672	113934648	4494	9	0	0	89.6	0.000
run1_A_stride	uring	off	cold	stride	16384	250000	1	1	5	5	512	179529	257454	361738	49997	90851220	5636	9	0	0	100.0	0.000
run1_A_stride	pool	off	cold	stride	16384	250000	2	1	0	0	512	181350	255438	356755	63728	47154062	10858	12	0	0	92.4	0.000
run1_A_stride	pool_ringloop	off	cold	stride	16384	250000	2	1	0	1	512	173675	237045	345435	60500	44894327	11405	12	0	0	90.2	0.000
run1_A_stride	hybrid	off	cold	stride	16384	250000	2	1	0	2	512	164261	229280	314406	41458	43277924	11831	9	0	0	90.8	0.000
run1_A_stride	hybrid_lazyring	off	cold	stride	16384	250000	2	1	0	3	512	167460	223553	298859	40164	42899347	11935	9	0	0	90.6	0.000
run1_A_stride	uring	off	cold	stride	16384	250000	2	1	0	4	512	169874	241988	385719	41794	44448078	11519	9	0	0	100.0	0.000
run1_A_stride	pooled_pread	off	cold	stride	16384	250000	2	1	0	5	512	186618	265466	338456	59906	48503566	10556	12	0	0	100.0	0.000
run1_A_stride	pool_ringloop	off	cold	stride	16384	250000	2	1	1	0	512	181716	246520	336187	64025	46588708	10990	12	0	0	90.6	0.000
run1_A_stride	hybrid	off	cold	stride	16384	250000	2	1	1	1	512	167395	218022	298125	40546	43015159	11903	9	0	0	90.6	0.000
run1_A_stride	hybrid_lazyring	off	cold	stride	16384	250000	2	1	1	2	512	166619	225398	286291	40395	43077891	11885	9	0	0	90.6	0.000
run1_A_stride	uring	off	cold	stride	16384	250000	2	1	1	3	512	166007	227084	322358	39747	42839234	11952	9	0	0	100.0	0.000
run1_A_stride	pooled_pread	off	cold	stride	16384	250000	2	1	1	4	512	180670	261706	323548	56715	47174290	10853	12	0	0	100.0	0.000
run1_A_stride	pool	off	cold	stride	16384	250000	2	1	1	5	512	170175	236258	314416	56303	44113229	11606	12	0	0	92.4	0.000
run1_A_stride	hybrid	off	cold	stride	16384	250000	2	1	2	0	512	167429	224479	305456	43260	43440364	11786	9	0	0	90.0	0.000
run1_A_stride	hybrid_lazyring	off	cold	stride	16384	250000	2	1	2	1	512	164615	223713	314805	42311	42941097	11923	9	0	0	90.6	0.000
run1_A_stride	uring	off	cold	stride	16384	250000	2	1	2	2	512	167972	225170	304160	41708	42758106	11974	9	0	0	100.0	0.000
run1_A_stride	pooled_pread	off	cold	stride	16384	250000	2	1	2	3	512	180612	241045	311509	60650	46249968	11070	12	0	0	100.0	0.000
run1_A_stride	pool	off	cold	stride	16384	250000	2	1	2	4	512	170538	225071	321834	59290	43287555	11828	12	0	0	92.2	0.000
run1_A_stride	pool_ringloop	off	cold	stride	16384	250000	2	1	2	5	512	172720	229771	391610	62049	44226288	11577	11	0	0	90.6	0.000
run1_A_stride	hybrid_lazyring	off	cold	stride	16384	250000	2	1	3	0	512	175361	233320	301550	44609	44645870	11468	9	0	0	90.8	0.000
run1_A_stride	uring	off	cold	stride	16384	250000	2	1	3	1	512	173363	234242	325550	43278	44276017	11564	9	0	0	100.0	0.000
run1_A_stride	pooled_pread	off	cold	stride	16384	250000	2	1	3	2	512	195717	260355	361103	69167	50421961	10154	13	0	0	100.0	0.000
run1_A_stride	pool	off	cold	stride	16384	250000	2	1	3	3	512	182194	245903	328269	65933	46307387	11057	11	0	0	92.4	0.000
run1_A_stride	pool_ringloop	off	cold	stride	16384	250000	2	1	3	4	512	183816	241451	359801	70254	46734802	10955	12	0	0	90.6	0.000
run1_A_stride	hybrid	off	cold	stride	16384	250000	2	1	3	5	512	175585	235150	314301	47266	45376165	11283	9	0	0	90.6	0.000
run1_A_stride	uring	off	cold	stride	16384	250000	2	1	4	0	512	180473	250436	376989	49057	46740576	10954	9	0	0	100.0	0.000
run1_A_stride	pooled_pread	off	cold	stride	16384	250000	2	1	4	1	512	193123	260614	378871	69245	50286180	10182	12	0	0	100.0	0.000
run1_A_stride	pool	off	cold	stride	16384	250000	2	1	4	2	512	185875	237944	347131	68547	46874465	10923	11	0	0	92.0	0.000
run1_A_stride	pool_ringloop	off	cold	stride	16384	250000	2	1	4	3	512	186072	247691	343107	70717	47474959	10785	12	0	0	90.4	0.000
run1_A_stride	hybrid	off	cold	stride	16384	250000	2	1	4	4	512	182715	242972	305642	48492	47026821	10887	9	0	0	90.6	0.000
run1_A_stride	hybrid_lazyring	off	cold	stride	16384	250000	2	1	4	5	512	178646	235104	314838	45667	45850902	11167	9	0	0	90.8	0.000
run1_A_stride	pooled_pread	off	cold	stride	16384	250000	2	1	5	0	512	197675	260836	365557	70963	50934227	10052	13	0	0	100.0	0.000
run1_A_stride	pool	off	cold	stride	16384	250000	2	1	5	1	512	186144	245234	358624	69514	47613789	10753	12	0	0	92.6	0.000
run1_A_stride	pool_ringloop	off	cold	stride	16384	250000	2	1	5	2	512	188845	248325	402178	72239	48542271	10548	12	0	0	90.6	0.000
run1_A_stride	hybrid	off	cold	stride	16384	250000	2	1	5	3	512	173770	234168	290462	46250	45127450	11346	9	0	0	90.8	0.000
run1_A_stride	hybrid_lazyring	off	cold	stride	16384	250000	2	1	5	4	512	180156	241303	307034	48994	46400114	11034	9	0	0	90.6	0.000
run1_A_stride	uring	off	cold	stride	16384	250000	2	1	5	5	512	173992	249667	327930	44289	45249277	11315	9	0	0	100.0	0.000
run1_A_stride	pool	off	cold	stride	16384	250000	4	1	0	0	512	203535	301427	474709	73612	27117620	18881	16	0	0	91.0	0.000
run1_A_stride	pool_ringloop	off	cold	stride	16384	250000	4	1	0	1	512	216470	310024	452704	76310	28648918	17872	14	0	0	90.6	0.000
run1_A_stride	hybrid	off	cold	stride	16384	250000	4	1	0	2	512	198520	271490	344905	42939	27075267	18910	9	0	0	90.6	0.000
run1_A_stride	hybrid_lazyring	off	cold	stride	16384	250000	4	1	0	3	512	196330	270952	353982	42373	26598757	19249	9	0	0	90.4	0.000
run1_A_stride	uring	off	cold	stride	16384	250000	4	1	0	4	512	207268	305364	886101	42341	28273878	18109	9	0	0	100.0	0.000
run1_A_stride	pooled_pread	off	cold	stride	16384	250000	4	1	0	5	512	211333	294066	656416	71041	28492874	17969	16	0	0	100.0	0.000
run1_A_stride	pool_ringloop	off	cold	stride	16384	250000	4	1	1	0	512	224442	346537	710179	77005	30732561	16660	15	0	0	90.6	0.000
run1_A_stride	hybrid	off	cold	stride	16384	250000	4	1	1	1	512	191329	270094	350316	41593	26464302	19347	9	0	0	90.4	0.000
run1_A_stride	hybrid_lazyring	off	cold	stride	16384	250000	4	1	1	2	512	194846	275571	343621	41794	26740815	19147	9	0	0	90.8	0.000
run1_A_stride	uring	off	cold	stride	16384	250000	4	1	1	3	512	213913	320907	589055	45185	29435739	17394	9	0	0	100.0	0.000
run1_A_stride	pooled_pread	off	cold	stride	16384	250000	4	1	1	4	512	208581	285766	434546	71666	27907382	18346	16	0	0	100.0	0.000
run1_A_stride	pool	off	cold	stride	16384	250000	4	1	1	5	512	202192	283890	654087	72404	29114360	17586	14	0	0	93.2	0.000
run1_A_stride	hybrid	off	cold	stride	16384	250000	4	1	2	0	512	195708	272363	373923	41464	26776247	19121	9	0	0	90.6	0.000
run1_A_stride	hybrid_lazyring	off	cold	stride	16384	250000	4	1	2	1	512	191854	272335	380889	40500	27030635	18941	9	0	0	90.2	0.000
run1_A_stride	uring	off	cold	stride	16384	250000	4	1	2	2	512	201387	290703	590033	42162	27114372	18883	9	0	0	100.0	0.000
run1_A_stride	pooled_pread	off	cold	stride	16384	250000	4	1	2	3	512	211332	294453	396908	71635	28100993	18220	18	0	0	100.0	0.000
run1_A_stride	pool	off	cold	stride	16384	250000	4	1	2	4	512	201883	279152	365120	71476	26589168	19256	15	0	0	93.0	0.000
run1_A_stride	pool_ringloop	off	cold	stride	16384	250000	4	1	2	5	512	210780	293665	1090069	75584	28761851	17801	14	0	0	91.2	0.000
run1_A_stride	hybrid_lazyring	off	cold	stride	16384	250000	4	1	3	0	512	197505	270140	333959	42116	26781246	19118	9	0	0	90.6	0.000
run1_A_stride	uring	off	cold	stride	16384	250000	4	1	3	1	512	202808	285349	429643	42445	27007890	18957	9	0	0	100.0	0.000
run1_A_stride	pooled_pread	off	cold	stride	16384	250000	4	1	3	2	512	215114	297449	420981	73654	28680616	17852	17	0	0	100.0	0.000
run1_A_stride	pool	off	cold	stride	16384	250000	4	1	3	3	512	200706	284875	362884	70538	26348128	19432	14	0	0	93.0	0.000
run1_A_stride	pool_ringloop	off	cold	stride	16384	250000	4	1	3	4	512	213403	307224	594880	76140	28585501	17911	14	0	0	90.6	0.000
run1_A_stride	hybrid	off	cold	stride	16384	250000	4	1	3	5	512	198903	277939	347494	42919	26738654	19148	9	0	0	90.8	0.000
run1_A_stride	uring	off	cold	stride	16384	250000	4	1	4	0	512	199281	304246	421429	42086	27386220	18696	9	0	0	100.0	0.000
run1_A_stride	pooled_pread	off	cold	stride	16384	250000	4	1	4	1	512	205927	290803	375295	68457	27407665	18681	15	0	0	100.0	0.000
run1_A_stride	pool	off	cold	stride	16384	250000	4	1	4	2	512	200988	280858	429889	70556	26523069	19304	14	0	0	93.0	0.000
run1_A_stride	pool_ringloop	off	cold	stride	16384	250000	4	1	4	3	512	213406	303449	438171	76525	28439143	18003	14	0	0	90.4	0.000
run1_A_stride	hybrid	off	cold	stride	16384	250000	4	1	4	4	512	197345	275525	403552	42244	27175521	18840	9	0	0	90.4	0.000
run1_A_stride	hybrid_lazyring	off	cold	stride	16384	250000	4	1	4	5	512	194796	276447	349439	41392	26621317	19233	9	0	0	90.6	0.000
run1_A_stride	pooled_pread	off	cold	stride	16384	250000	4	1	5	0	512	211503	299966	483442	70244	28688303	17847	18	0	0	100.0	0.000
run1_A_stride	pool	off	cold	stride	16384	250000	4	1	5	1	512	202778	291935	712562	71546	27650082	18517	14	0	0	90.6	0.000
run1_A_stride	pool_ringloop	off	cold	stride	16384	250000	4	1	5	2	512	218568	332578	905636	78121	30967830	16533	14	0	0	90.0	0.000
run1_A_stride	hybrid	off	cold	stride	16384	250000	4	1	5	3	512	193755	275311	354527	41082	26474253	19340	9	0	0	90.6	0.000
run1_A_stride	hybrid_lazyring	off	cold	stride	16384	250000	4	1	5	4	512	193569	273146	354096	40804	26557373	19279	9	0	0	90.4	0.000
run1_A_stride	uring	off	cold	stride	16384	250000	4	1	5	5	512	201092	288796	445522	41766	27084935	18903	9	0	0	100.0	0.000
run1_A_stride	pool	off	cold	stride	16384	250000	8	1	0	0	512	269978	438085	610346	75413	18920928	27060	23	0	0	93.0	0.000
run1_A_stride	pool_ringloop	off	cold	stride	16384	250000	8	1	0	1	512	346290	755273	2162076	79279	29198788	17535	23	0	0	90.0	0.000
run1_A_stride	hybrid	off	cold	stride	16384	250000	8	1	0	2	512	262990	384422	472491	37267	20368174	25137	9	0	0	90.6	0.000
run1_A_stride	hybrid_lazyring	off	cold	stride	16384	250000	8	1	0	3	512	245775	357287	489814	35302	19052800	26873	9	0	0	90.6	0.000
run1_A_stride	uring	off	cold	stride	16384	250000	8	1	0	4	512	286470	503059	1119490	34800	20971975	24414	9	0	0	100.0	0.000
run1_A_stride	pooled_pread	off	cold	stride	16384	250000	8	1	0	5	512	289750	514385	1452898	78414	22490235	22765	26	0	0	100.0	0.000
run1_A_stride	pool_ringloop	off	cold	stride	16384	250000	8	1	1	0	512	326456	471314	1743186	76269	21916939	23361	19	0	0	90.4	0.000
run1_A_stride	hybrid	off	cold	stride	16384	250000	8	1	1	1	512	253314	371490	482914	37769	20177087	25375	9	0	0	90.6	0.000
run1_A_stride	hybrid_lazyring	off	cold	stride	16384	250000	8	1	1	2	512	264398	391439	507409	40195	21572950	23733	9	0	0	90.4	0.000
run1_A_stride	uring	off	cold	stride	16384	250000	8	1	1	3	512	359812	602033	1064024	40949	24840840	20611	9	0	0	100.0	0.000
run1_A_stride	pooled_pread	off	cold	stride	16384	250000	8	1	1	4	512	351797	585194	1208818	82102	25223373	20299	28	0	0	100.0	0.000
run1_A_stride	pool	off	cold	stride	16384	250000	8	1	1	5	512	308432	603337	1172980	74059	23608506	21687	22	0	0	93.0	0.000
run1_A_stride	hybrid	off	cold	stride	16384	250000	8	1	2	0	512	244432	365086	479107	34596	19084517	26828	9	0	0	90.4	0.000
run1_A_stride	hybrid_lazyring	off	cold	stride	16384	250000	8	1	2	1	512	236785	355446	447475	35193	18556938	27591	9	0	0	90.8	0.000
run1_A_stride	uring	off	cold	stride	16384	250000	8	1	2	2	512	291293	486832	1267480	34578	20930743	24462	9	0	0	100.0	0.000
run1_A_stride	pooled_pread	off	cold	stride	16384	250000	8	1	2	3	512	275378	454383	878724	75462	19997323	25603	22	0	0	100.0	0.000
run1_A_stride	pool	off	cold	stride	16384	250000	8	1	2	4	512	267075	481632	865887	68130	19283209	26552	18	0	0	93.0	0.000
run1_A_stride	pool_ringloop	off	cold	stride	16384	250000	8	1	2	5	512	313078	473452	1292832	71408	21227212	24120	18	0	0	90.8	0.000
run1_A_stride	hybrid_lazyring	off	cold	stride	16384	250000	8	1	3	0	512	248035	372005	496749	35989	19361275	26445	9	0	0	90.4	0.000
run1_A_stride	uring	off	cold	stride	16384	250000	8	1	3	1	512	292215	488810	965411	33303	20385589	25116	9	0	0	100.0	0.000
run1_A_stride	pooled_pread	off	cold	stride	16384	250000	8	1	3	2	512	260249	428395	784378	76522	18602025	27524	32	0	0	100.0	0.000
run1_A_stride	pool	off	cold	stride	16384	250000	8	1	3	3	512	285670	477252	846334	73459	19802284	25856	20	0	0	92.6	0.000
run1_A_stride	pool_ringloop	off	cold	stride	16384	250000	8	1	3	4	512	346395	516794	1229822	74194	23770668	21539	18	0	0	90.8	0.000
run1_A_stride	hybrid	off	cold	stride	16384	250000	8	1	3	5	512	257330	377065	490216	37325	20358327	25149	9	0	0	90.4	0.000
run1_A_stride	uring	off	cold	stride	16384	250000	8	1	4	0	512	331057	557558	1098716	36694	22811840	22444	9	0	0	100.0	0.000
run1_A_stride	pooled_pread	off	cold	stride	16384	250000	8	1	4	1	512	271060	434747	922041	75705	19444308	26332	23	0	0	100.0	0.000
run1_A_stride	pool	off	cold	stride	16384	250000	8	1	4	2	512	265715	421315	785645	75807	18212913	28112	23	0	0	93.2	0.000
run1_A_stride	pool_ringloop	off	cold	stride	16384	250000	8	1	4	3	512	333091	558467	1354537	74783	24484443	20911	19	0	0	90.6	0.000
run1_A_stride	hybrid	off	cold	stride	16384	250000	8	1	4	4	512	237456	351227	554468	33079	18317571	27951	9	0	0	90.8	0.000
run1_A_stride	hybrid_lazyring	off	cold	stride	16384	250000	8	1	4	5	512	239408	357542	487514	34525	18632478	27479	9	0	0	90.6	0.000
run1_A_stride	pooled_pread	off	cold	stride	16384	250000	8	1	5	0	512	293998	482410	782596	73737	20676828	24762	23	0	0	100.0	0.000
run1_A_stride	pool	off	cold	stride	16384	250000	8	1	5	1	512	275738	425157	738554	70440	18614893	27505	21	0	0	93.2	0.000
run1_A_stride	pool_ringloop	off	cold	stride	16384	250000	8	1	5	2	512	322382	451324	1270549	74977	21254090	24089	19	0	0	90.6	0.000
run1_A_stride	hybrid	off	cold	stride	16384	250000	8	1	5	3	512	249173	371172	477603	35049	19358934	26448	9	0	0	90.8	0.000
run1_A_stride	hybrid_lazyring	off	cold	stride	16384	250000	8	1	5	4	512	257087	383051	613869	38226	20887173	24513	9	0	0	90.4	0.000
run1_A_stride	uring	off	cold	stride	16384	250000	8	1	5	5	512	313518	520897	1059899	35840	21657850	23640	9	0	0	100.0	0.000
run1_A_stride	pool	off	cold	stride	16384	250000	16	1	0	0	512	471114	942882	1419562	81094	17358706	29495	44	0	0	93.0	0.000
run1_A_stride	pool_ringloop	off	cold	stride	16384	250000	16	1	0	1	512	625185	924672	2332414	76145	22012773	23259	29	0	0	90.6	0.000
run1_A_stride	hybrid	off	cold	stride	16384	250000	16	1	0	2	512	393711	618802	1074656	37381	19473886	26292	9	0	0	90.4	0.000
run1_A_stride	hybrid_lazyring	off	cold	stride	16384	250000	16	1	0	3	512	405173	1068910	2318319	40917	23080712	22183	9	0	0	91.2	0.000
run1_A_stride	uring	off	cold	stride	16384	250000	16	1	0	4	512	555124	825133	1250133	34186	19123436	26773	9	0	0	100.0	0.000
run1_A_stride	pooled_pread	off	cold	stride	16384	250000	16	1	0	5	512	456744	865692	1419059	82443	16758043	30552	46	0	0	100.0	0.000
run1_A_stride	pool_ringloop	off	cold	stride	16384	250000	16	1	1	0	512	653786	973870	2040505	75721	22879036	22379	26	0	0	90.6	0.000
run1_A_stride	hybrid	off	cold	stride	16384	250000	16	1	1	1	512	378980	588466	1000671	36509	18855836	27153	9	0	0	90.4	0.000
run1_A_stride	hybrid_lazyring	off	cold	stride	16384	250000	16	1	1	2	512	398373	596548	1120864	37866	19604970	26116	9	0	0	90.4	0.000
run1_A_stride	uring	off	cold	stride	16384	250000	16	1	1	3	512	750970	1091178	1350682	37617	24477191	20917	9	0	0	100.0	0.000
run1_A_stride	pooled_pread	off	cold	stride	16384	250000	16	1	1	4	512	456437	911906	1903420	80629	17961696	28505	41	0	0	100.0	0.000
run1_A_stride	pool	off	cold	stride	16384	250000	16	1	1	5	512	453226	825773	2306758	77838	17497188	29262	34	0	0	91.6	0.000
run1_A_stride	hybrid	off	cold	stride	16384	250000	16	1	2	0	512	386416	580312	966658	36883	18801514	27232	9	0	0	90.4	0.000
run1_A_stride	hybrid_lazyring	off	cold	stride	16384	250000	16	1	2	1	512	402260	636920	848405	40520	20505278	24969	9	0	0	90.6	0.000
run1_A_stride	uring	off	cold	stride	16384	250000	16	1	2	2	512	565805	907972	1243351	33657	19618597	26098	9	0	0	100.0	0.000
run1_A_stride	pooled_pread	off	cold	stride	16384	250000	16	1	2	3	512	425183	880487	1599929	81589	16348044	31319	41	0	0	100.0	0.000
run1_A_stride	pool	off	cold	stride	16384	250000	16	1	2	4	512	465724	896172	1546564	79487	17103160	29936	34	0	0	93.2	0.000
run1_A_stride	pool_ringloop	off	cold	stride	16384	250000	16	1	2	5	512	689765	901433	1524027	81185	22815245	22441	25	0	0	92.2	0.000
run1_A_stride	hybrid_lazyring	off	cold	stride	16384	250000	16	1	3	0	512	396516	609336	799597	37812	19617170	26100	9	0	0	90.8	0.000
run1_A_stride	uring	off	cold	stride	16384	250000	16	1	3	1	512	677453	1008223	1586083	39801	22163933	23101	9	0	0	100.0	0.000
run1_A_stride	pooled_pread	off	cold	stride	16384	250000	16	1	3	2	512	436126	807181	1534590	79458	16351362	31312	40	0	0	100.0	0.000
run1_A_stride	pool	off	cold	stride	16384	250000	16	1	3	3	512	446547	789053	1966739	79359	16591806	30859	33	0	0	92.8	0.000
run1_A_stride	pool_ringloop	off	cold	stride	16384	250000	16	1	3	4	512	666629	936299	1855552	77493	22282669	22977	33	0	0	90.4	0.000
run1_A_stride	hybrid	off	cold	stride	16384	250000	16	1	3	5	512	401208	632440	882089	39199	20106688	25464	9	0	0	90.2	0.000
run1_A_stride	uring	off	cold	stride	16384	250000	16	1	4	0	512	769412	1115906	1374536	39298	24878183	20580	9	0	0	100.0	0.000
run1_A_stride	pooled_pread	off	cold	stride	16384	250000	16	1	4	1	512	446189	984393	1878855	90443	17926622	28561	65	0	0	100.0	0.000
run1_A_stride	pool	off	cold	stride	16384	250000	16	1	4	2	512	456790	938337	1404973	83332	16919327	30261	37	0	0	93.0	0.000
run1_A_stride	pool_ringloop	off	cold	stride	16384	250000	16	1	4	3	512	707029	1056277	2414436	83314	25016377	20467	28	0	0	90.2	0.000
run1_A_stride	hybrid	off	cold	stride	16384	250000	16	1	4	4	512	388072	569037	1091780	36015	18554239	27595	9	0	0	90.4	0.000
run1_A_stride	hybrid_lazyring	off	cold	stride	16384	250000	16	1	4	5	512	411881	623168	891740	39118	20349455	25160	9	0	0	90.4	0.000
run1_A_stride	pooled_pread	off	cold	stride	16384	250000	16	1	5	0	512	436970	822315	1350541	84741	16100849	31800	42	0	0	100.0	0.000
run1_A_stride	pool	off	cold	stride	16384	250000	16	1	5	1	512	437133	960607	1562534	81345	17770184	28812	40	0	0	92.6	0.000
run1_A_stride	pool_ringloop	off	cold	stride	16384	250000	16	1	5	2	512	669330	848879	1847445	80307	21906259	23372	26	0	0	90.8	0.000
run1_A_stride	hybrid	off	cold	stride	16384	250000	16	1	5	3	512	405010	607973	1101064	38057	19744638	25931	9	0	0	90.4	0.000
run1_A_stride	hybrid_lazyring	off	cold	stride	16384	250000	16	1	5	4	512	440285	662570	823085	41989	21788080	23499	9	0	0	90.4	0.000
run1_A_stride	uring	off	cold	stride	16384	250000	16	1	5	5	512	608961	941704	1404739	36859	20677064	24762	9	0	0	100.0	0.000
run1_A_stride	pool	off	cold	stride	16384	250000	32	1	0	0	512	721332	1906400	3451971	92562	16417582	31186	73	0	0	92.8	0.000
run1_A_stride	pool_ringloop	off	cold	stride	16384	250000	32	1	0	1	512	1336443	1789824	2949388	83199	22339969	22919	53	0	0	90.8	0.000
run1_A_stride	hybrid	off	cold	stride	16384	250000	32	1	0	2	512	649222	1160572	1639692	37158	19363757	26441	9	0	0	90.0	0.000
run1_A_stride	hybrid_lazyring	off	cold	stride	16384	250000	32	1	0	3	512	702972	1245839	1550946	41950	22125100	23141	9	0	0	90.6	0.000
run1_A_stride	uring	off	cold	stride	16384	250000	32	1	0	4	512	1374617	1912947	3075337	43117	24002432	21331	9	0	0	100.0	0.000
run1_A_stride	pooled_pread	off	cold	stride	16384	250000	32	1	0	5	512	1131563	2283313	4424210	101072	21102722	24262	92	0	0	100.0	0.000
run1_A_stride	pool_ringloop	off	cold	stride	16384	250000	32	1	1	0	512	1285168	1969777	2696953	75730	22253742	23007	30	0	0	90.6	0.000
run1_A_stride	hybrid	off	cold	stride	16384	250000	32	1	1	1	512	754133	1300131	1654838	42472	22387007	22870	9	0	0	90.2	0.000
run1_A_stride	hybrid_lazyring	off	cold	stride	16384	250000	32	1	1	2	512	621485	1093048	1313337	36403	19456692	26315	9	0	0	90.2	0.000
run1_A_stride	uring	off	cold	stride	16384	250000	32	1	1	3	512	1190160	1727504	2033271	37724	20818474	24594	9	0	0	100.0	0.000
run1_A_stride	pooled_pread	off	cold	stride	16384	250000	32	1	1	4	512	702746	2281175	5277236	93777	18365190	27879	87	0	0	100.0	0.000
run1_A_stride	pool	off	cold	stride	16384	250000	32	1	1	5	512	756200	1582385	2702553	90581	15723075	32564	59	0	0	92.6	0.000
run1_A_stride	hybrid	off	cold	stride	16384	250000	32	1	2	0	512	688524	1231996	1564082	38434	20472534	25009	9	0	0	90.2	0.000
run1_A_stride	hybrid_lazyring	off	cold	stride	16384	250000	32	1	2	1	512	614819	1147792	1380249	36325	19297951	26531	9	0	0	90.4	0.000
run1_A_stride	uring	off	cold	stride	16384	250000	32	1	2	2	512	1215398	1566962	2491791	37993	20268773	25261	9	0	0	100.0	0.000
run1_A_stride	pooled_pread	off	cold	stride	16384	250000	32	1	2	3	512	941818	2252307	3758625	89950	19024161	26913	85	0	0	100.0	0.000
run1_A_stride	pool	off	cold	stride	16384	250000	32	1	2	4	512	730491	1650332	3027092	87217	15607563	32805	59	0	0	93.0	0.000
run1_A_stride	pool_ringloop	off	cold	stride	16384	250000	32	1	2	5	512	1367886	1896113	2656937	81334	22546121	22709	44	0	0	90.0	0.000
run1_A_stride	hybrid_lazyring	off	cold	stride	16384	250000	32	1	3	0	512	588475	1069856	1372174	34218	17849031	28685	9	0	0	90.2	0.000
run1_A_stride	uring	off	cold	stride	16384	250000	32	1	3	1	512	1083244	1675082	1763182	36020	19644913	26063	9	0	0	100.0	0.000
run1_A_stride	pooled_pread	off	cold	stride	16384	250000	32	1	3	2	512	879434	2789788	4339126	92950	20773495	24647	80	0	0	100.0	0.000
run1_A_stride	pool	off	cold	stride	16384	250000	32	1	3	3	512	881097	1555400	2573222	90828	16442560	31139	51	0	0	92.8	0.000
run1_A_stride	pool_ringloop	off	cold	stride	16384	250000	32	1	3	4	512	1438127	2389768	2679731	89206	24406912	20978	47	0	0	90.6	0.000
run1_A_stride	hybrid	off	cold	stride	16384	250000	32	1	3	5	512	714284	1266472	1545715	41647	22666333	22589	9	0	0	90.4	0.000
run1_A_stride	uring	off	cold	stride	16384	250000	32	1	4	0	512	1200848	1809430	2212886	38941	20665509	24776	9	0	0	100.0	0.000
run1_A_stride	pooled_pread	off	cold	stride	16384	250000	32	1	4	1	512	923695	1920717	3500688	99222	17836621	28705	118	0	0	100.0	0.000
run1_A_stride	pool	off	cold	stride	16384	250000	32	1	4	2	512	709274	1576649	2718686	92536	15274313	33520	60	0	0	93.0	0.000
run1_A_stride	pool_ringloop	off	cold	stride	16384	250000	32	1	4	3	512	1414944	1982190	3032672	83101	23539250	21751	54	0	0	90.6	0.000
run1_A_stride	hybrid	off	cold	stride	16384	250000	32	1	4	4	512	610719	1139301	1461686	36368	19091587	26818	9	0	0	90.6	0.000
run1_A_stride	hybrid_lazyring	off	cold	stride	16384	250000	32	1	4	5	512	637862	1158168	1447147	37776	19800278	25858	9	0	0	90.6	0.000
run1_A_stride	pooled_pread	off	cold	stride	16384	250000	32	1	5	0	512	923326	2025644	3668720	97702	19023913	26913	120	0	0	100.0	0.000
run1_A_stride	pool	off	cold	stride	16384	250000	32	1	5	1	512	813048	1533557	2660858	87803	15815996	32372	57	0	0	92.6	0.000
run1_A_stride	pool_ringloop	off	cold	stride	16384	250000	32	1	5	2	512	1201306	1684133	2358346	77149	20090355	25485	46	0	0	90.6	0.000
run1_A_stride	hybrid	off	cold	stride	16384	250000	32	1	5	3	512	615841	1089196	1356258	36207	18956591	27009	9	0	0	90.0	0.000
run1_A_stride	hybrid_lazyring	off	cold	stride	16384	250000	32	1	5	4	512	634598	1126226	1360388	35760	18775176	27270	9	0	0	90.2	0.000
run1_A_stride	uring	off	cold	stride	16384	250000	32	1	5	5	512	1330100	1838107	2057218	38182	21869885	23411	9	0	0	100.0	0.000
run1_A_stride	pool	off	cold	stride	16384	250000	64	1	0	0	512	1398709	3280493	4598396	97040	16208179	31589	79	0	0	92.4	0.000
run1_A_stride	pool_ringloop	off	cold	stride	16384	250000	64	1	0	1	512	2707960	3471601	4889433	88413	23498115	21789	64	0	0	91.4	0.000
run1_A_stride	hybrid	off	cold	stride	16384	250000	64	1	0	2	512	1463186	2598836	2998097	42884	23269772	22003	9	0	0	92.4	0.000
run1_A_stride	hybrid_lazyring	off	cold	stride	16384	250000	64	1	0	3	512	1442147	2532189	3268043	42822	22993898	22267	9	0	0	90.2	0.000
run1_A_stride	uring	off	cold	stride	16384	250000	64	1	0	4	512	2266288	4557196	5050978	43094	22871962	22385	9	0	0	100.0	0.000
run1_A_stride	pooled_pread	off	cold	stride	16384	250000	64	1	0	5	512	1964351	3506928	7473575	118762	20546337	24919	186	0	0	100.0	0.000
run1_A_stride	pool_ringloop	off	cold	stride	16384	250000	64	1	1	0	512	2751056	3217653	3957882	78711	21671130	23626	34	0	0	90.8	0.000
run1_A_stride	hybrid	off	cold	stride	16384	250000	64	1	1	1	512	1183011	2082529	2362937	34597	18551703	27599	9	0	0	90.6	0.000
run1_A_stride	hybrid_lazyring	off	cold	stride	16384	250000	64	1	1	2	512	1287527	2353666	3015796	40013	21335961	23997	9	0	0	90.4	0.000
run1_A_stride	uring	off	cold	stride	16384	250000	64	1	1	3	512	2513915	3440472	6351210	43398	24094633	21250	9	0	0	100.0	0.000
run1_A_stride	pooled_pread	off	cold	stride	16384	250000	64	1	1	4	512	1773767	4336543	8618069	120133	20164446	25391	174	0	0	100.0	0.000
run1_A_stride	pool	off	cold	stride	16384	250000	64	1	1	5	512	1459465	3608325	7103466	101101	18177809	28166	87	0	0	93.2	0.000
run1_A_stride	hybrid	off	cold	stride	16384	250000	64	1	2	0	512	1410355	2480157	2811488	42467	22712556	22543	9	0	0	90.2	0.000
run1_A_stride	hybrid_lazyring	off	cold	stride	16384	250000	64	1	2	1	512	1348690	2462925	2951104	40341	21937068	23339	9	0	0	90.4	0.000
run1_A_stride	uring	off	cold	stride	16384	250000	64	1	2	2	512	1985624	3542472	4144225	36931	20036432	25553	9	0	0	100.0	0.000
run1_A_stride	pooled_pread	off	cold	stride	16384	250000	64	1	2	3	512	2098363	5371586	7538199	114628	30105050	17007	194	0	0	100.0	0.000
run1_A_stride	pool	off	cold	stride	16384	250000	64	1	2	4	512	1389436	2954610	8083252	97667	17678611	28962	81	0	0	93.2	0.000
run1_A_stride	pool_ringloop	off	cold	stride	16384	250000	64	1	2	5	512	2869656	3531591	4911355	86288	23675911	21625	46	0	0	92.2	0.000
run1_A_stride	hybrid_lazyring	off	cold	stride	16384	250000	64	1	3	0	512	1426648	2496144	3044468	42428	22804993	22451	9	0	0	90.2	0.000
run1_A_stride	uring	off	cold	stride	16384	250000	64	1	3	1	512	2362410	3734610	3756663	36366	20168715	25386	9	0	0	100.0	0.000
run1_A_stride	pooled_pread	off	cold	stride	16384	250000	64	1	3	2	512	1830413	4112060	6662783	106772	19305366	26521	144	0	0	100.0	0.000
run1_A_stride	pool	off	cold	stride	16384	250000	64	1	3	3	512	1763459	3403374	4918204	104138	19256882	26588	84	0	0	93.2	0.000
run1_A_stride	pool_ringloop	off	cold	stride	16384	250000	64	1	3	4	512	2746025	3824928	5789496	87339	23131107	22135	55	0	0	91.2	0.000
run1_A_stride	hybrid	off	cold	stride	16384	250000	64	1	3	5	512	1388626	2312291	2837742	39174	21059117	24313	9	0	0	90.6	0.000
run1_A_stride	uring	off	cold	stride	16384	250000	64	1	4	0	512	2895171	4336659	6069364	47098	25791542	19851	9	0	0	100.0	0.000
run1_A_stride	pooled_pread	off	cold	stride	16384	250000	64	1	4	1	512	2723538	5131955	10857206	127915	27386051	18696	212	0	0	100.0	0.000
run1_A_stride	pool	off	cold	stride	16384	250000	64	1	4	2	512	1642227	3840977	6385002	107336	20333730	25180	86	0	0	92.8	0.000
run1_A_stride	pool_ringloop	off	cold	stride	16384	250000	64	1	4	3	512	3285238	4167512	5713943	90730	26469161	19343	67	0	0	90.6	0.000
run1_A_stride	hybrid	off	cold	stride	16384	250000	64	1	4	4	512	1630022	2857032	3329616	47804	25910084	19761	9	0	0	90.2	0.000
run1_A_stride	hybrid_lazyring	off	cold	stride	16384	250000	64	1	4	5	512	1611496	3089210	3978653	50851	27433330	18663	9	0	0	90.2	0.000
run1_A_stride	pooled_pread	off	cold	stride	16384	250000	64	1	5	0	512	2436750	6224854	9878160	116937	28134181	18199	118	0	0	100.0	0.000
run1_A_stride	pool	off	cold	stride	16384	250000	64	1	5	1	512	1413007	4058886	7431688	107288	19547497	26193	94	0	0	93.2	0.000
run1_A_stride	pool_ringloop	off	cold	stride	16384	250000	64	1	5	2	512	2871770	3686922	4173739	81331	23936753	21390	25	0	0	91.0	0.000
run1_A_stride	hybrid	off	cold	stride	16384	250000	64	1	5	3	512	1285746	2199670	2529955	37136	19942319	25674	9	0	0	90.6	0.000
run1_A_stride	hybrid_lazyring	off	cold	stride	16384	250000	64	1	5	4	512	1365692	2550688	3219703	40009	21699677	23595	9	0	0	90.4	0.000
run1_A_stride	uring	off	cold	stride	16384	250000	64	1	5	5	512	3001413	3680138	5202543	45396	25211362	20308	9	0	0	100.0	0.000
run1_A_stride	pool	off	warm	stride	16384	250000	1	1	0	0	512	3337	3798	4787	4014	1957317	261583	9	0	0	0.0	0.000
run1_A_stride	pool_ringloop	off	warm	stride	16384	250000	1	1	0	1	512	3715	4167	4660	4441	2112367	242382	9	0	0	0.0	0.000
run1_A_stride	hybrid	off	warm	stride	16384	250000	1	1	0	2	512	3088	3463	4793	3958	1879321	272439	9	0	0	0.0	0.000
run1_A_stride	hybrid_lazyring	off	warm	stride	16384	250000	1	1	0	3	512	3491	4194	5321	4267	2010403	254675	9	0	0	0.0	0.000
run1_A_stride	uring	off	warm	stride	16384	250000	1	1	0	4	512	4724	5819	11499	8314	2754143	185902	9	0	0	100.0	0.000
run1_A_stride	pooled_pread	off	warm	stride	16384	250000	1	1	0	5	512	14022	17288	53789	20548	8121291	63044	10	0	0	100.0	0.000
run1_A_stride	pool_ringloop	off	warm	stride	16384	250000	1	1	1	0	512	3948	4853	7448	4867	2304945	222131	9	0	0	0.0	0.000
run1_A_stride	hybrid	off	warm	stride	16384	250000	1	1	1	1	512	3237	4039	5576	4180	1970612	259818	9	0	0	0.0	0.000
run1_A_stride	hybrid_lazyring	off	warm	stride	16384	250000	1	1	1	2	512	3188	4038	5503	4072	1868700	273987	9	0	0	0.0	0.000
run1_A_stride	uring	off	warm	stride	16384	250000	1	1	1	3	512	5147	6759	13998	8830	2979714	171829	9	0	0	100.0	0.000
run1_A_stride	pooled_pread	off	warm	stride	16384	250000	1	1	1	4	512	15919	19622	28890	24797	9358645	54709	10	0	0	100.0	0.000
run1_A_stride	pool	off	warm	stride	16384	250000	1	1	1	5	512	3518	4293	5786	4421	2048468	249943	9	0	0	0.0	0.000
run1_A_stride	hybrid	off	warm	stride	16384	250000	1	1	2	0	512	3269	3911	4960	4120	2015283	254059	9	0	0	0.0	0.000
run1_A_stride	hybrid_lazyring	off	warm	stride	16384	250000	1	1	2	1	512	3489	4194	5293	4113	1988626	257464	9	0	0	0.0	0.000
run1_A_stride	uring	off	warm	stride	16384	250000	1	1	2	2	512	5882	7307	8599	9824	3358728	152439	9	0	0	100.0	0.000
run1_A_stride	pooled_pread	off	warm	stride	16384	250000	1	1	2	3	512	14653	19632	45280	22361	8734699	58617	10	0	0	100.0	0.000
run1_A_stride	pool	off	warm	stride	16384	250000	1	1	2	4	512	3240	3783	5292	4032	1899294	269574	9	0	0	0.0	0.000
run1_A_stride	pool_ringloop	off	warm	stride	16384	250000	1	1	2	5	512	3446	4115	5382	4130	2000480	255939	9	0	0	0.0	0.000
run1_A_stride	hybrid_lazyring	off	warm	stride	16384	250000	1	1	3	0	512	3098	3545	4544	3772	1818786	281506	9	0	0	0.0	0.000
run1_A_stride	uring	off	warm	stride	16384	250000	1	1	3	1	512	4675	5551	9847	7982	2670183	191747	9	0	0	100.0	0.000
run1_A_stride	pooled_pread	off	warm	stride	16384	250000	1	1	3	2	512	15869	19446	36490	23535	8933334	57313	10	0	0	100.0	0.000
run1_A_stride	pool	off	warm	stride	16384	250000	1	1	3	3	512	3035	3416	3875	3521	1741000	294084	9	0	0	0.0	0.000
run1_A_stride	pool_ringloop	off	warm	stride	16384	250000	1	1	3	4	512	3022	3396	4145	3580	1736306	294879	9	0	0	0.0	0.000
run1_A_stride	hybrid	off	warm	stride	16384	250000	1	1	3	5	512	3152	3589	4384	4040	1903578	268967	9	0	0	0.0	0.000
run1_A_stride	uring	off	warm	stride	16384	250000	1	1	4	0	512	5038	5684	10783	8187	2779327	184217	9	0	0	100.0	0.000
run1_A_stride	pooled_pread	off	warm	stride	16384	250000	1	1	4	1	512	15563	18528	33889	23267	8902202	57514	10	0	0	100.0	0.000
run1_A_stride	pool	off	warm	stride	16384	250000	1	1	4	2	512	3004	3376	5045	3584	1734012	295269	9	0	0	0.0	0.000
run1_A_stride	pool_ringloop	off	warm	stride	16384	250000	1	1	4	3	512	3918	4609	6805	4502	2211074	231562	9	0	0	0.0	0.000
run1_A_stride	hybrid	off	warm	stride	16384	250000	1	1	4	4	512	3725	4469	5586	4734	2235882	228992	9	0	0	0.0	0.000
run1_A_stride	hybrid_lazyring	off	warm	stride	16384	250000	1	1	4	5	512	3383	4422	9599	4212	2040581	250909	9	0	0	0.0	0.000
run1_A_stride	pooled_pread	off	warm	stride	16384	250000	1	1	5	0	512	16223	19562	50679	23744	9298628	55062	10	0	0	100.0	0.000
run1_A_stride	pool	off	warm	stride	16384	250000	1	1	5	1	512	3025	3439	5261	3595	1716169	298339	9	0	0	0.0	0.000
run1_A_stride	pool_ringloop	off	warm	stride	16384	250000	1	1	5	2	512	3192	3710	7310	3865	1881750	272087	9	0	0	0.0	0.000
run1_A_stride	hybrid	off	warm	stride	16384	250000	1	1	5	3	512	3061	3440	5233	3768	1827217	280208	9	0	0	0.0	0.000
run1_A_stride	hybrid_lazyring	off	warm	stride	16384	250000	1	1	5	4	512	3039	3363	4156	3660	1741748	293958	9	0	0	0.0	0.000
run1_A_stride	uring	off	warm	stride	16384	250000	1	1	5	5	512	6629	7235	12379	10882	3544953	144431	9	0	0	100.0	0.000
run1_A_stride	pool	off	warm	stride	16384	250000	2	1	0	0	512	3482	4876	6067	4497	1155284	443181	9	0	0	0.0	0.000
run1_A_stride	pool_ringloop	off	warm	stride	16384	250000	2	1	0	1	512	3018	3466	4403	3699	1722550	297234	9	0	0	0.0	0.000
run1_A_stride	hybrid	off	warm	stride	16384	250000	2	1	0	2	512	3058	3452	4279	3881	1812629	282463	9	0	0	0.0	0.000
run1_A_stride	hybrid_lazyring	off	warm	stride	16384	250000	2	1	0	3	512	3122	3725	5212	3877	1821529	281083	9	0	0	0.0	0.000
run1_A_stride	uring	off	warm	stride	16384	250000	2	1	0	4	512	7599	10302	17866	6599	2309065	221735	9	0	0	100.0	0.000
run1_A_stride	pooled_pread	off	warm	stride	16384	250000	2	1	0	5	512	17729	21189	45133	20427	4921502	104033	13	0	0	100.0	0.000
run1_A_stride	pool_ringloop	off	warm	stride	16384	250000	2	1	1	0	512	3909	4661	6491	4517	2268692	225681	9	0	0	0.0	0.000
run1_A_stride	hybrid	off	warm	stride	16384	250000	2	1	1	1	512	3126	3638	5389	4041	1929174	265399	9	0	0	0.0	0.000
run1_A_stride	hybrid_lazyring	off	warm	stride	16384	250000	2	1	1	2	512	3227	4075	5069	4032	1879199	272457	9	0	0	0.0	0.000
run1_A_stride	uring	off	warm	stride	16384	250000	2	1	1	3	512	7402	7825	14701	6515	2130728	240293	9	0	0	100.0	0.000
run1_A_stride	pooled_pread	off	warm	stride	16384	250000	2	1	1	4	512	20320	29983	105544	23834	6765025	75683	15	0	0	100.0	0.000
run1_A_stride	pool	off	warm	stride	16384	250000	2	1	1	5	512	3513	4022	5867	4256	1068307	479263	9	0	0	0.0	0.000
run1_A_stride	hybrid	off	warm	stride	16384	250000	2	1	2	0	512	3278	4066	7518	4323	2054789	249174	9	0	0	0.0	0.000
run1_A_stride	hybrid_lazyring	off	warm	stride	16384	250000	2	1	2	1	512	3441	4229	6320	4231	2012284	254437	9	0	0	0.0	0.000
run1_A_stride	uring	off	warm	stride	16384	250000	2	1	2	2	512	8240	10862	19564	6837	2563699	199711	9	0	0	100.0	0.000
run1_A_stride	pooled_pread	off	warm	stride	16384	250000	2	1	2	3	512	19225	21306	42489	20323	5204924	98368	12	0	0	100.0	0.000
run1_A_stride	pool	off	warm	stride	16384	250000	2	1	2	4	512	4676	5217	12408	5458	1369592	373834	9	0	0	0.0	0.000
run1_A_stride	pool_ringloop	off	warm	stride	16384	250000	2	1	2	5	512	3145	3765	7388	3899	1882388	271995	9	0	0	0.0	0.000
run1_A_stride	hybrid_lazyring	off	warm	stride	16384	250000	2	1	3	0	512	3034	3471	4189	3722	1755216	291702	9	0	0	0.0	0.000
run1_A_stride	uring	off	warm	stride	16384	250000	2	1	3	1	512	9193	10391	18846	7247	2512740	203762	9	0	0	100.0	0.000
run1_A_stride	pooled_pread	off	warm	stride	16384	250000	2	1	3	2	512	16787	21205	54030	20232	4873610	105056	13	0	0	100.0	0.000
run1_A_stride	pool	off	warm	stride	16384	250000	2	1	3	3	512	3276	3756	7518	4006	999695	512156	9	0	0	0.0	0.000
run1_A_stride	pool_ringloop	off	warm	stride	16384	250000	2	1	3	4	512	3056	3445	4643	3551	1761036	290738	9	0	0	0.0	0.000
run1_A_stride	hybrid	off	warm	stride	16384	250000	2	1	3	5	512	3249	3840	8083	4116	1987099	257662	9	0	0	0.0	0.000
run1_A_stride	uring	off	warm	stride	16384	250000	2	1	4	0	512	7545	8385	16261	6494	2301573	222457	9	0	0	100.0	0.000
run1_A_stride	pooled_pread	off	warm	stride	16384	250000	2	1	4	1	512	18842	26523	81671	22526	5619346	91114	20	0	0	100.0	0.000
run1_A_stride	pool	off	warm	stride	16384	250000	2	1	4	2	512	4441	4829	6257	5103	1271133	402790	9	0	0	0.0	0.000
run1_A_stride	pool_ringloop	off	warm	stride	16384	250000	2	1	4	3	512	3635	4543	7194	4601	2131779	240175	9	0	0	0.0	0.000
run1_A_stride	hybrid	off	warm	stride	16384	250000	2	1	4	4	512	3272	4055	5355	4284	1992439	256971	9	0	0	0.0	0.000
run1_A_stride	hybrid_lazyring	off	warm	stride	16384	250000	2	1	4	5	512	3053	3459	5129	3801	1743781	293615	9	0	0	0.0	0.000
run1_A_stride	pooled_pread	off	warm	stride	16384	250000	2	1	5	0	512	19075	27200	79665	22204	5634856	90863	14	0	0	100.0	0.000
run1_A_stride	pool	off	warm	stride	16384	250000	2	1	5	1	512	3805	4592	9997	4453	1131141	452640	9	0	0	0.0	0.000
run1_A_stride	pool_ringloop	off	warm	stride	16384	250000	2	1	5	2	512	3107	3517	5368	3626	1796873	284939	9	0	0	0.0	0.000
run1_A_stride	hybrid	off	warm	stride	16384	250000	2	1	5	3	512	3032	3385	5315	3774	1813762	282286	9	0	0	0.0	0.000
run1_A_stride	hybrid_lazyring	off	warm	stride	16384	250000	2	1	5	4	512	3697	4207	5336	4611	2146774	238497	9	0	0	0.0	0.000
run1_A_stride	uring	off	warm	stride	16384	250000	2	1	5	5	512	9448	11627	25752	7162	2724692	187911	9	0	0	100.0	0.000
run1_A_stride	pool	off	warm	stride	16384	250000	4	1	0	0	512	5012	6360	15352	6011	797002	642407	9	0	0	0.0	0.000
run1_A_stride	pool_ringloop	off	warm	stride	16384	250000	4	1	0	1	512	3586	4250	7721	4432	2102283	243545	9	0	0	0.0	0.000
run1_A_stride	hybrid	off	warm	stride	16384	250000	4	1	0	2	512	3728	4628	6952	4773	2313462	221313	9	0	0	0.0	0.000
run1_A_stride	hybrid_lazyring	off	warm	stride	16384	250000	4	1	0	3	512	4215	4849	6751	5162	2408427	212587	9	0	0	0.0	0.000
run1_A_stride	uring	off	warm	stride	16384	250000	4	1	0	4	512	14345	15317	30310	5507	2100497	243752	9	0	0	100.0	0.000
run1_A_stride	pooled_pread	off	warm	stride	16384	250000	4	1	0	5	512	18607	53006	239636	27981	4277099	119707	26	0	0	100.0	0.000
run1_A_stride	pool_ringloop	off	warm	stride	16384	250000	4	1	1	0	512	3292	3734	5083	3827	1870998	273651	9	0	0	0.0	0.000
run1_A_stride	hybrid	off	warm	stride	16384	250000	4	1	1	1	512	3329	3740	4160	4222	2017233	253813	9	0	0	0.0	0.000
run1_A_stride	hybrid_lazyring	off	warm	stride	16384	250000	4	1	1	2	512	3777	4504	12125	4676	2181443	234707	9	0	0	0.0	0.000
run1_A_stride	uring	off	warm	stride	16384	250000	4	1	1	3	512	15446	21259	33908	5914	2449436	209028	9	0	0	100.0	0.000
run1_A_stride	pooled_pread	off	warm	stride	16384	250000	4	1	1	4	512	15548	41273	162932	26474	3237580	158143	28	0	0	100.0	0.000
run1_A_stride	pool	off	warm	stride	16384	250000	4	1	1	5	512	4484	5825	7179	5440	712130	718970	9	0	0	0.0	0.000
run1_A_stride	hybrid	off	warm	stride	16384	250000	4	1	2	0	512	3552	4112	5878	4666	2250223	227533	9	0	0	0.0	0.000
run1_A_stride	hybrid_lazyring	off	warm	stride	16384	250000	4	1	2	1	512	3356	3801	5597	4190	1920010	266665	9	0	0	0.0	0.000
run1_A_stride	uring	off	warm	stride	16384	250000	4	1	2	2	512	18235	19360	31716	7041	2661137	192399	9	0	0	100.0	0.000
run1_A_stride	pooled_pread	off	warm	stride	16384	250000	4	1	2	3	512	16664	39583	191429	24680	3293998	155434	24	0	0	100.0	0.000
run1_A_stride	pool	off	warm	stride	16384	250000	4	1	2	4	512	4157	5423	15639	5184	708176	722984	9	0	0	0.0	0.000
run1_A_stride	pool_ringloop	off	warm	stride	16384	250000	4	1	2	5	512	3306	3759	4602	4053	1910564	267984	9	0	0	0.0	0.000
run1_A_stride	hybrid_lazyring	off	warm	stride	16384	250000	4	1	3	0	512	3345	3936	7998	4332	1952104	262281	9	0	0	0.0	0.000
run1_A_stride	uring	off	warm	stride	16384	250000	4	1	3	1	512	19462	22552	38991	7073	2912595	175788	9	0	0	100.0	0.000
run1_A_stride	pooled_pread	off	warm	stride	16384	250000	4	1	3	2	512	15622	34451	142145	24037	3021904	169430	22	0	0	100.0	0.000
run1_A_stride	pool	off	warm	stride	16384	250000	4	1	3	3	512	5060	5892	6766	5693	797124	642309	9	0	0	0.0	0.000
run1_A_stride	pool_ringloop	off	warm	stride	16384	250000	4	1	3	4	512	3411	3907	4728	4304	1970633	259815	9	0	0	0.0	0.000
run1_A_stride	hybrid	off	warm	stride	16384	250000	4	1	3	5	512	3395	3858	10598	4300	2150388	238097	9	0	0	0.0	0.000
run1_A_stride	uring	off	warm	stride	16384	250000	4	1	4	0	512	14384	19160	24734	5998	2177977	235081	9	0	0	100.0	0.000
run1_A_stride	pooled_pread	off	warm	stride	16384	250000	4	1	4	1	512	15892	33578	146369	24207	3137659	163179	21	0	0	100.0	0.000
run1_A_stride	pool	off	warm	stride	16384	250000	4	1	4	2	512	4699	5932	18612	5867	761041	672763	9	0	0	0.0	0.000
run1_A_stride	pool_ringloop	off	warm	stride	16384	250000	4	1	4	3	512	3969	5016	7190	5085	2328948	219842	9	0	0	0.0	0.000
run1_A_stride	hybrid	off	warm	stride	16384	250000	4	1	4	4	512	3357	3746	5999	4535	2019489	253529	9	0	0	0.0	0.000
run1_A_stride	hybrid_lazyring	off	warm	stride	16384	250000	4	1	4	5	512	3336	3796	6959	4258	1908144	268324	9	0	0	0.0	0.000
run1_A_stride	pooled_pread	off	warm	stride	16384	250000	4	1	5	0	512	16868	43482	158061	25785	3535335	144824	24	0	0	100.0	0.000
run1_A_stride	pool	off	warm	stride	16384	250000	4	1	5	1	512	4166	5448	6413	5125	691908	739983	9	0	0	0.0	0.000
run1_A_stride	pool_ringloop	off	warm	stride	16384	250000	4	1	5	2	512	3245	3676	6030	3883	1877954	272637	9	0	0	0.0	0.000
run1_A_stride	hybrid	off	warm	stride	16384	250000	4	1	5	3	512	4187	4958	5741	5211	2528796	202468	9	0	0	0.0	0.000
run1_A_stride	hybrid_lazyring	off	warm	stride	16384	250000	4	1	5	4	512	4421	5092	8601	5290	2531943	202216	9	0	0	0.0	0.000
run1_A_stride	uring	off	warm	stride	16384	250000	4	1	5	5	512	14144	15124	26693	5207	2121054	241389	9	0	0	100.0	0.000
run1_A_stride	pool	off	warm	stride	16384	250000	8	1	0	0	512	5953	6819	20005	6963	625457	818601	9	0	0	0.0	0.000
run1_A_stride	pool_ringloop	off	warm	stride	16384	250000	8	1	0	1	512	3289	3697	6226	3899	1932815	264899	9	0	0	0.0	0.000
run1_A_stride	hybrid	off	warm	stride	16384	250000	8	1	0	2	512	3777	4323	5633	4833	2261439	226405	9	0	0	0.0	0.000
run1_A_stride	hybrid_lazyring	off	warm	stride	16384	250000	8	1	0	3	512	4006	4998	6390	4994	2311490	221502	9	0	0	0.0	0.000
run1_A_stride	uring	off	warm	stride	16384	250000	8	1	0	4	512	30775	34809	52301	5277	2269263	225624	9	0	0	100.0	0.000
run1_A_stride	pooled_pread	off	warm	stride	16384	250000	8	1	0	5	512	24117	173402	706790	30042	4834524	105905	43	0	0	100.0	0.000
run1_A_stride	pool_ringloop	off	warm	stride	16384	250000	8	1	1	0	512	3929	4739	5879	4585	2252786	227274	9	0	0	0.0	0.000
run1_A_stride	hybrid	off	warm	stride	16384	250000	8	1	1	1	512	3614	4543	6214	4831	2225492	230061	9	0	0	0.0	0.000
run1_A_stride	hybrid_lazyring	off	warm	stride	16384	250000	8	1	1	2	512	3561	4134	6660	4612	2067707	247617	9	0	0	0.0	0.000
run1_A_stride	uring	off	warm	stride	16384	250000	8	1	1	3	512	28178	34641	51900	5115	2144843	238712	9	0	0	100.0	0.000
run1_A_stride	pooled_pread	off	warm	stride	16384	250000	8	1	1	4	512	25833	162627	347015	35281	3959237	129318	42	0	0	100.0	0.000
run1_A_stride	pool	off	warm	stride	16384	250000	8	1	1	5	512	5965	6875	17783	6994	659426	776433	9	0	0	0.0	0.000
run1_A_stride	hybrid	off	warm	stride	16384	250000	8	1	2	0	512	3604	4157	5382	4804	2205069	232192	9	0	0	0.0	0.000
run1_A_stride	hybrid_lazyring	off	warm	stride	16384	250000	8	1	2	1	512	4189	5088	6035	5275	2435618	210214	9	0	0	0.0	0.000
run1_A_stride	uring	off	warm	stride	16384	250000	8	1	2	2	512	31161	32979	46896	5830	2323699	220338	9	0	0	100.0	0.000
run1_A_stride	pooled_pread	off	warm	stride	16384	250000	8	1	2	3	512	25334	161446	439193	30223	4036055	126857	36	0	0	100.0	0.000
run1_A_stride	pool	off	warm	stride	16384	250000	8	1	2	4	512	6008	7019	17888	7222	699002	732473	9	0	0	0.0	0.000
run1_A_stride	pool_ringloop	off	warm	stride	16384	250000	8	1	2	5	512	3285	3674	4389	4064	1902587	269107	9	0	0	0.0	0.000
run1_A_stride	hybrid_lazyring	off	warm	stride	16384	250000	8	1	3	0	512	3378	3817	4366	4208	1943915	263386	9	0	0	0.0	0.000
run1_A_stride	uring	off	warm	stride	16384	250000	8	1	3	1	512	32737	38735	52204	6092	2426256	211025	9	0	0	100.0	0.000
run1_A_stride	pooled_pread	off	warm	stride	16384	250000	8	1	3	2	512	22696	165937	395726	34364	3823454	133910	42	0	0	100.0	0.000
run1_A_stride	pool	off	warm	stride	16384	250000	8	1	3	3	512	6545	7295	15550	7543	637618	802989	9	0	0	0.0	0.000
run1_A_stride	pool_ringloop	off	warm	stride	16384	250000	8	1	3	4	512	3372	3908	4402	4234	1958346	261445	9	0	0	0.0	0.000
run1_A_stride	hybrid	off	warm	stride	16384	250000	8	1	3	5	512	3403	3949	5174	4523	2110717	242572	9	0	0	0.0	0.000
run1_A_stride	uring	off	warm	stride	16384	250000	8	1	4	0	512	30872	37172	46309	5452	2326719	220052	9	0	0	100.0	0.000
run1_A_stride	pooled_pread	off	warm	stride	16384	250000	8	1	4	1	512	21968	146033	354321	33457	3629563	141064	38	0	0	100.0	0.000
run1_A_stride	pool	off	warm	stride	16384	250000	8	1	4	2	512	5776	6818	24796	6959	782568	654256	9	0	0	0.0	0.000
run1_A_stride	pool_ringloop	off	warm	stride	16384	250000	8	1	4	3	512	3460	4003	6044	4301	1979893	258600	9	0	0	0.0	0.000
run1_A_stride	hybrid	off	warm	stride	16384	250000	8	1	4	4	512	3377	3756	4651	4286	2079912	246164	9	0	0	0.0	0.000
run1_A_stride	hybrid_lazyring	off	warm	stride	16384	250000	8	1	4	5	512	4382	5273	8024	5315	2503260	204533	9	0	0	0.0	0.000
run1_A_stride	pooled_pread	off	warm	stride	16384	250000	8	1	5	0	512	18192	110120	357530	27404	3093987	165482	32	0	0	100.0	0.000
run1_A_stride	pool	off	warm	stride	16384	250000	8	1	5	1	512	5977	7026	16925	7143	698224	733289	9	0	0	0.0	0.000
run1_A_stride	pool_ringloop	off	warm	stride	16384	250000	8	1	5	2	512	3242	3654	5216	4027	1879740	272378	9	0	0	0.0	0.000
run1_A_stride	hybrid	off	warm	stride	16384	250000	8	1	5	3	512	3685	4590	7390	4774	2264216	226127	9	0	0	0.0	0.000
run1_A_stride	hybrid_lazyring	off	warm	stride	16384	250000	8	1	5	4	512	3387	3795	6462	4148	1994151	256751	9	0	0	0.0	0.000
run1_A_stride	uring	off	warm	stride	16384	250000	8	1	5	5	512	27674	30676	48527	4876	2101907	243588	9	0	0	100.0	0.000
run1_A_stride	pool	off	warm	stride	16384	250000	16	1	0	0	512	6603	7386	17497	7895	650304	787324	9	0	0	0.0	0.000
run1_A_stride	pool_ringloop	off	warm	stride	16384	250000	16	1	0	1	512	3668	4628	7425	4592	2231321	229460	9	0	0	0.0	0.000
run1_A_stride	hybrid	off	warm	stride	16384	250000	16	1	0	2	512	3974	4383	8247	5114	2530878	202301	9	0	0	0.0	0.000
run1_A_stride	hybrid_lazyring	off	warm	stride	16384	250000	16	1	0	3	512	4071	4538	11340	5116	2632805	194469	9	0	0	0.0	0.000
run1_A_stride	uring	off	warm	stride	16384	250000	16	1	0	4	512	54797	68200	75665	4916	2173745	235538	9	0	0	100.0	0.000
run1_A_stride	pooled_pread	off	warm	stride	16384	250000	16	1	0	5	512	37383	380795	1838893	37959	4987835	102650	84	0	0	100.0	0.000
run1_A_stride	pool_ringloop	off	warm	stride	16384	250000	16	1	1	0	512	3312	3707	4611	4254	1983102	258181	9	0	0	0.0	0.000
run1_A_stride	hybrid	off	warm	stride	16384	250000	16	1	1	1	512	3683	4381	8365	4912	2316469	221026	9	0	0	0.0	0.000
run1_A_stride	hybrid_lazyring	off	warm	stride	16384	250000	16	1	1	2	512	3447	3876	7795	4259	1977278	258942	9	0	0	0.0	0.000
run1_A_stride	uring	off	warm	stride	16384	250000	16	1	1	3	512	54432	63289	70040	4687	2104541	243283	9	0	0	100.0	0.000
run1_A_stride	pooled_pread	off	warm	stride	16384	250000	16	1	1	4	512	45546	402851	1078528	39125	5808960	88140	74	0	0	100.0	0.000
run1_A_stride	pool	off	warm	stride	16384	250000	16	1	1	5	512	6536	8315	9406	7835	784419	652712	9	0	0	0.0	0.000
run1_A_stride	hybrid	off	warm	stride	16384	250000	16	1	2	0	512	3445	3822	4889	4532	2175998	235294	9	0	0	0.0	0.000
run1_A_stride	hybrid_lazyring	off	warm	stride	16384	250000	16	1	2	1	512	3461	3889	7022	4316	2015812	253992	9	0	0	0.0	0.000
run1_A_stride	uring	off	warm	stride	16384	250000	16	1	2	2	512	58746	64531	102049	5469	2343018	218522	9	0	0	100.0	0.000
run1_A_stride	pooled_pread	off	warm	stride	16384	250000	16	1	2	3	512	38150	422430	1288153	40397	5100670	100379	86	0	0	100.0	0.000
run1_A_stride	pool	off	warm	stride	16384	250000	16	1	2	4	512	5424	6296	6939	6201	836599	612002	9	0	0	0.0	0.000
run1_A_stride	pool_ringloop	off	warm	stride	16384	250000	16	1	2	5	512	3588	4105	5577	4516	2159547	237087	9	0	0	0.0	0.000
run1_A_stride	hybrid_lazyring	off	warm	stride	16384	250000	16	1	3	0	512	3384	3754	5570	4424	2002852	255635	9	0	0	0.0	0.000
run1_A_stride	uring	off	warm	stride	16384	250000	16	1	3	1	512	56415	77657	86604	5189	2336990	219085	9	0	0	100.0	0.000
run1_A_stride	pooled_pread	off	warm	stride	16384	250000	16	1	3	2	512	41990	496738	1583061	42886	6213375	82403	90	0	0	100.0	0.000
run1_A_stride	pool	off	warm	stride	16384	250000	16	1	3	3	512	6552	7500	14540	7664	657565	778630	9	0	0	0.0	0.000
run1_A_stride	pool_ringloop	off	warm	stride	16384	250000	16	1	3	4	512	3340	3778	5105	4240	2012393	254423	9	0	0	0.0	0.000
run1_A_stride	hybrid	off	warm	stride	16384	250000	16	1	3	5	512	3830	5064	7397	5062	2524606	202804	9	0	0	0.0	0.000
run1_A_stride	uring	off	warm	stride	16384	250000	16	1	4	0	512	52967	54829	66848	4488	2016130	253952	9	0	0	100.0	0.000
run1_A_stride	pooled_pread	off	warm	stride	16384	250000	16	1	4	1	512	40003	389807	1101086	38216	4804163	106574	74	0	0	100.0	0.000
run1_A_stride	pool	off	warm	stride	16384	250000	16	1	4	2	512	6049	7258	17466	7410	815213	628057	9	0	0	0.0	0.000
run1_A_stride	pool_ringloop	off	warm	stride	16384	250000	16	1	4	3	512	3508	4438	6243	4478	2242534	228313	9	0	0	0.0	0.000
run1_A_stride	hybrid	off	warm	stride	16384	250000	16	1	4	4	512	3701	4582	5587	4811	2320206	220670	9	0	0	0.0	0.000
run1_A_stride	hybrid_lazyring	off	warm	stride	16384	250000	16	1	4	5	512	3500	3940	4979	4541	2140418	239206	9	0	0	0.0	0.000
run1_A_stride	pooled_pread	off	warm	stride	16384	250000	16	1	5	0	512	51454	412290	1161395	40136	5072507	100936	68	0	0	100.0	0.000
run1_A_stride	pool	off	warm	stride	16384	250000	16	1	5	1	512	5994	7194	14494	7103	657602	778586	9	0	0	0.0	0.000
run1_A_stride	pool_ringloop	off	warm	stride	16384	250000	16	1	5	2	512	3367	3829	5766	4407	2080644	246078	9	0	0	0.0	0.000
run1_A_stride	hybrid	off	warm	stride	16384	250000	16	1	5	3	512	3577	4123	7664	4904	2311383	221512	9	0	0	0.0	0.000
run1_A_stride	hybrid_lazyring	off	warm	stride	16384	250000	16	1	5	4	512	3562	4175	5317	4650	2180884	234767	9	0	0	0.0	0.000
run1_A_stride	uring	off	warm	stride	16384	250000	16	1	5	5	512	78109	85256	105823	6356	2987319	171391	9	0	0	100.0	0.000
run1_A_stride	pool	off	warm	stride	16384	250000	32	1	0	0	512	6117	7007	15139	7344	848722	603260	9	0	0	0.0	0.000
run1_A_stride	pool_ringloop	off	warm	stride	16384	250000	32	1	0	1	512	3357	3762	9428	4844	2140011	239251	9	0	0	0.0	0.000
run1_A_stride	hybrid	off	warm	stride	16384	250000	32	1	0	2	512	4247	5097	6058	5880	2870985	178336	9	0	0	0.0	0.000
run1_A_stride	hybrid_lazyring	off	warm	stride	16384	250000	32	1	0	3	512	3421	3866	7399	4526	2204095	232295	9	0	0	0.0	0.000
run1_A_stride	uring	off	warm	stride	16384	250000	32	1	0	4	512	111927	136760	150123	5202	2397227	213580	9	0	0	100.0	0.000
run1_A_stride	pooled_pread	off	warm	stride	16384	250000	32	1	0	5	512	92919	911327	2237743	40232	5364227	95447	93	0	0	100.0	0.000
run1_A_stride	pool_ringloop	off	warm	stride	16384	250000	32	1	1	0	512	3568	4198	6279	4917	2339068	218891	9	0	0	0.0	0.000
run1_A_stride	hybrid	off	warm	stride	16384	250000	32	1	1	1	512	3516	4185	5628	4934	2426073	211041	9	0	0	0.0	0.000
run1_A_stride	hybrid_lazyring	off	warm	stride	16384	250000	32	1	1	2	512	3592	4723	7361	5100	2351253	217756	9	0	0	0.0	0.000
run1_A_stride	uring	off	warm	stride	16384	250000	32	1	1	3	512	152455	182458	198921	6678	3112948	164474	9	0	0	100.0	0.000
run1_A_stride	pooled_pread	off	warm	stride	16384	250000	32	1	1	4	512	112730	1098287	2554461	50389	7499640	68270	141	0	0	100.0	0.000
run1_A_stride	pool	off	warm	stride	16384	250000	32	1	1	5	512	4309	5049	7822	5674	2175338	235366	9	0	0	0.0	0.000
run1_A_stride	hybrid	off	warm	stride	16384	250000	32	1	2	0	512	3769	4277	8336	5498	2655579	192802	9	0	0	0.0	0.000
run1_A_stride	hybrid_lazyring	off	warm	stride	16384	250000	32	1	2	1	512	4027	4828	5776	5609	2744903	186528	9	0	0	0.0	0.000
run1_A_stride	uring	off	warm	stride	16384	250000	32	1	2	2	512	129616	163346	186263	6357	2822940	181371	9	0	0	100.0	0.000
run1_A_stride	pooled_pread	off	warm	stride	16384	250000	32	1	2	3	512	102448	1101927	2370496	44005	6338680	80774	97	0	0	100.0	0.000
run1_A_stride	pool	off	warm	stride	16384	250000	32	1	2	4	512	4705	5809	15343	6056	1012008	505925	9	0	0	0.0	0.000
run1_A_stride	pool_ringloop	off	warm	stride	16384	250000	32	1	2	5	512	4175	5017	6077	5521	2822957	181370	9	0	0	0.0	0.000
run1_A_stride	hybrid_lazyring	off	warm	stride	16384	250000	32	1	3	0	512	3689	4106	5731	4917	2339013	218896	9	0	0	0.0	0.000
run1_A_stride	uring	off	warm	stride	16384	250000	32	1	3	1	512	117917	169909	177818	5870	2748969	186252	9	0	0	100.0	0.000
run1_A_stride	pooled_pread	off	warm	stride	16384	250000	32	1	3	2	512	136311	858039	1938975	44944	7404475	69147	91	0	0	100.0	0.000
run1_A_stride	pool	off	warm	stride	16384	250000	32	1	3	3	512	6336	7222	22953	7770	640916	798857	9	0	0	0.0	0.000
run1_A_stride	pool_ringloop	off	warm	stride	16384	250000	32	1	3	4	512	3461	4036	5390	4586	2255809	226970	9	0	0	0.0	0.000
run1_A_stride	hybrid	off	warm	stride	16384	250000	32	1	3	5	512	3356	4156	5498	4547	2252088	227345	9	0	0	0.0	0.000
run1_A_stride	uring	off	warm	stride	16384	250000	32	1	4	0	512	96297	112197	151335	4671	2104848	243248	9	0	0	100.0	0.000
run1_A_stride	pooled_pread	off	warm	stride	16384	250000	32	1	4	1	512	106849	957684	2448356	38917	6192980	82674	117	0	0	100.0	0.000
run1_A_stride	pool	off	warm	stride	16384	250000	32	1	4	2	512	6056	7138	8196	7143	786062	651348	9	0	0	0.0	0.000
run1_A_stride	pool_ringloop	off	warm	stride	16384	250000	32	1	4	3	512	2997	3330	3766	3892	1792000	285714	9	0	0	0.0	0.000
run1_A_stride	hybrid	off	warm	stride	16384	250000	32	1	4	4	512	3807	4491	12552	5403	2576204	198742	9	0	0	0.0	0.000
run1_A_stride	hybrid_lazyring	off	warm	stride	16384	250000	32	1	4	5	512	3480	4253	6823	4797	2358680	217071	9	0	0	0.0	0.000
run1_A_stride	pooled_pread	off	warm	stride	16384	250000	32	1	5	0	512	83209	934554	2390435	37530	6278240	81552	106	0	0	100.0	0.000
run1_A_stride	pool	off	warm	stride	16384	250000	32	1	5	1	512	5678	6571	9123	6668	748946	683627	9	0	0	0.0	0.000
run1_A_stride	pool_ringloop	off	warm	stride	16384	250000	32	1	5	2	512	3385	3941	4883	4864	2179558	234910	9	0	0	0.0	0.000
run1_A_stride	hybrid	off	warm	stride	16384	250000	32	1	5	3	512	3181	3591	4284	4770	2193251	233443	9	0	0	0.0	0.000
run1_A_stride	hybrid_lazyring	off	warm	stride	16384	250000	32	1	5	4	512	3462	4811	7204	5147	2407356	212681	9	0	0	0.0	0.000
run1_A_stride	uring	off	warm	stride	16384	250000	32	1	5	5	512	114908	166002	187916	5355	2427825	210888	9	0	0	100.0	0.000
run1_A_stride	pool	off	warm	stride	16384	250000	64	1	0	0	512	5775	6609	7344	6773	634486	806952	9	0	0	0.0	0.000
run1_A_stride	pool_ringloop	off	warm	stride	16384	250000	64	1	0	1	512	3024	3425	3838	4529	2234097	229175	9	0	0	0.0	0.000
run1_A_stride	hybrid	off	warm	stride	16384	250000	64	1	0	2	512	4230	7147	10330	7106	3567639	143512	9	0	0	0.0	0.000
run1_A_stride	hybrid_lazyring	off	warm	stride	16384	250000	64	1	0	3	512	3868	6525	13626	6170	3064421	167079	9	0	0	0.0	0.000
run1_A_stride	uring	off	warm	stride	16384	250000	64	1	0	4	512	238619	276192	277620	6012	2748699	186270	9	0	0	100.0	0.000
run1_A_stride	pooled_pread	off	warm	stride	16384	250000	64	1	0	5	512	231661	1290428	2866984	40400	6120687	83651	86	0	0	100.0	0.000
run1_A_stride	pool_ringloop	off	warm	stride	16384	250000	64	1	1	0	512	3455	3980	5429	5019	2404629	212923	9	0	0	0.0	0.000
run1_A_stride	hybrid	off	warm	stride	16384	250000	64	1	1	1	512	3877	5486	7997	6154	3066142	166985	9	0	0	0.0	0.000
run1_A_stride	hybrid_lazyring	off	warm	stride	16384	250000	64	1	1	2	512	5867	8037	21981	8583	4347734	117762	9	0	0	0.0	0.000
run1_A_stride	uring	off	warm	stride	16384	250000	64	1	1	3	512	269593	296855	298773	6246	3007132	170262	9	0	0	100.0	0.000
run1_A_stride	pooled_pread	off	warm	stride	16384	250000	64	1	1	4	512	225121	1335724	3066952	35869	5433955	94222	73	0	0	100.0	0.000
run1_A_stride	pool	off	warm	stride	16384	250000	64	1	1	5	512	6757	8253	19187	8440	1049451	487874	9	0	0	0.0	0.000
run1_A_stride	hybrid	off	warm	stride	16384	250000	64	1	2	0	512	3689	4142	6000	5814	2780539	184137	9	0	0	0.0	0.000
run1_A_stride	hybrid_lazyring	off	warm	stride	16384	250000	64	1	2	1	512	3961	5694	14323	6391	3146470	162722	9	0	0	0.0	0.000
run1_A_stride	uring	off	warm	stride	16384	250000	64	1	2	2	512	256921	303766	306089	6422	2988266	171337	9	0	0	100.0	0.000
run1_A_stride	pooled_pread	off	warm	stride	16384	250000	64	1	2	3	512	361145	1995619	3850063	54127	8219096	62294	132	0	0	100.0	0.000
run1_A_stride	pool	off	warm	stride	16384	250000	64	1	2	4	512	6148	7117	19419	7921	770545	664465	9	0	0	0.0	0.000
run1_A_stride	pool_ringloop	off	warm	stride	16384	250000	64	1	2	5	512	3450	3861	4967	5045	2434222	210334	9	0	0	0.0	0.000
run1_A_stride	hybrid_lazyring	off	warm	stride	16384	250000	64	1	3	0	512	3602	3993	4658	5591	2707839	189081	9	0	0	0.0	0.000
run1_A_stride	uring	off	warm	stride	16384	250000	64	1	3	1	512	224997	251981	253878	5700	2709900	188937	9	0	0	100.0	0.000
run1_A_stride	pooled_pread	off	warm	stride	16384	250000	64	1	3	2	512	187740	943153	2322964	33881	4621780	110780	66	0	0	100.0	0.000
run1_A_stride	pool	off	warm	stride	16384	250000	64	1	3	3	512	7459	9204	16779	9190	788974	648944	9	0	0	0.0	0.000
run1_A_stride	pool_ringloop	off	warm	stride	16384	250000	64	1	3	4	512	3472	3918	4774	5634	2647175	193414	9	0	0	0.0	0.000
run1_A_stride	hybrid	off	warm	stride	16384	250000	64	1	3	5	512	4202	5041	9049	7343	3491016	146662	9	0	0	0.0	0.000
run1_A_stride	uring	off	warm	stride	16384	250000	64	1	4	0	512	286506	347613	352055	6928	3315272	154437	9	0	0	100.0	0.000
run1_A_stride	pooled_pread	off	warm	stride	16384	250000	64	1	4	1	512	215218	1280877	3494457	46873	7871024	65049	90	0	0	100.0	0.000
run1_A_stride	pool	off	warm	stride	16384	250000	64	1	4	2	512	7760	10214	21666	9482	1022099	500930	9	0	0	0.0	0.000
run1_A_stride	pool_ringloop	off	warm	stride	16384	250000	64	1	4	3	512	3576	4016	5151	5561	2629481	194715	9	0	0	0.0	0.000
run1_A_stride	hybrid	off	warm	stride	16384	250000	64	1	4	4	512	4302	5861	11534	7242	3644582	140483	9	0	0	0.0	0.000
run1_A_stride	hybrid_lazyring	off	warm	stride	16384	250000	64	1	4	5	512	3834	4413	7222	6086	2840823	180229	9	0	0	0.0	0.000
run1_A_stride	pooled_pread	off	warm	stride	16384	250000	64	1	5	0	512	405672	1358955	2604773	52036	7353805	69624	97	0	0	100.0	0.000
run1_A_stride	pool	off	warm	stride	16384	250000	64	1	5	1	512	6676	7659	17210	8222	719732	711376	9	0	0	0.0	0.000
run1_A_stride	pool_ringloop	off	warm	stride	16384	250000	64	1	5	2	512	3442	3829	4918	5299	2600939	196852	9	0	0	0.0	0.000
run1_A_stride	hybrid	off	warm	stride	16384	250000	64	1	5	3	512	4901	5772	10038	7628	3859920	132645	9	0	0	0.0	0.000
run1_A_stride	hybrid_lazyring	off	warm	stride	16384	250000	64	1	5	4	512	4637	6455	8891	6891	3338249	153374	9	0	0	0.0	0.000
run1_A_stride	uring	off	warm	stride	16384	250000	64	1	5	5	512	229976	277361	279272	5922	2765927	185110	9	0	0	100.0	0.000
run1_A_sweep	pool	off	cold	sweep	16384	16384	1	1	0	0	512	4967	9238	23481	15634	8060072	63523	9	0	0	0.0	0.000
run1_A_sweep	pool_ringloop	off	cold	sweep	16384	16384	1	1	0	1	512	4212	9348	24405	14761	8130458	62973	9	0	0	0.0	0.000
run1_A_sweep	hybrid	off	cold	sweep	16384	16384	1	1	0	2	512	3830	7826	34764	15064	8083287	63341	9	0	0	0.0	0.000
run1_A_sweep	hybrid_lazyring	off	cold	sweep	16384	16384	1	1	0	3	512	3555	9833	27129	14248	7414637	69053	9	0	0	0.0	0.000
run1_A_sweep	uring	off	cold	sweep	16384	16384	1	1	0	4	512	7557	15395	41203	19985	8914179	57437	9	0	0	100.0	0.000
run1_A_sweep	pooled_pread	off	cold	sweep	16384	16384	1	1	0	5	512	20811	24358	211106	37693	16810027	30458	11	0	0	100.0	0.000
run1_A_sweep	pool_ringloop	off	cold	sweep	16384	16384	1	1	1	0	512	3734	7613	26873	14136	7310087	70040	9	0	0	0.0	0.000
run1_A_sweep	hybrid	off	cold	sweep	16384	16384	1	1	1	1	512	3611	7211	27069	14111	7446498	68757	9	0	0	0.0	0.000
run1_A_sweep	hybrid_lazyring	off	cold	sweep	16384	16384	1	1	1	2	512	3496	8575	17653	13780	7075347	72364	9	0	0	0.0	0.000
run1_A_sweep	uring	off	cold	sweep	16384	16384	1	1	1	3	512	6457	14989	51818	18803	8465343	60482	9	0	0	100.0	0.000
run1_A_sweep	pooled_pread	off	cold	sweep	16384	16384	1	1	1	4	512	19073	27514	216963	38130	17677898	28963	12	0	0	100.0	0.000
run1_A_sweep	pool	off	cold	sweep	16384	16384	1	1	1	5	512	3506	6803	16377	13351	6923189	73954	9	0	0	0.0	0.000
run1_A_sweep	hybrid	off	cold	sweep	16384	16384	1	1	2	0	512	3813	7928	21546	15002	7699435	66498	9	0	0	0.0	0.000
run1_A_sweep	hybrid_lazyring	off	cold	sweep	16384	16384	1	1	2	1	512	4143	8059	20977	18281	9597903	53345	9	0	0	0.0	0.000
run1_A_sweep	uring	off	cold	sweep	16384	16384	1	1	2	2	512	6714	12964	78538	19213	8666921	59075	9	0	0	100.0	0.000
run1_A_sweep	pooled_pread	off	cold	sweep	16384	16384	1	1	2	3	512	17195	24047	622009	34209	16681398	30693	11	0	0	100.0	0.000
run1_A_sweep	pool	off	cold	sweep	16384	16384	1	1	2	4	512	3399	7209	17655	12793	6396151	80048	9	0	0	0.0	0.000
run1_A_sweep	pool_ringloop	off	cold	sweep	16384	16384	1	1	2	5	512	3529	6670	15128	12531	6323179	80972	9	0	0	0.0	0.000
run1_A_sweep	hybrid_lazyring	off	cold	sweep	16384	16384	1	1	3	0	512	3971	11423	37342	14168	7375404	69420	9	0	0	0.0	0.000
run1_A_sweep	uring	off	cold	sweep	16384	16384	1	1	3	1	512	5987	13151	43693	18726	8301288	61677	9	0	0	100.0	0.000
run1_A_sweep	pooled_pread	off	cold	sweep	16384	16384	1	1	3	2	512	20693	26673	426899	38840	18294483	27987	11	0	0	100.0	0.000
run1_A_sweep	pool	off	cold	sweep	16384	16384	1	1	3	3	512	3280	6706	22221	12146	6323374	80969	9	0	0	0.0	0.000
run1_A_sweep	pool_ringloop	off	cold	sweep	16384	16384	1	1	3	4	512	4026	5851	19083	16139	8703777	58825	9	0	0	0.0	0.000
run1_A_sweep	hybrid	off	cold	sweep	16384	16384	1	1	3	5	512	3358	7261	25627	13271	6790018	75405	9	0	0	0.0	0.000
run1_A_sweep	uring	off	cold	sweep	16384	16384	1	1	4	0	512	5620	9882	20694	17658	7373561	69437	9	0	0	100.0	0.000
run1_A_sweep	pooled_pread	off	cold	sweep	16384	16384	1	1	4	1	512	19095	24755	473896	36805	17550591	29173	10	0	0	100.0	0.000
run1_A_sweep	pool	off	cold	sweep	16384	16384	1	1	4	2	512	3171	7386	17789	13008	6770047	75627	9	0	0	0.0	0.000
run1_A_sweep	pool_ringloop	off	cold	sweep	16384	16384	1	1	4	3	512	3800	7463	19764	14079	7292914	70205	9	0	0	0.0	0.000
run1_A_sweep	hybrid	off	cold	sweep	16384	16384	1	1	4	4	512	4072	6124	20297	15625	7811373	65545	9	0	0	0.0	0.000
run1_A_sweep	hybrid_lazyring	off	cold	sweep	16384	16384	1	1	4	5	512	4078	6863	22948	16425	8337052	61413	9	0	0	0.0	0.000
run1_A_sweep	pooled_pread	off	cold	sweep	16384	16384	1	1	5	0	512	18678	24830	226438	35776	16275483	31458	11	0	0	100.0	0.000
run1_A_sweep	pool	off	cold	sweep	16384	16384	1	1	5	1	512	3730	5357	18146	13135	7149179	71617	9	0	0	0.0	0.000
run1_A_sweep	pool_ringloop	off	cold	sweep	16384	16384	1	1	5	2	512	3400	7143	18099	12693	6626232	77269	9	0	0	0.0	0.000
run1_A_sweep	hybrid	off	cold	sweep	16384	16384	1	1	5	3	512	3567	7551	15992	12790	6836189	74896	9	0	0	0.0	0.000
run1_A_sweep	hybrid_lazyring	off	cold	sweep	16384	16384	1	1	5	4	512	3673	7208	18823	12780	6620927	77331	9	0	0	0.0	0.000
run1_A_sweep	uring	off	cold	sweep	16384	16384	1	1	5	5	512	5314	10481	36147	16803	7524354	68046	9	0	0	100.0	0.000
run1_A_sweep	pool	off	cold	sweep	16384	16384	2	1	0	0	512	3609	4646	10611	13884	5026691	101856	11	0	0	0.4	0.000
run1_A_sweep	pool_ringloop	off	cold	sweep	16384	16384	2	1	0	1	512	3301	6642	20740	12469	6425575	79682	9	0	0	0.0	0.000
run1_A_sweep	hybrid	off	cold	sweep	16384	16384	2	1	0	2	512	3821	6675	21220	14475	8166209	62697	9	0	0	0.0	0.000
run1_A_sweep	hybrid_lazyring	off	cold	sweep	16384	16384	2	1	0	3	512	3839	7407	19555	15533	7993700	64050	9	0	0	0.0	0.000
run1_A_sweep	uring	off	cold	sweep	16384	16384	2	1	0	4	512	9455	18835	1135554	15700	7750148	66063	9	0	0	100.0	0.000
run1_A_sweep	pooled_pread	off	cold	sweep	16384	16384	2	1	0	5	512	21685	26801	573712	35334	10523153	48655	12	0	0	100.0	0.000
run1_A_sweep	pool_ringloop	off	cold	sweep	16384	16384	2	1	1	0	512	3783	6757	16005	16120	8302030	61672	9	0	0	0.0	0.000
run1_A_sweep	hybrid	off	cold	sweep	16384	16384	2	1	1	1	512	3883	7020	16858	14035	7220950	70905	9	0	0	0.0	0.000
run1_A_sweep	hybrid_lazyring	off	cold	sweep	16384	16384	2	1	1	2	512	3933	6197	15300	15636	8044861	63643	9	0	0	0.0	0.000
run1_A_sweep	uring	off	cold	sweep	16384	16384	2	1	1	3	512	10204	17758	1070590	18262	8563529	59788	9	0	0	100.0	0.000
run1_A_sweep	pooled_pread	off	cold	sweep	16384	16384	2	1	1	4	512	22250	30018	217717	36246	10188788	50251	15	0	0	100.0	0.000
run1_A_sweep	pool	off	cold	sweep	16384	16384	2	1	1	5	512	3477	4224	15330	13499	5194337	98569	11	0	0	0.4	0.000
run1_A_sweep	hybrid	off	cold	sweep	16384	16384	2	1	2	0	512	3272	7676	30175	12778	6587722	77720	9	0	0	0.0	0.000
run1_A_sweep	hybrid_lazyring	off	cold	sweep	16384	16384	2	1	2	1	512	3382	7446	20532	12683	6293211	81358	9	0	0	0.0	0.000
run1_A_sweep	uring	off	cold	sweep	16384	16384	2	1	2	2	512	9782	19567	748974	15172	6629878	77226	9	0	0	100.0	0.000
run1_A_sweep	pooled_pread	off	cold	sweep	16384	16384	2	1	2	3	512	21345	29133	323863	36102	10236675	50016	14	0	0	100.0	0.000
run1_A_sweep	pool	off	cold	sweep	16384	16384	2	1	2	4	512	4035	5978	17649	15201	5678393	90166	11	0	0	0.4	0.000
run1_A_sweep	pool_ringloop	off	cold	sweep	16384	16384	2	1	2	5	512	3334	7473	26093	13137	6824448	75024	9	0	0	0.0	0.000
run1_A_sweep	hybrid_lazyring	off	cold	sweep	16384	16384	2	1	3	0	512	3338	7367	20920	12462	6355630	80558	9	0	0	0.0	0.000
run1_A_sweep	uring	off	cold	sweep	16384	16384	2	1	3	1	512	8247	18133	669452	14462	6255963	81842	9	0	0	100.0	0.000
run1_A_sweep	pooled_pread	off	cold	sweep	16384	16384	2	1	3	2	512	20720	26569	479139	33586	9653433	53038	13	0	0	100.0	0.000
run1_A_sweep	pool	off	cold	sweep	16384	16384	2	1	3	3	512	3473	4430	8153	14501	5237898	97749	11	0	0	0.4	0.000
run1_A_sweep	pool_ringloop	off	cold	sweep	16384	16384	2	1	3	4	512	3465	5421	27003	12644	7374051	69433	9	0	0	0.0	0.000
run1_A_sweep	hybrid	off	cold	sweep	16384	16384	2	1	3	5	512	4133	7023	28602	15722	8132603	62956	9	0	0	0.0	0.000
run1_A_sweep	uring	off	cold	sweep	16384	16384	2	1	4	0	512	10114	21672	679975	15948	7131714	71792	9	0	0	100.0	0.000
run1_A_sweep	pooled_pread	off	cold	sweep	16384	16384	2	1	4	1	512	19926	29666	484985	35027	9367388	54658	15	0	0	100.0	0.000
run1_A_sweep	pool	off	cold	sweep	16384	16384	2	1	4	2	512	4464	5515	17120	15140	5793629	88373	11	0	0	0.4	0.000
run1_A_sweep	pool_ringloop	off	cold	sweep	16384	16384	2	1	4	3	512	3176	7255	18841	12441	6328516	80904	9	0	0	0.0	0.000
run1_A_sweep	hybrid	off	cold	sweep	16384	16384	2	1	4	4	512	3368	7037	18483	13487	6835382	74904	9	0	0	0.0	0.000
run1_A_sweep	hybrid_lazyring	off	cold	sweep	16384	16384	2	1	4	5	512	3793	7502	16379	13570	6781066	75504	9	0	0	0.0	0.000
run1_A_sweep	pooled_pread	off	cold	sweep	16384	16384	2	1	5	0	512	22604	38206	485088	36841	10829238	47279	19	0	0	100.0	0.000
run1_A_sweep	pool	off	cold	sweep	16384	16384	2	1	5	1	512	4515	6411	21581	16353	5682818	90096	11	0	0	0.4	0.000
run1_A_sweep	pool_ringloop	off	cold	sweep	16384	16384	2	1	5	2	512	3438	6445	18596	12972	6581258	77797	9	0	0	0.0	0.000
run1_A_sweep	hybrid	off	cold	sweep	16384	16384	2	1	5	3	512	3439	8201	20461	13263	6876500	74456	9	0	0	0.0	0.000
run1_A_sweep	hybrid_lazyring	off	cold	sweep	16384	16384	2	1	5	4	512	3468	7690	15300	12433	6321701	80991	9	0	0	0.0	0.000
run1_A_sweep	uring	off	cold	sweep	16384	16384	2	1	5	5	512	12619	21352	1053657	16449	7550851	67807	9	0	0	100.0	0.000
run1_A_sweep	pool	off	cold	sweep	16384	16384	4	1	0	0	512	5283	7354	974640	17413	5213887	98199	13	0	0	0.8	0.000
run1_A_sweep	pool_ringloop	off	cold	sweep	16384	16384	4	1	0	1	512	3828	7939	25791	13866	6967073	73489	9	0	0	0.0	0.000
run1_A_sweep	hybrid	off	cold	sweep	16384	16384	4	1	0	2	512	3546	8239	23152	13541	6925983	73925	9	0	0	0.0	0.000
run1_A_sweep	hybrid_lazyring	off	cold	sweep	16384	16384	4	1	0	3	512	3627	7399	17587	12944	6595953	77623	9	0	0	0.0	0.000
run1_A_sweep	uring	off	cold	sweep	16384	16384	4	1	0	4	512	14562	45950	1301428	13482	6347747	80659	9	0	0	100.0	0.000
run1_A_sweep	pooled_pread	off	cold	sweep	16384	16384	4	1	0	5	512	18149	41289	1279680	36072	7026526	72867	22	0	0	100.0	0.000
run1_A_sweep	pool_ringloop	off	cold	sweep	16384	16384	4	1	1	0	512	4031	7334	18387	14494	7422041	68984	9	0	0	0.0	0.000
run1_A_sweep	hybrid	off	cold	sweep	16384	16384	4	1	1	1	512	3604	6705	19136	13519	6959786	73565	9	0	0	0.0	0.000
run1_A_sweep	hybrid_lazyring	off	cold	sweep	16384	16384	4	1	1	2	512	3396	7321	23478	13616	6951804	73650	9	0	0	0.0	0.000
run1_A_sweep	uring	off	cold	sweep	16384	16384	4	1	1	3	512	16741	36436	1331368	13165	6318591	81031	9	0	0	100.0	0.000
run1_A_sweep	pooled_pread	off	cold	sweep	16384	16384	4	1	1	4	512	17075	40961	1323769	36683	7534051	67958	22	0	0	100.0	0.000
run1_A_sweep	pool	off	cold	sweep	16384	16384	4	1	1	5	512	4418	6172	1281450	15774	4962560	103173	13	0	0	0.8	0.000
run1_A_sweep	hybrid	off	cold	sweep	16384	16384	4	1	2	0	512	3463	4566	29940	13190	7298316	70153	9	0	0	0.0	0.000
run1_A_sweep	hybrid_lazyring	off	cold	sweep	16384	16384	4	1	2	1	512	4191	7936	24068	14878	7644026	66980	9	0	0	0.0	0.000
run1_A_sweep	uring	off	cold	sweep	16384	16384	4	1	2	2	512	16229	32967	1333381	13945	6716456	76231	9	0	0	100.0	0.000
run1_A_sweep	pooled_pread	off	cold	sweep	16384	16384	4	1	2	3	512	17205	49728	1229480	34584	7420876	68995	21	0	0	100.0	0.000
run1_A_sweep	pool	off	cold	sweep	16384	16384	4	1	2	4	512	4985	6815	1195259	16902	5397021	94867	13	0	0	0.8	0.000
run1_A_sweep	pool_ringloop	off	cold	sweep	16384	16384	4	1	2	5	512	3382	7200	20495	13064	6660435	76872	9	0	0	0.0	0.000
run1_A_sweep	hybrid_lazyring	off	cold	sweep	16384	16384	4	1	3	0	512	4020	7321	20188	15555	7905400	64766	9	0	0	0.0	0.000
run1_A_sweep	uring	off	cold	sweep	16384	16384	4	1	3	1	512	17958	38915	1212515	13185	6328921	80898	9	0	0	100.0	0.000
run1_A_sweep	pooled_pread	off	cold	sweep	16384	16384	4	1	3	2	512	17008	47249	1040924	36560	8070526	63441	23	0	0	100.0	0.000
run1_A_sweep	pool	off	cold	sweep	16384	16384	4	1	3	3	512	4571	6356	788161	16397	4920286	104059	13	0	0	0.8	0.000
run1_A_sweep	pool_ringloop	off	cold	sweep	16384	16384	4	1	3	4	512	3178	6631	15189	12868	6592561	77663	9	0	0	0.0	0.000
run1_A_sweep	hybrid	off	cold	sweep	16384	16384	4	1	3	5	512	3722	7343	17971	13279	6731719	76058	9	0	0	0.0	0.000
run1_A_sweep	uring	off	cold	sweep	16384	16384	4	1	4	0	512	20339	38807	1393999	15339	6925990	73924	9	0	0	100.0	0.000
run1_A_sweep	pooled_pread	off	cold	sweep	16384	16384	4	1	4	1	512	18521	46941	1299123	32423	7417591	69025	19	0	0	100.0	0.000
run1_A_sweep	pool	off	cold	sweep	16384	16384	4	1	4	2	512	5471	7075	1401685	19050	6386822	80165	13	0	0	1.6	0.000
run1_A_sweep	pool_ringloop	off	cold	sweep	16384	16384	4	1	4	3	512	4581	7445	19209	14863	7549276	67821	9	0	0	0.0	0.000
run1_A_sweep	hybrid	off	cold	sweep	16384	16384	4	1	4	4	512	3736	6913	14966	13265	6764031	75695	9	0	0	0.0	0.000
run1_A_sweep	hybrid_lazyring	off	cold	sweep	16384	16384	4	1	4	5	512	3332	6249	16193	12176	6236234	82101	9	0	0	0.0	0.000
run1_A_sweep	pooled_pread	off	cold	sweep	16384	16384	4	1	5	0	512	18169	47635	1334633	35275	7996609	64027	22	0	0	100.0	0.000
run1_A_sweep	pool	off	cold	sweep	16384	16384	4	1	5	1	512	4817	6354	1267764	16160	5072766	100931	13	0	0	0.8	0.000
run1_A_sweep	pool_ringloop	off	cold	sweep	16384	16384	4	1	5	2	512	3325	7377	19990	12773	6458615	79274	9	0	0	0.0	0.000
run1_A_sweep	hybrid	off	cold	sweep	16384	16384	4	1	5	3	512	3558	7049	18873	12973	6530679	78399	9	0	0	0.0	0.000
run1_A_sweep	hybrid_lazyring	off	cold	sweep	16384	16384	4	1	5	4	512	4126	6559	22184	13581	6947945	73691	9	0	0	0.0	0.000
run1_A_sweep	uring	off	cold	sweep	16384	16384	4	1	5	5	512	16089	46794	1413441	14219	7782527	65788	9	0	0	100.0	0.000
run1_A_sweep	pool	off	cold	sweep	16384	16384	8	1	0	0	512	5988	7878	2836395	19191	4949398	103447	17	0	0	1.6	0.000
run1_A_sweep	pool_ringloop	off	cold	sweep	16384	16384	8	1	0	1	512	3298	6466	15457	12477	6363127	80464	9	0	0	0.0	0.000
run1_A_sweep	hybrid	off	cold	sweep	16384	16384	8	1	0	2	512	3367	7457	18267	12857	6584420	77759	9	0	0	0.0	0.000
run1_A_sweep	hybrid_lazyring	off	cold	sweep	16384	16384	8	1	0	3	512	3329	4259	16222	11703	6957732	73587	9	0	0	0.0	0.000
run1_A_sweep	uring	off	cold	sweep	16384	16384	8	1	0	4	512	32421	98904	1386634	13452	6597402	77606	9	0	0	100.0	0.000
run1_A_sweep	pooled_pread	off	cold	sweep	16384	16384	8	1	0	5	512	20706	185071	1744971	42087	7883298	64947	33	0	0	100.0	0.000
run1_A_sweep	pool_ringloop	off	cold	sweep	16384	16384	8	1	1	0	512	3558	7222	20935	13140	6822859	75042	9	0	0	0.0	0.000
run1_A_sweep	hybrid	off	cold	sweep	16384	16384	8	1	1	1	512	3337	7321	18047	13451	6841997	74832	9	0	0	0.0	0.000
run1_A_sweep	hybrid_lazyring	off	cold	sweep	16384	16384	8	1	1	2	512	3814	8126	22828	14125	7283698	70294	9	0	0	0.0	0.000
run1_A_sweep	uring	off	cold	sweep	16384	16384	8	1	1	3	512	33939	72309	1579400	13555	6449641	79384	9	0	0	100.0	0.000
run1_A_sweep	pooled_pread	off	cold	sweep	16384	16384	8	1	1	4	512	26459	207417	2869076	45467	8419855	60809	40	0	0	100.0	0.000
run1_A_sweep	pool	off	cold	sweep	16384	16384	8	1	1	5	512	6686	8466	2826825	18746	4833540	105927	17	0	0	1.6	0.000
run1_A_sweep	hybrid	off	cold	sweep	16384	16384	8	1	2	0	512	4335	7067	16747	14216	7278641	70343	9	0	0	0.0	0.000
run1_A_sweep	hybrid_lazyring	off	cold	sweep	16384	16384	8	1	2	1	512	4014	5095	16918	15450	8584868	59640	9	0	0	0.0	0.000
run1_A_sweep	uring	off	cold	sweep	16384	16384	8	1	2	2	512	41257	68428	1654154	13809	6860709	74628	9	0	0	100.0	0.000
run1_A_sweep	pooled_pread	off	cold	sweep	16384	16384	8	1	2	3	512	22491	180885	1624374	36124	8664753	59090	36	0	0	100.0	0.000
run1_A_sweep	pool	off	cold	sweep	16384	16384	8	1	2	4	512	4172	5376	2946373	16065	4940230	103639	17	0	0	1.6	0.000
run1_A_sweep	pool_ringloop	off	cold	sweep	16384	16384	8	1	2	5	512	3280	5237	18056	13038	7103658	72076	9	0	0	0.0	0.000
run1_A_sweep	hybrid_lazyring	off	cold	sweep	16384	16384	8	1	3	0	512	3462	6018	33220	11621	6055768	84547	9	0	0	0.0	0.000
run1_A_sweep	uring	off	cold	sweep	16384	16384	8	1	3	1	512	35796	84954	1770714	13714	6854203	74699	9	0	0	100.0	0.000
run1_A_sweep	pooled_pread	off	cold	sweep	16384	16384	8	1	3	2	512	27087	182331	1784119	38792	8095688	63244	40	0	0	100.0	0.000
run1_A_sweep	pool	off	cold	sweep	16384	16384	8	1	3	3	512	5258	6838	2623602	16002	4700456	108926	17	0	0	1.6	0.000
run1_A_sweep	pool_ringloop	off	cold	sweep	16384	16384	8	1	3	4	512	2936	5853	17550	10499	5463798	93708	9	0	0	0.0	0.000
run1_A_sweep	hybrid	off	cold	sweep	16384	16384	8	1	3	5	512	3435	6685	18697	11685	6047750	84660	9	0	0	0.0	0.000
run1_A_sweep	uring	off	cold	sweep	16384	16384	8	1	4	0	512	29348	82861	1214395	11439	5680984	90125	9	0	0	100.0	0.000
run1_A_sweep	pooled_pread	off	cold	sweep	16384	16384	8	1	4	1	512	24061	207043	1981803	37991	8066830	63470	42	0	0	100.0	0.000
run1_A_sweep	pool	off	cold	sweep	16384	16384	8	1	4	2	512	4025	5923	3175237	14816	4682563	109342	17	0	0	1.6	0.000
run1_A_sweep	pool_ringloop	off	cold	sweep	16384	16384	8	1	4	3	512	3294	6573	26123	11329	6056674	84535	9	0	0	0.0	0.000
run1_A_sweep	hybrid	off	cold	sweep	16384	16384	8	1	4	4	512	3554	6770	23632	14080	7275236	70376	9	0	0	0.0	0.000
run1_A_sweep	hybrid_lazyring	off	cold	sweep	16384	16384	8	1	4	5	512	2781	5904	12663	10711	5546519	92310	9	0	0	0.0	0.000
run1_A_sweep	pooled_pread	off	cold	sweep	16384	16384	8	1	5	0	512	19908	174615	824906	31284	5335429	95962	41	0	0	100.0	0.000
run1_A_sweep	pool	off	cold	sweep	16384	16384	8	1	5	1	512	4591	6274	3848957	16278	5142745	99558	17	0	0	1.6	0.000
run1_A_sweep	pool_ringloop	off	cold	sweep	16384	16384	8	1	5	2	512	3287	4625	16676	10923	6579422	77818	9	0	0	0.0	0.000
run1_A_sweep	hybrid	off	cold	sweep	16384	16384	8	1	5	3	512	3136	5324	17395	13000	6645784	77041	9	0	0	0.0	0.000
run1_A_sweep	hybrid_lazyring	off	cold	sweep	16384	16384	8	1	5	4	512	2842	7009	15923	10728	5421356	94441	9	0	0	0.0	0.000
run1_A_sweep	uring	off	cold	sweep	16384	16384	8	1	5	5	512	35610	88946	1246428	11958	6164660	83054	9	0	0	100.0	0.000
run1_A_sweep	pool	off	cold	sweep	16384	16384	16	1	0	0	512	5068	7453	3758754	19805	5528079	92618	25	0	0	3.1	0.000
run1_A_sweep	pool_ringloop	off	cold	sweep	16384	16384	16	1	0	1	512	3178	5883	15965	13534	6993823	73207	9	0	0	0.0	0.000
run1_A_sweep	hybrid	off	cold	sweep	16384	16384	16	1	0	2	512	3264	6107	15054	13133	6875090	74472	9	0	0	0.0	0.000
run1_A_sweep	hybrid_lazyring	off	cold	sweep	16384	16384	16	1	0	3	512	3101	4050	27258	11512	6912521	74068	9	0	0	0.0	0.000
run1_A_sweep	uring	off	cold	sweep	16384	16384	16	1	0	4	512	55932	202959	1138066	10515	5334990	95970	9	0	0	100.0	0.000
run1_A_sweep	pooled_pread	off	cold	sweep	16384	16384	16	1	0	5	512	36171	604587	1910916	50098	8876612	57680	92	0	0	100.0	0.000
run1_A_sweep	pool_ringloop	off	cold	sweep	16384	16384	16	1	1	0	512	3240	6649	18296	12013	6329538	80891	9	0	0	0.0	0.000
run1_A_sweep	hybrid	off	cold	sweep	16384	16384	16	1	1	1	512	2928	7339	20878	11330	5869440	87231	9	0	0	0.0	0.000
run1_A_sweep	hybrid_lazyring	off	cold	sweep	16384	16384	16	1	1	2	512	3865	8768	24053	12829	6600007	77576	9	0	0	0.0	0.000
run1_A_sweep	uring	off	cold	sweep	16384	16384	16	1	1	3	512	70716	170355	1437376	12086	6091185	84056	9	0	0	100.0	0.000
run1_A_sweep	pooled_pread	off	cold	sweep	16384	16384	16	1	1	4	512	48547	686687	2797778	43077	9863102	51911	92	0	0	100.0	0.000
run1_A_sweep	pool	off	cold	sweep	16384	16384	16	1	1	5	512	4834	7353	3049807	19116	5516021	92821	24	0	0	4.7	0.000
run1_A_sweep	hybrid	off	cold	sweep	16384	16384	16	1	2	0	512	3052	5217	15895	12039	6737250	75995	9	0	0	0.0	0.000
run1_A_sweep	hybrid_lazyring	off	cold	sweep	16384	16384	16	1	2	1	512	3027	7082	20021	11658	5980738	85608	9	0	0	0.0	0.000
run1_A_sweep	uring	off	cold	sweep	16384	16384	16	1	2	2	512	77914	158152	1488544	13182	6583759	77767	9	0	0	100.0	0.000
run1_A_sweep	pooled_pread	off	cold	sweep	16384	16384	16	1	2	3	512	77706	676684	2130244	47321	10232430	50037	79	0	0	100.0	0.000
run1_A_sweep	pool	off	cold	sweep	16384	16384	16	1	2	4	512	5300	6693	3161767	19675	5072169	100943	25	0	0	3.1	0.000
run1_A_sweep	pool_ringloop	off	cold	sweep	16384	16384	16	1	2	5	512	3202	7336	16564	12165	6328096	80909	9	0	0	0.0	0.000
run1_A_sweep	hybrid_lazyring	off	cold	sweep	16384	16384	16	1	3	0	512	3090	8189	18518	12016	6241961	82026	9	0	0	0.0	0.000
run1_A_sweep	uring	off	cold	sweep	16384	16384	16	1	3	1	512	93483	224124	1234379	13045	6401813	79977	9	0	0	100.0	0.000
run1_A_sweep	pooled_pread	off	cold	sweep	16384	16384	16	1	3	2	512	34314	553046	2559170	40620	8357170	61265	74	0	0	100.0	0.000
run1_A_sweep	pool	off	cold	sweep	16384	16384	16	1	3	3	512	5058	7566	3751789	19746	5388621	95015	25	0	0	3.1	0.000
run1_A_sweep	pool_ringloop	off	cold	sweep	16384	16384	16	1	3	4	512	3336	6576	20754	13937	7234138	70776	9	0	0	0.0	0.000
run1_A_sweep	hybrid	off	cold	sweep	16384	16384	16	1	3	5	512	2999	6922	21171	11882	6154798	83187	9	0	0	0.0	0.000
run1_A_sweep	uring	off	cold	sweep	16384	16384	16	1	4	0	512	71032	170041	1263712	12768	6123741	83609	9	0	0	100.0	0.000
run1_A_sweep	pooled_pread	off	cold	sweep	16384	16384	16	1	4	1	512	32807	408531	2748617	39635	8635181	59292	74	0	0	100.0	0.000
run1_A_sweep	pool	off	cold	sweep	16384	16384	16	1	4	2	512	5391	8740	3867938	23747	6135013	83455	35	0	0	7.4	0.000
run1_A_sweep	pool_ringloop	off	cold	sweep	16384	16384	16	1	4	3	512	3354	7700	16688	12052	6315984	81064	9	0	0	0.0	0.000
run1_A_sweep	hybrid	off	cold	sweep	16384	16384	16	1	4	4	512	3121	6897	17532	11065	5792581	88389	9	0	0	0.0	0.000
run1_A_sweep	hybrid_lazyring	off	cold	sweep	16384	16384	16	1	4	5	512	2901	9169	708465	11896	6904705	74152	9	0	0	3.3	0.000
run1_A_sweep	pooled_pread	off	cold	sweep	16384	16384	16	1	5	0	512	36872	542258	4120202	41961	10812781	47351	62	0	0	100.0	0.000
run1_A_sweep	pool	off	cold	sweep	16384	16384	16	1	5	1	512	5057	6429	4059125	19393	6158509	83137	25	0	0	3.1	0.000
run1_A_sweep	pool_ringloop	off	cold	sweep	16384	16384	16	1	5	2	512	3260	6527	16334	12549	6533090	78370	9	0	0	0.0	0.000
run1_A_sweep	hybrid	off	cold	sweep	16384	16384	16	1	5	3	512	3700	5648	17020	12001	6062682	84451	9	0	0	0.0	0.000
run1_A_sweep	hybrid_lazyring	off	cold	sweep	16384	16384	16	1	5	4	512	3086	6807	22216	11902	5818778	87991	9	0	0	0.0	0.000
run1_A_sweep	uring	off	cold	sweep	16384	16384	16	1	5	5	512	77325	193721	1433369	13849	6853014	74712	9	0	0	100.0	0.000
run1_A_sweep	pool	off	cold	sweep	16384	16384	32	1	0	0	512	4854	9089	4686160	22719	6102465	83901	41	0	0	6.2	0.000
run1_A_sweep	pool_ringloop	off	cold	sweep	16384	16384	32	1	0	1	512	2893	7424	17470	11859	6170035	82982	9	0	0	0.0	0.000
run1_A_sweep	hybrid	off	cold	sweep	16384	16384	32	1	0	2	512	3523	8382	25974	13765	7172476	71384	9	0	0	0.0	0.000
run1_A_sweep	hybrid_lazyring	off	cold	sweep	16384	16384	32	1	0	3	512	3643	7709	16280	13698	7048575	72639	9	0	0	0.0	0.000
run1_A_sweep	uring	off	cold	sweep	16384	16384	32	1	0	4	512	164180	1254476	1518653	12746	6634458	77173	9	0	0	100.0	0.000
run1_A_sweep	pooled_pread	off	cold	sweep	16384	16384	32	1	0	5	512	492329	2260870	4557119	63415	16079909	31841	146	0	0	100.0	0.000
run1_A_sweep	pool_ringloop	off	cold	sweep	16384	16384	32	1	1	0	512	3237	6861	17147	12927	6517778	78554	9	0	0	0.0	0.000
run1_A_sweep	hybrid	off	cold	sweep	16384	16384	32	1	1	1	512	4043	6557	22397	15425	8492907	60286	9	0	0	0.0	0.000
run1_A_sweep	hybrid_lazyring	off	cold	sweep	16384	16384	32	1	1	2	512	3763	6169	23463	14342	7807356	65579	9	0	0	0.0	0.000
run1_A_sweep	uring	off	cold	sweep	16384	16384	32	1	1	3	512	205508	1233022	3459594	13868	8706820	58804	9	0	0	100.0	0.000
run1_A_sweep	pooled_pread	off	cold	sweep	16384	16384	32	1	1	4	512	167184	1272675	3126382	50473	9207028	55610	115	0	0	100.0	0.000
run1_A_sweep	pool	off	cold	sweep	16384	16384	32	1	1	5	512	4853	6560	4472135	23604	6172340	82951	40	0	0	6.2	0.000
run1_A_sweep	hybrid	off	cold	sweep	16384	16384	32	1	2	0	512	4009	7332	32311	14444	7455510	68674	9	0	0	0.0	0.000
run1_A_sweep	hybrid_lazyring	off	cold	sweep	16384	16384	32	1	2	1	512	3718	7428	23693	13702	7900012	64810	9	0	0	0.0	0.000
run1_A_sweep	uring	off	cold	sweep	16384	16384	32	1	2	2	512	183207	1790510	1836598	14245	7078160	72335	9	0	0	100.0	0.000
run1_A_sweep	pooled_pread	off	cold	sweep	16384	16384	32	1	2	3	512	115469	1385779	2326393	54565	9250937	55346	114	0	0	100.0	0.000
run1_A_sweep	pool	off	cold	sweep	16384	16384	32	1	2	4	512	5675	8256	4269762	25569	5978502	85640	44	0	0	6.8	0.000
run1_A_sweep	pool_ringloop	off	cold	sweep	16384	16384	32	1	2	5	512	3208	7742	34488	12387	6582424	77783	9	0	0	0.0	0.000
run1_A_sweep	hybrid_lazyring	off	cold	sweep	16384	16384	32	1	3	0	512	3221	7536	23584	12422	6468608	79151	9	0	0	0.0	0.000
run1_A_sweep	uring	off	cold	sweep	16384	16384	32	1	3	1	512	185123	1259427	1375836	11957	6334175	80831	9	0	0	100.0	0.000
run1_A_sweep	pooled_pread	off	cold	sweep	16384	16384	32	1	3	2	512	203809	1470772	3676344	56623	10594640	48326	107	0	0	100.0	0.000
run1_A_sweep	pool	off	cold	sweep	16384	16384	32	1	3	3	512	5330	282625	3519175	25990	5579219	91769	44	0	0	11.7	0.000
run1_A_sweep	pool_ringloop	off	cold	sweep	16384	16384	32	1	3	4	512	3099	7596	16863	13172	6774130	75582	9	0	0	0.0	0.000
run1_A_sweep	hybrid	off	cold	sweep	16384	16384	32	1	3	5	512	5099	11649	27081	17116	9045780	56601	9	0	0	0.0	0.000
run1_A_sweep	uring	off	cold	sweep	16384	16384	32	1	4	0	512	290496	1968178	2040822	17054	9897889	51728	9	0	0	100.0	0.000
run1_A_sweep	pooled_pread	off	cold	sweep	16384	16384	32	1	4	1	512	272405	1706118	3436985	67430	11417620	44843	103	0	0	100.0	0.000
run1_A_sweep	pool	off	cold	sweep	16384	16384	32	1	4	2	512	5424	10790	3503767	26671	5473615	93540	42	0	0	6.8	0.000
run1_A_sweep	pool_ringloop	off	cold	sweep	16384	16384	32	1	4	3	512	3621	8425	19199	13879	7149911	71609	9	0	0	0.0	0.000
run1_A_sweep	hybrid	off	cold	sweep	16384	16384	32	1	4	4	512	3976	8770	17245	14251	7895030	64851	9	0	0	0.0	0.000
run1_A_sweep	hybrid_lazyring	off	cold	sweep	16384	16384	32	1	4	5	512	4077	8699	27619	14189	7262633	70498	9	0	0	0.0	0.000
run1_A_sweep	pooled_pread	off	cold	sweep	16384	16384	32	1	5	0	512	236183	1477268	2801977	61475	10531934	48614	96	0	0	100.0	0.000
run1_A_sweep	pool	off	cold	sweep	16384	16384	32	1	5	1	512	7156	11278	3299046	28000	5630666	90931	38	0	0	6.2	0.000
run1_A_sweep	pool_ringloop	off	cold	sweep	16384	16384	32	1	5	2	512	3689	5633	27778	14405	8002354	63981	9	0	0	0.0	0.000
run1_A_sweep	hybrid	off	cold	sweep	16384	16384	32	1	5	3	512	3593	7313	18688	13692	6849422	74751	9	0	0	0.0	0.000
run1_A_sweep	hybrid_lazyring	off	cold	sweep	16384	16384	32	1	5	4	512	3749	8402	22144	13690	6830094	74962	9	0	0	0.0	0.000
run1_A_sweep	uring	off	cold	sweep	16384	16384	32	1	5	5	512	203818	1522895	1734096	13868	6940361	73771	9	0	0	100.0	0.000
run1_A_sweep	pool	off	cold	sweep	16384	16384	64	1	0	0	512	5060	1832941	4250041	30765	6303533	81224	58	0	0	10.5	0.000
run1_A_sweep	pool_ringloop	off	cold	sweep	16384	16384	64	1	0	1	512	3363	7042	15604	13394	6867019	74559	9	0	0	0.0	0.000
run1_A_sweep	hybrid	off	cold	sweep	16384	16384	64	1	0	2	512	4259	8535	28462	17320	8883608	57634	9	0	0	0.0	0.000
run1_A_sweep	hybrid_lazyring	off	cold	sweep	16384	16384	64	1	0	3	512	4915	8942	21840	16488	8507897	60179	9	0	0	0.0	0.000
run1_A_sweep	uring	off	cold	sweep	16384	16384	64	1	0	4	512	612562	1805859	1807694	15654	8288817	61770	9	0	0	100.0	0.000
run1_A_sweep	pooled_pread	off	cold	sweep	16384	16384	64	1	0	5	512	287089	2498486	3532140	59790	9527341	53740	114	0	0	100.0	0.000
run1_A_sweep	pool_ringloop	off	cold	sweep	16384	16384	64	1	1	0	512	4097	8250	27880	15036	7738573	66162	9	0	0	0.0	0.000
run1_A_sweep	hybrid	off	cold	sweep	16384	16384	64	1	1	1	512	3909	9892	44359	15304	8056358	63552	9	0	0	0.0	0.000
run1_A_sweep	hybrid_lazyring	off	cold	sweep	16384	16384	64	1	1	2	512	3840	8665	24738	15115	7893103	64867	9	0	0	0.0	0.000
run1_A_sweep	uring	off	cold	sweep	16384	16384	64	1	1	3	512	601741	2148896	2150790	16468	8514585	60132	9	0	0	100.0	0.000
run1_A_sweep	pooled_pread	off	cold	sweep	16384	16384	64	1	1	4	512	489939	2588438	3493359	62228	10662802	48017	129	0	0	100.0	0.000
run1_A_sweep	pool	off	cold	sweep	16384	16384	64	1	1	5	512	5412	14961	3091174	25483	5105800	100278	48	0	0	8.2	0.000
run1_A_sweep	hybrid	off	cold	sweep	16384	16384	64	1	2	0	512	3283	9453	22287	13405	6891072	74299	9	0	0	0.0	0.000
run1_A_sweep	hybrid_lazyring	off	cold	sweep	16384	16384	64	1	2	1	512	3855	10322	22851	14155	7279288	70337	9	0	0	0.0	0.000
run1_A_sweep	uring	off	cold	sweep	16384	16384	64	1	2	2	512	752847	1496192	1500577	12744	6629738	77228	9	0	0	100.0	0.000
run1_A_sweep	pooled_pread	off	cold	sweep	16384	16384	64	1	2	3	512	384787	3324498	4545979	56073	12528293	40867	129	0	0	100.0	0.000
run1_A_sweep	pool	off	cold	sweep	16384	16384	64	1	2	4	512	4949	1384821	3949646	29275	5958972	85921	60	0	0	12.3	0.000
run1_A_sweep	pool_ringloop	off	cold	sweep	16384	16384	64	1	2	5	512	2936	6977	13430	11485	5957632	85940	9	0	0	0.0	0.000
run1_A_sweep	hybrid_lazyring	off	cold	sweep	16384	16384	64	1	3	0	512	4025	7120	17345	14082	7324319	69904	9	0	0	0.0	0.000
run1_A_sweep	uring	off	cold	sweep	16384	16384	64	1	3	1	512	844945	1797708	1801658	14427	7794290	65689	9	0	0	100.0	0.000
run1_A_sweep	pooled_pread	off	cold	sweep	16384	16384	64	1	3	2	512	1194158	4302976	9199634	72140	19470392	26296	159	0	0	100.0	0.000
run1_A_sweep	pool	off	cold	sweep	16384	16384	64	1	3	3	512	5835	14886	2906055	24374	4638277	110386	43	0	0	8.6	0.000
run1_A_sweep	pool_ringloop	off	cold	sweep	16384	16384	64	1	3	4	512	3717	6219	23468	14268	7635791	67053	9	0	0	0.0	0.000
run1_A_sweep	hybrid	off	cold	sweep	16384	16384	64	1	3	5	512	4390	8174	19369	14678	8150487	62818	9	0	0	0.0	0.000
run1_A_sweep	uring	off	cold	sweep	16384	16384	64	1	4	0	512	498854	2921019	2923181	14015	7933131	64539	9	0	0	100.0	0.000
run1_A_sweep	pooled_pread	off	cold	sweep	16384	16384	64	1	4	1	512	415683	2130868	3951156	53804	9710383	52727	129	0	0	100.0	0.000
run1_A_sweep	pool	off	cold	sweep	16384	16384	64	1	4	2	512	4490	17621	3928980	24705	6322376	80982	47	0	0	8.2	0.000
run1_A_sweep	pool_ringloop	off	cold	sweep	16384	16384	64	1	4	3	512	3404	6920	18590	14951	7619275	67198	9	0	0	0.0	0.000
run1_A_sweep	hybrid	off	cold	sweep	16384	16384	64	1	4	4	512	3977	9508	20923	14901	7807437	65578	9	0	0	0.0	0.000
run1_A_sweep	hybrid_lazyring	off	cold	sweep	16384	16384	64	1	4	5	512	4643	8946	30428	16814	8577450	59691	9	0	0	0.0	0.000
run1_A_sweep	pooled_pread	off	cold	sweep	16384	16384	64	1	5	0	512	530102	2546755	5060966	53856	11287811	45359	120	0	0	100.0	0.000
run1_A_sweep	pool	off	cold	sweep	16384	16384	64	1	5	1	512	4251	27966	3508204	26390	5856324	87427	53	0	0	9.4	0.000
run1_A_sweep	pool_ringloop	off	cold	sweep	16384	16384	64	1	5	2	512	3140	7477	20476	12449	6433062	79589	9	0	0	0.0	0.000
run1_A_sweep	hybrid	off	cold	sweep	16384	16384	64	1	5	3	512	3743	9426	20798	13564	7038535	72742	9	0	0	0.0	0.000
run1_A_sweep	hybrid_lazyring	off	cold	sweep	16384	16384	64	1	5	4	512	3252	9907	24382	12799	6499332	78777	9	0	0	0.0	0.000
run1_A_sweep	uring	off	cold	sweep	16384	16384	64	1	5	5	512	767567	2034303	2036770	15752	8194959	62477	9	0	0	100.0	0.000
run1_A_sweep	pool	off	warm	sweep	16384	16384	1	1	0	0	512	3593	4254	5431	4419	2090329	244938	9	0	0	0.0	0.000
run1_A_sweep	pool_ringloop	off	warm	sweep	16384	16384	1	1	0	1	512	3012	3433	5527	3775	1738397	294524	9	0	0	0.0	0.000
run1_A_sweep	hybrid	off	warm	sweep	16384	16384	1	1	0	2	512	3037	3607	4546	3900	1932456	264948	9	0	0	0.0	0.000
run1_A_sweep	hybrid_lazyring	off	warm	sweep	16384	16384	1	1	0	3	512	2970	3346	5556	3599	1738114	294572	9	0	0	0.0	0.000
run1_A_sweep	uring	off	warm	sweep	16384	16384	1	1	0	4	512	6816	7302	15780	11481	3630447	141029	9	0	0	100.0	0.000
run1_A_sweep	pooled_pread	off	warm	sweep	16384	16384	1	1	0	5	512	16739	19486	38097	23813	9440745	54233	10	0	0	100.0	0.000
run1_A_sweep	pool_ringloop	off	warm	sweep	16384	16384	1	1	1	0	512	3232	3816	5375	3913	1863406	274766	9	0	0	0.0	0.000
run1_A_sweep	hybrid	off	warm	sweep	16384	16384	1	1	1	1	512	2936	3424	5091	3851	1801562	284198	9	0	0	0.0	0.000
run1_A_sweep	hybrid_lazyring	off	warm	sweep	16384	16384	1	1	1	2	512	2827	3202	3946	3476	1644138	311409	9	0	0	0.0	0.000
run1_A_sweep	uring	off	warm	sweep	16384	16384	1	1	1	3	512	3956	5443	6098	7718	2426506	211003	9	0	0	100.0	0.000
run1_A_sweep	pooled_pread	off	warm	sweep	16384	16384	1	1	1	4	512	18432	20091	51265	25216	9816148	52159	10	0	0	100.0	0.000
run1_A_sweep	pool	off	warm	sweep	16384	16384	1	1	1	5	512	2843	3190	4477	3465	1664788	307547	9	0	0	0.0	0.000
run1_A_sweep	hybrid	off	warm	sweep	16384	16384	1	1	2	0	512	3410	3958	9585	4398	2055893	249040	9	0	0	0.0	0.000
run1_A_sweep	hybrid_lazyring	off	warm	sweep	16384	16384	1	1	2	1	512	2929	3364	4639	3496	1691640	302665	9	0	0	0.0	0.000
run1_A_sweep	uring	off	warm	sweep	16384	16384	1	1	2	2	512	5365	5950	9851	8914	2962689	172816	9	0	0	100.0	0.000
run1_A_sweep	pooled_pread	off	warm	sweep	16384	16384	1	1	2	3	512	16905	19720	53720	24501	11740536	43610	10	0	0	100.0	0.000
run1_A_sweep	pool	off	warm	sweep	16384	16384	1	1	2	4	512	3022	3618	4892	3724	1799246	284564	9	0	0	0.0	0.000
run1_A_sweep	pool_ringloop	off	warm	sweep	16384	16384	1	1	2	5	512	2898	3248	5187	3581	1660667	308310	9	0	0	0.0	0.000
run1_A_sweep	hybrid_lazyring	off	warm	sweep	16384	16384	1	1	3	0	512	3077	3700	8430	3842	1840966	278115	9	0	0	0.0	0.000
run1_A_sweep	uring	off	warm	sweep	16384	16384	1	1	3	1	512	4943	6869	9133	9419	2978030	171926	9	0	0	100.0	0.000
run1_A_sweep	pooled_pread	off	warm	sweep	16384	16384	1	1	3	2	512	18454	21088	42452	25860	9963358	51388	11	0	0	100.0	0.000
run1_A_sweep	pool	off	warm	sweep	16384	16384	1	1	3	3	512	2928	3291	4539	3583	1678935	304955	9	0	0	0.0	0.000
run1_A_sweep	pool_ringloop	off	warm	sweep	16384	16384	1	1	3	4	512	2830	3215	4381	3505	1678738	304991	9	0	0	0.0	0.000
run1_A_sweep	hybrid	off	warm	sweep	16384	16384	1	1	3	5	512	2825	3190	4116	3708	1751716	292285	9	0	0	0.0	0.000
run1_A_sweep	uring	off	warm	sweep	16384	16384	1	1	4	0	512	5182	6460	16347	9044	2990956	171183	9	0	0	100.0	0.000
run1_A_sweep	pooled_pread	off	warm	sweep	16384	16384	1	1	4	1	512	19738	20949	42243	27445	10341770	49508	10	0	0	100.0	0.000
run1_A_sweep	pool	off	warm	sweep	16384	16384	1	1	4	2	512	3071	3936	6164	3774	1846466	277286	9	0	0	0.0	0.000
run1_A_sweep	pool_ringloop	off	warm	sweep	16384	16384	1	1	4	3	512	3094	3912	4904	3708	1773878	288633	9	0	0	0.0	0.000
run1_A_sweep	hybrid	off	warm	sweep	16384	16384	1	1	4	4	512	2921	3336	4932	4007	1786675	286566	9	0	0	0.0	0.000
run1_A_sweep	hybrid_lazyring	off	warm	sweep	16384	16384	1	1	4	5	512	2881	3406	4908	3721	1741988	293917	9	0	0	0.0	0.000
run1_A_sweep	pooled_pread	off	warm	sweep	16384	16384	1	1	5	0	512	18606	23945	71062	26384	10649308	48078	11	0	0	100.0	0.000
run1_A_sweep	pool	off	warm	sweep	16384	16384	1	1	5	1	512	2861	3179	3438	3442	1635816	312994	9	0	0	0.0	0.000
run1_A_sweep	pool_ringloop	off	warm	sweep	16384	16384	1	1	5	2	512	3599	4451	7350	4383	2070178	247322	9	0	0	0.0	0.000
run1_A_sweep	hybrid	off	warm	sweep	16384	16384	1	1	5	3	512	3022	3809	5519	4060	1948515	262764	9	0	0	0.0	0.000
run1_A_sweep	hybrid_lazyring	off	warm	sweep	16384	16384	1	1	5	4	512	3588	4410	22872	5010	2468189	207440	9	0	0	0.0	0.000
run1_A_sweep	uring	off	warm	sweep	16384	16384	1	1	5	5	512	7017	7721	15042	12157	3864079	132502	9	0	0	100.0	0.000
run1_A_sweep	pool	off	warm	sweep	16384	16384	2	1	0	0	512	3186	3643	5287	3990	970651	527481	9	0	0	0.0	0.000
run1_A_sweep	pool_ringloop	off	warm	sweep	16384	16384	2	1	0	1	512	2917	3312	4740	3649	1673557	305935	9	0	0	0.0	0.000
run1_A_sweep	hybrid	off	warm	sweep	16384	16384	2	1	0	2	512	2864	3230	3577	3691	1728477	296215	9	0	0	0.0	0.000
run1_A_sweep	hybrid_lazyring	off	warm	sweep	16384	16384	2	1	0	3	512	2864	3214	3740	3561	1670397	306514	9	0	0	0.0	0.000
run1_A_sweep	uring	off	warm	sweep	16384	16384	2	1	0	4	512	9287	10151	37227	8148	2819241	181609	9	0	0	100.0	0.000
run1_A_sweep	pooled_pread	off	warm	sweep	16384	16384	2	1	0	5	512	17514	22038	70803	21013	5429332	94303	14	0	0	100.0	0.000
run1_A_sweep	pool_ringloop	off	warm	sweep	16384	16384	2	1	1	0	512	2836	3174	3584	3564	1658133	308781	9	0	0	0.0	0.000
run1_A_sweep	hybrid	off	warm	sweep	16384	16384	2	1	1	1	512	3221	4246	5652	4225	2056044	249022	9	0	0	0.0	0.000
run1_A_sweep	hybrid_lazyring	off	warm	sweep	16384	16384	2	1	1	2	512	3371	4943	5904	4375	2047081	250112	9	0	0	0.0	0.000
run1_A_sweep	uring	off	warm	sweep	16384	16384	2	1	1	3	512	7100	7841	15776	6265	2107958	242889	9	0	0	100.0	0.000
run1_A_sweep	pooled_pread	off	warm	sweep	16384	16384	2	1	1	4	512	18842	24960	53214	22509	5301923	96569	15	0	0	100.0	0.000
run1_A_sweep	pool	off	warm	sweep	16384	16384	2	1	1	5	512	3181	3613	4600	3876	944694	541974	9	0	0	0.0	0.000
run1_A_sweep	hybrid	off	warm	sweep	16384	16384	2	1	2	0	512	2845	3221	4031	3797	1766356	289862	9	0	0	0.0	0.000
run1_A_sweep	hybrid_lazyring	off	warm	sweep	16384	16384	2	1	2	1	512	2934	3562	4724	3675	1750832	292432	9	0	0	0.0	0.000
run1_A_sweep	uring	off	warm	sweep	16384	16384	2	1	2	2	512	6971	9083	17539	6745	2225375	230074	9	0	0	100.0	0.000
run1_A_sweep	pooled_pread	off	warm	sweep	16384	16384	2	1	2	3	512	17570	21342	78027	21117	5054089	101304	13	0	0	100.0	0.000
run1_A_sweep	pool	off	warm	sweep	16384	16384	2	1	2	4	512	4231	4674	8446	4974	1232158	415531	9	0	0	0.0	0.000
run1_A_sweep	pool_ringloop	off	warm	sweep	16384	16384	2	1	2	5	512	2911	3260	3897	3602	1693070	302409	9	0	0	0.0	0.000
run1_A_sweep	hybrid_lazyring	off	warm	sweep	16384	16384	2	1	3	0	512	3048	3485	4470	3761	1792416	285648	9	0	0	0.0	0.000
run1_A_sweep	uring	off	warm	sweep	16384	16384	2	1	3	1	512	6877	7235	15641	6075	2037203	251325	9	0	0	100.0	0.000
run1_A_sweep	pooled_pread	off	warm	sweep	16384	16384	2	1	3	2	512	17497	21688	51663	21152	4887765	104751	14	0	0	100.0	0.000
run1_A_sweep	pool	off	warm	sweep	16384	16384	2	1	3	3	512	3653	4567	5836	4588	1133669	451631	9	0	0	0.0	0.000
run1_A_sweep	pool_ringloop	off	warm	sweep	16384	16384	2	1	3	4	512	2964	3369	7225	3682	1756335	291516	9	0	0	0.0	0.000
run1_A_sweep	hybrid	off	warm	sweep	16384	16384	2	1	3	5	512	2861	3234	3819	3602	1765644	289979	9	0	0	0.0	0.000
run1_A_sweep	uring	off	warm	sweep	16384	16384	2	1	4	0	512	6511	7864	17272	5968	1981062	258447	9	0	0	100.0	0.000
run1_A_sweep	pooled_pread	off	warm	sweep	16384	16384	2	1	4	1	512	19170	23676	94539	21909	6049899	84630	14	0	0	100.0	0.000
run1_A_sweep	pool	off	warm	sweep	16384	16384	2	1	4	2	512	3211	3647	4551	3791	957760	534581	9	0	0	0.0	0.000
run1_A_sweep	pool_ringloop	off	warm	sweep	16384	16384	2	1	4	3	512	2958	3817	6023	3606	1749245	292698	9	0	0	0.0	0.000
run1_A_sweep	hybrid	off	warm	sweep	16384	16384	2	1	4	4	512	2889	3181	3456	3697	1768935	289440	9	0	0	0.0	0.000
run1_A_sweep	hybrid_lazyring	off	warm	sweep	16384	16384	2	1	4	5	512	3019	3507	4960	3740	1767476	289679	9	0	0	0.0	0.000
run1_A_sweep	pooled_pread	off	warm	sweep	16384	16384	2	1	5	0	512	17525	21929	69609	20885	5161923	99188	14	0	0	100.0	0.000
run1_A_sweep	pool	off	warm	sweep	16384	16384	2	1	5	1	512	3791	4544	6916	4636	1145143	447106	9	0	0	0.0	0.000
run1_A_sweep	pool_ringloop	off	warm	sweep	16384	16384	2	1	5	2	512	3351	4059	6543	4032	1978513	258780	9	0	0	0.0	0.000
run1_A_sweep	hybrid	off	warm	sweep	16384	16384	2	1	5	3	512	2963	3532	4444	3924	1849111	276890	9	0	0	0.0	0.000
run1_A_sweep	hybrid_lazyring	off	warm	sweep	16384	16384	2	1	5	4	512	3046	3802	5530	3881	1833687	279219	9	0	0	0.0	0.000
run1_A_sweep	uring	off	warm	sweep	16384	16384	2	1	5	5	512	6815	9313	18861	6171	2135274	239782	9	0	0	100.0	0.000
run1_A_sweep	pool	off	warm	sweep	16384	16384	4	1	0	0	512	4254	5163	6793	5120	688701	743429	9	0	0	0.0	0.000
run1_A_sweep	pool_ringloop	off	warm	sweep	16384	16384	4	1	0	1	512	2887	3386	5446	3709	1677208	305269	9	0	0	0.0	0.000
run1_A_sweep	hybrid	off	warm	sweep	16384	16384	4	1	0	2	512	2915	3338	4558	3886	1820377	281260	9	0	0	0.0	0.000
run1_A_sweep	hybrid_lazyring	off	warm	sweep	16384	16384	4	1	0	3	512	2907	3282	4964	3758	1680494	304672	9	0	0	0.0	0.000
run1_A_sweep	uring	off	warm	sweep	16384	16384	4	1	0	4	512	11908	14858	22699	5282	1904174	268883	9	0	0	100.0	0.000
run1_A_sweep	pooled_pread	off	warm	sweep	16384	16384	4	1	0	5	512	16089	34747	150124	21501	2972380	172253	21	0	0	100.0	0.000
run1_A_sweep	pool_ringloop	off	warm	sweep	16384	16384	4	1	1	0	512	3057	3727	5388	3783	1839469	278341	9	0	0	0.0	0.000
run1_A_sweep	hybrid	off	warm	sweep	16384	16384	4	1	1	1	512	3014	3377	4196	3818	1867902	274104	9	0	0	0.0	0.000
run1_A_sweep	hybrid_lazyring	off	warm	sweep	16384	16384	4	1	1	2	512	3537	4245	5164	4123	2027301	252553	9	0	0	0.0	0.000
run1_A_sweep	uring	off	warm	sweep	16384	16384	4	1	1	3	512	16507	17838	32610	6524	2461528	208001	9	0	0	100.0	0.000
run1_A_sweep	pooled_pread	off	warm	sweep	16384	16384	4	1	1	4	512	15378	31459	129667	23044	2896885	176742	23	0	0	100.0	0.000
run1_A_sweep	pool	off	warm	sweep	16384	16384	4	1	1	5	512	4134	5285	6395	5148	663584	771568	9	0	0	0.0	0.000
run1_A_sweep	hybrid	off	warm	sweep	16384	16384	4	1	2	0	512	3280	4422	7056	4390	2137205	239565	9	0	0	0.0	0.000
run1_A_sweep	hybrid_lazyring	off	warm	sweep	16384	16384	4	1	2	1	512	3232	3741	5839	3979	1883253	271870	9	0	0	0.0	0.000
run1_A_sweep	uring	off	warm	sweep	16384	16384	4	1	2	2	512	13839	14848	30189	5405	2059681	248582	9	0	0	100.0	0.000
run1_A_sweep	pooled_pread	off	warm	sweep	16384	16384	4	1	2	3	512	17454	36012	162803	23894	3207929	159605	24	0	0	100.0	0.000
run1_A_sweep	pool	off	warm	sweep	16384	16384	4	1	2	4	512	3836	5031	6801	4869	644118	794885	9	0	0	0.0	0.000
run1_A_sweep	pool_ringloop	off	warm	sweep	16384	16384	4	1	2	5	512	3304	3979	5673	3988	1905797	268654	9	0	0	0.0	0.000
run1_A_sweep	hybrid_lazyring	off	warm	sweep	16384	16384	4	1	3	0	512	3516	4253	7726	4307	2044573	250419	9	0	0	0.0	0.000
run1_A_sweep	uring	off	warm	sweep	16384	16384	4	1	3	1	512	12660	13138	28433	4964	1882512	271977	9	0	0	100.0	0.000
run1_A_sweep	pooled_pread	off	warm	sweep	16384	16384	4	1	3	2	512	15096	35853	125529	22922	2908068	176062	21	0	0	100.0	0.000
run1_A_sweep	pool	off	warm	sweep	16384	16384	4	1	3	3	512	5380	7273	9005	6294	855540	598452	9	0	0	0.0	0.000
run1_A_sweep	pool_ringloop	off	warm	sweep	16384	16384	4	1	3	4	512	2904	3309	5099	3579	1708303	299713	9	0	0	0.0	0.000
run1_A_sweep	hybrid	off	warm	sweep	16384	16384	4	1	3	5	512	3132	3671	10484	4283	1965227	260530	9	0	0	0.0	0.000
run1_A_sweep	uring	off	warm	sweep	16384	16384	4	1	4	0	512	12438	18658	27155	5318	1981271	258420	9	0	0	100.0	0.000
run1_A_sweep	pooled_pread	off	warm	sweep	16384	16384	4	1	4	1	512	14356	31604	148853	22271	2848989	179713	20	0	0	100.0	0.000
run1_A_sweep	pool	off	warm	sweep	16384	16384	4	1	4	2	512	4222	5402	6120	5017	690483	741510	9	0	0	0.0	0.000
run1_A_sweep	pool_ringloop	off	warm	sweep	16384	16384	4	1	4	3	512	2816	3167	4313	3399	1640466	312106	9	0	0	0.0	0.000
run1_A_sweep	hybrid	off	warm	sweep	16384	16384	4	1	4	4	512	3484	4479	6956	4804	2190390	233748	9	0	0	0.0	0.000
run1_A_sweep	hybrid_lazyring	off	warm	sweep	16384	16384	4	1	4	5	512	3463	4812	8267	4934	2127296	240681	9	0	0	0.0	0.000
run1_A_sweep	pooled_pread	off	warm	sweep	16384	16384	4	1	5	0	512	14759	36450	173249	22956	3312123	154584	22	0	0	100.0	0.000
run1_A_sweep	pool	off	warm	sweep	16384	16384	4	1	5	1	512	3836	4867	5967	4923	635671	805448	9	0	0	0.0	0.000
run1_A_sweep	pool_ringloop	off	warm	sweep	16384	16384	4	1	5	2	512	3117	3855	7570	4020	1870698	273695	9	0	0	0.0	0.000
run1_A_sweep	hybrid	off	warm	sweep	16384	16384	4	1	5	3	512	3143	3619	4670	3973	1982875	258211	9	0	0	0.0	0.000
run1_A_sweep	hybrid_lazyring	off	warm	sweep	16384	16384	4	1	5	4	512	2878	3254	4172	3418	1639939	312207	9	0	0	0.0	0.000
run1_A_sweep	uring	off	warm	sweep	16384	16384	4	1	5	5	512	12172	12748	24982	4679	1797347	284864	9	0	0	100.0	0.000
run1_A_sweep	pool	off	warm	sweep	16384	16384	8	1	0	0	512	5711	6670	15822	6712	641118	798605	9	0	0	0.0	0.000
run1_A_sweep	pool_ringloop	off	warm	sweep	16384	16384	8	1	0	1	512	3133	3935	4894	4120	1885459	271552	9	0	0	0.0	0.000
run1_A_sweep	hybrid	off	warm	sweep	16384	16384	8	1	0	2	512	2992	3550	4868	3997	1894157	270305	9	0	0	0.0	0.000
run1_A_sweep	hybrid_lazyring	off	warm	sweep	16384	16384	8	1	0	3	512	2959	3349	5001	3785	1757777	291277	9	0	0	0.0	0.000
run1_A_sweep	uring	off	warm	sweep	16384	16384	8	1	0	4	512	23057	23978	62344	4301	1813393	282344	9	0	0	100.0	0.000
run1_A_sweep	pooled_pread	off	warm	sweep	16384	16384	8	1	0	5	512	17176	148119	493350	31101	3629027	141085	42	0	0	100.0	0.000
run1_A_sweep	pool_ringloop	off	warm	sweep	16384	16384	8	1	1	0	512	2984	3506	4731	3931	1778932	287813	9	0	0	0.0	0.000
run1_A_sweep	hybrid	off	warm	sweep	16384	16384	8	1	1	1	512	3007	3339	4111	3902	1820398	281257	9	0	0	0.0	0.000
run1_A_sweep	hybrid_lazyring	off	warm	sweep	16384	16384	8	1	1	2	512	3181	4373	7096	4188	1955275	261856	9	0	0	0.0	0.000
run1_A_sweep	uring	off	warm	sweep	16384	16384	8	1	1	3	512	38778	43687	59803	6406	2812321	182056	9	0	0	100.0	0.000
run1_A_sweep	pooled_pread	off	warm	sweep	16384	16384	8	1	1	4	512	19441	125414	337081	30405	3154307	162318	35	0	0	100.0	0.000
run1_A_sweep	pool	off	warm	sweep	16384	16384	8	1	1	5	512	5988	6947	8101	6949	580393	882161	9	0	0	0.0	0.000
run1_A_sweep	hybrid	off	warm	sweep	16384	16384	8	1	2	0	512	3399	3920	6027	4406	2106821	243020	9	0	0	0.0	0.000
run1_A_sweep	hybrid_lazyring	off	warm	sweep	16384	16384	8	1	2	1	512	3198	3765	6437	3969	1919541	266730	9	0	0	0.0	0.000
run1_A_sweep	uring	off	warm	sweep	16384	16384	8	1	2	2	512	25185	26528	45748	4513	1935029	264596	9	0	0	100.0	0.000
run1_A_sweep	pooled_pread	off	warm	sweep	16384	16384	8	1	2	3	512	15681	131945	381963	27191	3381774	151400	39	0	0	100.0	0.000
run1_A_sweep	pool	off	warm	sweep	16384	16384	8	1	2	4	512	6187	7528	9658	7244	715656	715428	9	0	0	0.0	0.000
run1_A_sweep	pool_ringloop	off	warm	sweep	16384	16384	8	1	2	5	512	3326	3684	4485	4007	1903111	269033	9	0	0	0.0	0.000
run1_A_sweep	hybrid_lazyring	off	warm	sweep	16384	16384	8	1	3	0	512	3060	3457	5013	3838	1778191	287933	9	0	0	0.0	0.000
run1_A_sweep	uring	off	warm	sweep	16384	16384	8	1	3	1	512	25895	39945	53815	5244	2149137	238235	9	0	0	100.0	0.000
run1_A_sweep	pooled_pread	off	warm	sweep	16384	16384	8	1	3	2	512	21347	174153	456026	30757	3941229	129909	44	0	0	100.0	0.000
run1_A_sweep	pool	off	warm	sweep	16384	16384	8	1	3	3	512	6068	7037	7859	7082	708167	722993	9	0	0	0.0	0.000
run1_A_sweep	pool_ringloop	off	warm	sweep	16384	16384	8	1	3	4	512	2816	3208	4669	3420	1720592	297572	9	0	0	0.0	0.000
run1_A_sweep	hybrid	off	warm	sweep	16384	16384	8	1	3	5	512	3488	4876	7205	4613	2229820	229615	9	0	0	0.0	0.000
run1_A_sweep	uring	off	warm	sweep	16384	16384	8	1	4	0	512	29240	37898	81749	5905	2372179	215835	9	0	0	100.0	0.000
run1_A_sweep	pooled_pread	off	warm	sweep	16384	16384	8	1	4	1	512	20151	120391	367793	28704	3071204	166710	36	0	0	100.0	0.000
run1_A_sweep	pool	off	warm	sweep	16384	16384	8	1	4	2	512	5282	6356	7391	6135	699617	731829	9	0	0	0.0	0.000
run1_A_sweep	pool_ringloop	off	warm	sweep	16384	16384	8	1	4	3	512	3811	4294	5251	4478	2245419	228020	9	0	0	0.0	0.000
run1_A_sweep	hybrid	off	warm	sweep	16384	16384	8	1	4	4	512	3266	4355	6886	4375	2100792	243718	9	0	0	0.0	0.000
run1_A_sweep	hybrid_lazyring	off	warm	sweep	16384	16384	8	1	4	5	512	3106	3541	7482	4115	1887435	271268	9	0	0	0.0	0.000
run1_A_sweep	pooled_pread	off	warm	sweep	16384	16384	8	1	5	0	512	20030	146605	395776	30690	3780803	135421	39	0	0	100.0	0.000
run1_A_sweep	pool	off	warm	sweep	16384	16384	8	1	5	1	512	6903	10077	17418	8478	828280	618148	9	0	0	0.0	0.000
run1_A_sweep	pool_ringloop	off	warm	sweep	16384	16384	8	1	5	2	512	2965	3333	3721	3730	1717330	298137	9	0	0	0.0	0.000
run1_A_sweep	hybrid	off	warm	sweep	16384	16384	8	1	5	3	512	2985	3328	3706	3917	1836402	278806	9	0	0	0.0	0.000
run1_A_sweep	hybrid_lazyring	off	warm	sweep	16384	16384	8	1	5	4	512	3326	4986	6493	4238	2072592	247034	9	0	0	0.0	0.000
run1_A_sweep	uring	off	warm	sweep	16384	16384	8	1	5	5	512	23021	30384	54899	4607	1874719	273108	9	0	0	100.0	0.000
run1_A_sweep	pool	off	warm	sweep	16384	16384	16	1	0	0	512	5445	6379	11114	6375	677466	755757	9	0	0	0.0	0.000
run1_A_sweep	pool_ringloop	off	warm	sweep	16384	16384	16	1	0	1	512	3349	3887	10557	4381	2052768	249419	9	0	0	0.0	0.000
run1_A_sweep	hybrid	off	warm	sweep	16384	16384	16	1	0	2	512	3424	3963	6139	4612	2204805	232220	9	0	0	0.0	0.000
run1_A_sweep	hybrid_lazyring	off	warm	sweep	16384	16384	16	1	0	3	512	3243	3778	6816	4387	2070583	247273	9	0	0	0.0	0.000
run1_A_sweep	uring	off	warm	sweep	16384	16384	16	1	0	4	512	47256	56438	76683	4302	1966822	260318	9	0	0	100.0	0.000
run1_A_sweep	pooled_pread	off	warm	sweep	16384	16384	16	1	0	5	512	44951	419888	1062469	40271	5475905	93501	87	0	0	100.0	0.000
run1_A_sweep	pool_ringloop	off	warm	sweep	16384	16384	16	1	1	0	512	3427	4872	7240	4662	2252608	227292	9	0	0	0.0	0.000
run1_A_sweep	hybrid	off	warm	sweep	16384	16384	16	1	1	1	512	3071	3446	4533	4333	1919512	266734	9	0	0	0.0	0.000
run1_A_sweep	hybrid_lazyring	off	warm	sweep	16384	16384	16	1	1	2	512	2940	3293	7271	4154	1883813	271789	9	0	0	0.0	0.000
run1_A_sweep	uring	off	warm	sweep	16384	16384	16	1	1	3	512	53672	69941	80741	4824	2152204	237896	9	0	0	100.0	0.000
run1_A_sweep	pooled_pread	off	warm	sweep	16384	16384	16	1	1	4	512	31317	355117	1201185	34995	4509948	113527	76	0	0	100.0	0.000
run1_A_sweep	pool	off	warm	sweep	16384	16384	16	1	1	5	512	6060	7049	8013	7081	609356	840231	9	0	0	0.0	0.000
run1_A_sweep	hybrid	off	warm	sweep	16384	16384	16	1	2	0	512	3782	4278	4989	5135	2486979	205872	9	0	0	0.0	0.000
run1_A_sweep	hybrid_lazyring	off	warm	sweep	16384	16384	16	1	2	1	512	3242	4094	7197	4264	2111952	242430	9	0	0	0.0	0.000
run1_A_sweep	uring	off	warm	sweep	16384	16384	16	1	2	2	512	51114	60762	75212	4741	2073043	246980	9	0	0	100.0	0.000
run1_A_sweep	pooled_pread	off	warm	sweep	16384	16384	16	1	2	3	512	46526	408954	1446989	40485	5649585	90626	93	0	0	100.0	0.000
run1_A_sweep	pool	off	warm	sweep	16384	16384	16	1	2	4	512	7600	9705	11011	8852	759721	673932	9	0	0	0.0	0.000
run1_A_sweep	pool_ringloop	off	warm	sweep	16384	16384	16	1	2	5	512	2870	3263	3945	3857	1758437	291168	9	0	0	0.0	0.000
run1_A_sweep	hybrid_lazyring	off	warm	sweep	16384	16384	16	1	3	0	512	2995	3340	3869	3887	1846764	277242	9	0	0	0.0	0.000
run1_A_sweep	uring	off	warm	sweep	16384	16384	16	1	3	1	512	50414	66390	86251	4681	2139046	239359	9	0	0	100.0	0.000
run1_A_sweep	pooled_pread	off	warm	sweep	16384	16384	16	1	3	2	512	35235	379199	1292789	36233	4795544	106766	78	0	0	100.0	0.000
run1_A_sweep	pool	off	warm	sweep	16384	16384	16	1	3	3	512	5987	6889	12981	6944	612025	836567	9	0	0	0.0	0.000
run1_A_sweep	pool_ringloop	off	warm	sweep	16384	16384	16	1	3	4	512	3465	3933	4994	4264	2070492	247284	9	0	0	0.0	0.000
run1_A_sweep	hybrid	off	warm	sweep	16384	16384	16	1	3	5	512	3410	3936	5783	4607	2270068	225544	9	0	0	0.0	0.000
run1_A_sweep	uring	off	warm	sweep	16384	16384	16	1	4	0	512	46266	64445	79767	4437	1992634	256946	9	0	0	100.0	0.000
run1_A_sweep	pooled_pread	off	warm	sweep	16384	16384	16	1	4	1	512	42408	449746	1481497	38934	6363041	80465	96	0	0	100.0	0.000
run1_A_sweep	pool	off	warm	sweep	16384	16384	16	1	4	2	512	5935	6727	13861	6968	585928	873828	9	0	0	0.0	0.000
run1_A_sweep	pool_ringloop	off	warm	sweep	16384	16384	16	1	4	3	512	2933	3275	3764	3724	1765709	289969	9	0	0	0.0	0.000
run1_A_sweep	hybrid	off	warm	sweep	16384	16384	16	1	4	4	512	3248	4025	4708	4286	2093733	244539	9	0	0	0.0	0.000
run1_A_sweep	hybrid_lazyring	off	warm	sweep	16384	16384	16	1	4	5	512	4072	4988	9425	5226	2600377	196895	9	0	0	0.0	0.000
run1_A_sweep	pooled_pread	off	warm	sweep	16384	16384	16	1	5	0	512	33815	388027	1548811	41477	5733033	89307	106	0	0	100.0	0.000
run1_A_sweep	pool	off	warm	sweep	16384	16384	16	1	5	1	512	5200	6259	10366	6082	692980	738838	9	0	0	0.0	0.000
run1_A_sweep	pool_ringloop	off	warm	sweep	16384	16384	16	1	5	2	512	3079	3644	7147	3981	1919972	266671	9	0	0	0.0	0.000
run1_A_sweep	hybrid	off	warm	sweep	16384	16384	16	1	5	3	512	3059	3443	3904	4226	1997850	256275	9	0	0	0.0	0.000
run1_A_sweep	hybrid_lazyring	off	warm	sweep	16384	16384	16	1	5	4	512	2973	3317	3710	3902	1760495	290827	9	0	0	0.0	0.000
run1_A_sweep	uring	off	warm	sweep	16384	16384	16	1	5	5	512	45214	69294	79329	4871	1975331	259197	9	0	0	100.0	0.000
run1_A_sweep	pool	off	warm	sweep	16384	16384	32	1	0	0	512	7403	10143	26771	9512	794766	644215	9	0	0	0.0	0.000
run1_A_sweep	pool_ringloop	off	warm	sweep	16384	16384	32	1	0	1	512	3058	3848	4910	4300	1983350	258149	9	0	0	0.0	0.000
run1_A_sweep	hybrid	off	warm	sweep	16384	16384	32	1	0	2	512	3216	3838	8191	4887	2380514	215080	9	0	0	0.0	0.000
run1_A_sweep	hybrid_lazyring	off	warm	sweep	16384	16384	32	1	0	3	512	3236	4276	6806	4411	2177465	235136	9	0	0	0.0	0.000
run1_A_sweep	uring	off	warm	sweep	16384	16384	32	1	0	4	512	108445	143168	154181	5159	2377654	215338	9	0	0	100.0	0.000
run1_A_sweep	pooled_pread	off	warm	sweep	16384	16384	32	1	0	5	512	75688	834346	1844255	33576	4282702	119551	77	0	0	100.0	0.000
run1_A_sweep	pool_ringloop	off	warm	sweep	16384	16384	32	1	1	0	512	3410	3824	7095	4770	2249434	227613	9	0	0	0.0	0.000
run1_A_sweep	hybrid	off	warm	sweep	16384	16384	32	1	1	1	512	3360	4134	6772	4943	2400967	213247	9	0	0	0.0	0.000
run1_A_sweep	hybrid_lazyring	off	warm	sweep	16384	16384	32	1	1	2	512	3324	4255	8090	4581	2198598	232876	9	0	0	0.0	0.000
run1_A_sweep	uring	off	warm	sweep	16384	16384	32	1	1	3	512	103287	132048	146338	5168	2336920	219092	9	0	0	100.0	0.000
run1_A_sweep	pooled_pread	off	warm	sweep	16384	16384	32	1	1	4	512	151725	1463105	4804832	53740	11228068	45600	123	0	0	100.0	0.000
run1_A_sweep	pool	off	warm	sweep	16384	16384	32	1	1	5	512	7421	9498	19290	9163	776357	659490	9	0	0	0.0	0.000
run1_A_sweep	hybrid	off	warm	sweep	16384	16384	32	1	2	0	512	3169	3553	4621	4530	2251082	227446	9	0	0	0.0	0.000
run1_A_sweep	hybrid_lazyring	off	warm	sweep	16384	16384	32	1	2	1	512	3257	3639	9175	4513	2157593	237301	9	0	0	0.0	0.000
run1_A_sweep	uring	off	warm	sweep	16384	16384	32	1	2	2	512	132725	157973	168602	6033	2803366	182638	9	0	0	100.0	0.000
run1_A_sweep	pooled_pread	off	warm	sweep	16384	16384	32	1	2	3	512	90746	934906	2306726	40989	5763867	88829	95	0	0	100.0	0.000
run1_A_sweep	pool	off	warm	sweep	16384	16384	32	1	2	4	512	5882	6868	13233	7142	646324	792172	9	0	0	0.0	0.000
run1_A_sweep	pool_ringloop	off	warm	sweep	16384	16384	32	1	2	5	512	3513	4095	5973	4761	2322082	220492	9	0	0	0.0	0.000
run1_A_sweep	hybrid_lazyring	off	warm	sweep	16384	16384	32	1	3	0	512	3325	3942	5696	4504	2163810	236620	9	0	0	0.0	0.000
run1_A_sweep	uring	off	warm	sweep	16384	16384	32	1	3	1	512	135284	157945	168543	6322	2927074	174919	9	0	0	100.0	0.000
run1_A_sweep	pooled_pread	off	warm	sweep	16384	16384	32	1	3	2	512	188248	1316002	3130999	55236	9057858	56526	139	0	0	100.0	0.000
run1_A_sweep	pool	off	warm	sweep	16384	16384	32	1	3	3	512	5212	6105	8876	6180	1046077	489448	9	0	0	0.0	0.000
run1_A_sweep	pool_ringloop	off	warm	sweep	16384	16384	32	1	3	4	512	3673	4467	5698	4912	2453577	208675	9	0	0	0.0	0.000
run1_A_sweep	hybrid	off	warm	sweep	16384	16384	32	1	3	5	512	3871	4615	6886	5723	2717602	188401	9	0	0	0.0	0.000
run1_A_sweep	uring	off	warm	sweep	16384	16384	32	1	4	0	512	121083	142658	154388	5520	2479497	206493	9	0	0	100.0	0.000
run1_A_sweep	pooled_pread	off	warm	sweep	16384	16384	32	1	4	1	512	120058	1112494	3968525	43340	7874625	65019	90	0	0	100.0	0.000
run1_A_sweep	pool	off	warm	sweep	16384	16384	32	1	4	2	512	6015	6803	7592	7232	618991	827153	9	0	0	0.0	0.000
run1_A_sweep	pool_ringloop	off	warm	sweep	16384	16384	32	1	4	3	512	3269	4245	6568	4564	2218608	230775	9	0	0	0.0	0.000
run1_A_sweep	hybrid	off	warm	sweep	16384	16384	32	1	4	4	512	3329	3885	6826	4910	2345397	218300	9	0	0	0.0	0.000
run1_A_sweep	hybrid_lazyring	off	warm	sweep	16384	16384	32	1	4	5	512	3169	3528	4366	4366	2125843	240846	9	0	0	0.0	0.000
run1_A_sweep	pooled_pread	off	warm	sweep	16384	16384	32	1	5	0	512	120617	1129758	3259913	43312	6826319	75004	122	0	0	100.0	0.000
run1_A_sweep	pool	off	warm	sweep	16384	16384	32	1	5	1	512	6024	6854	7380	7335	624635	819679	9	0	0	0.0	0.000
run1_A_sweep	pool_ringloop	off	warm	sweep	16384	16384	32	1	5	2	512	3071	3526	4379	4259	2014280	254185	9	0	0	0.0	0.000
run1_A_sweep	hybrid	off	warm	sweep	16384	16384	32	1	5	3	512	3280	4248	6183	4938	2334350	219333	9	0	0	0.0	0.000
run1_A_sweep	hybrid_lazyring	off	warm	sweep	16384	16384	32	1	5	4	512	3405	3957	9508	4781	2248143	227744	9	0	0	0.0	0.000
run1_A_sweep	uring	off	warm	sweep	16384	16384	32	1	5	5	512	98679	111775	115942	4457	2102101	243566	9	0	0	100.0	0.000
run1_A_sweep	pool	off	warm	sweep	16384	16384	64	1	0	0	512	6206	7081	20397	8094	656535	779852	9	0	0	0.0	0.000
run1_A_sweep	pool_ringloop	off	warm	sweep	16384	16384	64	1	0	1	512	4121	5012	11061	6138	3011902	169992	9	0	0	0.0	0.000
run1_A_sweep	hybrid	off	warm	sweep	16384	16384	64	1	0	2	512	3721	4580	9347	5957	2851476	179556	9	0	0	0.0	0.000
run1_A_sweep	hybrid_lazyring	off	warm	sweep	16384	16384	64	1	0	3	512	3233	3752	9744	5151	2476032	206782	9	0	0	0.0	0.000
run1_A_sweep	uring	off	warm	sweep	16384	16384	64	1	0	4	512	201377	220635	222522	5427	2425962	211050	9	0	0	100.0	0.000
run1_A_sweep	pooled_pread	off	warm	sweep	16384	16384	64	1	0	5	512	193441	1424729	3153529	39612	8160915	62738	90	0	0	100.0	0.000
run1_A_sweep	pool_ringloop	off	warm	sweep	16384	16384	64	1	1	0	512	3075	3504	4534	4821	2312431	221412	9	0	0	0.0	0.000
run1_A_sweep	hybrid	off	warm	sweep	16384	16384	64	1	1	1	512	4145	5110	10112	6882	3410148	150140	9	0	0	0.0	0.000
run1_A_sweep	hybrid_lazyring	off	warm	sweep	16384	16384	64	1	1	2	512	3614	4307	6096	5785	2858927	179088	9	0	0	0.0	0.000
run1_A_sweep	uring	off	warm	sweep	16384	16384	64	1	1	3	512	226263	243395	245205	5465	2589350	197733	9	0	0	100.0	0.000
run1_A_sweep	pooled_pread	off	warm	sweep	16384	16384	64	1	1	4	512	272380	1582057	3102823	47338	6413299	79834	108	0	0	100.0	0.000
run1_A_sweep	pool	off	warm	sweep	16384	16384	64	1	1	5	512	5600	6319	6789	6910	650950	786543	9	0	0	0.0	0.000
run1_A_sweep	hybrid	off	warm	sweep	16384	16384	64	1	2	0	512	3831	4753	5775	6003	3003953	170442	9	0	0	0.0	0.000
run1_A_sweep	hybrid_lazyring	off	warm	sweep	16384	16384	64	1	2	1	512	3297	3890	6875	5268	2582589	198251	9	0	0	0.0	0.000
run1_A_sweep	uring	off	warm	sweep	16384	16384	64	1	2	2	512	207012	262004	266006	5815	2697087	189834	9	0	0	100.0	0.000
run1_A_sweep	pooled_pread	off	warm	sweep	16384	16384	64	1	2	3	512	245689	1547102	3032686	40487	5449729	93950	87	0	0	100.0	0.000
run1_A_sweep	pool	off	warm	sweep	16384	16384	64	1	2	4	512	6100	6876	7692	7778	663094	772138	9	0	0	0.0	0.000
run1_A_sweep	pool_ringloop	off	warm	sweep	16384	16384	64	1	2	5	512	3079	3486	5348	4845	2433274	210416	9	0	0	0.0	0.000
run1_A_sweep	hybrid_lazyring	off	warm	sweep	16384	16384	64	1	3	0	512	3316	3741	6227	5314	2589915	197690	9	0	0	0.0	0.000
run1_A_sweep	uring	off	warm	sweep	16384	16384	64	1	3	1	512	268808	338423	341973	6436	3066333	166975	9	0	0	100.0	0.000
run1_A_sweep	pooled_pread	off	warm	sweep	16384	16384	64	1	3	2	512	310655	1946718	4129617	46048	7941946	64468	101	0	0	100.0	0.000
run1_A_sweep	pool	off	warm	sweep	16384	16384	64	1	3	3	512	4204	5012	15989	5878	2182245	234621	9	0	0	0.0	0.000
run1_A_sweep	pool_ringloop	off	warm	sweep	16384	16384	64	1	3	4	512	3854	4873	8702	6074	3028805	169044	9	0	0	0.0	0.000
run1_A_sweep	hybrid	off	warm	sweep	16384	16384	64	1	3	5	512	3956	5201	6766	6904	3407498	150257	9	0	0	0.0	0.000
run1_A_sweep	uring	off	warm	sweep	16384	16384	64	1	4	0	512	260818	359923	365048	6727	3169100	161560	9	0	0	100.0	0.000
run1_A_sweep	pooled_pread	off	warm	sweep	16384	16384	64	1	4	1	512	204202	769684	2080218	31804	4927939	103897	54	0	0	100.0	0.000
run1_A_sweep	pool	off	warm	sweep	16384	16384	64	1	4	2	512	5404	6266	12441	6568	660653	774991	9	0	0	0.0	0.000
run1_A_sweep	pool_ringloop	off	warm	sweep	16384	16384	64	1	4	3	512	3104	3447	3945	5121	2520773	203112	9	0	0	0.0	0.000
run1_A_sweep	hybrid	off	warm	sweep	16384	16384	64	1	4	4	512	3416	3921	5418	5753	2708302	189048	9	0	0	0.0	0.000
run1_A_sweep	hybrid_lazyring	off	warm	sweep	16384	16384	64	1	4	5	512	4238	7664	12326	6510	3141212	162994	9	0	0	0.0	0.000
run1_A_sweep	pooled_pread	off	warm	sweep	16384	16384	64	1	5	0	512	210634	2025173	4048349	47201	7779586	65813	129	0	0	100.0	0.000
run1_A_sweep	pool	off	warm	sweep	16384	16384	64	1	5	1	512	4966	6005	7217	6359	721651	709484	9	0	0	0.0	0.000
run1_A_sweep	pool_ringloop	off	warm	sweep	16384	16384	64	1	5	2	512	3132	3587	5717	4863	2365066	216484	9	0	0	0.0	0.000
run1_A_sweep	hybrid	off	warm	sweep	16384	16384	64	1	5	3	512	3465	4276	6006	5716	2777662	184328	9	0	0	0.0	0.000
run1_A_sweep	hybrid_lazyring	off	warm	sweep	16384	16384	64	1	5	4	512	3221	3700	7864	4853	2437804	210025	9	0	0	0.0	0.000
run1_A_sweep	uring	off	warm	sweep	16384	16384	64	1	5	5	512	205960	220091	221941	5264	2468203	207438	9	0	0	100.0	0.000
run2_A_stride	pool	off	cold	stride	16384	250000	1	1	0	0	512	194124	271215	342537	70020	96785256	5290	10	0	0	89.3	0.000
run2_A_stride	pool_ringloop	off	cold	stride	16384	250000	1	1	0	1	512	190288	264667	328441	69112	94611981	5412	10	0	0	89.8	0.000
run2_A_stride	hybrid	off	cold	stride	16384	250000	1	1	0	2	512	172563	226648	318710	49034	85777285	5969	9	0	0	90.6	0.000
run2_A_stride	hybrid_lazyring	off	cold	stride	16384	250000	1	1	0	3	512	183457	242288	299406	51126	90184543	5677	9	0	0	90.6	0.000
run2_A_stride	uring	off	cold	stride	16384	250000	1	1	0	4	512	171164	224048	293440	44843	84082430	6089	9	0	0	100.0	0.000
run2_A_stride	pooled_pread	off	cold	stride	16384	250000	1	1	0	5	512	188534	259320	313521	60175	94191256	5436	10	0	0	100.0	0.000
run2_A_stride	pool_ringloop	off	cold	stride	16384	250000	1	1	1	0	512	181915	245572	337737	64511	90419472	5662	10	0	0	89.6	0.000
run2_A_stride	hybrid	off	cold	stride	16384	250000	1	1	1	1	512	176396	229374	306974	46872	86969797	5887	9	0	0	90.8	0.000
run2_A_stride	hybrid_lazyring	off	cold	stride	16384	250000	1	1	1	2	512	172438	222455	292751	47251	84846548	6034	9	0	0	90.6	0.000
run2_A_stride	uring	off	cold	stride	16384	250000	1	1	1	3	512	170749	229273	384571	46537	87132835	5876	9	0	0	100.0	0.000
run2_A_stride	pooled_pread	off	cold	stride	16384	250000	1	1	1	4	512	187913	263499	391014	61424	94909096	5395	10	0	0	100.0	0.000
run2_A_stride	pool	off	cold	stride	16384	250000	1	1	1	5	512	184675	248902	294299	61460	90770864	5641	10	0	0	89.5	0.000
run2_A_stride	hybrid	off	cold	stride	16384	250000	1	1	2	0	512	170351	229645	291974	44825	84472623	6061	9	0	0	90.4	0.000
run2_A_stride	hybrid_lazyring	off	cold	stride	16384	250000	1	1	2	1	512	170569	222856	299993	45516	83799703	6110	9	0	0	90.2	0.000
run2_A_stride	uring	off	cold	stride	16384	250000	1	1	2	2	512	175370	232854	431714	47178	89687327	5709	9	0	0	100.0	0.000
run2_A_stride	pooled_pread	off	cold	stride	16384	250000	1	1	2	3	512	191834	272883	917623	63380	100256312	5107	10	0	0	100.0	0.000
run2_A_stride	pool	off	cold	stride	16384	250000	1	1	2	4	512	179144	247280	320303	62163	89470221	5723	10	0	0	89.8	0.000
run2_A_stride	pool_ringloop	off	cold	stride	16384	250000	1	1	2	5	512	182241	253060	334964	63345	90533310	5655	10	0	0	89.8	0.000
run2_A_stride	hybrid_lazyring	off	cold	stride	16384	250000	1	1	3	0	512	175027	230507	279462	47157	86155180	5943	9	0	0	90.4	0.000
run2_A_stride	uring	off	cold	stride	16384	250000	1	1	3	1	512	175157	229447	348398	47176	88801765	5766	9	0	0	100.0	0.000
run2_A_stride	pooled_pread	off	cold	stride	16384	250000	1	1	3	2	512	184811	251747	328000	60230	92090593	5560	10	0	0	100.0	0.000
run2_A_stride	pool	off	cold	stride	16384	250000	1	1	3	3	512	177598	248517	324964	62215	89155296	5743	10	0	0	89.5	0.000
run2_A_stride	pool_ringloop	off	cold	stride	16384	250000	1	1	3	4	512	178148	243919	313565	60040	88777241	5767	10	0	0	89.8	0.000
run2_A_stride	hybrid	off	cold	stride	16384	250000	1	1	3	5	512	173198	234355	297014	48068	86798712	5899	9	0	0	90.2	0.000
run2_A_stride	uring	off	cold	stride	16384	250000	1	1	4	0	512	177062	236100	324589	49373	87160172	5874	9	0	0	100.0	0.000
run2_A_stride	pooled_pread	off	cold	stride	16384	250000	1	1	4	1	512	206750	277152	396308	78515	104908668	4880	11	0	0	100.0	0.000
run2_A_stride	pool	off	cold	stride	16384	250000	1	1	4	2	512	180512	241911	339068	64758	89677905	5709	10	0	0	90.0	0.000
run2_A_stride	pool_ringloop	off	cold	stride	16384	250000	1	1	4	3	512	177551	243671	311045	62964	88904859	5759	10	0	0	89.8	0.000
run2_A_stride	hybrid	off	cold	stride	16384	250000	1	1	4	4	512	176099	230335	285866	46997	85837418	5965	9	0	0	90.4	0.000
run2_A_stride	hybrid_lazyring	off	cold	stride	16384	250000	1	1	4	5	512	175198	237647	321119	49385	88009479	5818	9	0	0	90.6	0.000
run2_A_stride	pooled_pread	off	cold	stride	16384	250000	1	1	5	0	512	190943	259688	324071	62961	95107763	5383	11	0	0	100.0	0.000
run2_A_stride	pool	off	cold	stride	16384	250000	1	1	5	1	512	175248	241497	310153	59610	87738799	5836	10	0	0	89.8	0.000
run2_A_stride	pool_ringloop	off	cold	stride	16384	250000	1	1	5	2	512	177346	244160	323408	62033	88724595	5771	10	0	0	89.6	0.000
run2_A_stride	hybrid	off	cold	stride	16384	250000	1	1	5	3	512	167688	232305	312579	45948	85113263	6016	9	0	0	90.4	0.000
run2_A_stride	hybrid_lazyring	off	cold	stride	16384	250000	1	1	5	4	512	177237	229840	308483	51417	87823751	5830	9	0	0	89.8	0.000
run2_A_stride	uring	off	cold	stride	16384	250000	1	1	5	5	512	172198	232836	304227	44954	85289711	6003	9	0	0	100.0	0.000
run2_A_stride	pool	off	cold	stride	16384	250000	2	1	0	0	512	172943	233205	345942	59698	44589656	11482	12	0	0	92.4	0.000
run2_A_stride	pool_ringloop	off	cold	stride	16384	250000	2	1	0	1	512	172827	227551	315008	62148	44015966	11632	13	0	0	90.6	0.000
run2_A_stride	hybrid	off	cold	stride	16384	250000	2	1	0	2	512	161938	222741	287518	41245	42103559	12160	9	0	0	90.6	0.000
run2_A_stride	hybrid_lazyring	off	cold	stride	16384	250000	2	1	0	3	512	169754	223279	283419	44130	43269201	11833	9	0	0	90.6	0.000
run2_A_stride	uring	off	cold	stride	16384	250000	2	1	0	4	512	161886	218300	304796	39338	41703725	12277	9	0	0	100.0	0.000
run2_A_stride	pooled_pread	off	cold	stride	16384	250000	2	1	0	5	512	196004	268656	684170	71150	52144006	9819	12	0	0	100.0	0.000
run2_A_stride	pool_ringloop	off	cold	stride	16384	250000	2	1	1	0	512	194951	271698	452940	79984	50883193	10062	12	0	0	90.2	0.000
run2_A_stride	hybrid	off	cold	stride	16384	250000	2	1	1	1	512	181414	249153	316788	52655	47236005	10839	9	0	0	90.4	0.000
run2_A_stride	hybrid_lazyring	off	cold	stride	16384	250000	2	1	1	2	512	181255	242294	358581	49202	47557806	10766	9	0	0	90.2	0.000
run2_A_stride	uring	off	cold	stride	16384	250000	2	1	1	3	512	183240	249238	347534	50249	46646288	10976	9	0	0	100.0	0.000
run2_A_stride	pooled_pread	off	cold	stride	16384	250000	2	1	1	4	512	194111	253034	367862	70339	49761647	10289	13	0	0	100.0	0.000
run2_A_stride	pool	off	cold	stride	16384	250000	2	1	1	5	512	174109	233599	313212	62590	44965100	11387	12	0	0	92.4	0.000
run2_A_stride	hybrid	off	cold	stride	16384	250000	2	1	2	0	512	167713	232954	310487	43578	43630430	11735	9	0	0	90.6	0.000
run2_A_stride	hybrid_lazyring	off	cold	stride	16384	250000	2	1	2	1	512	163102	220792	294300	43528	42441635	12064	9	0	0	90.4	0.000
run2_A_stride	uring	off	cold	stride	16384	250000	2	1	2	2	512	167435	232613	308700	41871	43236753	11842	9	0	0	100.0	0.000
run2_A_stride	pooled_pread	off	cold	stride	16384	250000	2	1	2	3	512	186707	264789	401679	65425	49246183	10397	12	0	0	100.0	0.000
run2_A_stride	pool	off	cold	stride	16384	250000	2	1	2	4	512	173240	240567	335899	60489	44639763	11470	11	0	0	92.2	0.000
run2_A_stride	pool_ringloop	off	cold	stride	16384	250000	2	1	2	5	512	175403	229556	334404	62763	44575294	11486	12	0	0	90.4	0.000
run2_A_stride	hybrid_lazyring	off	cold	stride	16384	250000	2	1	3	0	512	166035	223939	294091	42409	42563325	12029	9	0	0	90.8	0.000
run2_A_stride	uring	off	cold	stride	16384	250000	2	1	3	1	512	168401	226014	311720	43597	43308429	11822	9	0	0	100.0	0.000
run2_A_stride	pooled_pread	off	cold	stride	16384	250000	2	1	3	2	512	183302	240454	372372	62465	47461819	10788	13	0	0	100.0	0.000
run2_A_stride	pool	off	cold	stride	16384	250000	2	1	3	3	512	170399	221339	309398	59971	43385287	11801	12	0	0	92.4	0.000
run2_A_stride	pool_ringloop	off	cold	stride	16384	250000	2	1	3	4	512	179830	241005	383590	67295	46438427	11025	12	0	0	90.6	0.000
run2_A_stride	hybrid	off	cold	stride	16384	250000	2	1	3	5	512	182078	250105	383320	50162	49466174	10351	9	0	0	90.6	0.000
run2_A_stride	uring	off	cold	stride	16384	250000	2	1	4	0	512	180088	247055	384872	48535	46419411	11030	9	0	0	100.0	0.000
run2_A_stride	pooled_pread	off	cold	stride	16384	250000	2	1	4	1	512	193658	259531	359471	68598	50076281	10224	12	0	0	100.0	0.000
run2_A_stride	pool	off	cold	stride	16384	250000	2	1	4	2	512	186023	246825	365081	71086	47436074	10793	12	0	0	90.6	0.000
run2_A_stride	pool_ringloop	off	cold	stride	16384	250000	2	1	4	3	512	186669	250701	366511	70062	47658582	10743	12	0	0	90.4	0.000
run2_A_stride	hybrid	off	cold	stride	16384	250000	2	1	4	4	512	182742	244897	309858	49690	47066308	10878	9	0	0	90.6	0.000
run2_A_stride	hybrid_lazyring	off	cold	stride	16384	250000	2	1	4	5	512	183571	247699	322262	48563	47493251	10780	9	0	0	90.2	0.000
run2_A_stride	pooled_pread	off	cold	stride	16384	250000	2	1	5	0	512	192200	263562	425110	70517	51145599	10011	12	0	0	100.0	0.000
run2_A_stride	pool	off	cold	stride	16384	250000	2	1	5	1	512	183249	246314	351519	65933	46560676	10996	11	0	0	92.0	0.000
run2_A_stride	pool_ringloop	off	cold	stride	16384	250000	2	1	5	2	512	184248	237865	355878	69572	46592682	10989	13	0	0	90.6	0.000
run2_A_stride	hybrid	off	cold	stride	16384	250000	2	1	5	3	512	176731	238075	317519	46887	45688825	11206	9	0	0	90.2	0.000
run2_A_stride	hybrid_lazyring	off	cold	stride	16384	250000	2	1	5	4	512	179188	236057	305326	48632	45862628	11164	9	0	0	90.4	0.000
run2_A_stride	uring	off	cold	stride	16384	250000	2	1	5	5	512	180793	242349	345748	46208	46200314	11082	9	0	0	100.0	0.000
run2_A_stride	pool	off	cold	stride	16384	250000	4	1	0	0	512	198785	281855	355047	69993	26094696	19621	14	0	0	92.8	0.000
run2_A_stride	pool_ringloop	off	cold	stride	16384	250000	4	1	0	1	512	212349	304290	521594	74814	28559448	17928	14	0	0	90.4	0.000
run2_A_stride	hybrid	off	cold	stride	16384	250000	4	1	0	2	512	192397	269266	375296	41425	26540449	19291	9	0	0	90.6	0.000
run2_A_stride	hybrid_lazyring	off	cold	stride	16384	250000	4	1	0	3	512	192846	270746	345806	40963	26190083	19549	9	0	0	90.6	0.000
run2_A_stride	uring	off	cold	stride	16384	250000	4	1	0	4	512	202599	304162	551708	43350	27687412	18492	9	0	0	100.0	0.000
run2_A_stride	pooled_pread	off	cold	stride	16384	250000	4	1	0	5	512	207352	280813	481764	70362	27986847	18294	18	0	0	100.0	0.000
run2_A_stride	pool_ringloop	off	cold	stride	16384	250000	4	1	1	0	512	208447	302549	1123212	73371	29054495	17622	15	0	0	90.6	0.000
run2_A_stride	hybrid	off	cold	stride	16384	250000	4	1	1	1	512	197304	282569	368989	42598	27049494	18928	9	0	0	90.6	0.000
run2_A_stride	hybrid_lazyring	off	cold	stride	16384	250000	4	1	1	2	512	194078	280145	349177	42912	27281293	18767	9	0	0	90.4	0.000
run2_A_stride	uring	off	cold	stride	16384	250000	4	1	1	3	512	201126	297150	486061	42128	27073741	18911	9	0	0	100.0	0.000
run2_A_stride	pooled_pread	off	cold	stride	16384	250000	4	1	1	4	512	209582	287489	377898	70678	27983746	18296	18	0	0	100.0	0.000
run2_A_stride	pool	off	cold	stride	16384	250000	4	1	1	5	512	266270	831768	2119074	84920	52560668	9741	17	0	0	93.0	0.000
run2_A_stride	hybrid	off	cold	stride	16384	250000	4	1	2	0	512	211862	302090	422481	50604	30056545	17035	9	0	0	90.6	0.000
run2_A_stride	hybrid_lazyring	off	cold	stride	16384	250000	4	1	2	1	512	213741	318000	1059072	48465	32307148	15848	9	0	0	90.2	0.000
run2_A_stride	uring	off	cold	stride	16384	250000	4	1	2	2	512	234709	453006	745373	47777	35495952	14424	9	0	0	100.0	0.000
run2_A_stride	pooled_pread	off	cold	stride	16384	250000	4	1	2	3	512	214768	330963	1014995	68922	31247210	16385	17	0	0	100.0	0.000
run2_A_stride	pool	off	cold	stride	16384	250000	4	1	2	4	512	201857	304527	541445	70429	27692520	18489	16	0	0	93.0	0.000
run2_A_stride	pool_ringloop	off	cold	stride	16384	250000	4	1	2	5	512	210183	303156	581335	74208	28369778	18047	14	0	0	90.4	0.000
run2_A_stride	hybrid_lazyring	off	cold	stride	16384	250000	4	1	3	0	512	195571	277890	443831	42053	27444671	18656	9	0	0	90.6	0.000
run2_A_stride	uring	off	cold	stride	16384	250000	4	1	3	1	512	210496	347844	1096228	44134	30778164	16635	9	0	0	100.0	0.000
run2_A_stride	pooled_pread	off	cold	stride	16384	250000	4	1	3	2	512	216936	305329	486898	75783	29051035	17624	17	0	0	100.0	0.000
run2_A_stride	pool	off	cold	stride	16384	250000	4	1	3	3	512	200922	295059	457708	72577	26799733	19105	15	0	0	93.2	0.000
run2_A_stride	pool_ringloop	off	cold	stride	16384	250000	4	1	3	4	512	207945	298254	454756	75088	27753949	18448	14	0	0	90.6	0.000
run2_A_stride	hybrid	off	cold	stride	16384	250000	4	1	3	5	512	195973	276184	367169	41995	26981680	18976	9	0	0	90.2	0.000
run2_A_stride	uring	off	cold	stride	16384	250000	4	1	4	0	512	204610	297496	492441	43538	27928645	18332	9	0	0	100.0	0.000
run2_A_stride	pooled_pread	off	cold	stride	16384	250000	4	1	4	1	512	212806	304160	614489	73217	29279264	17487	16	0	0	100.0	0.000
run2_A_stride	pool	off	cold	stride	16384	250000	4	1	4	2	512	224647	361737	1143277	80297	32424884	15790	15	0	0	91.6	0.000
run2_A_stride	pool_ringloop	off	cold	stride	16384	250000	4	1	4	3	512	229250	367898	969458	79016	33847724	15127	15	0	0	90.2	0.000
run2_A_stride	hybrid	off	cold	stride	16384	250000	4	1	4	4	512	209508	294214	397304	47231	28781174	17789	9	0	0	90.4	0.000
run2_A_stride	hybrid_lazyring	off	cold	stride	16384	250000	4	1	4	5	512	200982	297785	700255	44884	29042002	17630	9	0	0	90.4	0.000
run2_A_stride	pooled_pread	off	cold	stride	16384	250000	4	1	5	0	512	208532	305855	752602	69510	29012426	17648	15	0	0	100.0	0.000
run2_A_stride	pool	off	cold	stride	16384	250000	4	1	5	1	512	242981	393145	718215	88431	33928516	15091	16	0	0	92.6	0.000
run2_A_stride	pool_ringloop	off	cold	stride	16384	250000	4	1	5	2	512	234705	407921	1288501	83523	34810030	14708	19	0	0	90.2	0.000
run2_A_stride	hybrid	off	cold	stride	16384	250000	4	1	5	3	512	195448	282706	372049	41317	26740135	19147	9	0	0	90.6	0.000
run2_A_stride	hybrid_lazyring	off	cold	stride	16384	250000	4	1	5	4	512	192094	273017	351013	40341	26121613	19601	9	0	0	90.4	0.000
run2_A_stride	uring	off	cold	stride	16384	250000	4	1	5	5	512	223114	434857	769526	48254	34170128	14984	9	0	0	100.0	0.000
run2_A_stride	pool	off	cold	stride	16384	250000	8	1	0	0	512	361884	700363	1228532	86108	26307615	19462	28	0	0	93.2	0.000
run2_A_stride	pool_ringloop	off	cold	stride	16384	250000	8	1	0	1	512	319200	452919	1459665	74660	21518221	23794	20	0	0	90.4	0.000
run2_A_stride	hybrid	off	cold	stride	16384	250000	8	1	0	2	512	259954	379273	564779	39130	20954531	24434	9	0	0	90.4	0.000
run2_A_stride	hybrid_lazyring	off	cold	stride	16384	250000	8	1	0	3	512	253464	376939	482045	37429	20109025	25461	9	0	0	90.6	0.000
run2_A_stride	uring	off	cold	stride	16384	250000	8	1	0	4	512	337317	510303	847953	37255	22270556	22990	9	0	0	100.0	0.000
run2_A_stride	pooled_pread	off	cold	stride	16384	250000	8	1	0	5	512	286160	446543	645187	77820	19862044	25778	24	0	0	100.0	0.000
run2_A_stride	pool_ringloop	off	cold	stride	16384	250000	8	1	1	0	512	334695	488160	1310768	75051	23147806	22119	19	0	0	90.8	0.000
run2_A_stride	hybrid	off	cold	stride	16384	250000	8	1	1	1	512	262170	373533	513926	38658	20903282	24494	9	0	0	90.4	0.000
run2_A_stride	hybrid_lazyring	off	cold	stride	16384	250000	8	1	1	2	512	264858	391767	562623	40301	21605466	23698	9	0	0	90.2	0.000
run2_A_stride	uring	off	cold	stride	16384	250000	8	1	1	3	512	325366	507763	1273288	38469	22622289	22633	9	0	0	100.0	0.000
run2_A_stride	pooled_pread	off	cold	stride	16384	250000	8	1	1	4	512	275156	457955	919036	78291	20053421	25532	24	0	0	100.0	0.000
run2_A_stride	pool	off	cold	stride	16384	250000	8	1	1	5	512	279186	441421	695222	73072	18964100	26998	22	0	0	92.8	0.000
run2_A_stride	hybrid	off	cold	stride	16384	250000	8	1	2	0	512	261498	387691	517254	37128	20602257	24852	9	0	0	90.4	0.000
run2_A_stride	hybrid_lazyring	off	cold	stride	16384	250000	8	1	2	1	512	262407	389675	532035	38721	20820271	24591	9	0	0	90.6	0.000
run2_A_stride	uring	off	cold	stride	16384	250000	8	1	2	2	512	335426	528875	1458209	38469	23289100	21985	9	0	0	100.0	0.000
run2_A_stride	pooled_pread	off	cold	stride	16384	250000	8	1	2	3	512	291752	447625	677359	77100	19871828	25765	25	0	0	100.0	0.000
run2_A_stride	pool	off	cold	stride	16384	250000	8	1	2	4	512	281705	467934	746600	72444	19445066	26331	21	0	0	92.8	0.000
run2_A_stride	pool_ringloop	off	cold	stride	16384	250000	8	1	2	5	512	334957	489072	2679457	75262	24138970	21211	24	0	0	89.5	0.000
run2_A_stride	hybrid_lazyring	off	cold	stride	16384	250000	8	1	3	0	512	238684	364541	473132	33655	18199994	28132	9	0	0	90.6	0.000
run2_A_stride	uring	off	cold	stride	16384	250000	8	1	3	1	512	322522	531957	1013539	37230	21911577	23367	9	0	0	100.0	0.000
run2_A_stride	pooled_pread	off	cold	stride	16384	250000	8	1	3	2	512	276703	456506	678311	76209	19794494	25866	24	0	0	100.0	0.000
run2_A_stride	pool	off	cold	stride	16384	250000	8	1	3	3	512	278674	456449	951049	71068	19669133	26031	21	0	0	91.2	0.000
run2_A_stride	pool_ringloop	off	cold	stride	16384	250000	8	1	3	4	512	313186	438377	1397076	73524	20967374	24419	17	0	0	90.6	0.000
run2_A_stride	hybrid	off	cold	stride	16384	250000	8	1	3	5	512	251899	363198	451429	37011	19785711	25877	9	0	0	90.6	0.000
run2_A_stride	uring	off	cold	stride	16384	250000	8	1	4	0	512	315658	502486	1033335	35292	21717542	23575	9	0	0	100.0	0.000
run2_A_stride	pooled_pread	off	cold	stride	16384	250000	8	1	4	1	512	271347	462137	866933	73804	19258267	26586	22	0	0	100.0	0.000
run2_A_stride	pool	off	cold	stride	16384	250000	8	1	4	2	512	273781	438422	790433	75514	19262751	26580	21	0	0	92.8	0.000
run2_A_stride	pool_ringloop	off	cold	stride	16384	250000	8	1	4	3	512	351984	554952	1467218	74449	24728497	20705	21	0	0	90.4	0.000
run2_A_stride	hybrid	off	cold	stride	16384	250000	8	1	4	4	512	256703	376887	496153	36058	20068174	25513	9	0	0	90.6	0.000
run2_A_stride	hybrid_lazyring	off	cold	stride	16384	250000	8	1	4	5	512	255414	373479	499785	37789	19993511	25608	9	0	0	90.6	0.000
run2_A_stride	pooled_pread	off	cold	stride	16384	250000	8	1	5	0	512	275484	552875	2086956	76867	24330246	21044	23	0	0	100.0	0.000
run2_A_stride	pool	off	cold	stride	16384	250000	8	1	5	1	512	272847	475129	809103	76964	19455571	26316	22	0	0	93.0	0.000
run2_A_stride	pool_ringloop	off	cold	stride	16384	250000	8	1	5	2	512	374156	589766	1486976	78422	25988534	19701	23	0	0	90.8	0.000
run2_A_stride	hybrid	off	cold	stride	16384	250000	8	1	5	3	512	256785	404931	1994555	38687	22572822	22682	9	0	0	90.6	0.000
run2_A_stride	hybrid_lazyring	off	cold	stride	16384	250000	8	1	5	4	512	254431	372969	497886	38177	20228676	25311	9	0	0	90.4	0.000
run2_A_stride	uring	off	cold	stride	16384	250000	8	1	5	5	512	335257	535976	1343006	37847	23473240	21812	9	0	0	100.0	0.000
run2_A_stride	pool	off	cold	stride	16384	250000	16	1	0	0	512	510006	1083370	2203702	82093	20617662	24833	36	0	0	92.4	0.000
run2_A_stride	pool_ringloop	off	cold	stride	16384	250000	16	1	0	1	512	783518	1594517	3173028	77211	29946701	17097	32	0	0	90.8	0.000
run2_A_stride	hybrid	off	cold	stride	16384	250000	16	1	0	2	512	457832	666684	1154165	43234	22508197	22747	9	0	0	90.4	0.000
run2_A_stride	hybrid_lazyring	off	cold	stride	16384	250000	16	1	0	3	512	474969	736615	1188154	41436	22742399	22513	9	0	0	90.4	0.000
run2_A_stride	uring	off	cold	stride	16384	250000	16	1	0	4	512	615510	1106255	1591317	37439	22167106	23097	9	0	0	100.0	0.000
run2_A_stride	pooled_pread	off	cold	stride	16384	250000	16	1	0	5	512	452478	882872	1756526	85255	17461780	29321	50	0	0	100.0	0.000
run2_A_stride	pool_ringloop	off	cold	stride	16384	250000	16	1	1	0	512	700407	1099807	1953861	79967	23851476	21466	34	0	0	91.2	0.000
run2_A_stride	hybrid	off	cold	stride	16384	250000	16	1	1	1	512	379292	586224	1010320	35532	18309518	27964	9	0	0	90.6	0.000
run2_A_stride	hybrid_lazyring	off	cold	stride	16384	250000	16	1	1	2	512	427654	680523	1362940	41840	22269516	22991	9	0	0	90.4	0.000
run2_A_stride	uring	off	cold	stride	16384	250000	16	1	1	3	512	721720	1109113	1515913	41541	24730295	20703	9	0	0	100.0	0.000
run2_A_stride	pooled_pread	off	cold	stride	16384	250000	16	1	1	4	512	593386	1207739	2312713	87763	23000055	22261	45	0	0	100.0	0.000
run2_A_stride	pool	off	cold	stride	16384	250000	16	1	1	5	512	461056	901349	1971969	81596	17898197	28606	35	0	0	92.6	0.000
run2_A_stride	hybrid	off	cold	stride	16384	250000	16	1	2	0	512	401353	586075	873442	38003	19259661	26584	9	0	0	90.4	0.000
run2_A_stride	hybrid_lazyring	off	cold	stride	16384	250000	16	1	2	1	512	389815	569813	822007	37531	19007105	26937	9	0	0	90.6	0.000
run2_A_stride	uring	off	cold	stride	16384	250000	16	1	2	2	512	588666	833682	1196554	32529	19041930	26888	9	0	0	100.0	0.000
run2_A_stride	pooled_pread	off	cold	stride	16384	250000	16	1	2	3	512	435082	796355	1716452	81595	16333512	31347	44	0	0	100.0	0.000
run2_A_stride	pool	off	cold	stride	16384	250000	16	1	2	4	512	445880	812894	1400448	79815	15875140	32252	36	0	0	92.8	0.000
run2_A_stride	pool_ringloop	off	cold	stride	16384	250000	16	1	2	5	512	689589	970793	2426108	78026	23316128	21959	25	0	0	90.4	0.000
run2_A_stride	hybrid_lazyring	off	cold	stride	16384	250000	16	1	3	0	512	409179	628152	1807846	39528	21910283	23368	9	0	0	90.2	0.000
run2_A_stride	uring	off	cold	stride	16384	250000	16	1	3	1	512	707396	1144621	1733447	43267	24383927	20997	9	0	0	100.0	0.000
run2_A_stride	pooled_pread	off	cold	stride	16384	250000	16	1	3	2	512	530903	1019237	1599239	91696	19337690	26477	41	0	0	100.0	0.000
run2_A_stride	pool	off	cold	stride	16384	250000	16	1	3	3	512	453377	775691	1554700	81278	16069204	31862	35	0	0	92.4	0.000
run2_A_stride	pool_ringloop	off	cold	stride	16384	250000	16	1	3	4	512	678656	1007887	2511719	82059	24283165	21085	23	0	0	91.2	0.000
run2_A_stride	hybrid	off	cold	stride	16384	250000	16	1	3	5	512	429475	757306	1113926	46111	23757888	21551	9	0	0	90.2	0.000
run2_A_stride	uring	off	cold	stride	16384	250000	16	1	4	0	512	645261	1338716	1998956	38451	23681282	21620	9	0	0	100.0	0.000
run2_A_stride	pooled_pread	off	cold	stride	16384	250000	16	1	4	1	512	500822	1052318	1788282	87226	19456484	26315	43	0	0	100.0	0.000
run2_A_stride	pool	off	cold	stride	16384	250000	16	1	4	2	512	448640	999957	1653612	86067	17827679	28719	44	0	0	92.4	0.000
run2_A_stride	pool_ringloop	off	cold	stride	16384	250000	16	1	4	3	512	753447	1232701	2284488	85514	26157878	19573	28	0	0	90.4	0.000
run2_A_stride	hybrid	off	cold	stride	16384	250000	16	1	4	4	512	423290	667877	924412	43613	22082504	23186	9	0	0	90.4	0.000
run2_A_stride	hybrid_lazyring	off	cold	stride	16384	250000	16	1	4	5	512	404079	693281	977653	41265	21369661	23959	9	0	0	90.4	0.000
run2_A_stride	pooled_pread	off	cold	stride	16384	250000	16	1	5	0	512	456445	1148124	2279707	91710	19493513	26265	60	0	0	100.0	0.000
run2_A_stride	pool	off	cold	stride	16384	250000	16	1	5	1	512	450539	876083	1948209	83210	17748547	28847	35	0	0	92.6	0.000
run2_A_stride	pool_ringloop	off	cold	stride	16384	250000	16	1	5	2	512	671805	946054	1940332	79772	23067562	22196	27	0	0	90.6	0.000
run2_A_stride	hybrid	off	cold	stride	16384	250000	16	1	5	3	512	384507	565321	1011852	36704	18413411	27806	9	0	0	90.4	0.000
run2_A_stride	hybrid_lazyring	off	cold	stride	16384	250000	16	1	5	4	512	418330	640963	940979	40193	20469864	25012	9	0	0	90.4	0.000
run2_A_stride	uring	off	cold	stride	16384	250000	16	1	5	5	512	650574	1105712	1909245	39169	23071859	22192	9	0	0	100.0	0.000
run2_A_stride	pool	off	cold	stride	16384	250000	32	1	0	0	512	694515	1661820	3114146	92439	15051187	34017	61	0	0	92.8	0.000
run2_A_stride	pool_ringloop	off	cold	stride	16384	250000	32	1	0	1	512	1416460	1904739	3198416	84206	23915322	21409	51	0	0	90.0	0.000
run2_A_stride	hybrid	off	cold	stride	16384	250000	32	1	0	2	512	672162	1209244	1459222	38266	20339966	25172	9	0	0	90.6	0.000
run2_A_stride	hybrid_lazyring	off	cold	stride	16384	250000	32	1	0	3	512	720346	1226413	1481333	38755	20427892	25064	9	0	0	91.6	0.000
run2_A_stride	uring	off	cold	stride	16384	250000	32	1	0	4	512	1413991	2080586	3000514	46671	25705478	19918	9	0	0	100.0	0.000
run2_A_stride	pooled_pread	off	cold	stride	16384	250000	32	1	0	5	512	922835	2202598	3719436	96303	19213557	26648	82	0	0	100.0	0.000
run2_A_stride	pool_ringloop	off	cold	stride	16384	250000	32	1	1	0	512	1370017	1910742	3241736	82377	23349613	21928	47	0	0	90.6	0.000
run2_A_stride	hybrid	off	cold	stride	16384	250000	32	1	1	1	512	766235	1317495	1696105	40740	22284511	22976	9	0	0	90.6	0.000
run2_A_stride	hybrid_lazyring	off	cold	stride	16384	250000	32	1	1	2	512	673785	1200715	1493628	39676	21086722	24281	9	0	0	90.2	0.000
run2_A_stride	uring	off	cold	stride	16384	250000	32	1	1	3	512	1155326	1767306	1896846	36100	19771018	25896	9	0	0	100.0	0.000
run2_A_stride	pooled_pread	off	cold	stride	16384	250000	32	1	1	4	512	938173	2470295	4126195	92581	19734715	25944	90	0	0	100.0	0.000
run2_A_stride	pool	off	cold	stride	16384	250000	32	1	1	5	512	673548	1311649	2509678	86430	13549529	37787	50	0	0	92.8	0.000
run2_A_stride	hybrid	off	cold	stride	16384	250000	32	1	2	0	512	642157	1112324	1396868	37028	19469097	26298	9	0	0	90.4	0.000
run2_A_stride	hybrid_lazyring	off	cold	stride	16384	250000	32	1	2	1	512	664580	1179288	1827167	36695	19802006	25856	9	0	0	90.6	0.000
run2_A_stride	uring	off	cold	stride	16384	250000	32	1	2	2	512	1293132	1596517	1750752	38743	20994643	24387	9	0	0	100.0	0.000
run2_A_stride	pooled_pread	off	cold	stride	16384	250000	32	1	2	3	512	625188	1714168	5471357	87689	15786464	32433	61	0	0	100.0	0.000
run2_A_stride	pool	off	cold	stride	16384	250000	32	1	2	4	512	821239	1891305	2946334	90739	17024385	30075	56	0	0	92.8	0.000
run2_A_stride	pool_ringloop	off	cold	stride	16384	250000	32	1	2	5	512	1363285	1736164	3100162	82259	22880528	22377	25	0	0	90.6	0.000
run2_A_stride	hybrid_lazyring	off	cold	stride	16384	250000	32	1	3	0	512	659816	1177829	1531229	38998	20600313	24854	9	0	0	90.6	0.000
run2_A_stride	uring	off	cold	stride	16384	250000	32	1	3	1	512	1322176	1681018	2084565	39861	22356488	22902	9	0	0	100.0	0.000
run2_A_stride	pooled_pread	off	cold	stride	16384	250000	32	1	3	2	512	1361005	2612568	4041746	113527	24844672	20608	105	0	0	100.0	0.000
run2_A_stride	pool	off	cold	stride	16384	250000	32	1	3	3	512	822127	1577836	4303598	93485	16158433	31686	61	0	0	93.0	0.000
run2_A_stride	pool_ringloop	off	cold	stride	16384	250000	32	1	3	4	512	1293872	2196916	3340062	82310	22837174	22420	52	0	0	90.4	0.000
run2_A_stride	hybrid	off	cold	stride	16384	250000	32	1	3	5	512	860106	1551997	1915936	46832	24622189	20794	9	0	0	91.4	0.000
run2_A_stride	uring	off	cold	stride	16384	250000	32	1	4	0	512	1307857	1930556	2276648	39958	22247895	23013	9	0	0	100.0	0.000
run2_A_stride	pooled_pread	off	cold	stride	16384	250000	32	1	4	1	512	826768	3051436	5784442	96483	24512581	20887	72	0	0	100.0	0.000
run2_A_stride	pool	off	cold	stride	16384	250000	32	1	4	2	512	986023	2139030	3490712	96596	19472676	26293	57	0	0	93.2	0.000
run2_A_stride	pool_ringloop	off	cold	stride	16384	250000	32	1	4	3	512	1743885	2732789	5758905	88390	31200896	16410	35	0	0	91.2	0.000
run2_A_stride	hybrid	off	cold	stride	16384	250000	32	1	4	4	512	625471	1103888	1321349	35339	18608597	27514	9	0	0	90.4	0.000
run2_A_stride	hybrid_lazyring	off	cold	stride	16384	250000	32	1	4	5	512	665678	1218976	1579833	39083	20718477	24712	9	0	0	90.4	0.000
run2_A_stride	pooled_pread	off	cold	stride	16384	250000	32	1	5	0	512	993109	2198456	3537276	100392	18767443	27281	106	0	0	100.0	0.000
run2_A_stride	pool	off	cold	stride	16384	250000	32	1	5	1	512	709829	1702552	3201899	90928	15605745	32808	52	0	0	92.8	0.000
run2_A_stride	pool_ringloop	off	cold	stride	16384	250000	32	1	5	2	512	1365966	1908725	3352343	81588	23246650	22025	28	0	0	90.2	0.000
run2_A_stride	hybrid	off	cold	stride	16384	250000	32	1	5	3	512	605914	1123631	1424642	35897	18798493	27236	9	0	0	90.4	0.000
run2_A_stride	hybrid_lazyring	off	cold	stride	16384	250000	32	1	5	4	512	640605	1188962	1552395	38124	20224273	25316	9	0	0	90.2	0.000
run2_A_stride	uring	off	cold	stride	16384	250000	32	1	5	5	512	1360003	1696747	2087081	39583	22544595	22711	9	0	0	100.0	0.000
run2_A_stride	pool	off	cold	stride	16384	250000	64	1	0	0	512	1432875	3038918	6538844	97924	16647366	30756	76	0	0	92.6	0.000
run2_A_stride	pool_ringloop	off	cold	stride	16384	250000	64	1	0	1	512	2492491	4214505	6828989	80325	22680978	22574	56	0	0	90.0	0.000
run2_A_stride	hybrid	off	cold	stride	16384	250000	64	1	0	2	512	1229276	2211547	2570251	36796	19758697	25913	9	0	0	90.4	0.000
run2_A_stride	hybrid_lazyring	off	cold	stride	16384	250000	64	1	0	3	512	1219794	2149292	2529497	36659	19687612	26006	9	0	0	90.6	0.000
run2_A_stride	uring	off	cold	stride	16384	250000	64	1	0	4	512	2225900	3681364	4770056	37141	20256095	25276	9	0	0	100.0	0.000
run2_A_stride	pooled_pread	off	cold	stride	16384	250000	64	1	0	5	512	2184122	3954846	9366011	113845	23444072	21839	184	0	0	100.0	0.000
run2_A_stride	pool_ringloop	off	cold	stride	16384	250000	64	1	1	0	512	2508294	3612267	4101400	81468	20912885	24483	51	0	0	91.2	0.000
run2_A_stride	hybrid	off	cold	stride	16384	250000	64	1	1	1	512	1266116	2234670	2604368	38296	20403539	25094	9	0	0	90.4	0.000
run2_A_stride	hybrid_lazyring	off	cold	stride	16384	250000	64	1	1	2	512	1418867	2740558	3492028	45675	24405088	20979	9	0	0	90.2	0.000
run2_A_stride	uring	off	cold	stride	16384	250000	64	1	1	3	512	2134119	3784743	3996682	38107	20792081	24625	9	0	0	100.0	0.000
run2_A_stride	pooled_pread	off	cold	stride	16384	250000	64	1	1	4	512	1857699	3847706	5869697	108814	19649493	26057	151	0	0	100.0	0.000
run2_A_stride	pool	off	cold	stride	16384	250000	64	1	1	5	512	1657494	3710010	6937903	101651	21483877	23832	78	0	0	92.6	0.000
run2_A_stride	hybrid	off	cold	stride	16384	250000	64	1	2	0	512	1504281	2634791	3396115	41550	22533368	22722	9	0	0	90.6	0.000
run2_A_stride	hybrid_lazyring	off	cold	stride	16384	250000	64	1	2	1	512	1502871	2609752	3262894	42606	22971950	22288	9	0	0	90.4	0.000
run2_A_stride	uring	off	cold	stride	16384	250000	64	1	2	2	512	2914584	4975321	5928198	48632	26424993	19376	9	0	0	100.0	0.000
run2_A_stride	pooled_pread	off	cold	stride	16384	250000	64	1	2	3	512	2222102	5127089	7328777	125058	23390792	21889	142	0	0	100.0	0.000
run2_A_stride	pool	off	cold	stride	16384	250000	64	1	2	4	512	1736995	3534943	5735555	107702	19813614	25841	95	0	0	93.2	0.000
run2_A_stride	pool_ringloop	off	cold	stride	16384	250000	64	1	2	5	512	3057231	4384582	4719503	90121	26012461	19683	39	0	0	90.2	0.000
run2_A_stride	hybrid_lazyring	off	cold	stride	16384	250000	64	1	3	0	512	1437538	2694639	3873489	42021	22859943	22397	9	0	0	90.4	0.000
run2_A_stride	uring	off	cold	stride	16384	250000	64	1	3	1	512	2907281	5014655	5593895	51013	27494631	18622	9	0	0	100.0	0.000
run2_A_stride	pooled_pread	off	cold	stride	16384	250000	64	1	3	2	512	2100947	4852502	10624876	120552	23175661	22092	160	0	0	100.0	0.000
run2_A_stride	pool	off	cold	stride	16384	250000	64	1	3	3	512	1849464	3973201	6012342	106046	20316708	25201	83	0	0	93.0	0.000
run2_A_stride	pool_ringloop	off	cold	stride	16384	250000	64	1	3	4	512	3553872	5198168	5904171	94206	28490543	17971	66	0	0	89.5	0.000
run2_A_stride	hybrid	off	cold	stride	16384	250000	64	1	3	5	512	1528035	2849476	3199327	44779	24492898	20904	9	0	0	90.4	0.000
run2_A_stride	uring	off	cold	stride	16384	250000	64	1	4	0	512	2191475	3905791	5847630	42681	23308753	21966	9	0	0	100.0	0.000
run2_A_stride	pooled_pread	off	cold	stride	16384	250000	64	1	4	1	512	2141408	4600080	8956891	127704	23777931	21533	177	0	0	100.0	0.000
run2_A_stride	pool	off	cold	stride	16384	250000	64	1	4	2	512	1660692	3221748	6334864	109229	18931471	27045	78	0	0	92.6	0.000
run2_A_stride	pool_ringloop	off	cold	stride	16384	250000	64	1	4	3	512	3385811	5119124	6643392	100890	28032123	18265	88	0	0	89.5	0.000
run2_A_stride	hybrid	off	cold	stride	16384	250000	64	1	4	4	512	1402206	2469246	2962208	40248	21959512	23316	9	0	0	90.4	0.000
run2_A_stride	hybrid_lazyring	off	cold	stride	16384	250000	64	1	4	5	512	1362877	2609874	3145394	43515	23522645	21766	9	0	0	90.6	0.000
run2_A_stride	pooled_pread	off	cold	stride	16384	250000	64	1	5	0	512	2049768	5637162	11219413	119803	25392113	20164	202	0	0	100.0	0.000
run2_A_stride	pool	off	cold	stride	16384	250000	64	1	5	1	512	1796137	3666153	5564443	103296	18168146	28181	81	0	0	93.2	0.000
run2_A_stride	pool_ringloop	off	cold	stride	16384	250000	64	1	5	2	512	2699919	3719347	4903278	89268	23904399	21419	78	0	0	91.2	0.000
run2_A_stride	hybrid	off	cold	stride	16384	250000	64	1	5	3	512	1345550	2389164	2747578	39221	21249468	24095	9	0	0	90.6	0.000
run2_A_stride	hybrid_lazyring	off	cold	stride	16384	250000	64	1	5	4	512	1367180	2384203	2740865	40131	21853513	23429	9	0	0	90.6	0.000
run2_A_stride	uring	off	cold	stride	16384	250000	64	1	5	5	512	2408732	3723811	4405919	38654	20884974	24515	9	0	0	100.0	0.000
run2_A_stride	pool	off	warm	stride	16384	250000	1	1	0	0	512	3669	4555	6740	4396	2718976	188306	9	0	0	0.0	0.000
run2_A_stride	pool_ringloop	off	warm	stride	16384	250000	1	1	0	1	512	3077	3772	5380	3956	1796870	284940	9	0	0	0.0	0.000
run2_A_stride	hybrid	off	warm	stride	16384	250000	1	1	0	2	512	2922	3412	4066	3648	1798465	284687	9	0	0	0.0	0.000
run2_A_stride	hybrid_lazyring	off	warm	stride	16384	250000	1	1	0	3	512	2858	3381	5579	3538	1661134	308223	9	0	0	0.0	0.000
run2_A_stride	uring	off	warm	stride	16384	250000	1	1	0	4	512	4923	6122	16301	8838	2943936	173917	9	0	0	100.0	0.000
run2_A_stride	pooled_pread	off	warm	stride	16384	250000	1	1	0	5	512	15167	18500	49695	22935	9246740	55371	11	0	0	100.0	0.000
run2_A_stride	pool_ringloop	off	warm	stride	16384	250000	1	1	1	0	512	2976	3470	6947	3651	1729206	296090	9	0	0	0.0	0.000
run2_A_stride	hybrid	off	warm	stride	16384	250000	1	1	1	1	512	3261	3712	5712	4062	1995404	256590	9	0	0	0.0	0.000
run2_A_stride	hybrid_lazyring	off	warm	stride	16384	250000	1	1	1	2	512	2817	3228	6405	3385	1630208	314070	9	0	0	0.0	0.000
run2_A_stride	uring	off	warm	stride	16384	250000	1	1	1	3	512	5991	6503	9051	9996	3241315	157961	9	0	0	100.0	0.000
run2_A_stride	pooled_pread	off	warm	stride	16384	250000	1	1	1	4	512	13228	18741	50328	19682	8111314	63122	10	0	0	100.0	0.000
run2_A_stride	pool	off	warm	stride	16384	250000	1	1	1	5	512	2806	3222	5920	3360	1621817	315695	9	0	0	0.0	0.000
run2_A_stride	hybrid	off	warm	stride	16384	250000	1	1	2	0	512	3462	5260	6723	4641	2195609	233193	9	0	0	0.0	0.000
run2_A_stride	hybrid_lazyring	off	warm	stride	16384	250000	1	1	2	1	512	3674	4355	11735	4537	2154214	237674	9	0	0	0.0	0.000
run2_A_stride	uring	off	warm	stride	16384	250000	1	1	2	2	512	4786	5340	11896	8052	2689011	190405	9	0	0	100.0	0.000
run2_A_stride	pooled_pread	off	warm	stride	16384	250000	1	1	2	3	512	15237	18528	66606	21935	9823467	52120	10	0	0	100.0	0.000
run2_A_stride	pool	off	warm	stride	16384	250000	1	1	2	4	512	2835	3236	5033	3419	1624417	315190	9	0	0	0.0	0.000
run2_A_stride	pool_ringloop	off	warm	stride	16384	250000	1	1	2	5	512	2813	3212	3861	3364	1637413	312688	9	0	0	0.0	0.000
run2_A_stride	hybrid_lazyring	off	warm	stride	16384	250000	1	1	3	0	512	3412	4302	8645	4234	1985618	257854	9	0	0	0.0	0.000
run2_A_stride	uring	off	warm	stride	16384	250000	1	1	3	1	512	5035	7477	17218	9492	3143899	162855	9	0	0	100.0	0.000
run2_A_stride	pooled_pread	off	warm	stride	16384	250000	1	1	3	2	512	15814	17203	50353	21993	8888444	57603	10	0	0	100.0	0.000
run2_A_stride	pool	off	warm	stride	16384	250000	1	1	3	3	512	3074	4413	7719	3951	1926369	265785	9	0	0	0.0	0.000
run2_A_stride	pool_ringloop	off	warm	stride	16384	250000	1	1	3	4	512	3543	4252	8046	4111	2032178	251946	9	0	0	0.0	0.000
run2_A_stride	hybrid	off	warm	stride	16384	250000	1	1	3	5	512	2871	3319	5327	3679	1757704	291289	9	0	0	0.0	0.000
run2_A_stride	uring	off	warm	stride	16384	250000	1	1	4	0	512	6117	6604	11306	10305	3362686	152259	9	0	0	100.0	0.000
run2_A_stride	pooled_pread	off	warm	stride	16384	250000	1	1	4	1	512	13273	17319	33191	19520	7828009	65406	10	0	0	100.0	0.000
run2_A_stride	pool	off	warm	stride	16384	250000	1	1	4	2	512	3045	3931	4982	3782	1789447	286122	9	0	0	0.0	0.000
run2_A_stride	pool_ringloop	off	warm	stride	16384	250000	1	1	4	3	512	3157	3812	4963	3897	1826955	280248	9	0	0	0.0	0.000
run2_A_stride	hybrid	off	warm	stride	16384	250000	1	1	4	4	512	3028	3461	9391	3796	1868666	273992	9	0	0	0.0	0.000
run2_A_stride	hybrid_lazyring	off	warm	stride	16384	250000	1	1	4	5	512	3745	4393	4958	4381	2122924	241177	9	0	0	0.0	0.000
run2_A_stride	pooled_pread	off	warm	stride	16384	250000	1	1	5	0	512	15285	19391	43280	21888	8466964	60470	10	0	0	100.0	0.000
run2_A_stride	pool	off	warm	stride	16384	250000	1	1	5	1	512	3009	3545	4836	3758	1764051	290241	9	0	0	0.0	0.000
run2_A_stride	pool_ringloop	off	warm	stride	16384	250000	1	1	5	2	512	3134	3956	5368	3900	1813905	282264	9	0	0	0.0	0.000
run2_A_stride	hybrid	off	warm	stride	16384	250000	1	1	5	3	512	2933	3416	4187	3821	1754080	291891	9	0	0	0.0	0.000
run2_A_stride	hybrid_lazyring	off	warm	stride	16384	250000	1	1	5	4	512	3389	4039	5433	4202	1974970	259244	9	0	0	0.0	0.000
run2_A_stride	uring	off	warm	stride	16384	250000	1	1	5	5	512	4776	5288	8789	7891	2620797	195360	9	0	0	100.0	0.000
run2_A_stride	pool	off	warm	stride	16384	250000	2	1	0	0	512	3439	4340	8870	4201	1039559	492517	9	0	0	0.0	0.000
run2_A_stride	pool_ringloop	off	warm	stride	16384	250000	2	1	0	1	512	2896	3303	4182	3767	1659225	308578	9	0	0	0.0	0.000
run2_A_stride	hybrid	off	warm	stride	16384	250000	2	1	0	2	512	2892	3272	3753	3543	1760174	290880	9	0	0	0.0	0.000
run2_A_stride	hybrid_lazyring	off	warm	stride	16384	250000	2	1	0	3	512	3070	3598	4915	3741	1797993	284762	9	0	0	0.0	0.000
run2_A_stride	uring	off	warm	stride	16384	250000	2	1	0	4	512	7251	9061	20656	6301	2199288	232803	9	0	0	100.0	0.000
run2_A_stride	pooled_pread	off	warm	stride	16384	250000	2	1	0	5	512	16970	19499	33425	19703	4725739	108343	12	0	0	100.0	0.000
run2_A_stride	pool_ringloop	off	warm	stride	16384	250000	2	1	1	0	512	3247	4933	8630	4094	2004105	255476	9	0	0	0.0	0.000
run2_A_stride	hybrid	off	warm	stride	16384	250000	2	1	1	1	512	3820	4501	5574	4700	2273086	225244	9	0	0	0.0	0.000
run2_A_stride	hybrid_lazyring	off	warm	stride	16384	250000	2	1	1	2	512	3081	3824	7143	3709	1815340	282041	9	0	0	0.0	0.000
run2_A_stride	uring	off	warm	stride	16384	250000	2	1	1	3	512	7352	9962	22202	6134	2215752	231073	9	0	0	100.0	0.000
run2_A_stride	pooled_pread	off	warm	stride	16384	250000	2	1	1	4	512	16585	20750	55544	20454	5201904	98425	14	0	0	100.0	0.000
run2_A_stride	pool	off	warm	stride	16384	250000	2	1	1	5	512	3583	4219	5412	4262	1062375	481939	9	0	0	0.0	0.000
run2_A_stride	hybrid	off	warm	stride	16384	250000	2	1	2	0	512	3326	3941	5870	4111	2004831	255383	9	0	0	0.0	0.000
run2_A_stride	hybrid_lazyring	off	warm	stride	16384	250000	2	1	2	1	512	3295	4063	4818	4198	1979667	258629	9	0	0	0.0	0.000
run2_A_stride	uring	off	warm	stride	16384	250000	2	1	2	2	512	10350	13142	27817	8723	3139579	163079	9	0	0	100.0	0.000
run2_A_stride	pooled_pread	off	warm	stride	16384	250000	2	1	2	3	512	17858	22480	54504	21261	4996256	102477	14	0	0	100.0	0.000
run2_A_stride	pool	off	warm	stride	16384	250000	2	1	2	4	512	3336	3864	9033	4069	996516	513790	9	0	0	0.0	0.000
run2_A_stride	pool_ringloop	off	warm	stride	16384	250000	2	1	2	5	512	3195	3827	9671	3924	1935833	264486	9	0	0	0.0	0.000
run2_A_stride	hybrid_lazyring	off	warm	stride	16384	250000	2	1	3	0	512	3811	4568	5561	4713	2187209	234088	9	0	0	0.0	0.000
run2_A_stride	uring	off	warm	stride	16384	250000	2	1	3	1	512	7803	10207	15414	6743	2407001	212713	9	0	0	100.0	0.000
run2_A_stride	pooled_pread	off	warm	stride	16384	250000	2	1	3	2	512	18770	24207	76954	22705	5428811	94312	17	0	0	100.0	0.000
run2_A_stride	pool	off	warm	stride	16384	250000	2	1	3	3	512	4424	4810	10557	5294	1304407	392516	9	0	0	0.0	0.000
run2_A_stride	pool_ringloop	off	warm	stride	16384	250000	2	1	3	4	512	3250	3954	5822	3775	1887835	271210	9	0	0	0.0	0.000
run2_A_stride	hybrid	off	warm	stride	16384	250000	2	1	3	5	512	3029	3390	4569	3732	1824450	280633	9	0	0	0.0	0.000
run2_A_stride	uring	off	warm	stride	16384	250000	2	1	4	0	512	7633	10523	20211	6607	2391732	214071	9	0	0	100.0	0.000
run2_A_stride	pooled_pread	off	warm	stride	16384	250000	2	1	4	1	512	17753	20940	43902	20059	4889261	104719	13	0	0	100.0	0.000
run2_A_stride	pool	off	warm	stride	16384	250000	2	1	4	2	512	3275	3797	5189	3946	980356	522259	9	0	0	0.0	0.000
run2_A_stride	pool_ringloop	off	warm	stride	16384	250000	2	1	4	3	512	3252	4271	6696	4059	1968968	260035	9	0	0	0.0	0.000
run2_A_stride	hybrid	off	warm	stride	16384	250000	2	1	4	4	512	3072	3546	5314	3871	1885191	271591	9	0	0	0.0	0.000
run2_A_stride	hybrid_lazyring	off	warm	stride	16384	250000	2	1	4	5	512	3662	4111	4655	4254	2115426	242032	9	0	0	0.0	0.000
run2_A_stride	pooled_pread	off	warm	stride	16384	250000	2	1	5	0	512	19332	24792	66982	21777	6154064	83197	13	0	0	100.0	0.000
run2_A_stride	pool	off	warm	stride	16384	250000	2	1	5	1	512	3697	4476	5938	4584	1133846	451560	9	0	0	0.0	0.000
run2_A_stride	pool_ringloop	off	warm	stride	16384	250000	2	1	5	2	512	3221	3711	5461	3796	1863041	274820	9	0	0	0.0	0.000
run2_A_stride	hybrid	off	warm	stride	16384	250000	2	1	5	3	512	3167	3526	4525	3943	1913872	267521	9	0	0	0.0	0.000
run2_A_stride	hybrid_lazyring	off	warm	stride	16384	250000	2	1	5	4	512	3163	3549	5538	3954	1798896	284619	9	0	0	0.0	0.000
run2_A_stride	uring	off	warm	stride	16384	250000	2	1	5	5	512	7587	8402	17698	6838	2312419	221413	9	0	0	100.0	0.000
run2_A_stride	pool	off	warm	stride	16384	250000	4	1	0	0	512	4565	5860	7673	5646	722192	708953	9	0	0	0.0	0.000
run2_A_stride	pool_ringloop	off	warm	stride	16384	250000	4	1	0	1	512	3450	4449	6480	4431	2074101	246854	9	0	0	0.0	0.000
run2_A_stride	hybrid	off	warm	stride	16384	250000	4	1	0	2	512	3249	3629	5156	4187	1955431	261835	9	0	0	0.0	0.000
run2_A_stride	hybrid_lazyring	off	warm	stride	16384	250000	4	1	0	3	512	3268	3733	5308	3952	1860647	275173	9	0	0	0.0	0.000
run2_A_stride	uring	off	warm	stride	16384	250000	4	1	0	4	512	14406	16523	26623	5519	2128642	240529	9	0	0	100.0	0.000
run2_A_stride	pooled_pread	off	warm	stride	16384	250000	4	1	0	5	512	17488	55006	400106	25639	4704192	108839	25	0	0	100.0	0.000
run2_A_stride	pool_ringloop	off	warm	stride	16384	250000	4	1	1	0	512	3406	4282	6423	4194	2006484	255173	9	0	0	0.0	0.000
run2_A_stride	hybrid	off	warm	stride	16384	250000	4	1	1	1	512	4100	4827	10308	5095	2473056	207031	9	0	0	0.0	0.000
run2_A_stride	hybrid_lazyring	off	warm	stride	16384	250000	4	1	1	2	512	3415	4165	6150	4233	2031872	251984	9	0	0	0.0	0.000
run2_A_stride	uring	off	warm	stride	16384	250000	4	1	1	3	512	14656	19564	29040	5759	2218115	230827	9	0	0	100.0	0.000
run2_A_stride	pooled_pread	off	warm	stride	16384	250000	4	1	1	4	512	14844	28272	151836	22202	2741676	186747	22	0	0	100.0	0.000
run2_A_stride	pool	off	warm	stride	16384	250000	4	1	1	5	512	5383	6562	16159	6428	843989	606643	9	0	0	0.0	0.000
run2_A_stride	hybrid	off	warm	stride	16384	250000	4	1	2	0	512	3626	4377	6136	4889	2253671	227185	9	0	0	0.0	0.000
run2_A_stride	hybrid_lazyring	off	warm	stride	16384	250000	4	1	2	1	512	3222	3626	4597	3865	1870610	273708	9	0	0	0.0	0.000
run2_A_stride	uring	off	warm	stride	16384	250000	4	1	2	2	512	14016	16079	31690	5514	2153112	237795	9	0	0	100.0	0.000
run2_A_stride	pooled_pread	off	warm	stride	16384	250000	4	1	2	3	512	16335	35784	253450	22957	4053122	126322	22	0	0	100.0	0.000
run2_A_stride	pool	off	warm	stride	16384	250000	4	1	2	4	512	5015	5546	6466	5766	779511	656822	9	0	0	0.0	0.000
run2_A_stride	pool_ringloop	off	warm	stride	16384	250000	4	1	2	5	512	3168	3693	6503	4071	1855139	275990	9	0	0	0.0	0.000
run2_A_stride	hybrid_lazyring	off	warm	stride	16384	250000	4	1	3	0	512	4039	4890	6041	4911	2335441	219231	9	0	0	0.0	0.000
run2_A_stride	uring	off	warm	stride	16384	250000	4	1	3	1	512	18126	22015	31855	6323	2587384	197883	9	0	0	100.0	0.000
run2_A_stride	pooled_pread	off	warm	stride	16384	250000	4	1	3	2	512	15268	29501	107541	22013	2691268	190245	20	0	0	100.0	0.000
run2_A_stride	pool	off	warm	stride	16384	250000	4	1	3	3	512	5133	6126	18313	5977	820589	623942	9	0	0	0.0	0.000
run2_A_stride	pool_ringloop	off	warm	stride	16384	250000	4	1	3	4	512	3983	4830	8406	4648	2319160	220770	9	0	0	0.0	0.000
run2_A_stride	hybrid	off	warm	stride	16384	250000	4	1	3	5	512	3652	5020	6278	5154	2343716	218457	9	0	0	0.0	0.000
run2_A_stride	uring	off	warm	stride	16384	250000	4	1	4	0	512	14053	15292	24683	5430	2044917	250377	9	0	0	100.0	0.000
run2_A_stride	pooled_pread	off	warm	stride	16384	250000	4	1	4	1	512	14882	30095	105135	22358	2785971	183778	20	0	0	100.0	0.000
run2_A_stride	pool	off	warm	stride	16384	250000	4	1	4	2	512	4337	5399	13682	5369	975605	524803	9	0	0	0.0	0.000
run2_A_stride	pool_ringloop	off	warm	stride	16384	250000	4	1	4	3	512	3686	4511	11941	4456	2210337	231639	9	0	0	0.0	0.000
run2_A_stride	hybrid	off	warm	stride	16384	250000	4	1	4	4	512	3259	3783	5060	4437	2020490	253404	9	0	0	0.0	0.000
run2_A_stride	hybrid_lazyring	off	warm	stride	16384	250000	4	1	4	5	512	3725	4288	5901	4470	2108760	242797	9	0	0	0.0	0.000
run2_A_stride	pooled_pread	off	warm	stride	16384	250000	4	1	5	0	512	17732	38610	152276	22705	3231523	158439	21	0	0	100.0	0.000
run2_A_stride	pool	off	warm	stride	16384	250000	4	1	5	1	512	5039	6387	14383	6268	795597	643542	9	0	0	0.0	0.000
run2_A_stride	pool_ringloop	off	warm	stride	16384	250000	4	1	5	2	512	4063	4787	5983	4898	2286876	223886	9	0	0	0.0	0.000
run2_A_stride	hybrid	off	warm	stride	16384	250000	4	1	5	3	512	3870	4656	10073	4974	2325437	220174	9	0	0	0.0	0.000
run2_A_stride	hybrid_lazyring	off	warm	stride	16384	250000	4	1	5	4	512	3195	3586	6780	3814	1862770	274859	9	0	0	0.0	0.000
run2_A_stride	uring	off	warm	stride	16384	250000	4	1	5	5	512	13710	14396	23993	5334	1990744	257190	9	0	0	100.0	0.000
run2_A_stride	pool	off	warm	stride	16384	250000	8	1	0	0	512	3865	4786	7624	5136	911304	561832	9	0	0	0.0	0.000
run2_A_stride	pool_ringloop	off	warm	stride	16384	250000	8	1	0	1	512	3659	4357	12089	4787	2221083	230518	9	0	0	0.0	0.000
run2_A_stride	hybrid	off	warm	stride	16384	250000	8	1	0	2	512	3246	3628	5740	4315	1983604	258116	9	0	0	0.0	0.000
run2_A_stride	hybrid_lazyring	off	warm	stride	16384	250000	8	1	0	3	512	3232	3709	7158	4080	1890392	270843	9	0	0	0.0	0.000
run2_A_stride	uring	off	warm	stride	16384	250000	8	1	0	4	512	27139	33645	39079	5078	2041908	250746	9	0	0	100.0	0.000
run2_A_stride	pooled_pread	off	warm	stride	16384	250000	8	1	0	5	512	24566	165761	425666	31150	3993773	128200	45	0	0	100.0	0.000
run2_A_stride	pool_ringloop	off	warm	stride	16384	250000	8	1	1	0	512	3255	3628	4263	4254	1887095	271316	9	0	0	0.0	0.000
run2_A_stride	hybrid	off	warm	stride	16384	250000	8	1	1	1	512	3233	3625	4067	4176	1989443	257358	9	0	0	0.0	0.000
run2_A_stride	hybrid_lazyring	off	warm	stride	16384	250000	8	1	1	2	512	4449	5426	7195	5387	2575034	198832	9	0	0	0.0	0.000
run2_A_stride	uring	off	warm	stride	16384	250000	8	1	1	3	512	28029	38954	46623	5115	2214007	231255	9	0	0	100.0	0.000
run2_A_stride	pooled_pread	off	warm	stride	16384	250000	8	1	1	4	512	19373	99796	363235	28375	3035550	168668	34	0	0	100.0	0.000
run2_A_stride	pool	off	warm	stride	16384	250000	8	1	1	5	512	5910	7053	14759	6870	620510	825128	9	0	0	0.0	0.000
run2_A_stride	hybrid	off	warm	stride	16384	250000	8	1	2	0	512	3591	4372	6320	4691	2227411	229863	9	0	0	0.0	0.000
run2_A_stride	hybrid_lazyring	off	warm	stride	16384	250000	8	1	2	1	512	3362	3872	7228	4033	2010195	254702	9	0	0	0.0	0.000
run2_A_stride	uring	off	warm	stride	16384	250000	8	1	2	2	512	26855	28658	42254	4964	2023500	253027	9	0	0	100.0	0.000
run2_A_stride	pooled_pread	off	warm	stride	16384	250000	8	1	2	3	512	24699	148635	388354	29474	3699216	138408	39	0	0	100.0	0.000
run2_A_stride	pool	off	warm	stride	16384	250000	8	1	2	4	512	5851	6882	28659	7047	683649	748922	9	0	0	0.0	0.000
run2_A_stride	pool_ringloop	off	warm	stride	16384	250000	8	1	2	5	512	3256	3660	4099	4075	1958056	261484	9	0	0	0.0	0.000
run2_A_stride	hybrid_lazyring	off	warm	stride	16384	250000	8	1	3	0	512	3300	3674	4132	4141	1926392	265782	9	0	0	0.0	0.000
run2_A_stride	uring	off	warm	stride	16384	250000	8	1	3	1	512	34266	44771	80589	6072	2554465	200433	9	0	0	100.0	0.000
run2_A_stride	pooled_pread	off	warm	stride	16384	250000	8	1	3	2	512	17816	180357	366018	32543	3747722	136616	44	0	0	100.0	0.000
run2_A_stride	pool	off	warm	stride	16384	250000	8	1	3	3	512	6114	7217	9389	7207	683814	748742	9	0	0	0.0	0.000
run2_A_stride	pool_ringloop	off	warm	stride	16384	250000	8	1	3	4	512	3907	4649	8410	4855	2312882	221369	9	0	0	0.0	0.000
run2_A_stride	hybrid	off	warm	stride	16384	250000	8	1	3	5	512	3277	3678	5845	4220	1987882	257561	9	0	0	0.0	0.000
run2_A_stride	uring	off	warm	stride	16384	250000	8	1	4	0	512	27282	29229	67044	4898	2047267	250090	9	0	0	100.0	0.000
run2_A_stride	pooled_pread	off	warm	stride	16384	250000	8	1	4	1	512	17691	125740	329661	29656	3108819	164693	34	0	0	100.0	0.000
run2_A_stride	pool	off	warm	stride	16384	250000	8	1	4	2	512	5467	6616	8363	6275	833027	614626	9	0	0	0.0	0.000
run2_A_stride	pool_ringloop	off	warm	stride	16384	250000	8	1	4	3	512	3172	3523	4195	3705	1825324	280498	9	0	0	0.0	0.000
run2_A_stride	hybrid	off	warm	stride	16384	250000	8	1	4	4	512	3450	4318	6624	4396	2150355	238100	9	0	0	0.0	0.000
run2_A_stride	hybrid_lazyring	off	warm	stride	16384	250000	8	1	4	5	512	3363	3883	5189	4351	1968991	260032	9	0	0	0.0	0.000
run2_A_stride	pooled_pread	off	warm	stride	16384	250000	8	1	5	0	512	18657	153833	380798	31894	3598797	142270	37	0	0	100.0	0.000
run2_A_stride	pool	off	warm	stride	16384	250000	8	1	5	1	512	5872	6891	12926	6864	680950	751891	9	0	0	0.0	0.000
run2_A_stride	pool_ringloop	off	warm	stride	16384	250000	8	1	5	2	512	3132	3541	4980	3704	1839595	278322	9	0	0	0.0	0.000
run2_A_stride	hybrid	off	warm	stride	16384	250000	8	1	5	3	512	3489	4086	7838	4583	2210048	231669	9	0	0	0.0	0.000
run2_A_stride	hybrid_lazyring	off	warm	stride	16384	250000	8	1	5	4	512	3404	4572	6186	4644	2140425	239205	9	0	0	0.0	0.000
run2_A_stride	uring	off	warm	stride	16384	250000	8	1	5	5	512	28773	33009	49398	5108	2126722	240746	9	0	0	100.0	0.000
run2_A_stride	pool	off	warm	stride	16384	250000	16	1	0	0	512	5255	6508	7798	6238	687635	744581	9	0	0	0.0	0.000
run2_A_stride	pool_ringloop	off	warm	stride	16384	250000	16	1	0	1	512	3389	4072	9383	4238	2204842	232216	9	0	0	0.0	0.000
run2_A_stride	hybrid	off	warm	stride	16384	250000	16	1	0	2	512	3374	3888	4731	4416	2143682	238841	9	0	0	0.0	0.000
run2_A_stride	hybrid_lazyring	off	warm	stride	16384	250000	16	1	0	3	512	3310	3704	4865	4252	2022291	253178	9	0	0	0.0	0.000
run2_A_stride	uring	off	warm	stride	16384	250000	16	1	0	4	512	54874	59302	106750	4875	2180334	234826	9	0	0	100.0	0.000
run2_A_stride	pooled_pread	off	warm	stride	16384	250000	16	1	0	5	512	32503	372601	1201912	35095	4340338	117963	61	0	0	100.0	0.000
run2_A_stride	pool_ringloop	off	warm	stride	16384	250000	16	1	1	0	512	3374	3880	5299	4407	2062236	248274	9	0	0	0.0	0.000
run2_A_stride	hybrid	off	warm	stride	16384	250000	16	1	1	1	512	3377	3782	4354	4470	2141075	239132	9	0	0	0.0	0.000
run2_A_stride	hybrid_lazyring	off	warm	stride	16384	250000	16	1	1	2	512	3484	4003	8283	4570	2231803	229411	9	0	0	0.0	0.000
run2_A_stride	uring	off	warm	stride	16384	250000	16	1	1	3	512	56305	68601	82595	5169	2184296	234400	9	0	0	100.0	0.000
run2_A_stride	pooled_pread	off	warm	stride	16384	250000	16	1	1	4	512	36972	358865	1632388	38363	5192244	98609	96	0	0	100.0	0.000
run2_A_stride	pool	off	warm	stride	16384	250000	16	1	1	5	512	6343	7218	18099	7486	651842	785466	9	0	0	0.0	0.000
run2_A_stride	hybrid	off	warm	stride	16384	250000	16	1	2	0	512	3355	3735	4767	4493	2167978	236165	9	0	0	0.0	0.000
run2_A_stride	hybrid_lazyring	off	warm	stride	16384	250000	16	1	2	1	512	3498	4050	5421	4672	2159971	237040	9	0	0	0.0	0.000
run2_A_stride	uring	off	warm	stride	16384	250000	16	1	2	2	512	54925	65895	80459	4764	2127013	240713	9	0	0	100.0	0.000
run2_A_stride	pooled_pread	off	warm	stride	16384	250000	16	1	2	3	512	36815	473196	1197728	38401	5386940	95045	91	0	0	100.0	0.000
run2_A_stride	pool	off	warm	stride	16384	250000	16	1	2	4	512	6319	7105	16380	7473	660390	775299	9	0	0	0.0	0.000
run2_A_stride	pool_ringloop	off	warm	stride	16384	250000	16	1	2	5	512	3536	4167	6318	4442	2178000	235078	9	0	0	0.0	0.000
run2_A_stride	hybrid_lazyring	off	warm	stride	16384	250000	16	1	3	0	512	3872	4364	8113	4947	2344756	218360	9	0	0	0.0	0.000
run2_A_stride	uring	off	warm	stride	16384	250000	16	1	3	1	512	52168	54869	85700	4688	2110291	242621	9	0	0	100.0	0.000
run2_A_stride	pooled_pread	off	warm	stride	16384	250000	16	1	3	2	512	48973	454665	1332532	36722	5555949	92153	77	0	0	100.0	0.000
run2_A_stride	pool	off	warm	stride	16384	250000	16	1	3	3	512	5669	7075	9159	7092	824110	621276	9	0	0	0.0	0.000
run2_A_stride	pool_ringloop	off	warm	stride	16384	250000	16	1	3	4	512	4036	4893	6121	4873	2403943	212983	9	0	0	0.0	0.000
run2_A_stride	hybrid	off	warm	stride	16384	250000	16	1	3	5	512	4079	4957	8515	5955	2737601	187025	9	0	0	0.0	0.000
run2_A_stride	uring	off	warm	stride	16384	250000	16	1	4	0	512	53070	62707	73629	4827	2087918	245220	9	0	0	100.0	0.000
run2_A_stride	pooled_pread	off	warm	stride	16384	250000	16	1	4	1	512	35824	388551	1242325	36029	5000308	102394	76	0	0	100.0	0.000
run2_A_stride	pool	off	warm	stride	16384	250000	16	1	4	2	512	6541	10228	12920	8604	798217	641430	9	0	0	0.0	0.000
run2_A_stride	pool_ringloop	off	warm	stride	16384	250000	16	1	4	3	512	3709	4183	7389	4909	2248686	227689	9	0	0	0.0	0.000
run2_A_stride	hybrid	off	warm	stride	16384	250000	16	1	4	4	512	3777	4189	6795	5139	2400396	213298	9	0	0	0.0	0.000
run2_A_stride	hybrid_lazyring	off	warm	stride	16384	250000	16	1	4	5	512	3423	4192	6865	4285	2032781	251872	9	0	0	0.0	0.000
run2_A_stride	pooled_pread	off	warm	stride	16384	250000	16	1	5	0	512	37196	423792	1431470	38136	5010644	102182	81	0	0	100.0	0.000
run2_A_stride	pool	off	warm	stride	16384	250000	16	1	5	1	512	5951	7146	15684	7245	676642	756678	9	0	0	0.0	0.000
run2_A_stride	pool_ringloop	off	warm	stride	16384	250000	16	1	5	2	512	3637	4254	5573	4308	2124037	241050	9	0	0	0.0	0.000
run2_A_stride	hybrid	off	warm	stride	16384	250000	16	1	5	3	512	3340	3819	6477	4619	2174152	235494	9	0	0	0.0	0.000
run2_A_stride	hybrid_lazyring	off	warm	stride	16384	250000	16	1	5	4	512	3247	3640	4522	3874	1913625	267555	9	0	0	0.0	0.000
run2_A_stride	uring	off	warm	stride	16384	250000	16	1	5	5	512	74276	81181	87120	5914	2677393	191231	9	0	0	100.0	0.000
run2_A_stride	pool	off	warm	stride	16384	250000	32	1	0	0	512	5656	6716	18737	7174	789885	648196	9	0	0	0.0	0.000
run2_A_stride	pool_ringloop	off	warm	stride	16384	250000	32	1	0	1	512	3289	3974	5575	4553	2176413	235249	9	0	0	0.0	0.000
run2_A_stride	hybrid	off	warm	stride	16384	250000	32	1	0	2	512	3368	3852	5503	4775	2285156	224055	9	0	0	0.0	0.000
run2_A_stride	hybrid_lazyring	off	warm	stride	16384	250000	32	1	0	3	512	3361	3880	8294	4634	2290222	223559	9	0	0	0.0	0.000
run2_A_stride	uring	off	warm	stride	16384	250000	32	1	0	4	512	124992	151303	157178	5718	2625768	194991	9	0	0	100.0	0.000
run2_A_stride	pooled_pread	off	warm	stride	16384	250000	32	1	0	5	512	82534	930029	2435501	39347	5020568	101980	78	0	0	100.0	0.000
run2_A_stride	pool_ringloop	off	warm	stride	16384	250000	32	1	1	0	512	3195	3585	3897	4261	1993895	256784	9	0	0	0.0	0.000
run2_A_stride	hybrid	off	warm	stride	16384	250000	32	1	1	1	512	3319	3781	5437	4829	2361799	216784	9	0	0	0.0	0.000
run2_A_stride	hybrid_lazyring	off	warm	stride	16384	250000	32	1	1	2	512	3321	3705	5389	4424	2132503	240093	9	0	0	0.0	0.000
run2_A_stride	uring	off	warm	stride	16384	250000	32	1	1	3	512	103069	118746	143244	4810	2203295	232379	9	0	0	100.0	0.000
run2_A_stride	pooled_pread	off	warm	stride	16384	250000	32	1	1	4	512	87058	1087633	2498661	43888	6052368	84595	92	0	0	100.0	0.000
run2_A_stride	pool	off	warm	stride	16384	250000	32	1	1	5	512	6636	7702	20193	8097	673510	760197	9	0	0	0.0	0.000
run2_A_stride	hybrid	off	warm	stride	16384	250000	32	1	2	0	512	3294	3710	5906	4763	2313795	221281	9	0	0	0.0	0.000
run2_A_stride	hybrid_lazyring	off	warm	stride	16384	250000	32	1	2	1	512	4048	5163	8637	5641	2793005	183315	9	0	0	0.0	0.000
run2_A_stride	uring	off	warm	stride	16384	250000	32	1	2	2	512	105627	134370	153860	5358	2349392	217929	9	0	0	100.0	0.000
run2_A_stride	pooled_pread	off	warm	stride	16384	250000	32	1	2	3	512	97190	868641	2478091	44011	5849468	87529	104	0	0	100.0	0.000
run2_A_stride	pool	off	warm	stride	16384	250000	32	1	2	4	512	5682	6567	11819	6732	653981	782897	9	0	0	0.0	0.000
run2_A_stride	pool_ringloop	off	warm	stride	16384	250000	32	1	2	5	512	3143	3544	5635	4164	2055586	249077	9	0	0	0.0	0.000
run2_A_stride	hybrid_lazyring	off	warm	stride	16384	250000	32	1	3	0	512	3237	3608	3868	4713	2147669	238398	9	0	0	0.0	0.000
run2_A_stride	uring	off	warm	stride	16384	250000	32	1	3	1	512	143861	174047	179078	6075	2809950	182210	9	0	0	100.0	0.000
run2_A_stride	pooled_pread	off	warm	stride	16384	250000	32	1	3	2	512	95453	1099873	3309133	41067	5994944	85405	99	0	0	100.0	0.000
run2_A_stride	pool	off	warm	stride	16384	250000	32	1	3	3	512	6453	7344	19131	7659	666253	768477	9	0	0	0.0	0.000
run2_A_stride	pool_ringloop	off	warm	stride	16384	250000	32	1	3	4	512	3263	3733	5138	4442	2093074	244616	9	0	0	0.0	0.000
run2_A_stride	hybrid	off	warm	stride	16384	250000	32	1	3	5	512	3468	3925	5069	4925	2415837	211935	9	0	0	0.0	0.000
run2_A_stride	uring	off	warm	stride	16384	250000	32	1	4	0	512	110204	132759	136523	5390	2430729	210636	9	0	0	100.0	0.000
run2_A_stride	pooled_pread	off	warm	stride	16384	250000	32	1	4	1	512	82701	929422	1993340	39625	5933395	86291	106	0	0	100.0	0.000
run2_A_stride	pool	off	warm	stride	16384	250000	32	1	4	2	512	5646	6482	7515	6493	624166	820295	9	0	0	0.0	0.000
run2_A_stride	pool_ringloop	off	warm	stride	16384	250000	32	1	4	3	512	3934	4587	5771	5264	2604549	196579	9	0	0	0.0	0.000
run2_A_stride	hybrid	off	warm	stride	16384	250000	32	1	4	4	512	3340	3788	5270	4736	2269206	225630	9	0	0	0.0	0.000
run2_A_stride	hybrid_lazyring	off	warm	stride	16384	250000	32	1	4	5	512	3358	3742	8038	4437	2110415	242606	9	0	0	0.0	0.000
run2_A_stride	pooled_pread	off	warm	stride	16384	250000	32	1	5	0	512	112826	1031503	2498602	43475	7074542	72372	108	0	0	100.0	0.000
run2_A_stride	pool	off	warm	stride	16384	250000	32	1	5	1	512	6010	7194	10729	7194	667745	766760	9	0	0	0.0	0.000
run2_A_stride	pool_ringloop	off	warm	stride	16384	250000	32	1	5	2	512	4023	4724	5672	5293	2624678	195072	9	0	0	0.0	0.000
run2_A_stride	hybrid	off	warm	stride	16384	250000	32	1	5	3	512	4115	5119	8096	5887	2893866	176926	9	0	0	0.0	0.000
run2_A_stride	hybrid_lazyring	off	warm	stride	16384	250000	32	1	5	4	512	3635	4415	8257	5016	2457001	208384	9	0	0	0.0	0.000
run2_A_stride	uring	off	warm	stride	16384	250000	32	1	5	5	512	103687	118956	122582	4860	2160675	236963	9	0	0	100.0	0.000
run2_A_stride	pool	off	warm	stride	16384	250000	64	1	0	0	512	5863	6810	15780	7297	686045	746307	9	0	0	0.0	0.000
run2_A_stride	pool_ringloop	off	warm	stride	16384	250000	64	1	0	1	512	3701	4197	7953	5467	2675561	191362	9	0	0	0.0	0.000
run2_A_stride	hybrid	off	warm	stride	16384	250000	64	1	0	2	512	3464	3980	5745	5544	2673887	191482	9	0	0	0.0	0.000
run2_A_stride	hybrid_lazyring	off	warm	stride	16384	250000	64	1	0	3	512	3349	3837	7632	5112	2472508	207077	9	0	0	0.0	0.000
run2_A_stride	uring	off	warm	stride	16384	250000	64	1	0	4	512	248296	434473	436825	6478	3095475	165403	9	0	0	100.0	0.000
run2_A_stride	pooled_pread	off	warm	stride	16384	250000	64	1	0	5	512	205399	2168879	4482545	45648	6993176	73214	131	0	0	100.0	0.000
run2_A_stride	pool_ringloop	off	warm	stride	16384	250000	64	1	1	0	512	3347	3994	6762	5346	2505328	204364	9	0	0	0.0	0.000
run2_A_stride	hybrid	off	warm	stride	16384	250000	64	1	1	1	512	3303	3702	8835	5426	2693371	190096	9	0	0	0.0	0.000
run2_A_stride	hybrid_lazyring	off	warm	stride	16384	250000	64	1	1	2	512	3456	3919	4896	5355	2551526	200664	9	0	0	0.0	0.000
run2_A_stride	uring	off	warm	stride	16384	250000	64	1	1	3	512	293251	369768	371836	7186	3393643	150870	9	0	0	100.0	0.000
run2_A_stride	pooled_pread	off	warm	stride	16384	250000	64	1	1	4	512	199846	1341442	3496911	46333	7376620	69408	156	0	0	100.0	0.000
run2_A_stride	pool	off	warm	stride	16384	250000	64	1	1	5	512	6281	8012	13990	8338	1071500	477835	9	0	0	0.0	0.000
run2_A_stride	hybrid	off	warm	stride	16384	250000	64	1	2	0	512	3692	4191	6535	5715	2824294	181284	9	0	0	0.0	0.000
run2_A_stride	hybrid_lazyring	off	warm	stride	16384	250000	64	1	2	1	512	4556	8116	10540	7095	3512151	145780	9	0	0	0.0	0.000
run2_A_stride	uring	off	warm	stride	16384	250000	64	1	2	2	512	340818	423542	426343	7525	3648165	140345	9	0	0	100.0	0.000
run2_A_stride	pooled_pread	off	warm	stride	16384	250000	64	1	2	3	512	191144	1263005	2447557	41897	5348206	95733	92	0	0	100.0	0.000
run2_A_stride	pool	off	warm	stride	16384	250000	64	1	2	4	512	6014	7053	11990	7306	727731	703557	9	0	0	0.0	0.000
run2_A_stride	pool_ringloop	off	warm	stride	16384	250000	64	1	2	5	512	3287	3739	8277	5210	2503908	204480	9	0	0	0.0	0.000
run2_A_stride	hybrid_lazyring	off	warm	stride	16384	250000	64	1	3	0	512	3442	3898	5314	5320	2601806	196786	9	0	0	0.0	0.000
run2_A_stride	uring	off	warm	stride	16384	250000	64	1	3	1	512	219852	228329	230232	5318	2502840	204568	9	0	0	100.0	0.000
run2_A_stride	pooled_pread	off	warm	stride	16384	250000	64	1	3	2	512	192973	1200953	3236007	35466	5335335	95964	76	0	0	100.0	0.000
run2_A_stride	pool	off	warm	stride	16384	250000	64	1	3	3	512	6610	7996	9390	8108	756768	676561	9	0	0	0.0	0.000
run2_A_stride	pool_ringloop	off	warm	stride	16384	250000	64	1	3	4	512	3281	3707	6439	4927	2282188	224346	9	0	0	0.0	0.000
run2_A_stride	hybrid	off	warm	stride	16384	250000	64	1	3	5	512	3746	4495	9520	5924	2931330	174665	9	0	0	0.0	0.000
run2_A_stride	uring	off	warm	stride	16384	250000	64	1	4	0	512	227995	294927	297036	5777	2727649	187707	9	0	0	100.0	0.000
run2_A_stride	pooled_pread	off	warm	stride	16384	250000	64	1	4	1	512	204280	1077357	2337158	35130	4319495	118532	73	0	0	100.0	0.000
run2_A_stride	pool	off	warm	stride	16384	250000	64	1	4	2	512	5540	6619	9089	6830	839268	610055	9	0	0	0.0	0.000
run2_A_stride	pool_ringloop	off	warm	stride	16384	250000	64	1	4	3	512	4206	4987	10534	6193	3165907	161723	9	0	0	0.0	0.000
run2_A_stride	hybrid	off	warm	stride	16384	250000	64	1	4	4	512	3323	3710	5717	5441	2575882	198767	9	0	0	0.0	0.000
run2_A_stride	hybrid_lazyring	off	warm	stride	16384	250000	64	1	4	5	512	3754	7688	13249	6242	3085137	165957	9	0	0	0.0	0.000
run2_A_stride	pooled_pread	off	warm	stride	16384	250000	64	1	5	0	512	458218	1897731	3667110	52147	7852284	65204	163	0	0	100.0	0.000
run2_A_stride	pool	off	warm	stride	16384	250000	64	1	5	1	512	5803	6792	7516	7071	726625	704628	9	0	0	0.0	0.000
run2_A_stride	pool_ringloop	off	warm	stride	16384	250000	64	1	5	2	512	3180	3630	5167	5113	2426032	211044	9	0	0	0.0	0.000
run2_A_stride	hybrid	off	warm	stride	16384	250000	64	1	5	3	512	3318	3717	5123	5226	2567625	199406	9	0	0	0.0	0.000
run2_A_stride	hybrid_lazyring	off	warm	stride	16384	250000	64	1	5	4	512	3971	6331	12583	6229	3047101	168029	9	0	0	0.0	0.000
run2_A_stride	uring	off	warm	stride	16384	250000	64	1	5	5	512	226731	250056	254189	5808	2757975	185643	9	0	0	100.0	0.000
run2_A_sweep	pool	off	cold	sweep	16384	16384	1	1	0	0	512	3132	6202	14986	12330	6367809	80404	9	0	0	0.0	0.000
run2_A_sweep	pool_ringloop	off	cold	sweep	16384	16384	1	1	0	1	512	3198	6837	20638	11926	6053459	84580	9	0	0	0.0	0.000
run2_A_sweep	hybrid	off	cold	sweep	16384	16384	1	1	0	2	512	3443	7671	20573	12467	6493576	78847	9	0	0	0.0	0.000
run2_A_sweep	hybrid_lazyring	off	cold	sweep	16384	16384	1	1	0	3	512	3556	7116	15698	13533	6982170	73330	9	0	0	0.0	0.000
run2_A_sweep	uring	off	cold	sweep	16384	16384	1	1	0	4	512	5091	10485	37860	15844	6643591	77067	9	0	0	100.0	0.000
run2_A_sweep	pooled_pread	off	cold	sweep	16384	16384	1	1	0	5	512	18900	27732	277173	34759	15596946	32827	11	0	0	100.0	0.000
run2_A_sweep	pool_ringloop	off	cold	sweep	16384	16384	1	1	1	0	512	3039	6414	15115	11963	5931603	86317	9	0	0	0.0	0.000
run2_A_sweep	hybrid	off	cold	sweep	16384	16384	1	1	1	1	512	3542	6647	14561	12452	6279191	81539	9	0	0	0.0	0.000
run2_A_sweep	hybrid_lazyring	off	cold	sweep	16384	16384	1	1	1	2	512	3100	6580	21306	12090	6081850	84185	9	0	0	0.0	0.000
run2_A_sweep	uring	off	cold	sweep	16384	16384	1	1	1	3	512	5660	10670	27363	16192	7048551	72639	9	0	0	100.0	0.000
run2_A_sweep	pooled_pread	off	cold	sweep	16384	16384	1	1	1	4	512	19181	22887	410292	35132	16624419	30798	11	0	0	100.0	0.000
run2_A_sweep	pool	off	cold	sweep	16384	16384	1	1	1	5	512	3237	7247	19041	11943	6338183	80780	9	0	0	0.0	0.000
run2_A_sweep	hybrid	off	cold	sweep	16384	16384	1	1	2	0	512	3287	6340	19631	12436	6398711	80016	9	0	0	0.0	0.000
run2_A_sweep	hybrid_lazyring	off	cold	sweep	16384	16384	1	1	2	1	512	3324	6015	19950	12385	6418714	79767	9	0	0	0.0	0.000
run2_A_sweep	uring	off	cold	sweep	16384	16384	1	1	2	2	512	5078	10848	38711	15377	6578861	77825	9	0	0	100.0	0.000
run2_A_sweep	pooled_pread	off	cold	sweep	16384	16384	1	1	2	3	512	16305	24075	417286	32520	15460017	33118	11	0	0	100.0	0.000
run2_A_sweep	pool	off	cold	sweep	16384	16384	1	1	2	4	512	3246	8738	23157	13065	6752842	75820	9	0	0	0.0	0.000
run2_A_sweep	pool_ringloop	off	cold	sweep	16384	16384	1	1	2	5	512	3124	7229	16809	12060	6269613	81664	9	0	0	0.0	0.000
run2_A_sweep	hybrid_lazyring	off	cold	sweep	16384	16384	1	1	3	0	512	3113	6183	16901	12202	6302278	81240	9	0	0	0.0	0.000
run2_A_sweep	uring	off	cold	sweep	16384	16384	1	1	3	1	512	6134	10969	20864	16819	6907851	74119	9	0	0	100.0	0.000
run2_A_sweep	pooled_pread	off	cold	sweep	16384	16384	1	1	3	2	512	19167	30180	372038	36219	16950183	30206	12	0	0	100.0	0.000
run2_A_sweep	pool	off	cold	sweep	16384	16384	1	1	3	3	512	3274	6581	18794	12015	6219363	82324	9	0	0	0.0	0.000
run2_A_sweep	pool_ringloop	off	cold	sweep	16384	16384	1	1	3	4	512	3251	6787	15553	11659	6068572	84369	9	0	0	0.0	0.000
run2_A_sweep	hybrid	off	cold	sweep	16384	16384	1	1	3	5	512	3475	7954	30603	12678	6742071	75941	9	0	0	0.0	0.000
run2_A_sweep	uring	off	cold	sweep	16384	16384	1	1	4	0	512	4110	11864	23265	14663	6572802	77897	9	0	0	100.0	0.000
run2_A_sweep	pooled_pread	off	cold	sweep	16384	16384	1	1	4	1	512	18216	28631	562289	36536	18078378	28321	11	0	0	100.0	0.000
run2_A_sweep	pool	off	cold	sweep	16384	16384	1	1	4	2	512	3509	7010	29144	13109	7053189	72591	9	0	0	0.0	0.000
run2_A_sweep	pool_ringloop	off	cold	sweep	16384	16384	1	1	4	3	512	3105	7307	35143	12203	6413596	79830	9	0	0	0.0	0.000
run2_A_sweep	hybrid	off	cold	sweep	16384	16384	1	1	4	4	512	3247	7421	26380	12108	6286530	81444	9	0	0	0.0	0.000
run2_A_sweep	hybrid_lazyring	off	cold	sweep	16384	16384	1	1	4	5	512	3453	7035	13163	12077	6154492	83191	9	0	0	0.0	0.000
run2_A_sweep	pooled_pread	off	cold	sweep	16384	16384	1	1	5	0	512	16074	21471	492432	32230	14840979	34499	10	0	0	100.0	0.000
run2_A_sweep	pool	off	cold	sweep	16384	16384	1	1	5	1	512	3158	5717	22868	12030	6274590	81599	9	0	0	0.0	0.000
run2_A_sweep	pool_ringloop	off	cold	sweep	16384	16384	1	1	5	2	512	3212	6440	17382	12164	6007842	85222	9	0	0	0.0	0.000
run2_A_sweep	hybrid	off	cold	sweep	16384	16384	1	1	5	3	512	3785	6199	20294	15114	7748549	66077	9	0	0	0.0	0.000
run2_A_sweep	hybrid_lazyring	off	cold	sweep	16384	16384	1	1	5	4	512	3698	6220	24547	13290	6936505	73812	9	0	0	0.0	0.000
run2_A_sweep	uring	off	cold	sweep	16384	16384	1	1	5	5	512	5378	12665	32726	16423	7188850	71221	9	0	0	100.0	0.000
run2_A_sweep	pool	off	cold	sweep	16384	16384	2	1	0	0	512	3562	5566	12862	12969	4657819	109923	11	0	0	0.4	0.000
run2_A_sweep	pool_ringloop	off	cold	sweep	16384	16384	2	1	0	1	512	3109	7440	17538	11824	6026561	84957	9	0	0	0.0	0.000
run2_A_sweep	hybrid	off	cold	sweep	16384	16384	2	1	0	2	512	3484	7890	22187	12671	6501585	78750	9	0	0	0.0	0.000
run2_A_sweep	hybrid_lazyring	off	cold	sweep	16384	16384	2	1	0	3	512	3784	7727	21318	12894	6699267	76426	9	0	0	0.0	0.000
run2_A_sweep	uring	off	cold	sweep	16384	16384	2	1	0	4	512	6887	11307	695220	12530	6153624	83203	9	0	0	100.0	0.000
run2_A_sweep	pooled_pread	off	cold	sweep	16384	16384	2	1	0	5	512	19163	24622	544179	32566	9053289	56554	13	0	0	100.0	0.000
run2_A_sweep	pool_ringloop	off	cold	sweep	16384	16384	2	1	1	0	512	3571	7235	16321	13582	6757120	75772	9	0	0	0.0	0.000
run2_A_sweep	hybrid	off	cold	sweep	16384	16384	2	1	1	1	512	3764	6653	17456	13758	7061907	72502	9	0	0	0.0	0.000
run2_A_sweep	hybrid_lazyring	off	cold	sweep	16384	16384	2	1	1	2	512	3656	7901	25653	12609	6496263	78815	9	0	0	0.0	0.000
run2_A_sweep	uring	off	cold	sweep	16384	16384	2	1	1	3	512	8418	19564	632628	14051	6532630	78376	9	0	0	100.0	0.000
run2_A_sweep	pooled_pread	off	cold	sweep	16384	16384	2	1	1	4	512	19436	26116	106273	33706	9253717	55329	13	0	0	100.0	0.000
run2_A_sweep	pool	off	cold	sweep	16384	16384	2	1	1	5	512	3443	4399	7779	12828	4806988	106512	11	0	0	0.4	0.000
run2_A_sweep	hybrid	off	cold	sweep	16384	16384	2	1	2	0	512	3221	7443	19264	12153	6214066	82394	9	0	0	0.0	0.000
run2_A_sweep	hybrid_lazyring	off	cold	sweep	16384	16384	2	1	2	1	512	3208	6834	29558	12011	6291753	81376	9	0	0	0.0	0.000
run2_A_sweep	uring	off	cold	sweep	16384	16384	2	1	2	2	512	9688	19686	850094	14754	6685978	76578	9	0	0	100.0	0.000
run2_A_sweep	pooled_pread	off	cold	sweep	16384	16384	2	1	2	3	512	19177	27238	413150	32250	9627023	53184	12	0	0	100.0	0.000
run2_A_sweep	pool	off	cold	sweep	16384	16384	2	1	2	4	512	4219	5191	20693	16222	6025826	84968	11	0	0	0.4	0.000
run2_A_sweep	pool_ringloop	off	cold	sweep	16384	16384	2	1	2	5	512	3877	6829	20081	13645	7026935	72862	9	0	0	0.0	0.000
run2_A_sweep	hybrid_lazyring	off	cold	sweep	16384	16384	2	1	3	0	512	3018	6798	14966	11892	6101486	83914	9	0	0	0.0	0.000
run2_A_sweep	uring	off	cold	sweep	16384	16384	2	1	3	1	512	9133	20532	648404	14388	6555141	78107	9	0	0	100.0	0.000
run2_A_sweep	pooled_pread	off	cold	sweep	16384	16384	2	1	3	2	512	18788	27067	105099	31408	8633222	59306	14	0	0	100.0	0.000
run2_A_sweep	pool	off	cold	sweep	16384	16384	2	1	3	3	512	4180	7146	19923	14472	5337229	95930	11	0	0	0.4	0.000
run2_A_sweep	pool_ringloop	off	cold	sweep	16384	16384	2	1	3	4	512	3711	7286	19856	14590	7314867	69994	9	0	0	0.0	0.000
run2_A_sweep	hybrid	off	cold	sweep	16384	16384	2	1	3	5	512	3440	6948	19119	12334	6346544	80674	9	0	0	0.0	0.000
run2_A_sweep	uring	off	cold	sweep	16384	16384	2	1	4	0	512	10914	20717	682001	14489	6675379	76700	9	0	0	100.0	0.000
run2_A_sweep	pooled_pread	off	cold	sweep	16384	16384	2	1	4	1	512	18954	28404	652123	34134	10455126	48971	13	0	0	100.0	0.000
run2_A_sweep	pool	off	cold	sweep	16384	16384	2	1	4	2	512	3778	4603	22298	15190	5576457	91815	11	0	0	0.4	0.000
run2_A_sweep	pool_ringloop	off	cold	sweep	16384	16384	2	1	4	3	512	3580	7559	17836	12724	6656792	76914	9	0	0	0.0	0.000
run2_A_sweep	hybrid	off	cold	sweep	16384	16384	2	1	4	4	512	3448	8494	18413	13351	6888291	74329	9	0	0	0.0	0.000
run2_A_sweep	hybrid_lazyring	off	cold	sweep	16384	16384	2	1	4	5	512	3173	5816	16091	11757	6064156	84431	9	0	0	0.0	0.000
run2_A_sweep	pooled_pread	off	cold	sweep	16384	16384	2	1	5	0	512	20202	26250	602020	33410	10251378	49945	12	0	0	100.0	0.000
run2_A_sweep	pool	off	cold	sweep	16384	16384	2	1	5	1	512	4052	6265	25411	14263	5003189	102335	11	0	0	0.4	0.000
run2_A_sweep	pool_ringloop	off	cold	sweep	16384	16384	2	1	5	2	512	3276	8249	22946	12659	6460553	79250	9	0	0	0.0	0.000
run2_A_sweep	hybrid	off	cold	sweep	16384	16384	2	1	5	3	512	3813	6381	17534	14824	7600733	67362	9	0	0	0.0	0.000
run2_A_sweep	hybrid_lazyring	off	cold	sweep	16384	16384	2	1	5	4	512	3620	7486	21293	14784	7564522	67684	9	0	0	0.0	0.000
run2_A_sweep	uring	off	cold	sweep	16384	16384	2	1	5	5	512	10782	21580	814391	15445	6999933	73144	9	0	0	100.0	0.000
run2_A_sweep	pool	off	cold	sweep	16384	16384	4	1	0	0	512	5514	7296	1280869	16745	5057734	101231	13	0	0	0.8	0.000
run2_A_sweep	pool_ringloop	off	cold	sweep	16384	16384	4	1	0	1	512	3436	6983	23875	12819	6637824	77134	9	0	0	0.0	0.000
run2_A_sweep	hybrid	off	cold	sweep	16384	16384	4	1	0	2	512	3387	8084	20163	13152	6731753	76057	9	0	0	0.0	0.000
run2_A_sweep	hybrid_lazyring	off	cold	sweep	16384	16384	4	1	0	3	512	3925	7955	20944	14017	7218360	70930	9	0	0	0.0	0.000
run2_A_sweep	uring	off	cold	sweep	16384	16384	4	1	0	4	512	19001	40500	1230086	14412	7239238	70726	9	0	0	100.0	0.000
run2_A_sweep	pooled_pread	off	cold	sweep	16384	16384	4	1	0	5	512	16656	35127	1261701	33692	6574697	77874	22	0	0	100.0	0.000
run2_A_sweep	pool_ringloop	off	cold	sweep	16384	16384	4	1	1	0	512	3252	6560	25095	12090	6213699	82399	9	0	0	0.0	0.000
run2_A_sweep	hybrid	off	cold	sweep	16384	16384	4	1	1	1	512	3481	7337	17389	12760	6650249	76990	9	0	0	0.0	0.000
run2_A_sweep	hybrid_lazyring	off	cold	sweep	16384	16384	4	1	1	2	512	3957	6662	17493	14819	7649955	66928	9	0	0	0.0	0.000
run2_A_sweep	uring	off	cold	sweep	16384	16384	4	1	1	3	512	18248	37326	1241070	14207	6526181	78453	9	0	0	100.0	0.000
run2_A_sweep	pooled_pread	off	cold	sweep	16384	16384	4	1	1	4	512	15633	37788	1214625	31922	6966547	73494	21	0	0	100.0	0.000
run2_A_sweep	pool	off	cold	sweep	16384	16384	4	1	1	5	512	4973	7003	1180391	14898	4551147	112499	13	0	0	0.8	0.000
run2_A_sweep	hybrid	off	cold	sweep	16384	16384	4	1	2	0	512	3518	7383	17406	12857	6709243	76313	9	0	0	0.0	0.000
run2_A_sweep	hybrid_lazyring	off	cold	sweep	16384	16384	4	1	2	1	512	3455	7657	20485	12860	6304990	81206	9	0	0	0.0	0.000
run2_A_sweep	uring	off	cold	sweep	16384	16384	4	1	2	2	512	16735	43342	1285912	13663	7421690	68987	9	0	0	100.0	0.000
run2_A_sweep	pooled_pread	off	cold	sweep	16384	16384	4	1	2	3	512	20858	57142	794640	35614	7678806	66677	27	0	0	100.0	0.000
run2_A_sweep	pool	off	cold	sweep	16384	16384	4	1	2	4	512	4575	5844	1248572	14912	4629426	110597	13	0	0	0.8	0.000
run2_A_sweep	pool_ringloop	off	cold	sweep	16384	16384	4	1	2	5	512	3349	7568	23699	12325	6300985	81257	9	0	0	0.0	0.000
run2_A_sweep	hybrid_lazyring	off	cold	sweep	16384	16384	4	1	3	0	512	3119	5648	13674	12039	6152103	83224	9	0	0	0.0	0.000
run2_A_sweep	uring	off	cold	sweep	16384	16384	4	1	3	1	512	15131	43442	1423024	14960	7843671	65276	9	0	0	100.0	0.000
run2_A_sweep	pooled_pread	off	cold	sweep	16384	16384	4	1	3	2	512	19402	63376	1280876	34599	7529613	67998	23	0	0	100.0	0.000
run2_A_sweep	pool	off	cold	sweep	16384	16384	4	1	3	3	512	4433	6794	1336041	16504	4891786	104665	13	0	0	0.8	0.000
run2_A_sweep	pool_ringloop	off	cold	sweep	16384	16384	4	1	3	4	512	3309	6970	21669	12295	6144962	83320	9	0	0	0.0	0.000
run2_A_sweep	hybrid	off	cold	sweep	16384	16384	4	1	3	5	512	3244	6921	23295	12517	6442532	79472	9	0	0	0.0	0.000
run2_A_sweep	uring	off	cold	sweep	16384	16384	4	1	4	0	512	18785	43931	1228668	13695	6604165	77527	9	0	0	100.0	0.000
run2_A_sweep	pooled_pread	off	cold	sweep	16384	16384	4	1	4	1	512	17860	54023	1292850	35432	8074690	63408	23	0	0	100.0	0.000
run2_A_sweep	pool	off	cold	sweep	16384	16384	4	1	4	2	512	4687	5837	1372109	15969	5465362	93681	13	0	0	0.8	0.000
run2_A_sweep	pool_ringloop	off	cold	sweep	16384	16384	4	1	4	3	512	3138	6693	22413	12305	6344266	80703	9	0	0	0.0	0.000
run2_A_sweep	hybrid	off	cold	sweep	16384	16384	4	1	4	4	512	3316	7261	28082	13134	6588744	77708	9	0	0	0.0	0.000
run2_A_sweep	hybrid_lazyring	off	cold	sweep	16384	16384	4	1	4	5	512	3621	7455	18881	12459	6402865	79964	9	0	0	0.0	0.000
run2_A_sweep	pooled_pread	off	cold	sweep	16384	16384	4	1	5	0	512	19391	51303	1254000	36553	7441328	68805	23	0	0	100.0	0.000
run2_A_sweep	pool	off	cold	sweep	16384	16384	4	1	5	1	512	4846	7675	1396783	16903	5358098	95556	13	0	0	0.8	0.000
run2_A_sweep	pool_ringloop	off	cold	sweep	16384	16384	4	1	5	2	512	3079	7000	17452	11987	6088682	84090	9	0	0	0.0	0.000
run2_A_sweep	hybrid	off	cold	sweep	16384	16384	4	1	5	3	512	3165	6870	18846	12582	6245592	81978	9	0	0	0.0	0.000
run2_A_sweep	hybrid_lazyring	off	cold	sweep	16384	16384	4	1	5	4	512	3533	7613	18396	12679	6452468	79349	9	0	0	0.0	0.000
run2_A_sweep	uring	off	cold	sweep	16384	16384	4	1	5	5	512	18038	37217	1497634	13650	6602829	77543	9	0	0	100.0	0.000
run2_A_sweep	pool	off	cold	sweep	16384	16384	8	1	0	0	512	5621	7345	3371093	18481	5460469	93765	17	0	0	1.6	0.000
run2_A_sweep	pool_ringloop	off	cold	sweep	16384	16384	8	1	0	1	512	3182	7309	16809	11840	6036970	84811	9	0	0	0.0	0.000
run2_A_sweep	hybrid	off	cold	sweep	16384	16384	8	1	0	2	512	3322	6641	22455	12239	6246402	81967	9	0	0	0.0	0.000
run2_A_sweep	hybrid_lazyring	off	cold	sweep	16384	16384	8	1	0	3	512	3325	8283	19424	13433	6833736	74922	9	0	0	0.0	0.000
run2_A_sweep	uring	off	cold	sweep	16384	16384	8	1	0	4	512	38359	88239	1568510	14257	6932136	73859	9	0	0	100.0	0.000
run2_A_sweep	pooled_pread	off	cold	sweep	16384	16384	8	1	0	5	512	21550	169830	1769666	41801	7971649	64228	38	0	0	100.0	0.000
run2_A_sweep	pool_ringloop	off	cold	sweep	16384	16384	8	1	1	0	512	3108	7631	20215	11865	6194220	82658	9	0	0	0.0	0.000
run2_A_sweep	hybrid	off	cold	sweep	16384	16384	8	1	1	1	512	3400	8370	18766	12876	6433084	79589	9	0	0	0.0	0.000
run2_A_sweep	hybrid_lazyring	off	cold	sweep	16384	16384	8	1	1	2	512	3119	7147	29198	11828	6386066	80175	9	0	0	0.0	0.000
run2_A_sweep	uring	off	cold	sweep	16384	16384	8	1	1	3	512	42291	89185	1314674	13908	6881135	74406	9	0	0	100.0	0.000
run2_A_sweep	pooled_pread	off	cold	sweep	16384	16384	8	1	1	4	512	22641	111233	2423213	34813	7092377	72190	31	0	0	100.0	0.000
run2_A_sweep	pool	off	cold	sweep	16384	16384	8	1	1	5	512	5698	7914	3380412	18192	5227494	97944	17	0	0	1.6	0.000
run2_A_sweep	hybrid	off	cold	sweep	16384	16384	8	1	2	0	512	3233	6662	17315	12878	6520467	78522	9	0	0	0.0	0.000
run2_A_sweep	hybrid_lazyring	off	cold	sweep	16384	16384	8	1	2	1	512	3235	7851	18721	12755	6526383	78451	9	0	0	0.0	0.000
run2_A_sweep	uring	off	cold	sweep	16384	16384	8	1	2	2	512	35701	91881	1540612	13582	6692502	76504	9	0	0	100.0	0.000
run2_A_sweep	pooled_pread	off	cold	sweep	16384	16384	8	1	2	3	512	28411	219613	2477615	43322	8322312	61521	46	0	0	100.0	0.000
run2_A_sweep	pool	off	cold	sweep	16384	16384	8	1	2	4	512	6260	7833	2709972	17902	4904928	104385	17	0	0	1.6	0.000
run2_A_sweep	pool_ringloop	off	cold	sweep	16384	16384	8	1	2	5	512	3511	7179	18744	12878	6719561	76195	9	0	0	0.0	0.000
run2_A_sweep	hybrid_lazyring	off	cold	sweep	16384	16384	8	1	3	0	512	3647	7789	20582	13143	6674560	76709	9	0	0	0.0	0.000
run2_A_sweep	uring	off	cold	sweep	16384	16384	8	1	3	1	512	27285	85532	1280563	12110	5933286	86293	9	0	0	100.0	0.000
run2_A_sweep	pooled_pread	off	cold	sweep	16384	16384	8	1	3	2	512	23378	212622	3012494	41250	9054414	56547	38	0	0	100.0	0.000
run2_A_sweep	pool	off	cold	sweep	16384	16384	8	1	3	3	512	5796	7585	2628844	18152	4838142	105826	17	0	0	1.6	0.000
run2_A_sweep	pool_ringloop	off	cold	sweep	16384	16384	8	1	3	4	512	3319	6730	20784	13570	7039802	72729	9	0	0	0.0	0.000
run2_A_sweep	hybrid	off	cold	sweep	16384	16384	8	1	3	5	512	3752	7097	34286	12942	6716008	76236	9	0	0	0.0	0.000
run2_A_sweep	uring	off	cold	sweep	16384	16384	8	1	4	0	512	34331	75196	1353200	12987	6421970	79726	9	0	0	100.0	0.000
run2_A_sweep	pooled_pread	off	cold	sweep	16384	16384	8	1	4	1	512	30224	186425	2311217	41366	8000979	63992	38	0	0	100.0	0.000
run2_A_sweep	pool	off	cold	sweep	16384	16384	8	1	4	2	512	6004	7785	3058094	18870	5306086	96493	17	0	0	1.6	0.000
run2_A_sweep	pool_ringloop	off	cold	sweep	16384	16384	8	1	4	3	512	3137	5295	17612	12137	6136932	83429	9	0	0	0.0	0.000
run2_A_sweep	hybrid	off	cold	sweep	16384	16384	8	1	4	4	512	3349	7225	19850	12214	6258368	81810	9	0	0	0.0	0.000
run2_A_sweep	hybrid_lazyring	off	cold	sweep	16384	16384	8	1	4	5	512	3354	8754	21062	12390	6272411	81627	9	0	0	0.0	0.000
run2_A_sweep	pooled_pread	off	cold	sweep	16384	16384	8	1	5	0	512	21030	186003	1760572	38558	7038280	72745	35	0	0	100.0	0.000
run2_A_sweep	pool	off	cold	sweep	16384	16384	8	1	5	1	512	5416	7471	2952220	18107	5033559	101717	17	0	0	2.0	0.000
run2_A_sweep	pool_ringloop	off	cold	sweep	16384	16384	8	1	5	2	512	3120	7346	18898	12311	7358806	69577	9	0	0	0.0	0.000
run2_A_sweep	hybrid	off	cold	sweep	16384	16384	8	1	5	3	512	3652	6666	18821	13992	7274703	70381	9	0	0	0.0	0.000
run2_A_sweep	hybrid_lazyring	off	cold	sweep	16384	16384	8	1	5	4	512	3476	6890	17569	12175	6207120	82486	9	0	0	0.0	0.000
run2_A_sweep	uring	off	cold	sweep	16384	16384	8	1	5	5	512	35277	77799	1450782	13490	6603070	77540	9	0	0	100.0	0.000
run2_A_sweep	pool	off	cold	sweep	16384	16384	16	1	0	0	512	4973	7401	3767511	21223	6251939	81895	25	0	0	3.1	0.000
run2_A_sweep	pool_ringloop	off	cold	sweep	16384	16384	16	1	0	1	512	3616	7622	19755	12760	6630613	77218	9	0	0	0.0	0.000
run2_A_sweep	hybrid	off	cold	sweep	16384	16384	16	1	0	2	512	3280	7350	19323	12276	6313483	81096	9	0	0	0.0	0.000
run2_A_sweep	hybrid_lazyring	off	cold	sweep	16384	16384	16	1	0	3	512	3888	8327	19695	12836	6659422	76884	9	0	0	0.0	0.000
run2_A_sweep	uring	off	cold	sweep	16384	16384	16	1	0	4	512	92000	176552	1827474	15398	7734039	66201	9	0	0	100.0	0.000
run2_A_sweep	pooled_pread	off	cold	sweep	16384	16384	16	1	0	5	512	57914	425705	2641713	45134	8223663	62259	73	0	0	100.0	0.000
run2_A_sweep	pool_ringloop	off	cold	sweep	16384	16384	16	1	1	0	512	3349	8339	41801	12834	6724990	76134	9	0	0	0.0	0.000
run2_A_sweep	hybrid	off	cold	sweep	16384	16384	16	1	1	1	512	4191	8612	22357	13233	6824740	75021	9	0	0	0.0	0.000
run2_A_sweep	hybrid_lazyring	off	cold	sweep	16384	16384	16	1	1	2	512	3412	7937	18636	13053	6810522	75178	9	0	0	0.0	0.000
run2_A_sweep	uring	off	cold	sweep	16384	16384	16	1	1	3	512	64242	208156	1300476	12081	5940640	86186	9	0	0	100.0	0.000
run2_A_sweep	pooled_pread	off	cold	sweep	16384	16384	16	1	1	4	512	38254	464931	2447162	42810	8147495	62841	60	0	0	100.0	0.000
run2_A_sweep	pool	off	cold	sweep	16384	16384	16	1	1	5	512	5518	9018	3347697	25417	6217577	82347	33	0	0	6.2	0.000
run2_A_sweep	hybrid	off	cold	sweep	16384	16384	16	1	2	0	512	3264	8187	23106	12993	6706332	76346	9	0	0	0.0	0.000
run2_A_sweep	hybrid_lazyring	off	cold	sweep	16384	16384	16	1	2	1	512	3397	7418	18498	13238	6779681	75520	9	0	0	0.0	0.000
run2_A_sweep	uring	off	cold	sweep	16384	16384	16	1	2	2	512	72739	274709	1538155	13359	6775606	75565	9	0	0	100.0	0.000
run2_A_sweep	pooled_pread	off	cold	sweep	16384	16384	16	1	2	3	512	45293	601481	3389869	47518	9549903	53613	75	0	0	100.0	0.000
run2_A_sweep	pool	off	cold	sweep	16384	16384	16	1	2	4	512	5361	7960	3083304	19511	4735387	108122	25	0	0	3.3	0.000
run2_A_sweep	pool_ringloop	off	cold	sweep	16384	16384	16	1	2	5	512	3028	5914	20970	11909	6100353	83930	9	0	0	0.0	0.000
run2_A_sweep	hybrid_lazyring	off	cold	sweep	16384	16384	16	1	3	0	512	3272	7364	20853	12465	6226133	82234	9	0	0	0.0	0.000
run2_A_sweep	uring	off	cold	sweep	16384	16384	16	1	3	1	512	73069	176793	1582157	13266	6627092	77259	9	0	0	100.0	0.000
run2_A_sweep	pooled_pread	off	cold	sweep	16384	16384	16	1	3	2	512	52696	716046	2540236	54866	9604476	53308	92	0	0	100.0	0.000
run2_A_sweep	pool	off	cold	sweep	16384	16384	16	1	3	3	512	5160	7492	3097026	20199	5014021	102114	25	0	0	3.7	0.000
run2_A_sweep	pool_ringloop	off	cold	sweep	16384	16384	16	1	3	4	512	3066	7457	20017	12609	6470242	79132	9	0	0	0.0	0.000
run2_A_sweep	hybrid	off	cold	sweep	16384	16384	16	1	3	5	512	3232	8032	22212	12606	6514661	78592	9	0	0	0.0	0.000
run2_A_sweep	uring	off	cold	sweep	16384	16384	16	1	4	0	512	69041	681426	1578103	13379	7235398	70763	9	0	0	100.0	0.000
run2_A_sweep	pooled_pread	off	cold	sweep	16384	16384	16	1	4	1	512	46560	556942	1668632	50313	8100475	63206	85	0	0	100.0	0.000
run2_A_sweep	pool	off	cold	sweep	16384	16384	16	1	4	2	512	5169	7146	3586825	21480	5921993	86457	25	0	0	3.5	0.000
run2_A_sweep	pool_ringloop	off	cold	sweep	16384	16384	16	1	4	3	512	3670	7218	17442	13863	7444076	68780	9	0	0	0.0	0.000
run2_A_sweep	hybrid	off	cold	sweep	16384	16384	16	1	4	4	512	3638	7575	23912	13177	6876634	74455	9	0	0	0.0	0.000
run2_A_sweep	hybrid_lazyring	off	cold	sweep	16384	16384	16	1	4	5	512	3145	7286	19185	12028	6329982	80885	9	0	0	0.0	0.000
run2_A_sweep	pooled_pread	off	cold	sweep	16384	16384	16	1	5	0	512	48580	525223	2123460	51776	9272203	55219	100	0	0	100.0	0.000
run2_A_sweep	pool	off	cold	sweep	16384	16384	16	1	5	1	512	5428	7426	3071528	20657	4924711	103965	26	0	0	4.1	0.000
run2_A_sweep	pool_ringloop	off	cold	sweep	16384	16384	16	1	5	2	512	3049	7676	21120	12103	6214034	82394	9	0	0	0.0	0.000
run2_A_sweep	hybrid	off	cold	sweep	16384	16384	16	1	5	3	512	3729	5076	19321	14613	7567769	67655	9	0	0	0.0	0.000
run2_A_sweep	hybrid_lazyring	off	cold	sweep	16384	16384	16	1	5	4	512	3973	5542	14614	16139	8263477	61959	9	0	0	0.2	0.000
run2_A_sweep	uring	off	cold	sweep	16384	16384	16	1	5	5	512	52101	768460	5708785	11068	12155901	42119	9	0	0	100.0	0.000
run2_A_sweep	pool	off	cold	sweep	16384	16384	32	1	0	0	512	5867	509948	3180175	29253	5212528	98225	49	0	0	14.1	0.000
run2_A_sweep	pool_ringloop	off	cold	sweep	16384	16384	32	1	0	1	512	3526	8063	20647	14059	7393025	69254	9	0	0	0.0	0.000
run2_A_sweep	hybrid	off	cold	sweep	16384	16384	32	1	0	2	512	3418	5174	17869	12632	7728018	66252	9	0	0	0.0	0.000
run2_A_sweep	hybrid_lazyring	off	cold	sweep	16384	16384	32	1	0	3	512	3318	5467	15035	12534	6877651	74444	9	0	0	0.0	0.000
run2_A_sweep	uring	off	cold	sweep	16384	16384	32	1	0	4	512	167710	1296697	1618824	12652	6335899	80809	9	0	0	100.0	0.000
run2_A_sweep	pooled_pread	off	cold	sweep	16384	16384	32	1	0	5	512	104230	1305842	3141837	53726	8972871	57061	94	0	0	100.0	0.000
run2_A_sweep	pool_ringloop	off	cold	sweep	16384	16384	32	1	1	0	512	3076	6934	19998	12044	6231868	82158	9	0	0	0.0	0.000
run2_A_sweep	hybrid	off	cold	sweep	16384	16384	32	1	1	1	512	3250	7379	17026	12724	6547139	78202	9	0	0	0.0	0.000
run2_A_sweep	hybrid_lazyring	off	cold	sweep	16384	16384	32	1	1	2	512	3839	8456	21913	13726	7028278	72849	9	0	0	0.0	0.000
run2_A_sweep	uring	off	cold	sweep	16384	16384	32	1	1	3	512	211171	1634046	1932797	14697	7365502	69513	9	0	0	100.0	0.000
run2_A_sweep	pooled_pread	off	cold	sweep	16384	16384	32	1	1	4	512	91012	1185091	3008178	46723	8837685	57934	74	0	0	100.0	0.000
run2_A_sweep	pool	off	cold	sweep	16384	16384	32	1	1	5	512	5436	10255	3438771	23424	4953278	103366	43	0	0	7.2	0.000
run2_A_sweep	hybrid	off	cold	sweep	16384	16384	32	1	2	0	512	3200	8296	18246	12554	6529847	78409	9	0	0	0.0	0.000
run2_A_sweep	hybrid_lazyring	off	cold	sweep	16384	16384	32	1	2	1	512	3502	8395	26362	12910	6683536	76606	9	0	0	0.0	0.000
run2_A_sweep	uring	off	cold	sweep	16384	16384	32	1	2	2	512	192684	1337451	1485296	12581	6331940	80860	9	0	0	100.0	0.000
run2_A_sweep	pooled_pread	off	cold	sweep	16384	16384	32	1	2	3	512	119774	1349983	3483186	52535	10364825	49398	104	0	0	100.0	0.000
run2_A_sweep	pool	off	cold	sweep	16384	16384	32	1	2	4	512	5579	16499	3196280	26502	5196549	98527	41	0	0	7.6	0.000
run2_A_sweep	pool_ringloop	off	cold	sweep	16384	16384	32	1	2	5	512	3560	7775	22464	13863	7219748	70917	9	0	0	0.0	0.000
run2_A_sweep	hybrid_lazyring	off	cold	sweep	16384	16384	32	1	3	0	512	3540	7123	16907	13611	6958649	73578	9	0	0	0.0	0.000
run2_A_sweep	uring	off	cold	sweep	16384	16384	32	1	3	1	512	138438	1304389	1445835	12484	6293164	81358	9	0	0	100.0	0.000
run2_A_sweep	pooled_pread	off	cold	sweep	16384	16384	32	1	3	2	512	168985	1251656	2985515	48966	8932903	57316	94	0	0	100.0	0.000
run2_A_sweep	pool	off	cold	sweep	16384	16384	32	1	3	3	512	4834	7840	3974663	24528	5739237	89210	42	0	0	6.4	0.000
run2_A_sweep	pool_ringloop	off	cold	sweep	16384	16384	32	1	3	4	512	3372	7446	21765	12563	6588182	77715	9	0	0	0.0	0.000
run2_A_sweep	hybrid	off	cold	sweep	16384	16384	32	1	3	5	512	3370	10526	28029	14192	7393111	69254	9	0	0	0.0	0.000
run2_A_sweep	uring	off	cold	sweep	16384	16384	32	1	4	0	512	221916	1723753	1788562	14864	7473901	68505	9	0	0	100.0	0.000
run2_A_sweep	pooled_pread	off	cold	sweep	16384	16384	32	1	4	1	512	201761	1140504	2587966	55479	10402869	49217	116	0	0	100.0	0.000
run2_A_sweep	pool	off	cold	sweep	16384	16384	32	1	4	2	512	5410	8345	3286530	23030	6194260	82657	41	0	0	6.2	0.000
run2_A_sweep	pool_ringloop	off	cold	sweep	16384	16384	32	1	4	3	512	3010	8025	19454	12252	6236431	82098	9	0	0	0.0	0.000
run2_A_sweep	hybrid	off	cold	sweep	16384	16384	32	1	4	4	512	3360	7773	25994	12789	6599764	77579	9	0	0	0.0	0.000
run2_A_sweep	hybrid_lazyring	off	cold	sweep	16384	16384	32	1	4	5	512	3525	9618	24864	13115	6784758	75463	9	0	0	0.0	0.000
run2_A_sweep	pooled_pread	off	cold	sweep	16384	16384	32	1	5	0	512	174394	1528508	3250979	55985	10143109	50478	104	0	0	100.0	0.000
run2_A_sweep	pool	off	cold	sweep	16384	16384	32	1	5	1	512	5745	8183	3746069	26078	5439838	94120	39	0	0	6.2	0.000
run2_A_sweep	pool_ringloop	off	cold	sweep	16384	16384	32	1	5	2	512	4083	8201	25199	14392	7477210	68475	9	0	0	0.0	0.000
run2_A_sweep	hybrid	off	cold	sweep	16384	16384	32	1	5	3	512	3223	7437	16586	12636	6544195	78237	9	0	0	0.0	0.000
run2_A_sweep	hybrid_lazyring	off	cold	sweep	16384	16384	32	1	5	4	512	3387	7607	21498	12723	6536453	78330	9	0	0	0.0	0.000
run2_A_sweep	uring	off	cold	sweep	16384	16384	32	1	5	5	512	250664	1345332	1391627	13275	6855536	74684	9	0	0	100.0	0.000
run2_A_sweep	pool	off	cold	sweep	16384	16384	64	1	0	0	512	4144	8025	1969626	20356	5572132	91886	26	0	0	4.7	0.000
run2_A_sweep	pool_ringloop	off	cold	sweep	16384	16384	64	1	0	1	512	3699	6720	17013	13689	6861393	74620	9	0	0	0.0	0.000
run2_A_sweep	hybrid	off	cold	sweep	16384	16384	64	1	0	2	512	4899	9505	28359	17264	8840644	57914	9	0	0	0.0	0.000
run2_A_sweep	hybrid_lazyring	off	cold	sweep	16384	16384	64	1	0	3	512	4007	9540	26703	14448	7457680	68654	9	0	0	0.0	0.000
run2_A_sweep	uring	off	cold	sweep	16384	16384	64	1	0	4	512	566485	1760303	1762045	13888	7099605	72117	9	0	0	100.0	0.000
run2_A_sweep	pooled_pread	off	cold	sweep	16384	16384	64	1	0	5	512	192047	2764950	3531773	56926	10031856	51037	135	0	0	100.0	0.000
run2_A_sweep	pool_ringloop	off	cold	sweep	16384	16384	64	1	1	0	512	3050	7299	17930	12661	6496216	78815	9	0	0	0.0	0.000
run2_A_sweep	hybrid	off	cold	sweep	16384	16384	64	1	1	1	512	4591	8700	18903	17398	9065893	56475	9	0	0	0.0	0.000
run2_A_sweep	hybrid_lazyring	off	cold	sweep	16384	16384	64	1	1	2	512	4041	6847	38360	16257	8816145	58075	9	0	0	0.2	0.000
run2_A_sweep	uring	off	cold	sweep	16384	16384	64	1	1	3	512	513545	1859403	1863291	16213	7935692	64519	9	0	0	100.0	0.000
run2_A_sweep	pooled_pread	off	cold	sweep	16384	16384	64	1	1	4	512	318138	2956884	4479957	55367	10265448	49876	113	0	0	100.0	0.000
run2_A_sweep	pool	off	cold	sweep	16384	16384	64	1	1	5	512	5388	8109	4060607	28811	6124802	83595	47	0	0	8.6	0.000
run2_A_sweep	hybrid	off	cold	sweep	16384	16384	64	1	2	0	512	3736	9938	31012	14830	8037461	63702	9	0	0	0.0	0.000
run2_A_sweep	hybrid_lazyring	off	cold	sweep	16384	16384	64	1	2	1	512	3394	6391	21441	12879	7082835	72287	9	0	0	0.0	0.000
run2_A_sweep	uring	off	cold	sweep	16384	16384	64	1	2	2	512	619158	1608090	1609911	13606	7109335	72018	9	0	0	100.0	0.000
run2_A_sweep	pooled_pread	off	cold	sweep	16384	16384	64	1	2	3	512	249857	2794289	3739306	56247	9479268	54013	105	0	0	100.0	0.000
run2_A_sweep	pool	off	cold	sweep	16384	16384	64	1	2	4	512	5504	1218924	3370493	28725	5172837	98979	55	0	0	10.4	0.000
run2_A_sweep	pool_ringloop	off	cold	sweep	16384	16384	64	1	2	5	512	3690	7997	46486	14171	7488563	68371	9	0	0	0.0	0.000
run2_A_sweep	hybrid_lazyring	off	cold	sweep	16384	16384	64	1	3	0	512	4111	9822	24506	15254	7654972	66885	9	0	0	0.0	0.000
run2_A_sweep	uring	off	cold	sweep	16384	16384	64	1	3	1	512	565844	1679223	1681048	14330	7173795	71371	9	0	0	100.0	0.000
run2_A_sweep	pooled_pread	off	cold	sweep	16384	16384	64	1	3	2	512	191272	3020547	3593644	53899	10101738	50684	111	0	0	100.0	0.000
run2_A_sweep	pool	off	cold	sweep	16384	16384	64	1	3	3	512	5140	1188337	4649592	31238	5604547	91354	55	0	0	10.5	0.000
run2_A_sweep	pool_ringloop	off	cold	sweep	16384	16384	64	1	3	4	512	3437	7934	21832	14585	7451104	68715	9	0	0	0.0	0.000
run2_A_sweep	hybrid	off	cold	sweep	16384	16384	64	1	3	5	512	3655	10169	21512	13950	7716620	66350	9	0	0	0.0	0.000
run2_A_sweep	uring	off	cold	sweep	16384	16384	64	1	4	0	512	599046	1911179	1912932	14267	7252461	70597	9	0	0	100.0	0.000
run2_A_sweep	pooled_pread	off	cold	sweep	16384	16384	64	1	4	1	512	156578	2396711	3242287	53338	8662746	59104	110	0	0	100.0	0.000
run2_A_sweep	pool	off	cold	sweep	16384	16384	64	1	4	2	512	6061	1359127	3496870	31664	5712631	89626	60	0	0	11.9	0.000
run2_A_sweep	pool_ringloop	off	cold	sweep	16384	16384	64	1	4	3	512	3317	8054	17397	12794	6579535	77817	9	0	0	0.0	0.000
run2_A_sweep	hybrid	off	cold	sweep	16384	16384	64	1	4	4	512	3796	9489	19940	15386	7989187	64087	9	0	0	0.0	0.000
run2_A_sweep	hybrid_lazyring	off	cold	sweep	16384	16384	64	1	4	5	512	4473	10102	26041	15714	8143813	62870	9	0	0	0.0	0.000
run2_A_sweep	pooled_pread	off	cold	sweep	16384	16384	64	1	5	0	512	933918	2280096	4966772	65859	12157738	42113	147	0	0	100.0	0.000
run2_A_sweep	pool	off	cold	sweep	16384	16384	64	1	5	1	512	5497	1857864	4186970	30406	5947487	86087	58	0	0	10.2	0.000
run2_A_sweep	pool_ringloop	off	cold	sweep	16384	16384	64	1	5	2	512	3462	5917	16696	13471	6975163	73403	9	0	0	0.0	0.000
run2_A_sweep	hybrid	off	cold	sweep	16384	16384	64	1	5	3	512	4168	8712	20500	14857	7819157	65480	9	0	0	0.0	0.000
run2_A_sweep	hybrid_lazyring	off	cold	sweep	16384	16384	64	1	5	4	512	3936	11389	22329	14951	7779317	65816	9	0	0	0.0	0.000
run2_A_sweep	uring	off	cold	sweep	16384	16384	64	1	5	5	512	657540	1731546	1733286	14413	7265985	70465	9	0	0	100.0	0.000
run2_A_sweep	pool	off	warm	sweep	16384	16384	1	1	0	0	512	3055	3712	5271	3915	1893369	270417	9	0	0	0.0	0.000
run2_A_sweep	pool_ringloop	off	warm	sweep	16384	16384	1	1	0	1	512	3105	3529	9406	3848	1830374	279724	9	0	0	0.0	0.000
run2_A_sweep	hybrid	off	warm	sweep	16384	16384	1	1	0	2	512	2912	3311	4172	3844	1810433	282805	9	0	0	0.0	0.000
run2_A_sweep	hybrid_lazyring	off	warm	sweep	16384	16384	1	1	0	3	512	3135	4486	7277	4279	1950346	262518	9	0	0	0.0	0.000
run2_A_sweep	uring	off	warm	sweep	16384	16384	1	1	0	4	512	3758	4929	6762	7297	2279249	224635	9	0	0	100.0	0.000
run2_A_sweep	pooled_pread	off	warm	sweep	16384	16384	1	1	0	5	512	14758	16833	29026	21200	8076455	63394	10	0	0	100.0	0.000
run2_A_sweep	pool_ringloop	off	warm	sweep	16384	16384	1	1	1	0	512	3346	3973	7709	4032	1960797	261118	9	0	0	0.0	0.000
run2_A_sweep	hybrid	off	warm	sweep	16384	16384	1	1	1	1	512	2911	3305	4115	3746	1819804	281349	9	0	0	0.0	0.000
run2_A_sweep	hybrid_lazyring	off	warm	sweep	16384	16384	1	1	1	2	512	2900	3262	7554	3638	1718243	297979	9	0	0	0.0	0.000
run2_A_sweep	uring	off	warm	sweep	16384	16384	1	1	1	3	512	5700	6916	9722	10013	3285207	155850	9	0	0	100.0	0.000
run2_A_sweep	pooled_pread	off	warm	sweep	16384	16384	1	1	1	4	512	18155	22565	41338	26950	10812921	47351	10	0	0	100.0	0.000
run2_A_sweep	pool	off	warm	sweep	16384	16384	1	1	1	5	512	3666	4132	8919	4560	2113782	242220	9	0	0	0.0	0.000
run2_A_sweep	hybrid	off	warm	sweep	16384	16384	1	1	2	0	512	3046	3611	6604	3951	1906308	268582	9	0	0	0.0	0.000
run2_A_sweep	hybrid_lazyring	off	warm	sweep	16384	16384	1	1	2	1	512	3036	3457	4954	3781	1780507	287559	9	0	0	0.0	0.000
run2_A_sweep	uring	off	warm	sweep	16384	16384	1	1	2	2	512	4195	6006	7583	7879	2666643	192002	9	0	0	100.0	0.000
run2_A_sweep	pooled_pread	off	warm	sweep	16384	16384	1	1	2	3	512	19424	25354	60301	27389	11604807	44120	11	0	0	100.0	0.000
run2_A_sweep	pool	off	warm	sweep	16384	16384	1	1	2	4	512	2949	3328	5018	3790	1710783	299278	9	0	0	0.0	0.000
run2_A_sweep	pool_ringloop	off	warm	sweep	16384	16384	1	1	2	5	512	3254	4031	5361	4113	1937055	264319	9	0	0	0.0	0.000
run2_A_sweep	hybrid_lazyring	off	warm	sweep	16384	16384	1	1	3	0	512	3004	3493	7147	3621	1750833	292432	9	0	0	0.0	0.000
run2_A_sweep	uring	off	warm	sweep	16384	16384	1	1	3	1	512	3766	5572	9534	7538	2361173	216841	9	0	0	100.0	0.000
run2_A_sweep	pooled_pread	off	warm	sweep	16384	16384	1	1	3	2	512	19021	24283	68485	27265	10962542	46704	11	0	0	100.0	0.000
run2_A_sweep	pool	off	warm	sweep	16384	16384	1	1	3	3	512	2870	3231	4291	3683	1652330	309865	9	0	0	0.0	0.000
run2_A_sweep	pool_ringloop	off	warm	sweep	16384	16384	1	1	3	4	512	2976	3398	5850	3688	1708812	299623	9	0	0	0.0	0.000
run2_A_sweep	hybrid	off	warm	sweep	16384	16384	1	1	3	5	512	3738	4512	7890	4874	2286759	223898	9	0	0	0.0	0.000
run2_A_sweep	uring	off	warm	sweep	16384	16384	1	1	4	0	512	4127	6040	11537	7708	2709502	188965	9	0	0	100.0	0.000
run2_A_sweep	pooled_pread	off	warm	sweep	16384	16384	1	1	4	1	512	19192	23046	49233	26799	10380866	49322	11	0	0	100.0	0.000
run2_A_sweep	pool	off	warm	sweep	16384	16384	1	1	4	2	512	3911	5009	7147	4882	2240371	228534	9	0	0	0.0	0.000
run2_A_sweep	pool_ringloop	off	warm	sweep	16384	16384	1	1	4	3	512	3232	3828	6159	4050	1896139	270022	9	0	0	0.0	0.000
run2_A_sweep	hybrid	off	warm	sweep	16384	16384	1	1	4	4	512	3298	4133	9629	4421	2146318	238548	9	0	0	0.0	0.000
run2_A_sweep	hybrid_lazyring	off	warm	sweep	16384	16384	1	1	4	5	512	2971	3456	5311	3543	1733148	295416	9	0	0	0.0	0.000
run2_A_sweep	pooled_pread	off	warm	sweep	16384	16384	1	1	5	0	512	17098	20122	37751	24802	9266041	55256	10	0	0	100.0	0.000
run2_A_sweep	pool	off	warm	sweep	16384	16384	1	1	5	1	512	4102	4872	6673	4863	2363314	216645	9	0	0	0.0	0.000
run2_A_sweep	pool_ringloop	off	warm	sweep	16384	16384	1	1	5	2	512	2904	3277	3747	3793	1631693	313785	9	0	0	0.0	0.000
run2_A_sweep	hybrid	off	warm	sweep	16384	16384	1	1	5	3	512	2878	3267	4122	3846	1769645	289324	9	0	0	0.0	0.000
run2_A_sweep	hybrid_lazyring	off	warm	sweep	16384	16384	1	1	5	4	512	3537	4726	7447	4558	2134959	239817	9	0	0	0.0	0.000
run2_A_sweep	uring	off	warm	sweep	16384	16384	1	1	5	5	512	4938	6353	11159	8708	2962633	172819	9	0	0	100.0	0.000
run2_A_sweep	pool	off	warm	sweep	16384	16384	2	1	0	0	512	3223	3758	5175	4042	978520	523239	9	0	0	0.0	0.000
run2_A_sweep	pool_ringloop	off	warm	sweep	16384	16384	2	1	0	1	512	3153	3812	5391	3895	1775598	288354	9	0	0	0.0	0.000
run2_A_sweep	hybrid	off	warm	sweep	16384	16384	2	1	0	2	512	2998	3439	5140	3903	1857503	275639	9	0	0	0.0	0.000
run2_A_sweep	hybrid_lazyring	off	warm	sweep	16384	16384	2	1	0	3	512	3008	3474	5493	3799	1736954	294769	9	0	0	0.0	0.000
run2_A_sweep	uring	off	warm	sweep	16384	16384	2	1	0	4	512	6878	7995	19761	6561	2087796	245235	9	0	0	100.0	0.000
run2_A_sweep	pooled_pread	off	warm	sweep	16384	16384	2	1	0	5	512	20171	22895	53040	20958	5746350	89100	12	0	0	100.0	0.000
run2_A_sweep	pool_ringloop	off	warm	sweep	16384	16384	2	1	1	0	512	2904	3289	4209	3567	1649923	310318	9	0	0	0.0	0.000
run2_A_sweep	hybrid	off	warm	sweep	16384	16384	2	1	1	1	512	2903	3331	4836	4085	1808883	283048	9	0	0	0.0	0.000
run2_A_sweep	hybrid_lazyring	off	warm	sweep	16384	16384	2	1	1	2	512	2925	3331	5383	3750	1707525	299849	9	0	0	0.0	0.000
run2_A_sweep	uring	off	warm	sweep	16384	16384	2	1	1	3	512	8750	13580	22661	8037	2780979	184108	9	0	0	100.0	0.000
run2_A_sweep	pooled_pread	off	warm	sweep	16384	16384	2	1	1	4	512	19644	23352	51142	21656	5247729	97566	13	0	0	100.0	0.000
run2_A_sweep	pool	off	warm	sweep	16384	16384	2	1	1	5	512	3793	4799	6104	4437	1119704	457264	9	0	0	0.0	0.000
run2_A_sweep	hybrid	off	warm	sweep	16384	16384	2	1	2	0	512	3655	5087	8232	4688	2315852	221085	9	0	0	0.0	0.000
run2_A_sweep	hybrid_lazyring	off	warm	sweep	16384	16384	2	1	2	1	512	2926	3346	6597	3770	1695606	301957	9	0	0	0.0	0.000
run2_A_sweep	uring	off	warm	sweep	16384	16384	2	1	2	2	512	8746	9153	19337	7860	2541305	201471	9	0	0	100.0	0.000
run2_A_sweep	pooled_pread	off	warm	sweep	16384	16384	2	1	2	3	512	20117	24872	80831	22955	5708509	89691	14	0	0	100.0	0.000
run2_A_sweep	pool	off	warm	sweep	16384	16384	2	1	2	4	512	3582	4248	9746	4616	1102677	464325	9	0	0	0.0	0.000
run2_A_sweep	pool_ringloop	off	warm	sweep	16384	16384	2	1	2	5	512	3138	4016	5063	3977	1869395	273885	9	0	0	0.0	0.000
run2_A_sweep	hybrid_lazyring	off	warm	sweep	16384	16384	2	1	3	0	512	2898	3307	5152	3655	1667249	307093	9	0	0	0.0	0.000
run2_A_sweep	uring	off	warm	sweep	16384	16384	2	1	3	1	512	8828	10878	19280	7220	2644360	193620	9	0	0	100.0	0.000
run2_A_sweep	pooled_pread	off	warm	sweep	16384	16384	2	1	3	2	512	17457	22333	53032	21406	4946472	103508	13	0	0	100.0	0.000
run2_A_sweep	pool	off	warm	sweep	16384	16384	2	1	3	3	512	4265	4627	4960	4842	1196910	427768	9	0	0	0.0	0.000
run2_A_sweep	pool_ringloop	off	warm	sweep	16384	16384	2	1	3	4	512	3030	3448	5424	3607	1741780	293952	9	0	0	0.0	0.000
run2_A_sweep	hybrid	off	warm	sweep	16384	16384	2	1	3	5	512	3033	3490	4873	4178	1899459	269550	9	0	0	0.0	0.000
run2_A_sweep	uring	off	warm	sweep	16384	16384	2	1	4	0	512	8559	10053	15132	6970	2450667	208923	9	0	0	100.0	0.000
run2_A_sweep	pooled_pread	off	warm	sweep	16384	16384	2	1	4	1	512	17958	21745	63029	20999	5217570	98130	12	0	0	100.0	0.000
run2_A_sweep	pool	off	warm	sweep	16384	16384	2	1	4	2	512	4498	5154	11756	5273	1338322	382569	9	0	0	0.0	0.000
run2_A_sweep	pool_ringloop	off	warm	sweep	16384	16384	2	1	4	3	512	2953	3364	4926	3615	1727975	296301	9	0	0	0.0	0.000
run2_A_sweep	hybrid	off	warm	sweep	16384	16384	2	1	4	4	512	2951	3426	4698	3899	1845474	277435	9	0	0	0.0	0.000
run2_A_sweep	hybrid_lazyring	off	warm	sweep	16384	16384	2	1	4	5	512	2919	3276	5454	3625	1724120	296963	9	0	0	0.0	0.000
run2_A_sweep	pooled_pread	off	warm	sweep	16384	16384	2	1	5	0	512	19129	25620	91623	23126	5992651	85438	15	0	0	100.0	0.000
run2_A_sweep	pool	off	warm	sweep	16384	16384	2	1	5	1	512	4285	4666	5311	4902	1218871	420061	9	0	0	0.0	0.000
run2_A_sweep	pool_ringloop	off	warm	sweep	16384	16384	2	1	5	2	512	2952	3425	5601	3515	1728754	296167	9	0	0	0.0	0.000
run2_A_sweep	hybrid	off	warm	sweep	16384	16384	2	1	5	3	512	3200	4360	6209	4470	2065426	247891	9	0	0	0.0	0.000
run2_A_sweep	hybrid_lazyring	off	warm	sweep	16384	16384	2	1	5	4	512	3003	3413	4684	3871	1747173	293045	9	0	0	0.0	0.000
run2_A_sweep	uring	off	warm	sweep	16384	16384	2	1	5	5	512	7078	7396	17707	6040	2113027	242306	9	0	0	100.0	0.000
run2_A_sweep	pool	off	warm	sweep	16384	16384	4	1	0	0	512	4442	5522	6883	5406	709613	721520	9	0	0	0.0	0.000
run2_A_sweep	pool_ringloop	off	warm	sweep	16384	16384	4	1	0	1	512	3178	3747	6269	4302	1859195	275388	9	0	0	0.0	0.000
run2_A_sweep	hybrid	off	warm	sweep	16384	16384	4	1	0	2	512	3638	4368	6402	4578	2216624	230982	9	0	0	0.0	0.000
run2_A_sweep	hybrid_lazyring	off	warm	sweep	16384	16384	4	1	0	3	512	3355	4035	5992	4181	1936878	264343	9	0	0	0.0	0.000
run2_A_sweep	uring	off	warm	sweep	16384	16384	4	1	0	4	512	16247	17084	26140	6381	2407052	212708	9	0	0	100.0	0.000
run2_A_sweep	pooled_pread	off	warm	sweep	16384	16384	4	1	0	5	512	16162	44889	184849	24660	3500880	146249	26	0	0	100.0	0.000
run2_A_sweep	pool_ringloop	off	warm	sweep	16384	16384	4	1	1	0	512	3015	3458	6494	3816	1754370	291843	9	0	0	0.0	0.000
run2_A_sweep	hybrid	off	warm	sweep	16384	16384	4	1	1	1	512	3838	4416	5846	4989	2379330	215187	9	0	0	0.0	0.000
run2_A_sweep	hybrid_lazyring	off	warm	sweep	16384	16384	4	1	1	2	512	3956	4625	6419	4754	2207067	231982	9	0	0	0.0	0.000
run2_A_sweep	uring	off	warm	sweep	16384	16384	4	1	1	3	512	13498	17056	33790	5430	2144074	238798	9	0	0	100.0	0.000
run2_A_sweep	pooled_pread	off	warm	sweep	16384	16384	4	1	1	4	512	16639	39997	159530	23519	3165420	161748	22	0	0	100.0	0.000
run2_A_sweep	pool	off	warm	sweep	16384	16384	4	1	1	5	512	4855	5417	13957	5906	788431	649391	9	0	0	0.0	0.000
run2_A_sweep	hybrid	off	warm	sweep	16384	16384	4	1	2	0	512	2972	3366	5020	3782	1828450	280019	9	0	0	0.0	0.000
run2_A_sweep	hybrid_lazyring	off	warm	sweep	16384	16384	4	1	2	1	512	4158	5162	10310	4904	2483382	206170	9	0	0	0.0	0.000
run2_A_sweep	uring	off	warm	sweep	16384	16384	4	1	2	2	512	15050	16226	25820	5612	2202270	232487	9	0	0	100.0	0.000
run2_A_sweep	pooled_pread	off	warm	sweep	16384	16384	4	1	2	3	512	16002	42468	198084	26621	3672363	139420	25	0	0	100.0	0.000
run2_A_sweep	pool	off	warm	sweep	16384	16384	4	1	2	4	512	5365	6422	12063	6517	891393	574382	9	0	0	0.0	0.000
run2_A_sweep	pool_ringloop	off	warm	sweep	16384	16384	4	1	2	5	512	3028	3572	4696	3672	1776032	288283	9	0	0	0.0	0.000
run2_A_sweep	hybrid_lazyring	off	warm	sweep	16384	16384	4	1	3	0	512	2953	3374	5557	3665	1739453	294345	9	0	0	0.0	0.000
run2_A_sweep	uring	off	warm	sweep	16384	16384	4	1	3	1	512	11408	15100	24010	5044	1833410	279261	9	0	0	100.0	0.000
run2_A_sweep	pooled_pread	off	warm	sweep	16384	16384	4	1	3	2	512	17966	38688	177460	23852	3377489	151592	23	0	0	100.0	0.000
run2_A_sweep	pool	off	warm	sweep	16384	16384	4	1	3	3	512	4422	5504	10907	5541	711854	719249	9	0	0	0.0	0.000
run2_A_sweep	pool_ringloop	off	warm	sweep	16384	16384	4	1	3	4	512	2939	3286	4908	3833	1699517	301262	9	0	0	0.0	0.000
run2_A_sweep	hybrid	off	warm	sweep	16384	16384	4	1	3	5	512	3117	3534	5469	4019	1912176	267758	9	0	0	0.0	0.000
run2_A_sweep	uring	off	warm	sweep	16384	16384	4	1	4	0	512	15011	22620	35680	6348	2489824	205637	9	0	0	100.0	0.000
run2_A_sweep	pooled_pread	off	warm	sweep	16384	16384	4	1	4	1	512	16133	37650	165607	23373	3335080	153520	25	0	0	100.0	0.000
run2_A_sweep	pool	off	warm	sweep	16384	16384	4	1	4	2	512	4900	5844	10140	5728	774040	661465	9	0	0	0.0	0.000
run2_A_sweep	pool_ringloop	off	warm	sweep	16384	16384	4	1	4	3	512	2916	3299	4601	3527	1698725	301403	9	0	0	0.0	0.000
run2_A_sweep	hybrid	off	warm	sweep	16384	16384	4	1	4	4	512	3584	4515	6098	4495	2218401	230797	9	0	0	0.0	0.000
run2_A_sweep	hybrid_lazyring	off	warm	sweep	16384	16384	4	1	4	5	512	3158	3761	7131	3892	1912396	267727	9	0	0	0.0	0.000
run2_A_sweep	pooled_pread	off	warm	sweep	16384	16384	4	1	5	0	512	15018	33582	116441	24221	2792247	183365	22	0	0	100.0	0.000
run2_A_sweep	pool	off	warm	sweep	16384	16384	4	1	5	1	512	3732	4480	5804	4599	630768	811709	9	0	0	0.0	0.000
run2_A_sweep	pool_ringloop	off	warm	sweep	16384	16384	4	1	5	2	512	3895	4888	7520	4687	2293779	223212	9	0	0	0.0	0.000
run2_A_sweep	hybrid	off	warm	sweep	16384	16384	4	1	5	3	512	3816	4405	6155	5116	2326434	220079	9	0	0	0.0	0.000
run2_A_sweep	hybrid_lazyring	off	warm	sweep	16384	16384	4	1	5	4	512	3805	4437	6101	4555	2163662	236636	9	0	0	0.0	0.000
run2_A_sweep	uring	off	warm	sweep	16384	16384	4	1	5	5	512	13713	14352	22008	5084	2006005	255234	9	0	0	100.0	0.000
run2_A_sweep	pool	off	warm	sweep	16384	16384	8	1	0	0	512	4307	5333	17613	5471	779179	657102	9	0	0	0.0	0.000
run2_A_sweep	pool_ringloop	off	warm	sweep	16384	16384	8	1	0	1	512	3078	3717	5333	3804	1783706	287043	9	0	0	0.0	0.000
run2_A_sweep	hybrid	off	warm	sweep	16384	16384	8	1	0	2	512	3014	3356	5503	3982	1905171	268742	9	0	0	0.0	0.000
run2_A_sweep	hybrid_lazyring	off	warm	sweep	16384	16384	8	1	0	3	512	3868	4538	5652	4525	2224580	230156	9	0	0	0.0	0.000
run2_A_sweep	uring	off	warm	sweep	16384	16384	8	1	0	4	512	28284	43747	79646	5486	2320493	220643	9	0	0	100.0	0.000
run2_A_sweep	pooled_pread	off	warm	sweep	16384	16384	8	1	0	5	512	19822	138311	392359	30225	3678744	139178	38	0	0	100.0	0.000
run2_A_sweep	pool_ringloop	off	warm	sweep	16384	16384	8	1	1	0	512	3199	3764	4965	4005	1902134	269171	9	0	0	0.0	0.000
run2_A_sweep	hybrid	off	warm	sweep	16384	16384	8	1	1	1	512	3137	3546	4139	4214	1941211	263753	9	0	0	0.0	0.000
run2_A_sweep	hybrid_lazyring	off	warm	sweep	16384	16384	8	1	1	2	512	3956	4830	6701	4971	2350342	217841	9	0	0	0.0	0.000
run2_A_sweep	uring	off	warm	sweep	16384	16384	8	1	1	3	512	50464	64924	112547	7666	4135041	123820	9	0	0	100.0	0.000
run2_A_sweep	pooled_pread	off	warm	sweep	16384	16384	8	1	1	4	512	34304	524157	2128360	44177	12956964	39515	67	0	0	100.0	0.000
run2_A_sweep	pool	off	warm	sweep	16384	16384	8	1	1	5	512	7202	8817	11818	8551	1230605	416056	9	0	0	0.0	0.000
run2_A_sweep	hybrid	off	warm	sweep	16384	16384	8	1	2	0	512	3991	4728	9441	5395	2510547	203940	9	0	0	0.0	0.000
run2_A_sweep	hybrid_lazyring	off	warm	sweep	16384	16384	8	1	2	1	512	3819	4518	6640	4734	2265291	226020	9	0	0	0.0	0.000
run2_A_sweep	uring	off	warm	sweep	16384	16384	8	1	2	2	512	42136	52475	85772	7200	3163133	161865	9	0	0	100.0	0.000
run2_A_sweep	pooled_pread	off	warm	sweep	16384	16384	8	1	2	3	512	31824	265780	1678682	36817	10064081	50874	45	0	0	100.0	0.000
run2_A_sweep	pool	off	warm	sweep	16384	16384	8	1	2	4	512	5248	6434	16014	7116	1530165	334604	9	0	0	0.0	0.000
run2_A_sweep	pool_ringloop	off	warm	sweep	16384	16384	8	1	2	5	512	4894	12066	31621	8297	4129727	123979	9	0	0	0.0	0.000
run2_A_sweep	hybrid_lazyring	off	warm	sweep	16384	16384	8	1	3	0	512	4773	8810	17158	6578	3235496	158245	9	0	0	0.0	0.000
run2_A_sweep	uring	off	warm	sweep	16384	16384	8	1	3	1	512	35322	66791	127809	7242	3070020	166774	9	0	0	100.0	0.000
run2_A_sweep	pooled_pread	off	warm	sweep	16384	16384	8	1	3	2	512	31766	303464	751692	41265	6236316	82100	56	0	0	100.0	0.000
run2_A_sweep	pool	off	warm	sweep	16384	16384	8	1	3	3	512	9164	15019	31963	11607	1693015	302419	9	0	0	0.0	0.000
run2_A_sweep	pool_ringloop	off	warm	sweep	16384	16384	8	1	3	4	512	4844	9571	21191	6748	3338696	153353	9	0	0	0.0	0.000
run2_A_sweep	hybrid	off	warm	sweep	16384	16384	8	1	3	5	512	3867	4886	18455	5618	2741394	186766	9	0	0	0.0	0.000
run2_A_sweep	uring	off	warm	sweep	16384	16384	8	1	4	0	512	37323	58385	106015	7012	2911564	175851	9	0	0	100.0	0.000
run2_A_sweep	pooled_pread	off	warm	sweep	16384	16384	8	1	4	1	512	25611	242654	530181	38521	5231590	97867	43	0	0	100.0	0.000
run2_A_sweep	pool	off	warm	sweep	16384	16384	8	1	4	2	512	4670	5587	7374	5836	1044548	490164	9	0	0	0.0	0.000
run2_A_sweep	pool_ringloop	off	warm	sweep	16384	16384	8	1	4	3	512	4109	4722	9491	4933	2419881	211581	9	0	0	0.0	0.000
run2_A_sweep	hybrid	off	warm	sweep	16384	16384	8	1	4	4	512	3758	4778	6805	5244	2416330	211892	9	0	0	0.0	0.000
run2_A_sweep	hybrid_lazyring	off	warm	sweep	16384	16384	8	1	4	5	512	3753	5285	7703	4826	2388208	214387	9	0	0	0.0	0.000
run2_A_sweep	pooled_pread	off	warm	sweep	16384	16384	8	1	5	0	512	23782	142096	1030091	33411	4552875	112456	35	0	0	100.0	0.000
run2_A_sweep	pool	off	warm	sweep	16384	16384	8	1	5	1	512	4997	6191	13871	5999	681855	750893	9	0	0	0.0	0.000
run2_A_sweep	pool_ringloop	off	warm	sweep	16384	16384	8	1	5	2	512	4449	5636	7520	5279	2672477	191583	9	0	0	0.0	0.000
run2_A_sweep	hybrid	off	warm	sweep	16384	16384	8	1	5	3	512	3982	4636	6584	5330	2494523	205250	9	0	0	0.0	0.000
run2_A_sweep	hybrid_lazyring	off	warm	sweep	16384	16384	8	1	5	4	512	3972	4702	5370	4895	2233530	229234	9	0	0	0.0	0.000
run2_A_sweep	uring	off	warm	sweep	16384	16384	8	1	5	5	512	25456	29061	45889	4783	1982116	258310	9	0	0	100.0	0.000
run2_A_sweep	pool	off	warm	sweep	16384	16384	16	1	0	0	512	5517	6301	7576	6654	687192	745061	9	0	0	0.0	0.000
run2_A_sweep	pool_ringloop	off	warm	sweep	16384	16384	16	1	0	1	512	3053	3469	4155	4015	1867400	274178	9	0	0	0.0	0.000
run2_A_sweep	hybrid	off	warm	sweep	16384	16384	16	1	0	2	512	3202	4152	5175	4365	2115092	242070	9	0	0	0.0	0.000
run2_A_sweep	hybrid_lazyring	off	warm	sweep	16384	16384	16	1	0	3	512	3537	3907	4609	4357	2162879	236722	9	0	0	0.0	0.000
run2_A_sweep	uring	off	warm	sweep	16384	16384	16	1	0	4	512	66799	75874	95120	6099	2572118	199058	9	0	0	100.0	0.000
run2_A_sweep	pooled_pread	off	warm	sweep	16384	16384	16	1	0	5	512	34767	409111	1756666	37166	5618431	91129	74	0	0	100.0	0.000
run2_A_sweep	pool_ringloop	off	warm	sweep	16384	16384	16	1	1	0	512	3383	4584	6725	4365	2115557	242017	9	0	0	0.0	0.000
run2_A_sweep	hybrid	off	warm	sweep	16384	16384	16	1	1	1	512	3077	3467	4921	4068	1971498	259701	9	0	0	0.0	0.000
run2_A_sweep	hybrid_lazyring	off	warm	sweep	16384	16384	16	1	1	2	512	3048	3421	4521	3693	1807876	283205	9	0	0	0.0	0.000
run2_A_sweep	uring	off	warm	sweep	16384	16384	16	1	1	3	512	50747	62046	65312	4307	1936062	264454	9	0	0	100.0	0.000
run2_A_sweep	pooled_pread	off	warm	sweep	16384	16384	16	1	1	4	512	38081	420606	1438492	37144	4991536	102574	75	0	0	100.0	0.000
run2_A_sweep	pool	off	warm	sweep	16384	16384	16	1	1	5	512	5989	6743	23954	7468	675414	758054	9	0	0	0.0	0.000
run2_A_sweep	hybrid	off	warm	sweep	16384	16384	16	1	2	0	512	3374	4161	5518	4591	2214057	231250	9	0	0	0.0	0.000
run2_A_sweep	hybrid_lazyring	off	warm	sweep	16384	16384	16	1	2	1	512	4216	5152	6690	5342	2589696	197707	9	0	0	0.0	0.000
run2_A_sweep	uring	off	warm	sweep	16384	16384	16	1	2	2	512	46473	63048	87762	4176	1884942	271626	9	0	0	100.0	0.000
run2_A_sweep	pooled_pread	off	warm	sweep	16384	16384	16	1	2	3	512	41957	401091	1319119	38561	5383211	95111	90	0	0	100.0	0.000
run2_A_sweep	pool	off	warm	sweep	16384	16384	16	1	2	4	512	4977	5877	6614	5887	645718	792916	9	0	0	0.0	0.000
run2_A_sweep	pool_ringloop	off	warm	sweep	16384	16384	16	1	2	5	512	3041	3699	5037	4312	1972536	259564	9	0	0	0.0	0.000
run2_A_sweep	hybrid_lazyring	off	warm	sweep	16384	16384	16	1	3	0	512	3129	3555	4694	4124	1903366	268997	9	0	0	0.0	0.000
run2_A_sweep	uring	off	warm	sweep	16384	16384	16	1	3	1	512	57229	82840	86495	5330	2278247	224734	9	0	0	100.0	0.000
run2_A_sweep	pooled_pread	off	warm	sweep	16384	16384	16	1	3	2	512	47356	415372	1496058	37823	5646340	90678	84	0	0	100.0	0.000
run2_A_sweep	pool	off	warm	sweep	16384	16384	16	1	3	3	512	5850	6747	8081	7057	808728	633093	9	0	0	0.0	0.000
run2_A_sweep	pool_ringloop	off	warm	sweep	16384	16384	16	1	3	4	512	4286	5756	21083	5457	2774870	184513	9	0	0	0.0	0.000
run2_A_sweep	hybrid	off	warm	sweep	16384	16384	16	1	3	5	512	3209	3700	6106	4432	2124649	240981	9	0	0	0.0	0.000
run2_A_sweep	uring	off	warm	sweep	16384	16384	16	1	4	0	512	47728	68129	71073	4520	1980815	258479	9	0	0	100.0	0.000
run2_A_sweep	pooled_pread	off	warm	sweep	16384	16384	16	1	4	1	512	46336	576427	2434831	43502	8532612	60005	98	0	0	100.0	0.000
run2_A_sweep	pool	off	warm	sweep	16384	16384	16	1	4	2	512	4990	5806	6608	5806	641048	798692	9	0	0	0.0	0.000
run2_A_sweep	pool_ringloop	off	warm	sweep	16384	16384	16	1	4	3	512	3912	4858	6197	4971	2428550	210825	9	0	0	0.0	0.000
run2_A_sweep	hybrid	off	warm	sweep	16384	16384	16	1	4	4	512	3340	3960	6924	4560	2254471	227104	9	0	0	0.0	0.000
run2_A_sweep	hybrid_lazyring	off	warm	sweep	16384	16384	16	1	4	5	512	3007	3365	4170	3847	1851785	276490	9	0	0	0.0	0.000
run2_A_sweep	pooled_pread	off	warm	sweep	16384	16384	16	1	5	0	512	42992	457741	2267708	38641	6182665	82812	88	0	0	100.0	0.000
run2_A_sweep	pool	off	warm	sweep	16384	16384	16	1	5	1	512	5390	6066	12763	6424	892081	573939	9	0	0	0.0	0.000
run2_A_sweep	pool_ringloop	off	warm	sweep	16384	16384	16	1	5	2	512	2983	3708	6303	3946	1832429	279411	9	0	0	0.0	0.000
run2_A_sweep	hybrid	off	warm	sweep	16384	16384	16	1	5	3	512	3050	3537	5346	4224	1981034	258451	9	0	0	0.0	0.000
run2_A_sweep	hybrid_lazyring	off	warm	sweep	16384	16384	16	1	5	4	512	3296	4130	5398	4273	2024230	252936	9	0	0	0.0	0.000
run2_A_sweep	uring	off	warm	sweep	16384	16384	16	1	5	5	512	50191	75563	88622	4822	2085830	245466	9	0	0	100.0	0.000
run2_A_sweep	pool	off	warm	sweep	16384	16384	32	1	0	0	512	5954	6740	16554	7198	616838	830040	9	0	0	0.0	0.000
run2_A_sweep	pool_ringloop	off	warm	sweep	16384	16384	32	1	0	1	512	2978	3361	5201	4233	1996159	256493	9	0	0	0.0	0.000
run2_A_sweep	hybrid	off	warm	sweep	16384	16384	32	1	0	2	512	3490	4527	5951	5302	2576117	198749	9	0	0	0.0	0.000
run2_A_sweep	hybrid_lazyring	off	warm	sweep	16384	16384	32	1	0	3	512	3939	4810	10706	5294	2632177	194516	9	0	0	0.0	0.000
run2_A_sweep	uring	off	warm	sweep	16384	16384	32	1	0	4	512	95066	109550	115401	4368	2032459	251912	9	0	0	100.0	0.000
run2_A_sweep	pooled_pread	off	warm	sweep	16384	16384	32	1	0	5	512	102250	989481	2165199	43073	6172414	82950	102	0	0	100.0	0.000
run2_A_sweep	pool_ringloop	off	warm	sweep	16384	16384	32	1	1	0	512	2990	3388	4831	4032	1956697	261665	9	0	0	0.0	0.000
run2_A_sweep	hybrid	off	warm	sweep	16384	16384	32	1	1	1	512	3154	3646	7009	4718	2260102	226538	9	0	0	0.0	0.000
run2_A_sweep	hybrid_lazyring	off	warm	sweep	16384	16384	32	1	1	2	512	3608	4651	10296	4905	2474850	206881	9	0	0	0.0	0.000
run2_A_sweep	uring	off	warm	sweep	16384	16384	32	1	1	3	512	98739	115362	122450	4740	2139589	239298	9	0	0	100.0	0.000
run2_A_sweep	pooled_pread	off	warm	sweep	16384	16384	32	1	1	4	512	103511	1034597	2156264	41931	5894264	86864	104	0	0	100.0	0.000
run2_A_sweep	pool	off	warm	sweep	16384	16384	32	1	1	5	512	6571	9196	20059	8210	924431	553854	9	0	0	0.0	0.000
run2_A_sweep	hybrid	off	warm	sweep	16384	16384	32	1	2	0	512	3024	3379	3901	4261	2109995	242655	9	0	0	0.0	0.000
run2_A_sweep	hybrid_lazyring	off	warm	sweep	16384	16384	32	1	2	1	512	3107	3449	4874	4333	1946789	262997	9	0	0	0.0	0.000
run2_A_sweep	uring	off	warm	sweep	16384	16384	32	1	2	2	512	99757	146485	189808	5354	2362039	216762	9	0	0	100.0	0.000
run2_A_sweep	pooled_pread	off	warm	sweep	16384	16384	32	1	2	3	512	86587	956706	2494871	37203	5235919	97786	94	0	0	100.0	0.000
run2_A_sweep	pool	off	warm	sweep	16384	16384	32	1	2	4	512	4991	5967	9115	6154	864530	592229	9	0	0	0.0	0.000
run2_A_sweep	pool_ringloop	off	warm	sweep	16384	16384	32	1	2	5	512	4184	5145	8255	5672	2757258	185692	9	0	0	0.0	0.000
run2_A_sweep	hybrid_lazyring	off	warm	sweep	16384	16384	32	1	3	0	512	3093	3541	7866	4381	2085059	245557	9	0	0	0.0	0.000
run2_A_sweep	uring	off	warm	sweep	16384	16384	32	1	3	1	512	92792	101020	111053	4668	2006708	255144	9	0	0	100.0	0.000
run2_A_sweep	pooled_pread	off	warm	sweep	16384	16384	32	1	3	2	512	118878	877229	1625857	39633	6058989	84503	90	0	0	100.0	0.000
run2_A_sweep	pool	off	warm	sweep	16384	16384	32	1	3	3	512	5232	5969	8289	6211	698011	733513	9	0	0	0.0	0.000
run2_A_sweep	pool_ringloop	off	warm	sweep	16384	16384	32	1	3	4	512	3181	3864	9426	4537	2186945	234117	9	0	0	0.0	0.000
run2_A_sweep	hybrid	off	warm	sweep	16384	16384	32	1	3	5	512	3678	4129	14305	5535	2592679	197479	9	0	0	0.0	0.000
run2_A_sweep	uring	off	warm	sweep	16384	16384	32	1	4	0	512	96659	116742	120509	4587	2055241	249119	9	0	0	100.0	0.000
run2_A_sweep	pooled_pread	off	warm	sweep	16384	16384	32	1	4	1	512	113781	792312	1726926	37327	5385887	95063	81	0	0	100.0	0.000
run2_A_sweep	pool	off	warm	sweep	16384	16384	32	1	4	2	512	3408	4772	10243	4760	1214815	421463	9	0	0	0.0	0.000
run2_A_sweep	pool_ringloop	off	warm	sweep	16384	16384	32	1	4	3	512	2982	3893	5228	4566	2075285	246713	9	0	0	0.0	0.000
run2_A_sweep	hybrid	off	warm	sweep	16384	16384	32	1	4	4	512	3034	3421	3904	4429	2115064	242073	9	0	0	0.0	0.000
run2_A_sweep	hybrid_lazyring	off	warm	sweep	16384	16384	32	1	4	5	512	3852	4400	5141	5338	2502912	204562	9	0	0	0.0	0.000
run2_A_sweep	pooled_pread	off	warm	sweep	16384	16384	32	1	5	0	512	90224	812560	2047941	33124	5138660	99637	75	0	0	100.0	0.000
run2_A_sweep	pool	off	warm	sweep	16384	16384	32	1	5	1	512	5523	6429	19296	6819	648735	789228	9	0	0	0.0	0.000
run2_A_sweep	pool_ringloop	off	warm	sweep	16384	16384	32	1	5	2	512	3405	3981	8377	4855	2388556	214355	9	0	0	0.0	0.000
run2_A_sweep	hybrid	off	warm	sweep	16384	16384	32	1	5	3	512	3124	3692	6211	4573	2176859	235201	9	0	0	0.0	0.000
run2_A_sweep	hybrid_lazyring	off	warm	sweep	16384	16384	32	1	5	4	512	3111	3467	6436	4202	2071155	247205	9	0	0	0.0	0.000
run2_A_sweep	uring	off	warm	sweep	16384	16384	32	1	5	5	512	125708	162061	182087	5650	2671636	191643	9	0	0	100.0	0.000
run2_A_sweep	pool	off	warm	sweep	16384	16384	64	1	0	0	512	6390	8999	11248	8134	941276	543942	9	0	0	0.0	0.000
run2_A_sweep	pool_ringloop	off	warm	sweep	16384	16384	64	1	0	1	512	2970	3396	5984	5222	2322005	220499	9	0	0	0.0	0.000
run2_A_sweep	hybrid	off	warm	sweep	16384	16384	64	1	0	2	512	3086	3417	4022	5010	2368771	216146	9	0	0	0.0	0.000
run2_A_sweep	hybrid_lazyring	off	warm	sweep	16384	16384	64	1	0	3	512	3131	3651	6666	4768	2302365	222380	9	0	0	0.0	0.000
run2_A_sweep	uring	off	warm	sweep	16384	16384	64	1	0	4	512	210183	279503	281458	5333	2544117	201249	9	0	0	100.0	0.000
run2_A_sweep	pooled_pread	off	warm	sweep	16384	16384	64	1	0	5	512	276194	1661855	3176256	43982	6315524	81070	114	0	0	100.0	0.000
run2_A_sweep	pool_ringloop	off	warm	sweep	16384	16384	64	1	1	0	512	3499	4781	7226	5764	2882042	177652	9	0	0	0.0	0.000
run2_A_sweep	hybrid	off	warm	sweep	16384	16384	64	1	1	1	512	3273	3895	6039	5683	2826766	181126	9	0	0	0.0	0.000
run2_A_sweep	hybrid_lazyring	off	warm	sweep	16384	16384	64	1	1	2	512	4180	4970	10106	6381	3149999	162540	9	0	0	0.0	0.000
run2_A_sweep	uring	off	warm	sweep	16384	16384	64	1	1	3	512	294514	366252	368332	6953	3417818	149803	9	0	0	100.0	0.000
run2_A_sweep	pooled_pread	off	warm	sweep	16384	16384	64	1	1	4	512	215987	1843787	3423012	45370	6446017	79429	114	0	0	100.0	0.000
run2_A_sweep	pool	off	warm	sweep	16384	16384	64	1	1	5	512	4734	5754	11140	6324	832402	615087	9	0	0	0.0	0.000
run2_A_sweep	hybrid	off	warm	sweep	16384	16384	64	1	2	0	512	3160	3555	5796	5294	2640475	193905	9	0	0	0.0	0.000
run2_A_sweep	hybrid_lazyring	off	warm	sweep	16384	16384	64	1	2	1	512	3059	3380	4578	4689	2232719	229317	9	0	0	0.0	0.000
run2_A_sweep	uring	off	warm	sweep	16384	16384	64	1	2	2	512	225898	311094	313402	6208	2888972	177226	9	0	0	100.0	0.000
run2_A_sweep	pooled_pread	off	warm	sweep	16384	16384	64	1	2	3	512	326291	1346167	3015532	47706	6789993	75405	129	0	0	100.0	0.000
run2_A_sweep	pool	off	warm	sweep	16384	16384	64	1	2	4	512	6124	6888	7956	7617	678789	754284	9	0	0	0.0	0.000
run2_A_sweep	pool_ringloop	off	warm	sweep	16384	16384	64	1	2	5	512	3093	3588	6255	4964	2394710	213805	9	0	0	0.0	0.000
run2_A_sweep	hybrid_lazyring	off	warm	sweep	16384	16384	64	1	3	0	512	3515	4221	5539	5888	2902280	176413	9	0	0	0.0	0.000
run2_A_sweep	uring	off	warm	sweep	16384	16384	64	1	3	1	512	191968	225351	227125	5835	2604436	196588	9	0	0	100.0	0.000
run2_A_sweep	pooled_pread	off	warm	sweep	16384	16384	64	1	3	2	512	196469	1647659	3123320	42317	5993057	85432	99	0	0	100.0	0.000
run2_A_sweep	pool	off	warm	sweep	16384	16384	64	1	3	3	512	5498	6968	20226	7110	817139	626576	9	0	0	0.0	0.000
run2_A_sweep	pool_ringloop	off	warm	sweep	16384	16384	64	1	3	4	512	3173	3832	4786	5475	2631138	194593	9	0	0	0.0	0.000
run2_A_sweep	hybrid	off	warm	sweep	16384	16384	64	1	3	5	512	4258	5350	8424	7097	3486297	146861	9	0	0	0.0	0.000
run2_A_sweep	uring	off	warm	sweep	16384	16384	64	1	4	0	512	197986	228978	230794	5176	2472975	207038	9	0	0	100.0	0.000
run2_A_sweep	pooled_pread	off	warm	sweep	16384	16384	64	1	4	1	512	231964	1831493	3087601	40837	5905851	86694	104	0	0	100.0	0.000
run2_A_sweep	pool	off	warm	sweep	16384	16384	64	1	4	2	512	4546	5271	6339	5930	805451	635669	9	0	0	0.0	0.000
run2_A_sweep	pool_ringloop	off	warm	sweep	16384	16384	64	1	4	3	512	2935	3309	4245	4463	2228716	229729	9	0	0	0.0	0.000
run2_A_sweep	hybrid	off	warm	sweep	16384	16384	64	1	4	4	512	3063	3446	4244	4981	2397427	213562	9	0	0	0.0	0.000
run2_A_sweep	hybrid_lazyring	off	warm	sweep	16384	16384	64	1	4	5	512	3466	4417	7599	5500	2665697	192070	9	0	0	0.0	0.000
run2_A_sweep	pooled_pread	off	warm	sweep	16384	16384	64	1	5	0	512	436982	1209786	2330062	47076	6193010	82674	106	0	0	100.0	0.000
run2_A_sweep	pool	off	warm	sweep	16384	16384	64	1	5	1	512	5590	7015	19514	7131	743470	688663	9	0	0	0.0	0.000
run2_A_sweep	pool_ringloop	off	warm	sweep	16384	16384	64	1	5	2	512	3443	4089	6326	5258	2645146	193562	9	0	0	0.0	0.000
run2_A_sweep	hybrid	off	warm	sweep	16384	16384	64	1	5	3	512	3046	3414	4389	5099	2415118	211998	9	0	0	0.0	0.000
run2_A_sweep	hybrid_lazyring	off	warm	sweep	16384	16384	64	1	5	4	512	3024	3397	5645	4495	2224967	230116	9	0	0	0.0	0.000
run2_A_sweep	uring	off	warm	sweep	16384	16384	64	1	5	5	512	221043	296418	300508	5797	2819311	181605	9	0	0	100.0	0.000
