label	arm	prefetch	temp	shape	size	stride	depth	readers	repeat	pos	asks	p50_ns	p90_ns	p99_ns	cpu_ns_per_ask	wall_ns	asks_per_s	threads	gap_p99_ns	gap_max_ns	miss_pct	resident_pct
x15_r0	pool	off	cold	sweep	16384	16384	1	1	0	0	512	3590	119392	203567	26502	16781606	30510	6	0	0	0.4	0.000
x15_r0	hybrid_lazyring	off	cold	sweep	16384	16384	1	1	0	1	512	3402	3926	39928	5430	5610827	91252	5	0	0	0.4	0.000
x15_r0	uring	off	cold	sweep	16384	16384	1	1	0	2	512	4041	16520	35878	10884	6393379	80083	5	0	0	100.0	0.000
x15_r0	product	off	cold	sweep	16384	16384	1	1	0	3	512	3874	4709	46630	6226	6996801	73176	5	0	0	0.0	0.000
x15_r0	tokio_fs	off	cold	sweep	16384	16384	1	1	0	4	512	52188	66328	135064	63373	29965951	17086	7	0	0	0.0	0.000
x15_r0	pool	off	cold	sweep	16384	16384	4	1	0	0	512	3817	5385	1502047	8324	4917177	104125	9	0	0	1.6	0.000
x15_r0	hybrid_lazyring	off	cold	sweep	16384	16384	4	1	0	1	512	3349	4206	38251	5222	6183896	82796	5	0	0	0.4	0.000
x15_r0	uring	off	cold	sweep	16384	16384	4	1	0	2	512	14597	27212	1324461	7456	11022191	46452	5	0	0	100.0	0.000
x15_r0	product	off	cold	sweep	16384	16384	4	1	0	3	512	3394	4579	49588	10086	7688844	66590	5	0	0	0.0	0.000
x15_r0	tokio_fs	off	cold	sweep	16384	16384	4	1	0	4	512	38428	119004	458662	34834	9120265	56139	16	0	0	0.0	0.000
x15_r0	pool	off	cold	sweep	16384	16384	16	1	0	0	512	2398	3721	2929086	11221	4969598	103026	23	0	0	6.2	0.000
x15_r0	hybrid_lazyring	off	cold	sweep	16384	16384	16	1	0	1	512	2637	3802	28190	5805	5566023	91987	5	0	0	0.4	0.000
x15_r0	uring	off	cold	sweep	16384	16384	16	1	0	2	512	45984	223321	1714448	7456	5601830	91399	5	0	0	100.0	0.000
x15_r0	product	off	cold	sweep	16384	16384	16	1	0	3	512	2541	6039	3614862	11445	5885418	86995	5	0	0	0.0	0.000
x15_r0	tokio_fs	off	cold	sweep	16384	16384	16	1	0	4	512	54241	470617	3777553	45971	12088437	42355	45	0	0	0.0	0.000
x15_r0	pool	off	cold	sweep	16384	16384	1	8	0	0	4096	2649	3824	538683	6592	60841438	67323	16	0	0	1.2	0.000
x15_r0	hybrid_lazyring	off	cold	sweep	16384	16384	1	8	0	1	4096	2498	8196	1357769	11834	53777776	76165	5	0	0	1.2	0.000
x15_r0	uring	off	cold	sweep	16384	16384	1	8	0	2	4096	4505	19715	233504	12057	61202694	66925	5	0	0	100.0	0.000
x15_r0	product	off	cold	sweep	16384	16384	1	8	0	3	4096	2765	4473	783734	8424	55926015	73240	5	0	0	0.0	0.000
x15_r0	tokio_fs	off	cold	sweep	16384	16384	1	8	0	4	4096	41478	132484	694208	29407	60726338	67450	39	0	0	0.0	0.000
x15_r0	pool	off	cold	sweep	16384	16384	4	8	0	0	4096	2842	4566	9793752	8139	57819676	70841	40	0	0	4.0	0.000
x15_r0	hybrid_lazyring	off	cold	sweep	16384	16384	4	8	0	1	4096	2980	4782	4774395	6206	59694815	68616	5	0	0	3.0	0.000
x15_r0	uring	off	cold	sweep	16384	16384	4	8	0	2	4096	19049	57815	11182067	11573	72345271	56617	5	0	0	100.0	0.000
x15_r0	product	off	cold	sweep	16384	16384	4	8	0	3	4096	2916	5423	8878700	12180	54951647	74538	5	0	0	0.0	0.000
x15_r0	tokio_fs	off	cold	sweep	16384	16384	4	8	0	4	4096	44097	160907	5966214	32477	59019960	69400	78	0	0	0.0	0.000
x15_r0	pool	off	cold	sweep	16384	16384	16	8	0	0	4096	2959	9176	21769410	13767	63797174	64203	120	0	0	8.5	0.000
x15_r0	hybrid_lazyring	off	cold	sweep	16384	16384	16	8	0	1	4096	2888	1134073	14783574	9025	59747799	68555	5	0	0	11.1	0.000
x15_r0	uring	off	cold	sweep	16384	16384	16	8	0	2	4096	59880	4594649	15458121	7439	63310285	64697	5	0	0	100.0	0.000
x15_r0	product	off	cold	sweep	16384	16384	16	8	0	3	4096	3328	73599	18498204	14408	57649774	71050	5	0	0	0.0	0.000
x15_r0	tokio_fs	off	cold	sweep	16384	16384	16	8	0	4	4096	389029	3534669	14398978	35657	67262826	60895	167	0	0	0.0	0.000
x15_r0	pool	off	cold	sweep	16384	16384	1	64	0	0	32768	3094	153953	3062681	35657	468137202	69997	69	0	0	1.2	0.000
x15_r0	hybrid_lazyring	off	cold	sweep	16384	16384	1	64	0	1	32768	3150	346739	5448802	105791	1009797998	32450	5	0	0	1.2	0.000
x15_r0	uring	off	cold	sweep	16384	16384	1	64	0	2	32768	4293	250611	3313475	59314	605324019	54133	5	0	0	100.0	0.000
x15_r0	product	off	cold	sweep	16384	16384	1	64	0	3	32768	3384	176095	2853143	37215	420569984	77913	5	0	0	0.0	0.000
x15_r0	tokio_fs	off	cold	sweep	16384	16384	1	64	0	4	32768	436519	1817113	5748809	60069	621771717	52701	148	0	0	0.0	0.000
x15_r0	pool	off	cold	sweep	16384	16384	4	64	0	0	32768	4227	372143	93858831	80269	727086017	45068	252	0	0	3.2	0.000
x15_r0	hybrid_lazyring	off	cold	sweep	16384	16384	4	64	0	1	32768	3609	384540	35766224	72993	711810585	46035	5	0	0	3.1	0.000
x15_r0	uring	off	cold	sweep	16384	16384	4	64	0	2	32768	18081	737685	81595250	31583	424319009	77225	5	0	0	100.0	0.000
x15_r0	product	off	cold	sweep	16384	16384	4	64	0	3	32768	5344	409582	231119000	155846	1360818135	24080	5	0	0	0.0	0.000
x15_r0	tokio_fs	off	cold	sweep	16384	16384	4	64	0	4	32768	2159509	6349250	25809037	58845	581155802	56384	229	0	0	0.0	0.000
x15_r0	pool	off	cold	sweep	16384	16384	16	64	0	0	32768	4142	429706	342980914	84694	789739566	41492	517	0	0	7.7	0.000
x15_r0	hybrid_lazyring	off	cold	sweep	16384	16384	16	64	0	1	32768	3882	5534095	145654166	36415	481242474	68090	5	0	0	11.1	0.000
x15_r0	uring	off	cold	sweep	16384	16384	16	64	0	2	32768	84792	23191708	143480499	27305	460208716	71202	5	0	0	100.0	0.000
x15_r0	product	off	cold	sweep	16384	16384	16	64	0	3	32768	4101	23569411	149966698	39774	597357809	54855	5	0	0	0.0	0.000
x15_r0	tokio_fs	off	cold	sweep	16384	16384	16	64	0	4	32768	9634408	29913947	146766052	49077	598041799	54792	517	0	0	0.0	0.000
x15_r0	pool	off	warm	sweep	16384	16384	1	1	0	0	512	4106	5241	12670	7858	2896858	176743	5	0	0	0.0	0.000
x15_r0	hybrid_lazyring	off	warm	sweep	16384	16384	1	1	0	1	512	3787	4972	10034	4792	2370877	215954	5	0	0	0.0	0.000
x15_r0	uring	off	warm	sweep	16384	16384	1	1	0	2	512	21672	25268	50360	24802	11008819	46508	5	0	0	100.0	0.000
x15_r0	product	off	warm	sweep	16384	16384	1	1	0	3	512	4916	6009	16886	6601	3040554	168390	5	0	0	0.0	0.000
x15_r0	tokio_fs	off	warm	sweep	16384	16384	1	1	0	4	512	60474	77269	132183	69954	33043422	15495	7	0	0	0.0	0.000
x15_r0	pool	off	warm	sweep	16384	16384	4	1	0	0	512	4211	5337	37525	5930	880309	581614	5	0	0	0.0	0.000
x15_r0	hybrid_lazyring	off	warm	sweep	16384	16384	4	1	0	1	512	3221	4095	9767	4228	2061974	248306	5	0	0	0.0	0.000
x15_r0	uring	off	warm	sweep	16384	16384	4	1	0	2	512	29640	86026	208182	13256	5863417	87321	5	0	0	100.0	0.000
x15_r0	product	off	warm	sweep	16384	16384	4	1	0	3	512	3686	4810	10396	5284	739716	692158	5	0	0	0.0	0.000
x15_r0	tokio_fs	off	warm	sweep	16384	16384	4	1	0	4	512	47798	131646	314720	44042	8908659	57472	19	0	0	0.0	0.000
x15_r0	pool	off	warm	sweep	16384	16384	16	1	0	0	512	4084	5093	13084	6210	784864	652342	5	0	0	0.0	0.000
x15_r0	hybrid_lazyring	off	warm	sweep	16384	16384	16	1	0	1	512	3091	3799	6564	4465	1927142	265678	5	0	0	0.0	0.000
x15_r0	uring	off	warm	sweep	16384	16384	16	1	0	2	512	96060	127344	161408	8543	3619126	141471	5	0	0	100.0	0.000
x15_r0	product	off	warm	sweep	16384	16384	16	1	0	3	512	3703	4719	13024	5666	751606	681208	5	0	0	0.0	0.000
x15_r0	tokio_fs	off	warm	sweep	16384	16384	16	1	0	4	512	91407	416437	1612232	47034	7728645	66247	42	0	0	0.0	0.000
x15_r0	pool	off	warm	sweep	16384	16384	1	8	0	0	4096	3738	4815	11168	4487	5541437	739158	5	0	0	0.0	0.000
x15_r0	hybrid_lazyring	off	warm	sweep	16384	16384	1	8	0	1	4096	3672	4726	12823	4451	6343716	645678	5	0	0	0.0	0.000
x15_r0	uring	off	warm	sweep	16384	16384	1	8	0	2	4096	4851	8389	33358	7358	12289170	333302	5	0	0	100.0	0.000
x15_r0	product	off	warm	sweep	16384	16384	1	8	0	3	4096	3942	5137	12046	4871	5416005	756277	5	0	0	0.0	0.000
x15_r0	tokio_fs	off	warm	sweep	16384	16384	1	8	0	4	4096	41851	132260	491418	30431	39298956	104227	49	0	0	0.0	0.000
x15_r0	pool	off	warm	sweep	16384	16384	4	8	0	0	4096	3913	4981	12275	4789	5092188	804369	5	0	0	0.0	0.000
x15_r0	hybrid_lazyring	off	warm	sweep	16384	16384	4	8	0	1	4096	3774	4947	11599	4612	7052283	580805	5	0	0	0.0	0.000
x15_r0	uring	off	warm	sweep	16384	16384	4	8	0	2	4096	17471	30503	63163	6141	9864979	415206	5	0	0	100.0	0.000
x15_r0	product	off	warm	sweep	16384	16384	4	8	0	3	4096	3734	4907	12102	4405	4721470	867526	5	0	0	0.0	0.000
x15_r0	tokio_fs	off	warm	sweep	16384	16384	4	8	0	4	4096	165378	422867	1271913	27527	32452257	126216	63	0	0	0.0	0.000
x15_r0	pool	off	warm	sweep	16384	16384	16	8	0	0	4096	3737	4698	11119	4546	4958439	826066	5	0	0	0.0	0.000
x15_r0	hybrid_lazyring	off	warm	sweep	16384	16384	16	8	0	1	4096	3571	4707	10314	4361	6396614	640339	5	0	0	0.0	0.000
x15_r0	uring	off	warm	sweep	16384	16384	16	8	0	2	4096	68538	102638	186680	5456	7628995	536899	5	0	0	100.0	0.000
x15_r0	product	off	warm	sweep	16384	16384	16	8	0	3	4096	3668	4602	10656	4296	4542456	901715	5	0	0	0.0	0.000
x15_r0	tokio_fs	off	warm	sweep	16384	16384	16	8	0	4	4096	771477	1772727	4284646	29986	35331542	115930	52	0	0	0.0	0.000
x15_r0	pool	off	warm	sweep	16384	16384	1	64	0	0	32768	3649	4603	10889	4211	36030748	909445	5	0	0	0.0	0.000
x15_r0	hybrid_lazyring	off	warm	sweep	16384	16384	1	64	0	1	32768	4160	5488	13090	4884	43928821	745934	5	0	0	0.0	0.000
x15_r0	uring	off	warm	sweep	16384	16384	1	64	0	2	32768	4375	5946	32768	5872	54585713	600304	5	0	0	100.0	0.000
x15_r0	product	off	warm	sweep	16384	16384	1	64	0	3	32768	3623	4752	11049	4263	36226402	904534	5	0	0	0.0	0.000
x15_r0	tokio_fs	off	warm	sweep	16384	16384	1	64	0	4	32768	475966	1062225	2172304	31446	285495529	114776	71	0	0	0.0	0.000
x15_r0	pool	off	warm	sweep	16384	16384	4	64	0	0	32768	3848	4997	10852	4366	38071402	860699	5	0	0	0.0	0.000
x15_r0	hybrid_lazyring	off	warm	sweep	16384	16384	4	64	0	1	32768	3691	5045	12211	5003	44232778	740808	5	0	0	0.0	0.000
x15_r0	uring	off	warm	sweep	16384	16384	4	64	0	2	32768	15166	26635	76113	6231	63501718	516018	5	0	0	100.0	0.000
x15_r0	product	off	warm	sweep	16384	16384	4	64	0	3	32768	3596	4711	10186	4116	38686232	847020	5	0	0	0.0	0.000
x15_r0	tokio_fs	off	warm	sweep	16384	16384	4	64	0	4	32768	2327535	4764144	8036682	35231	321630712	101881	69	0	0	0.0	0.000
x15_r0	pool	off	warm	sweep	16384	16384	16	64	0	0	32768	3783	5226	11168	4498	39027721	839608	5	0	0	0.0	0.000
x15_r0	hybrid_lazyring	off	warm	sweep	16384	16384	16	64	0	1	32768	4132	5449	13207	4891	42645076	768389	5	0	0	0.0	0.000
x15_r0	uring	off	warm	sweep	16384	16384	16	64	0	2	32768	75884	118004	236572	5777	49796297	658041	5	0	0	100.0	0.000
x15_r0	product	off	warm	sweep	16384	16384	16	64	0	3	32768	3780	4966	11289	4396	38341150	854643	5	0	0	0.0	0.000
x15_r0	tokio_fs	off	warm	sweep	16384	16384	16	64	0	4	32768	11054896	19078627	33949291	40428	377755460	86744	67	0	0	0.0	0.000
x15_r0	tokio_fs_uring	off	cold	sweep	16384	16384	1	1	0	0	512	6622	8922	54767	10993	11779766	43464	6	0	0	0.0	0.000
x15_r0	tokio_fs_uring	off	cold	sweep	16384	16384	4	1	0	0	512	77425	175833	394741	46934	12742380	40181	7	0	0	0.0	0.000
x15_r0	tokio_fs_uring	off	cold	sweep	16384	16384	16	1	0	0	512	251128	801182	2883472	54094	15445974	33148	14	0	0	0.0	0.000
x15_r0	tokio_fs_uring	off	cold	sweep	16384	16384	1	8	0	0	4096	143745	327241	1234358	48302	122208752	33516	10	0	0	0.0	0.000
x15_r0	tokio_fs_uring	off	cold	sweep	16384	16384	4	8	0	0	4096	562427	1011519	2787763	40637	85706941	47791	21	0	0	0.0	0.000
x15_r0	tokio_fs_uring	off	cold	sweep	16384	16384	16	8	0	0	4096	2732148	5222872	10007170	53370	108811205	37643	18	0	0	0.0	0.000
x15_r0	tokio_fs_uring	off	cold	sweep	16384	16384	1	64	0	0	32768	5780348	15644476	26451033	134014	3845517199	8521	16	0	0	0.0	0.000
x15_r0	tokio_fs_uring	off	cold	sweep	16384	16384	4	64	0	0	32768	7271002	25038280	43858924	65755	1475952997	22201	17	0	0	0.0	0.000
x15_r0	tokio_fs_uring	off	cold	sweep	16384	16384	16	64	0	0	32768	27685488	60273456	105312306	63422	1132124348	28944	32	0	0	0.0	0.000
x15_r0	tokio_fs_uring	off	warm	sweep	16384	16384	1	1	0	0	512	6648	7651	39159	9107	4366282	117262	6	0	0	0.0	0.000
x15_r0	tokio_fs_uring	off	warm	sweep	16384	16384	4	1	0	0	512	87304	167254	341631	49671	13235525	38684	9	0	0	0.0	0.000
x15_r0	tokio_fs_uring	off	warm	sweep	16384	16384	16	1	0	0	512	358369	587960	905737	53250	13155768	38918	12	0	0	0.0	0.000
x15_r0	tokio_fs_uring	off	warm	sweep	16384	16384	1	8	0	0	4096	185809	313930	456225	49375	103380251	39621	9	0	0	0.0	0.000
x15_r0	tokio_fs_uring	off	warm	sweep	16384	16384	4	8	0	0	4096	676373	1039546	1390701	44567	89912721	45555	14	0	0	0.0	0.000
x15_r0	tokio_fs_uring	off	warm	sweep	16384	16384	16	8	0	0	4096	2685432	4120732	5234437	48591	93060443	44014	10	0	0	0.0	0.000
x15_r0	tokio_fs_uring	off	warm	sweep	16384	16384	1	64	0	0	32768	1336274	2030945	2602944	44713	698525143	46910	15	0	0	0.0	0.000
x15_r0	tokio_fs_uring	off	warm	sweep	16384	16384	4	64	0	0	32768	5404082	8970662	12158798	48031	738371478	44379	22	0	0	0.0	0.000
x15_r0	tokio_fs_uring	off	warm	sweep	16384	16384	16	64	0	0	32768	20881947	31988936	64002213	50021	742909830	44108	25	0	0	0.0	0.000
x15_r0	pool	off	cold	sweep	65536	65536	1	1	0	0	128	331782	445941	1009456	249164	33439144	3828	6	0	0	0.8	0.000
x15_r0	hybrid_lazyring	off	cold	sweep	65536	65536	1	1	0	1	128	340610	553544	1683449	287556	37936394	3374	5	0	0	0.8	0.000
x15_r0	uring	off	cold	sweep	65536	65536	1	1	0	2	128	9569	28536	1002034	25020	8162012	15682	5	0	0	100.0	0.000
x15_r0	product	off	cold	sweep	65536	65536	1	1	0	3	128	332278	446405	1183992	246926	32501162	3938	5	0	0	0.0	0.000
x15_r0	tokio_fs	off	cold	sweep	65536	65536	1	1	0	4	128	92200	114262	296907	108103	12541258	10206	6	0	0	0.0	0.000
x15_r0	pool	off	cold	sweep	65536	65536	4	1	0	0	128	439104	611280	3294085	296738	12455106	10277	10	0	0	5.5	0.000
x15_r0	hybrid_lazyring	off	cold	sweep	65536	65536	4	1	0	1	128	352664	550591	965203	272474	36857265	3473	5	0	0	0.8	0.000
x15_r0	uring	off	cold	sweep	65536	65536	4	1	0	2	128	47471	295525	4943647	25601	8739072	14647	5	0	0	100.0	0.000
x15_r0	product	off	cold	sweep	65536	65536	4	1	0	3	128	15728	857167	3852602	250118	15145262	8451	5	0	0	0.0	0.000
x15_r0	tokio_fs	off	cold	sweep	65536	65536	4	1	0	4	128	113508	265957	1805738	119709	9179208	13945	13	0	0	0.0	0.000
x15_r0	pool	off	cold	sweep	65536	65536	16	1	0	0	128	21273	4867954	6820756	235527	12060331	10613	21	0	0	22.7	0.000
x15_r0	hybrid_lazyring	off	cold	sweep	65536	65536	16	1	0	1	128	334755	670404	5393633	253328	33110588	3866	5	0	0	10.2	0.000
x15_r0	uring	off	cold	sweep	65536	65536	16	1	0	2	128	286574	4773077	4986154	30925	9655564	13257	5	0	0	100.0	0.000
x15_r0	product	off	cold	sweep	65536	65536	16	1	0	3	128	60434	7006869	7308162	234191	15050350	8505	5	0	0	0.0	0.000
x15_r0	tokio_fs	off	cold	sweep	65536	65536	16	1	0	4	128	182638	2365524	4166661	147545	8148507	15708	37	0	0	0.0	0.000
x15_r0	pool	off	cold	sweep	65536	65536	1	8	0	0	1024	12084	602170	5588907	146096	64955244	15765	13	0	0	3.5	0.000
x15_r0	hybrid_lazyring	off	cold	sweep	65536	65536	1	8	0	1	1024	11373	419199	16190140	82515	85386805	11992	5	0	0	4.2	0.000
x15_r0	uring	off	cold	sweep	65536	65536	1	8	0	2	1024	15719	435148	10061140	83199	64860707	15788	5	0	0	100.0	0.000
x15_r0	product	off	cold	sweep	65536	65536	1	8	0	3	1024	11559	500748	6909263	77536	55728778	18375	5	0	0	0.0	0.000
x15_r0	tokio_fs	off	cold	sweep	65536	65536	1	8	0	4	1024	95818	273915	8403542	100051	88044304	11631	24	0	0	0.0	0.000
x15_r0	pool	off	cold	sweep	65536	65536	4	8	0	0	1024	12076	2904238	18898491	80613	59739554	17141	47	0	0	12.5	0.000
x15_r0	hybrid_lazyring	off	cold	sweep	65536	65536	4	8	0	1	1024	10142	841607	17306135	76661	65272860	15688	5	0	0	10.4	0.000
x15_r0	uring	off	cold	sweep	65536	65536	4	8	0	2	1024	71563	7158212	21685438	38145	71517269	14318	5	0	0	100.0	0.000
x15_r0	product	off	cold	sweep	65536	65536	4	8	0	3	1024	12656	5812093	18307081	69408	60335027	16972	5	0	0	0.0	0.000
x15_r0	tokio_fs	off	cold	sweep	65536	65536	4	8	0	4	1024	103356	1146361	24858894	102071	72250906	14173	52	0	0	0.0	0.000
x15_r0	pool	off	cold	sweep	65536	65536	16	8	0	0	1024	314192	14159143	23055263	95525	74453290	13754	102	0	0	41.8	0.000
x15_r0	hybrid_lazyring	off	cold	sweep	65536	65536	16	8	0	1	1024	22501	15191660	31644175	49739	78605498	13027	5	0	0	43.3	0.000
x15_r0	uring	off	cold	sweep	65536	65536	16	8	0	2	1024	1817860	17270784	31887810	53937	78321497	13074	5	0	0	100.0	0.000
x15_r0	product	off	cold	sweep	65536	65536	16	8	0	3	1024	26315	19863221	35685397	100966	78318415	13075	5	0	0	0.0	0.000
x15_r0	tokio_fs	off	cold	sweep	65536	65536	16	8	0	4	1024	1499335	18460446	39692249	137784	84006513	12190	125	0	0	0.0	0.000
x15_r0	pool	off	cold	sweep	65536	65536	1	64	0	0	8192	35708	1238878	136892529	383113	905609281	9046	70	0	0	3.9	0.000
x15_r0	hybrid_lazyring	off	cold	sweep	65536	65536	1	64	0	1	8192	11513	669462	94292525	186228	497376680	16470	5	0	0	4.2	0.000
x15_r0	uring	off	cold	sweep	65536	65536	1	64	0	2	8192	14478	584186	65644869	115822	432099069	18959	5	0	0	100.0	0.000
x15_r0	product	off	cold	sweep	65536	65536	1	64	0	3	8192	11621	438521	80866110	67153	431300476	18994	5	0	0	0.0	0.000
x15_r0	tokio_fs	off	cold	sweep	65536	65536	1	64	0	4	8192	138416	1657517	73921085	201272	655224265	12503	108	0	0	0.0	0.000
x15_r0	pool	off	cold	sweep	65536	65536	4	64	0	0	8192	13011	18460119	160121996	101947	489930498	16721	264	0	0	12.5	0.000
x15_r0	hybrid_lazyring	off	cold	sweep	65536	65536	4	64	0	1	8192	12868	8198936	145328886	95673	476544915	17190	5	0	0	11.6	0.000
x15_r0	uring	off	cold	sweep	65536	65536	4	64	0	2	8192	77247	28843847	133787197	61580	469129112	17462	5	0	0	100.0	0.000
x15_r0	product	off	cold	sweep	65536	65536	4	64	0	3	8192	13178	21879508	121270786	57546	534032575	15340	5	0	0	0.0	0.000
x15_r0	tokio_fs	off	cold	sweep	65536	65536	4	64	0	4	8192	116553	10969523	188767473	107451	503910946	16257	279	0	0	0.0	0.000
x15_r0	pool	off	cold	sweep	65536	65536	16	64	0	0	8192	17177	138269198	196875166	104659	520835949	15729	517	0	0	36.0	0.000
x15_r0	hybrid_lazyring	off	cold	sweep	65536	65536	16	64	0	1	8192	21634	101785597	186408643	72355	480788147	17039	5	0	0	36.2	0.000
x15_r0	uring	off	cold	sweep	65536	65536	16	64	0	2	8192	3187521	171649192	347806231	109430	780089780	10501	5	0	0	100.0	0.000
x15_r0	product	off	cold	sweep	65536	65536	16	64	0	3	8192	126162	157889709	449839875	276982	824501989	9936	5	0	0	0.0	0.000
x15_r0	tokio_fs	off	cold	sweep	65536	65536	16	64	0	4	8192	25309081	118277758	251316197	170405	537234465	15248	517	0	0	0.0	0.000
x15_r0	tokio_fs_uring	off	cold	sweep	65536	65536	1	1	0	0	128	20146	718316	1148195	152610	24234982	5282	6	0	0	0.0	0.000
x15_r0	tokio_fs_uring	off	cold	sweep	65536	65536	4	1	0	0	128	179716	1268800	2972829	150195	12913329	9912	9	0	0	0.0	0.000
x15_r0	tokio_fs_uring	off	cold	sweep	65536	65536	16	1	0	0	128	459516	1908662	4332049	117587	8616339	14855	14	0	0	0.0	0.000
x15_r0	tokio_fs_uring	off	cold	sweep	65536	65536	1	8	0	0	1024	190431	1411943	11973404	146971	152867358	6699	10	0	0	0.0	0.000
x15_r0	tokio_fs_uring	off	cold	sweep	65536	65536	4	8	0	0	1024	986307	3431526	13171717	98475	59098063	17327	12	0	0	0.0	0.000
x15_r0	tokio_fs_uring	off	cold	sweep	65536	65536	16	8	0	0	1024	8322375	19220527	27896192	157452	92308120	11093	12	0	0	0.0	0.000
x15_r0	tokio_fs_uring	off	cold	sweep	65536	65536	1	64	0	0	8192	20488590	53939040	82183601	448239	3504389910	2338	14	0	0	0.0	0.000
x15_r0	tokio_fs_uring	off	cold	sweep	65536	65536	4	64	0	0	8192	8595376	23681921	146377371	146290	756884108	10823	10	0	0	0.0	0.000
x15_r0	tokio_fs_uring	off	cold	sweep	65536	65536	16	64	0	0	8192	90454524	189970613	375531497	203675	984131726	8324	18	0	0	0.0	0.000
x15_r0	pool	off	cold	sweep	262144	262144	1	1	0	0	32	3666828	5970160	6280330	2902686	96055926	333	6	0	0	3.1	0.000
x15_r0	hybrid_lazyring	off	cold	sweep	262144	262144	1	1	0	1	32	958314	7131429	14694088	2952379	95583988	335	5	0	0	3.1	0.000
x15_r0	uring	off	cold	sweep	262144	262144	1	1	0	2	32	73385	128833	6283762	142230	11643394	2748	5	0	0	100.0	0.000
x15_r0	product	off	cold	sweep	262144	262144	1	1	0	3	32	35883	112752	2139746	75099	5320569	6014	5	0	0	0.0	0.000
x15_r0	tokio_fs	off	cold	sweep	262144	262144	1	1	0	4	32	169313	556057	1454529	256322	10245599	3123	6	0	0	0.0	0.000
x15_r0	pool	off	cold	sweep	262144	262144	4	1	0	0	32	43204	2064302	36865973	116934	39317581	814	9	0	0	25.0	0.000
x15_r0	hybrid_lazyring	off	cold	sweep	262144	262144	4	1	0	1	32	83815	2906915	2996010	158459	7974139	4013	5	0	0	25.0	0.000
x15_r0	uring	off	cold	sweep	262144	262144	4	1	0	2	32	299273	6367898	6659894	146424	11874713	2695	5	0	0	100.0	0.000
x15_r0	product	off	cold	sweep	262144	262144	4	1	0	3	32	141957	6613534	44962000	1430939	45501153	703	5	0	0	9.4	0.000
x15_r0	tokio_fs	off	cold	sweep	262144	262144	4	1	0	4	32	292001	1617814	2437880	366886	7827818	4088	10	0	0	0.0	0.390
x15_r0	pool	off	cold	sweep	262144	262144	16	1	0	0	32	9502000	18372958	22426140	1667192	23364098	1370	21	0	0	50.0	0.000
x15_r0	hybrid_lazyring	off	cold	sweep	262144	262144	16	1	0	1	32	197650	304831	9121531	475993	14804394	2162	5	0	0	3.1	0.000
x15_r0	uring	off	cold	sweep	262144	262144	16	1	0	2	32	4756030	7443105	11166637	814099	34132570	938	5	0	0	100.0	0.000
x15_r0	product	off	cold	sweep	262144	262144	16	1	0	3	32	4155312	21264136	21385082	722696	22094258	1448	5	0	0	46.9	0.000
x15_r0	tokio_fs	off	cold	sweep	262144	262144	16	1	0	4	32	2210136	5052730	6284601	696237	8346696	3834	29	0	0	0.0	0.000
x15_r0	pool	off	cold	sweep	262144	262144	1	8	0	0	256	57726	7146784	27920455	1240973	138529831	1848	13	0	0	12.9	0.000
x15_r0	hybrid_lazyring	off	cold	sweep	262144	262144	1	8	0	1	256	46750	5265425	17684887	377703	79481918	3221	5	0	0	13.3	0.000
x15_r0	uring	off	cold	sweep	262144	262144	1	8	0	2	256	73145	5541889	20326233	446766	98727422	2593	5	0	0	100.0	0.280
x15_r0	product	off	cold	sweep	262144	262144	1	8	0	3	256	57888	4937353	62507584	562281	129360802	1979	5	0	0	7.0	0.000
x15_r0	tokio_fs	off	cold	sweep	262144	262144	1	8	0	4	256	181558	2288097	44182347	215499	86028568	2976	21	0	0	0.0	0.000
x15_r0	pool	off	cold	sweep	262144	262144	4	8	0	0	256	83971	19713402	22741662	435361	68481397	3738	36	0	0	34.4	0.000
x15_r0	hybrid_lazyring	off	cold	sweep	262144	262144	4	8	0	1	256	117498	13802625	27538004	688311	123301924	2076	5	0	0	40.6	0.000
x15_r0	uring	off	cold	sweep	262144	262144	4	8	0	2	256	2431126	24680520	37556072	261208	89014987	2876	5	0	0	100.0	0.000
x15_r0	product	off	cold	sweep	262144	262144	4	8	0	3	256	161420	19494408	28166945	219184	68064596	3761	5	0	0	40.6	0.000
x15_r0	tokio_fs	off	cold	sweep	262144	262144	4	8	0	4	256	301273	39468947	59559759	507720	123886921	2066	42	0	0	0.0	0.000
x15_r0	pool	off	cold	sweep	262144	262144	16	8	0	0	256	18021041	36720803	63077332	460415	94625559	2705	129	0	0	92.6	0.000
x15_r0	hybrid_lazyring	off	cold	sweep	262144	262144	16	8	0	1	256	19028859	44869577	52297431	447050	97802452	2618	5	0	0	94.1	0.000
x15_r0	uring	off	cold	sweep	262144	262144	16	8	0	2	256	18729405	33660244	38025113	309630	65919170	3884	5	0	0	100.0	0.000
x15_r0	product	off	cold	sweep	262144	262144	16	8	0	3	256	32411899	46074775	64083981	542613	97241747	2633	5	0	0	84.8	0.000
x15_r0	tokio_fs	off	cold	sweep	262144	262144	16	8	0	4	256	21014114	42082576	64622265	588781	93228126	2746	94	0	0	0.0	0.000
x15_r0	pool	off	cold	sweep	262144	262144	1	64	0	0	2048	4261018	10987047	1012551183	2996571	1730223065	1184	71	0	0	11.8	0.000
x15_r0	hybrid_lazyring	off	cold	sweep	262144	262144	1	64	0	1	2048	70953	15492606	178599787	749426	533734696	3837	5	0	0	13.3	0.000
x15_r0	uring	off	cold	sweep	262144	262144	1	64	0	2	2048	55366	19089149	174109377	423229	423609811	4835	5	0	0	100.0	0.000
x15_r0	product	off	cold	sweep	262144	262144	1	64	0	3	2048	51333	28217555	185996990	436666	546313748	3749	5	0	0	8.8	0.000
x15_r0	tokio_fs	off	cold	sweep	262144	262144	1	64	0	4	2048	214769	12148474	190764644	288657	467081047	4385	83	0	0	0.0	0.000
x15_r0	pool	off	cold	sweep	262144	262144	4	64	0	0	2048	179870	120709110	194996906	500094	428032151	4785	242	0	0	37.8	0.000
x15_r0	hybrid_lazyring	off	cold	sweep	262144	262144	4	64	0	1	2048	99231	139627656	221566749	286536	608987876	3363	5	0	0	34.2	0.000
x15_r0	uring	off	cold	sweep	262144	262144	4	64	0	2	2048	5557802	129225967	208589956	307192	643182406	3184	5	0	0	100.0	0.000
x15_r0	product	off	cold	sweep	262144	262144	4	64	0	3	2048	2075516	140122753	248247074	368079	548554532	3733	5	0	0	43.3	0.000
x15_r0	tokio_fs	off	cold	sweep	262144	262144	4	64	0	4	2048	439963	159763197	242861992	328479	507301903	4037	261	0	0	0.0	0.000
x15_r0	pool	off	cold	sweep	262144	262144	16	64	0	0	2048	109027916	195171687	291920111	416057	552328045	3708	517	0	0	88.6	0.000
x15_r0	hybrid_lazyring	off	cold	sweep	262144	262144	16	64	0	1	2048	129411490	1291534437	1315187553	1135216	1576040063	1299	5	0	0	76.0	0.000
x15_r0	uring	off	cold	sweep	262144	262144	16	64	0	2	2048	167007873	255807117	400594786	705863	650030255	3151	5	0	0	100.0	0.000
x15_r0	product	off	cold	sweep	262144	262144	16	64	0	3	2048	178884797	291008241	403962106	929028	785438698	2607	5	0	0	68.0	0.000
x15_r0	tokio_fs	off	cold	sweep	262144	262144	16	64	0	4	2048	195110218	368977966	573075831	1008824	689528468	2970	455	0	0	0.0	0.000
x15_r0	tokio_fs_uring	off	cold	sweep	262144	262144	1	1	0	0	32	69444	1329874	1832957	331163	10131486	3158	6	0	0	0.0	0.000
x15_r0	tokio_fs_uring	off	cold	sweep	262144	262144	4	1	0	0	32	563995	3688571	4008915	482547	11824146	2706	7	0	0	0.0	0.000
x15_r0	tokio_fs_uring	off	cold	sweep	262144	262144	16	1	0	0	32	3270252	9307218	9653451	550139	11167849	2865	10	0	0	0.0	0.000
x15_r0	tokio_fs_uring	off	cold	sweep	262144	262144	1	8	0	0	256	118981	2995214	36015436	201205	82241161	3113	13	0	0	0.0	0.235
x15_r0	tokio_fs_uring	off	cold	sweep	262144	262144	4	8	0	0	256	9370724	18810745	31037953	592234	96636657	2649	18	0	0	0.0	0.000
x15_r0	tokio_fs_uring	off	cold	sweep	262144	262144	16	8	0	0	256	27395821	54548257	63020656	724859	94973131	2695	16	0	0	0.0	0.000
x15_r0	tokio_fs_uring	off	cold	sweep	262144	262144	1	64	0	0	2048	28025597	60171713	130965139	771166	1361922125	1504	12	0	0	0.0	0.000
x15_r0	tokio_fs_uring	off	cold	sweep	262144	262144	4	64	0	0	2048	29475487	150951542	307776908	435671	650088979	3150	9	0	0	0.0	0.000
x15_r0	tokio_fs_uring	off	cold	sweep	262144	262144	16	64	0	0	2048	146423934	357065766	435390149	658398	621582220	3295	19	0	0	0.0	0.000
x15_r1	hybrid_lazyring	off	cold	sweep	16384	16384	1	1	0	0	512	2451	149061	288494	45911	23911879	21412	5	0	0	0.2	0.000
x15_r1	uring	off	cold	sweep	16384	16384	1	1	0	1	512	18646	27153	72868	26644	11577480	44224	5	0	0	100.0	0.000
x15_r1	product	off	cold	sweep	16384	16384	1	1	0	2	512	3009	151118	278110	53261	32880766	15571	5	0	0	0.0	0.000
x15_r1	tokio_fs	off	cold	sweep	16384	16384	1	1	0	3	512	67398	92323	169682	80349	38541514	13284	7	0	0	0.0	0.000
x15_r1	pool	off	cold	sweep	16384	16384	1	1	0	4	512	3419	67876	197107	19323	12002025	42659	6	0	0	0.4	0.000
x15_r1	hybrid_lazyring	off	cold	sweep	16384	16384	4	1	0	0	512	91502	140200	349184	75132	41329549	12388	5	0	0	0.4	0.000
x15_r1	uring	off	cold	sweep	16384	16384	4	1	0	1	512	18141	28322	265108	7533	7258502	70538	5	0	0	100.0	0.000
x15_r1	product	off	cold	sweep	16384	16384	4	1	0	2	512	4590	812731	3120268	315961	46450520	11022	5	0	0	0.0	0.000
x15_r1	tokio_fs	off	cold	sweep	16384	16384	4	1	0	3	512	41346	122637	1418147	51260	12407841	41264	15	0	0	0.0	0.000
x15_r1	pool	off	cold	sweep	16384	16384	4	1	0	4	512	147436	269776	2418165	171489	22998767	22262	9	0	0	0.8	0.000
x15_r1	hybrid_lazyring	off	cold	sweep	16384	16384	16	1	0	0	512	2898	123636	278979	46894	24573821	20835	5	0	0	0.4	0.000
x15_r1	uring	off	cold	sweep	16384	16384	16	1	0	1	512	71313	409961	3974956	9974	9420721	54348	5	0	0	100.0	0.000
x15_r1	product	off	cold	sweep	16384	16384	16	1	0	2	512	150586	250780	15401998	115064	16955774	30196	5	0	0	0.0	0.000
x15_r1	tokio_fs	off	cold	sweep	16384	16384	16	1	0	3	512	64473	469606	2827594	44070	10288823	49763	39	0	0	0.0	0.000
x15_r1	pool	off	cold	sweep	16384	16384	16	1	0	4	512	2854	292343	7497137	65663	14257644	35911	22	0	0	5.9	0.000
x15_r1	hybrid_lazyring	off	cold	sweep	16384	16384	1	8	0	0	4096	3053	128674	629274	31944	64867888	63144	5	0	0	1.1	0.000
x15_r1	uring	off	cold	sweep	16384	16384	1	8	0	1	4096	4501	312526	604035	60375	114222788	35860	5	0	0	100.0	0.000
x15_r1	product	off	cold	sweep	16384	16384	1	8	0	2	4096	3144	69111	621894	27183	75884292	53977	5	0	0	0.0	0.000
x15_r1	tokio_fs	off	cold	sweep	16384	16384	1	8	0	3	4096	51646	401135	1662848	69620	143505465	28542	53	0	0	0.0	0.000
x15_r1	pool	off	cold	sweep	16384	16384	1	8	0	4	4096	2683	44434	1888068	24379	85352043	47989	13	0	0	1.1	0.000
x15_r1	hybrid_lazyring	off	cold	sweep	16384	16384	4	8	0	0	4096	3419	308809	3342036	91117	114216571	35862	5	0	0	3.1	0.000
x15_r1	uring	off	cold	sweep	16384	16384	4	8	0	1	4096	17289	199690	9435671	28871	111886850	36608	5	0	0	100.0	0.000
x15_r1	product	off	cold	sweep	16384	16384	4	8	0	2	4096	3422	264038	20467651	53704	93724938	43702	5	0	0	0.0	0.000
x15_r1	tokio_fs	off	cold	sweep	16384	16384	4	8	0	3	4096	116124	450786	4387601	37873	57628302	71076	69	0	0	0.0	0.000
x15_r1	pool	off	cold	sweep	16384	16384	4	8	0	4	4096	3397	307478	8880347	59475	70312862	58254	41	0	0	2.7	0.000
x15_r1	hybrid_lazyring	off	cold	sweep	16384	16384	16	8	0	0	4096	3134	1828509	13477538	50068	139830730	29293	5	0	0	11.5	0.000
x15_r1	uring	off	cold	sweep	16384	16384	16	8	0	1	4096	75787	5678435	16778627	17614	74431268	55031	5	0	0	100.0	0.000
x15_r1	product	off	cold	sweep	16384	16384	16	8	0	2	4096	3616	524772	50896346	66143	112898493	36280	5	0	0	0.0	0.000
x15_r1	tokio_fs	off	cold	sweep	16384	16384	16	8	0	3	4096	303643	2690707	18418423	43277	67590671	60600	132	0	0	0.0	0.000
x15_r1	pool	off	cold	sweep	16384	16384	16	8	0	4	4096	3283	4784188	21563325	23517	72068680	56835	116	0	0	10.6	0.000
x15_r1	hybrid_lazyring	off	cold	sweep	16384	16384	1	64	0	0	32768	3780	458619	3223196	162671	1475251961	22212	5	0	0	1.2	0.000
x15_r1	uring	off	cold	sweep	16384	16384	1	64	0	1	32768	4213	296101	1340897	74399	685272898	47817	5	0	0	100.0	0.000
x15_r1	product	off	cold	sweep	16384	16384	1	64	0	2	32768	3038	186159	1971804	37766	460410099	71171	5	0	0	0.0	0.000
x15_r1	tokio_fs	off	cold	sweep	16384	16384	1	64	0	3	32768	109032	914608	4036463	50233	546423895	59968	185	0	0	0.0	0.000
x15_r1	pool	off	cold	sweep	16384	16384	1	64	0	4	32768	3223	422101	4490113	103154	1072367676	30557	73	0	0	1.2	0.000
x15_r1	hybrid_lazyring	off	cold	sweep	16384	16384	4	64	0	0	32768	3469	335656	72331099	51401	577185393	56772	5	0	0	3.1	0.000
x15_r1	uring	off	cold	sweep	16384	16384	4	64	0	1	32768	16848	712746	93757146	28894	503544290	65075	5	0	0	100.0	0.000
x15_r1	product	off	cold	sweep	16384	16384	4	64	0	2	32768	3246	208795	98146489	34280	422803959	77502	5	0	0	0.0	0.000
x15_r1	tokio_fs	off	cold	sweep	16384	16384	4	64	0	3	32768	94976	1036778	57702825	31274	384415099	85241	322	0	0	0.0	0.000
x15_r1	pool	off	cold	sweep	16384	16384	4	64	0	4	32768	3744	230684	128748162	69561	700580529	46773	264	0	0	3.5	0.000
x15_r1	hybrid_lazyring	off	cold	sweep	16384	16384	16	64	0	0	32768	3377	5922072	122926591	33583	497806582	65825	5	0	0	12.1	0.000
x15_r1	uring	off	cold	sweep	16384	16384	16	64	0	1	32768	73995	19195960	125026255	16510	460875660	71099	5	0	0	100.0	0.000
x15_r1	product	off	cold	sweep	16384	16384	16	64	0	2	32768	3679	25636033	149781309	35376	574949736	56993	5	0	0	0.0	0.000
x15_r1	tokio_fs	off	cold	sweep	16384	16384	16	64	0	3	32768	2651332	25001570	132815792	33022	423020085	77462	517	0	0	0.0	0.000
x15_r1	pool	off	cold	sweep	16384	16384	16	64	0	4	32768	3855	1424621	223974241	32361	605538551	54114	517	0	0	10.4	0.000
x15_r1	hybrid_lazyring	off	warm	sweep	16384	16384	1	1	0	0	512	2846	3795	11854	4104	2224658	230148	5	0	0	0.0	0.000
x15_r1	uring	off	warm	sweep	16384	16384	1	1	0	1	512	3629	18901	30651	11653	5004126	102316	5	0	0	100.0	0.000
x15_r1	product	off	warm	sweep	16384	16384	1	1	0	2	512	2415	3066	4236	3567	1501199	341061	5	0	0	0.0	0.000
x15_r1	tokio_fs	off	warm	sweep	16384	16384	1	1	0	3	512	55160	68786	140859	65178	30519541	16776	7	0	0	0.0	0.000
x15_r1	pool	off	warm	sweep	16384	16384	1	1	0	4	512	2413	3134	5966	4004	1597921	320416	5	0	0	0.0	0.000
x15_r1	hybrid_lazyring	off	warm	sweep	16384	16384	4	1	0	0	512	2893	3637	6381	4019	1860381	275212	5	0	0	0.0	0.000
x15_r1	uring	off	warm	sweep	16384	16384	4	1	0	1	512	24430	34324	52778	8774	3812600	134292	5	0	0	100.0	0.000
x15_r1	product	off	warm	sweep	16384	16384	4	1	0	2	512	3027	3836	5745	4222	650068	787610	5	0	0	0.0	0.000
x15_r1	tokio_fs	off	warm	sweep	16384	16384	4	1	0	3	512	32727	90564	287440	35630	6772244	75603	15	0	0	0.0	0.000
x15_r1	pool	off	warm	sweep	16384	16384	4	1	0	4	512	2955	3707	8100	4439	670276	763864	5	0	0	0.0	0.000
x15_r1	hybrid_lazyring	off	warm	sweep	16384	16384	16	1	0	0	512	2568	3224	5159	3665	1693730	302291	5	0	0	0.0	0.000
x15_r1	uring	off	warm	sweep	16384	16384	16	1	0	1	512	50732	60128	78595	4529	2505179	204377	5	0	0	100.0	0.000
x15_r1	product	off	warm	sweep	16384	16384	16	1	0	2	512	2432	3085	10595	3599	625544	818488	5	0	0	0.0	0.000
x15_r1	tokio_fs	off	warm	sweep	16384	16384	16	1	0	3	512	90655	602375	1650826	43155	8657469	59140	52	0	0	0.0	0.000
x15_r1	pool	off	warm	sweep	16384	16384	16	1	0	4	512	2960	3860	7281	4292	626905	816711	5	0	0	0.0	0.000
x15_r1	hybrid_lazyring	off	warm	sweep	16384	16384	1	8	0	0	4096	3125	4625	9984	3830	5102697	802713	5	0	0	0.0	0.000
x15_r1	uring	off	warm	sweep	16384	16384	1	8	0	1	4096	3905	17947	37112	9356	14223431	287976	5	0	0	100.0	0.000
x15_r1	product	off	warm	sweep	16384	16384	1	8	0	2	4096	3331	4821	12072	4165	5273796	776670	5	0	0	0.0	0.000
x15_r1	tokio_fs	off	warm	sweep	16384	16384	1	8	0	3	4096	39563	122045	374865	27686	35260360	116164	36	0	0	0.0	0.000
x15_r1	pool	off	warm	sweep	16384	16384	1	8	0	4	4096	3338	4624	10331	3954	5290941	774153	5	0	0	0.0	0.000
x15_r1	hybrid_lazyring	off	warm	sweep	16384	16384	4	8	0	0	4096	3214	4796	9010	4060	5550304	737978	5	0	0	0.0	0.000
x15_r1	uring	off	warm	sweep	16384	16384	4	8	0	1	4096	16091	31267	74347	5741	7721879	530441	5	0	0	100.0	0.000
x15_r1	product	off	warm	sweep	16384	16384	4	8	0	2	4096	3452	4877	11089	4319	4397226	931496	5	0	0	0.0	0.000
x15_r1	tokio_fs	off	warm	sweep	16384	16384	4	8	0	3	4096	190995	548818	1433929	30127	36385548	112572	71	0	0	0.0	0.000
x15_r1	pool	off	warm	sweep	16384	16384	4	8	0	4	4096	3616	4808	10636	4370	4426757	925282	5	0	0	0.0	0.000
x15_r1	hybrid_lazyring	off	warm	sweep	16384	16384	16	8	0	0	4096	3435	4779	8653	4158	5289442	774373	5	0	0	0.0	0.000
x15_r1	uring	off	warm	sweep	16384	16384	16	8	0	1	4096	65132	98683	140632	5214	6100132	671461	5	0	0	100.0	0.000
x15_r1	product	off	warm	sweep	16384	16384	16	8	0	2	4096	3974	5405	11223	4866	5252292	779850	5	0	0	0.0	0.000
x15_r1	tokio_fs	off	warm	sweep	16384	16384	16	8	0	3	4096	989788	2127833	4198134	34614	41526212	98636	59	0	0	0.0	0.000
x15_r1	pool	off	warm	sweep	16384	16384	16	8	0	4	4096	4216	5818	12666	5505	5629356	727614	5	0	0	0.0	0.000
x15_r1	hybrid_lazyring	off	warm	sweep	16384	16384	1	64	0	0	32768	3372	4543	9680	3902	33414440	980654	5	0	0	0.0	0.000
x15_r1	uring	off	warm	sweep	16384	16384	1	64	0	1	32768	4444	6687	94083	8194	89070927	367887	5	0	0	100.0	0.000
x15_r1	product	off	warm	sweep	16384	16384	1	64	0	2	32768	3148	4270	9382	3694	32020258	1023352	5	0	0	0.0	0.000
x15_r1	tokio_fs	off	warm	sweep	16384	16384	1	64	0	3	32768	373612	835569	1960526	23667	224728544	145811	82	0	0	0.0	0.000
x15_r1	pool	off	warm	sweep	16384	16384	1	64	0	4	32768	3077	4139	10410	3702	31824833	1029636	5	0	0	0.0	0.000
x15_r1	hybrid_lazyring	off	warm	sweep	16384	16384	4	64	0	0	32768	3050	4118	8062	3560	30902591	1060364	5	0	0	0.0	0.000
x15_r1	uring	off	warm	sweep	16384	16384	4	64	0	1	32768	16058	25514	71667	5111	46934153	698170	5	0	0	100.0	0.000
x15_r1	product	off	warm	sweep	16384	16384	4	64	0	2	32768	3413	4542	10192	3919	32857047	997290	5	0	0	0.0	0.000
x15_r1	tokio_fs	off	warm	sweep	16384	16384	4	64	0	3	32768	2386451	5302528	9176891	36435	351190590	93305	86	0	0	0.0	0.000
x15_r1	pool	off	warm	sweep	16384	16384	4	64	0	4	32768	3739	4880	11308	4296	36160927	906171	5	0	0	0.0	0.000
x15_r1	hybrid_lazyring	off	warm	sweep	16384	16384	16	64	0	0	32768	3721	4999	11359	4363	36949731	886826	5	0	0	0.0	0.000
x15_r1	uring	off	warm	sweep	16384	16384	16	64	0	1	32768	59568	99501	175641	4609	40531767	808452	5	0	0	100.0	0.000
x15_r1	product	off	warm	sweep	16384	16384	16	64	0	2	32768	3544	4852	9503	4129	34258018	956506	5	0	0	0.0	0.000
x15_r1	tokio_fs	off	warm	sweep	16384	16384	16	64	0	3	32768	11306196	19808779	30965168	40739	375346226	87301	66	0	0	0.0	0.000
x15_r1	pool	off	warm	sweep	16384	16384	16	64	0	4	32768	3535	4737	9461	4041	33132121	989010	5	0	0	0.0	0.000
x15_r1	tokio_fs_uring	off	cold	sweep	16384	16384	1	1	0	0	512	5670	7275	375043	20243	13846796	36976	6	0	0	0.0	0.000
x15_r1	tokio_fs_uring	off	cold	sweep	16384	16384	4	1	0	0	512	76506	194311	566049	48959	13981264	36620	8	0	0	0.0	0.000
x15_r1	tokio_fs_uring	off	cold	sweep	16384	16384	16	1	0	0	512	223273	764581	3070945	51616	13325026	38424	16	0	0	0.0	0.000
x15_r1	tokio_fs_uring	off	cold	sweep	16384	16384	1	8	0	0	4096	173657	354656	871200	48755	108113282	37886	10	0	0	0.0	0.000
x15_r1	tokio_fs_uring	off	cold	sweep	16384	16384	4	8	0	0	4096	646225	1077950	2323376	47354	94278123	43446	12	0	0	0.0	0.000
x15_r1	tokio_fs_uring	off	cold	sweep	16384	16384	16	8	0	0	4096	2924980	6079882	11318924	58153	118932648	34440	10	0	0	0.0	0.000
x15_r1	tokio_fs_uring	off	cold	sweep	16384	16384	1	64	0	0	32768	1622756	6086662	11904976	64238	1372952942	23867	19	0	0	0.0	0.000
x15_r1	tokio_fs_uring	off	cold	sweep	16384	16384	4	64	0	0	32768	5466130	10271373	32983880	48415	872240196	37568	15	0	0	0.0	0.000
x15_r1	tokio_fs_uring	off	cold	sweep	16384	16384	16	64	0	0	32768	22444539	47349170	127670494	57154	977926330	33508	16	0	0	0.0	0.000
x15_r1	tokio_fs_uring	off	warm	sweep	16384	16384	1	1	0	0	512	7129	8268	37633	9469	4595166	111421	6	0	0	0.0	0.000
x15_r1	tokio_fs_uring	off	warm	sweep	16384	16384	4	1	0	0	512	85276	170186	296014	47274	12851037	39841	9	0	0	0.0	0.000
x15_r1	tokio_fs_uring	off	warm	sweep	16384	16384	16	1	0	0	512	334711	513831	919422	50001	12105124	42296	14	0	0	0.0	0.000
x15_r1	tokio_fs_uring	off	warm	sweep	16384	16384	1	8	0	0	4096	166721	275941	392061	44524	89918799	45552	10	0	0	0.0	0.000
x15_r1	tokio_fs_uring	off	warm	sweep	16384	16384	4	8	0	0	4096	657631	1011802	1269780	45213	86724231	47230	11	0	0	0.0	0.000
x15_r1	tokio_fs_uring	off	warm	sweep	16384	16384	16	8	0	0	4096	2569681	4040497	5779632	47528	89988000	45517	28	0	0	0.0	0.000
x15_r1	tokio_fs_uring	off	warm	sweep	16384	16384	1	64	0	0	32768	1362469	2049291	2746865	46148	711016543	46086	30	0	0	0.0	0.000
x15_r1	tokio_fs_uring	off	warm	sweep	16384	16384	4	64	0	0	32768	5236084	8554340	10869067	46830	705169896	46468	16	0	0	0.0	0.000
x15_r1	tokio_fs_uring	off	warm	sweep	16384	16384	16	64	0	0	32768	20018438	35952743	55343644	48412	743780303	44056	24	0	0	0.0	0.000
x15_r1	hybrid_lazyring	off	cold	sweep	65536	65536	1	1	0	0	128	11248	14338	1581854	23379	6004925	21316	5	0	0	1.6	0.000
x15_r1	uring	off	cold	sweep	65536	65536	1	1	0	1	128	19336	32619	1388117	40275	6972426	18358	5	0	0	100.0	0.000
x15_r1	product	off	cold	sweep	65536	65536	1	1	0	2	128	10113	581794	1772447	154188	23023206	5560	5	0	0	0.0	0.000
x15_r1	tokio_fs	off	cold	sweep	65536	65536	1	1	0	3	128	111578	151594	372729	135050	16021218	7989	6	0	0	0.0	0.000
x15_r1	pool	off	cold	sweep	65536	65536	1	1	0	4	128	6928	10384	1538210	20458	5451357	23480	6	0	0	1.6	0.000
x15_r1	hybrid_lazyring	off	cold	sweep	65536	65536	4	1	0	0	128	10774	39009	1727123	32060	6410078	19969	5	0	0	1.6	0.000
x15_r1	uring	off	cold	sweep	65536	65536	4	1	0	1	128	62293	257892	6458280	31463	10961808	11677	5	0	0	100.0	0.000
x15_r1	product	off	cold	sweep	65536	65536	4	1	0	2	128	9938	1755510	2773940	198843	11230771	11397	5	0	0	0.0	0.000
x15_r1	tokio_fs	off	cold	sweep	65536	65536	4	1	0	3	128	101365	225353	1781912	122237	9550228	13403	10	0	0	0.0	0.000
x15_r1	pool	off	cold	sweep	65536	65536	4	1	0	4	128	9152	943109	2508468	117696	7701847	16619	9	0	0	6.2	0.000
x15_r1	hybrid_lazyring	off	cold	sweep	65536	65536	16	1	0	0	128	17527	912585	1444322	144222	18907096	6770	5	0	0	10.2	0.000
x15_r1	uring	off	cold	sweep	65536	65536	16	1	0	1	128	368411	6070155	6326089	34526	11704058	10936	5	0	0	100.0	0.000
x15_r1	product	off	cold	sweep	65536	65536	16	1	0	2	128	24981	4424319	5782588	176963	10827680	11822	5	0	0	0.0	0.000
x15_r1	tokio_fs	off	cold	sweep	65536	65536	16	1	0	3	128	283006	1711850	4233153	149995	7470150	17135	49	0	0	0.0	0.000
x15_r1	pool	off	cold	sweep	65536	65536	16	1	0	4	128	9036	3952299	6294980	154896	8244244	15526	27	0	0	25.8	0.000
x15_r1	hybrid_lazyring	off	cold	sweep	65536	65536	1	8	0	0	1024	9133	356893	10952033	71409	69583004	14716	5	0	0	4.1	0.000
x15_r1	uring	off	cold	sweep	65536	65536	1	8	0	1	1024	14555	408869	8099698	85815	58916672	17380	5	0	0	100.0	0.000
x15_r1	product	off	cold	sweep	65536	65536	1	8	0	2	1024	10122	421685	7187009	76098	66288964	15448	5	0	0	0.0	0.000
x15_r1	tokio_fs	off	cold	sweep	65536	65536	1	8	0	3	1024	83552	202931	10297182	97062	83510434	12262	22	0	0	0.0	0.000
x15_r1	pool	off	cold	sweep	65536	65536	1	8	0	4	1024	12109	503741	11069286	127404	87666396	11681	13	0	0	4.0	0.000
x15_r1	hybrid_lazyring	off	cold	sweep	65536	65536	4	8	0	0	1024	13566	1973768	13004297	47084	63279159	16182	5	0	0	11.3	0.000
x15_r1	uring	off	cold	sweep	65536	65536	4	8	0	1	1024	83206	4379022	21300848	96698	77352610	13238	5	0	0	100.0	0.000
x15_r1	product	off	cold	sweep	65536	65536	4	8	0	2	1024	20123	5684998	26641412	121994	84736774	12084	5	0	0	0.0	0.000
x15_r1	tokio_fs	off	cold	sweep	65536	65536	4	8	0	3	1024	83686	975576	28303665	86123	71214006	14379	62	0	0	0.0	0.000
x15_r1	pool	off	cold	sweep	65536	65536	4	8	0	4	1024	11853	4858894	18984600	65841	59930875	17086	45	0	0	13.8	0.000
x15_r1	hybrid_lazyring	off	cold	sweep	65536	65536	16	8	0	0	1024	2761232	13598487	21142911	54619	70502257	14524	5	0	0	57.3	0.000
x15_r1	uring	off	cold	sweep	65536	65536	16	8	0	1	1024	2643196	17679990	25290219	55322	78103882	13111	5	0	0	100.0	0.000
x15_r1	product	off	cold	sweep	65536	65536	16	8	0	2	1024	24193	33703308	52384956	66056	88384297	11586	5	0	0	0.0	0.000
x15_r1	tokio_fs	off	cold	sweep	65536	65536	16	8	0	3	1024	786363	24285647	54122175	132168	93059955	11004	138	0	0	0.0	0.000
x15_r1	pool	off	cold	sweep	65536	65536	16	8	0	4	1024	21493	21769756	41282457	71081	84592492	12105	135	0	0	44.4	0.000
x15_r1	hybrid_lazyring	off	cold	sweep	65536	65536	1	64	0	0	8192	11196	450414	97389595	80821	479831832	17073	5	0	0	4.4	0.000
x15_r1	uring	off	cold	sweep	65536	65536	1	64	0	1	8192	13990	374933	71690397	68543	417899382	19603	5	0	0	100.0	0.000
x15_r1	product	off	cold	sweep	65536	65536	1	64	0	2	8192	11942	433725	90494187	71182	487511982	16804	5	0	0	0.0	0.000
x15_r1	tokio_fs	off	cold	sweep	65536	65536	1	64	0	3	8192	94805	534304	97250266	112370	507659172	16137	82	0	0	0.0	0.000
x15_r1	pool	off	cold	sweep	65536	65536	1	64	0	4	8192	11066	325721	86466384	44535	406398207	20158	69	0	0	4.3	0.000
x15_r1	hybrid_lazyring	off	cold	sweep	65536	65536	4	64	0	0	8192	12848	11643029	199466441	138152	692986778	11821	5	0	0	12.1	0.000
x15_r1	uring	off	cold	sweep	65536	65536	4	64	0	1	8192	76237	24995002	135567624	73121	453123500	18079	5	0	0	100.0	0.000
x15_r1	product	off	cold	sweep	65536	65536	4	64	0	2	8192	11897	33742756	114679693	72571	431559638	18982	5	0	0	0.0	0.000
x15_r1	tokio_fs	off	cold	sweep	65536	65536	4	64	0	3	8192	78808	10352144	179752857	85405	477102018	17170	297	0	0	0.0	0.000
x15_r1	pool	off	cold	sweep	65536	65536	4	64	0	4	8192	11536	17110340	144842650	106904	607278381	13490	268	0	0	15.4	0.000
x15_r1	hybrid_lazyring	off	cold	sweep	65536	65536	16	64	0	0	8192	26520	98656265	196703582	69974	487218677	16814	5	0	0	36.5	0.000
x15_r1	uring	off	cold	sweep	65536	65536	16	64	0	1	8192	1768927	123691298	229447023	60939	507999649	16126	5	0	0	100.0	0.000
x15_r1	product	off	cold	sweep	65536	65536	16	64	0	2	8192	17076	146915356	234156985	78269	520853400	15728	5	0	0	0.0	0.000
x15_r1	tokio_fs	off	cold	sweep	65536	65536	16	64	0	3	8192	20319934	117855761	268658199	121753	511642331	16011	517	0	0	0.0	0.000
x15_r1	pool	off	cold	sweep	65536	65536	16	64	0	4	8192	323195	143569303	260663209	163786	659603343	12420	517	0	0	37.0	0.000
x15_r1	tokio_fs_uring	off	cold	sweep	65536	65536	1	1	0	0	128	15113	21043	1635862	38624	11725244	10917	6	0	0	0.0	0.000
x15_r1	tokio_fs_uring	off	cold	sweep	65536	65536	4	1	0	0	128	146084	495307	1979200	122189	10547778	12135	8	0	0	0.0	0.000
x15_r1	tokio_fs_uring	off	cold	sweep	65536	65536	16	1	0	0	128	651332	2670275	3499895	151041	9628535	13294	13	0	0	0.0	0.106
x15_r1	tokio_fs_uring	off	cold	sweep	65536	65536	1	8	0	0	1024	115495	314756	8771424	73124	71601647	14301	10	0	0	0.0	0.000
x15_r1	tokio_fs_uring	off	cold	sweep	65536	65536	4	8	0	0	1024	839451	2271973	12268401	86586	61029092	16779	9	0	0	0.0	0.000
x15_r1	tokio_fs_uring	off	cold	sweep	65536	65536	16	8	0	0	1024	5388803	15526112	25660616	134987	83004300	12337	12	0	0	0.0	0.000
x15_r1	tokio_fs_uring	off	cold	sweep	65536	65536	1	64	0	0	8192	3075564	12013272	34506330	157720	1012377511	8092	21	0	0	0.0	0.000
x15_r1	tokio_fs_uring	off	cold	sweep	65536	65536	4	64	0	0	8192	4973197	19641746	126895444	99714	510373848	16051	12	0	0	0.0	0.000
x15_r1	tokio_fs_uring	off	cold	sweep	65536	65536	16	64	0	0	8192	46919118	132213262	229233245	136259	591037255	13860	14	0	0	0.0	0.000
x15_r1	hybrid_lazyring	off	cold	sweep	262144	262144	1	1	0	0	32	35385	1345697	2611354	286739	12019241	2662	5	0	0	6.2	0.000
x15_r1	uring	off	cold	sweep	262144	262144	1	1	0	1	32	75892	142885	5679946	110900	10108213	3166	5	0	0	100.0	0.000
x15_r1	product	off	cold	sweep	262144	262144	1	1	0	2	32	29377	1309509	2289507	217612	9946574	3217	5	0	0	0.0	0.000
x15_r1	tokio_fs	off	cold	sweep	262144	262144	1	1	0	3	32	122892	402791	1423622	206031	7902853	4049	6	0	0	0.0	0.000
x15_r1	pool	off	cold	sweep	262144	262144	1	1	0	4	32	45213	108052	1934764	76653	4748323	6739	6	0	0	6.2	0.000
x15_r1	hybrid_lazyring	off	cold	sweep	262144	262144	4	1	0	0	32	41188	1588754	2246405	105981	5638669	5675	5	0	0	25.0	0.000
x15_r1	uring	off	cold	sweep	262144	262144	4	1	0	1	32	521011	6005927	6338535	134986	11577664	2764	5	0	0	100.0	0.000
x15_r1	product	off	cold	sweep	262144	262144	4	1	0	2	32	64526	2420630	2642983	154609	5198068	6156	5	0	0	18.8	0.000
x15_r1	tokio_fs	off	cold	sweep	262144	262144	4	1	0	3	32	257825	2074795	3224779	376679	7715459	4148	12	0	0	0.0	0.000
x15_r1	pool	off	cold	sweep	262144	262144	4	1	0	4	32	48087	3114823	3352683	129488	5376470	5952	10	0	0	25.0	0.000
x15_r1	hybrid_lazyring	off	cold	sweep	262144	262144	16	1	0	0	32	79089	1792102	2538388	213503	8057067	3972	5	0	0	15.6	0.000
x15_r1	uring	off	cold	sweep	262144	262144	16	1	0	1	32	3921739	6739334	9720015	171643	13029359	2456	5	0	0	100.0	0.000
x15_r1	product	off	cold	sweep	262144	262144	16	1	0	2	32	4090569	12106919	12785495	686485	13344878	2398	5	0	0	46.9	0.000
x15_r1	tokio_fs	off	cold	sweep	262144	262144	16	1	0	3	32	2606967	5163613	5794142	566235	8704590	3676	26	0	0	0.0	0.000
x15_r1	pool	off	cold	sweep	262144	262144	16	1	0	4	32	3843515	4711637	5276900	196716	5641498	5672	21	0	0	50.0	0.091
x15_r1	hybrid_lazyring	off	cold	sweep	262144	262144	1	8	0	0	256	43603	2640939	20549406	201209	55679998	4598	5	0	0	13.3	0.000
x15_r1	uring	off	cold	sweep	262144	262144	1	8	0	1	256	56674	3672655	29190829	215327	84214939	3040	5	0	0	100.0	0.000
x15_r1	product	off	cold	sweep	262144	262144	1	8	0	2	256	41621	4922453	15062820	92684	59779822	4282	5	0	0	7.8	0.000
x15_r1	tokio_fs	off	cold	sweep	262144	262144	1	8	0	3	256	141490	2033686	39551895	175204	82013906	3121	16	0	0	0.0	0.000
x15_r1	pool	off	cold	sweep	262144	262144	1	8	0	4	256	46047	3107532	17944070	212504	55497394	4613	13	0	0	13.3	0.000
x15_r1	hybrid_lazyring	off	cold	sweep	262144	262144	4	8	0	0	256	803912	15024473	28818772	164884	68163585	3756	5	0	0	49.2	0.000
x15_r1	uring	off	cold	sweep	262144	262144	4	8	0	1	256	2680278	16756319	25717522	288707	63804672	4012	5	0	0	100.0	0.000
x15_r1	product	off	cold	sweep	262144	262144	4	8	0	2	256	105888	31488808	44393149	188175	91479257	2798	5	0	0	40.2	0.000
x15_r1	tokio_fs	off	cold	sweep	262144	262144	4	8	0	3	256	246662	20013855	38338817	308348	72079365	3552	45	0	0	0.0	0.000
x15_r1	pool	off	cold	sweep	262144	262144	4	8	0	4	256	771402	20009835	35707099	169776	70801581	3616	40	0	0	54.3	0.000
x15_r1	hybrid_lazyring	off	cold	sweep	262144	262144	16	8	0	0	256	13453174	36804311	43710101	280935	78031967	3281	5	0	0	91.0	0.000
x15_r1	uring	off	cold	sweep	262144	262144	16	8	0	1	256	17969259	34152066	36691834	289108	71016821	3605	5	0	0	100.0	0.000
x15_r1	product	off	cold	sweep	262144	262144	16	8	0	2	256	17496019	31907012	44398793	387099	72710696	3521	5	0	0	91.0	0.000
x15_r1	tokio_fs	off	cold	sweep	262144	262144	16	8	0	3	256	19814530	36022393	62567689	622087	86214552	2969	101	0	0	0.0	0.000
x15_r1	pool	off	cold	sweep	262144	262144	16	8	0	4	256	16124609	36319449	59881412	360283	83114376	3080	112	0	0	89.8	0.000
x15_r1	hybrid_lazyring	off	cold	sweep	262144	262144	1	64	0	0	2048	373032	12414623	284553284	704471	593734735	3449	5	0	0	14.1	0.000
x15_r1	uring	off	cold	sweep	262144	262144	1	64	0	1	2048	68128	14385742	135296889	308090	396423838	5166	5	0	0	100.0	0.000
x15_r1	product	off	cold	sweep	262144	262144	1	64	0	2	2048	49012	23687463	125290636	337471	457328326	4478	5	0	0	8.8	0.000
x15_r1	tokio_fs	off	cold	sweep	262144	262144	1	64	0	3	2048	156556	17348825	177578665	213531	505956186	4048	77	0	0	0.0	0.000
x15_r1	pool	off	cold	sweep	262144	262144	1	64	0	4	2048	56901	12521419	166940662	312708	349831232	5854	72	0	0	14.1	0.000
x15_r1	hybrid_lazyring	off	cold	sweep	262144	262144	4	64	0	0	2048	148232	91996366	145575094	217962	451899488	4532	5	0	0	44.1	0.000
x15_r1	uring	off	cold	sweep	262144	262144	4	64	0	1	2048	13652107	111355618	137381907	201368	476552294	4298	5	0	0	100.0	0.000
x15_r1	product	off	cold	sweep	262144	262144	4	64	0	2	2048	2326541	187851290	259311313	555277	716818393	2857	5	0	0	42.1	0.000
x15_r1	tokio_fs	off	cold	sweep	262144	262144	4	64	0	3	2048	835265	123955322	355834667	380135	480823471	4259	256	0	0	0.0	0.000
x15_r1	pool	off	cold	sweep	262144	262144	4	64	0	4	2048	1574522	148983038	240903104	533113	542362105	3776	262	0	0	39.5	0.000
x15_r1	hybrid_lazyring	off	cold	sweep	262144	262144	16	64	0	0	2048	122996357	774427063	800377953	740848	1022052849	2004	5	0	0	72.3	0.000
x15_r1	uring	off	cold	sweep	262144	262144	16	64	0	1	2048	113583800	172379020	257941776	482314	479346743	4272	5	0	0	100.0	0.000
x15_r1	product	off	cold	sweep	262144	262144	16	64	0	2	2048	130136923	284328196	346393256	750935	607387444	3372	5	0	0	66.2	0.000
x15_r1	tokio_fs	off	cold	sweep	262144	262144	16	64	0	3	2048	208193059	431576008	591923087	1086205	737921382	2775	347	0	0	0.0	0.000
x15_r1	pool	off	cold	sweep	262144	262144	16	64	0	4	2048	117260942	182836285	312666483	533042	587710455	3485	517	0	0	86.6	0.000
x15_r1	tokio_fs_uring	off	cold	sweep	262144	262144	1	1	0	0	32	70576	1435638	3577410	345879	13771536	2324	6	0	0	0.0	0.000
x15_r1	tokio_fs_uring	off	cold	sweep	262144	262144	4	1	0	0	32	636164	3011398	3764037	496004	11910553	2687	8	0	0	0.0	0.000
x15_r1	tokio_fs_uring	off	cold	sweep	262144	262144	16	1	0	0	32	4547630	8273609	9857891	687089	13039063	2454	10	0	0	0.0	0.000
x15_r1	tokio_fs_uring	off	cold	sweep	262144	262144	1	8	0	0	256	102370	3322493	39149050	178616	89215966	2869	13	0	0	0.0	0.128
x15_r1	tokio_fs_uring	off	cold	sweep	262144	262144	4	8	0	0	256	5033191	16663556	26298202	415026	82571802	3100	9	0	0	0.0	0.000
x15_r1	tokio_fs_uring	off	cold	sweep	262144	262144	16	8	0	0	256	23591061	53117697	67874031	723459	90924837	2816	11	0	0	0.0	0.000
x15_r1	tokio_fs_uring	off	cold	sweep	262144	262144	1	64	0	0	2048	1268807	23382471	257089273	344236	622295405	3291	9	0	0	0.0	0.000
x15_r1	tokio_fs_uring	off	cold	sweep	262144	262144	4	64	0	0	2048	32073103	110703345	218023710	391783	575523442	3558	10	0	0	0.0	0.000
x15_r1	tokio_fs_uring	off	cold	sweep	262144	262144	16	64	0	0	2048	177294015	366685274	451316682	647592	652750448	3137	15	0	0	0.0	0.000
x15_r2	uring	off	cold	sweep	16384	16384	1	1	0	0	512	3586	16378	28008	11705	10356685	49437	5	0	0	100.0	0.000
x15_r2	product	off	cold	sweep	16384	16384	1	1	0	1	512	3999	92829	181370	45065	24409138	20976	5	0	0	0.0	0.000
x15_r2	tokio_fs	off	cold	sweep	16384	16384	1	1	0	2	512	52245	72226	210254	65003	31143650	16440	7	0	0	0.0	0.000
x15_r2	pool	off	cold	sweep	16384	16384	1	1	0	3	512	3174	57088	366338	17878	9923685	51594	6	0	0	0.2	0.000
x15_r2	hybrid_lazyring	off	cold	sweep	16384	16384	1	1	0	4	512	73306	97601	199275	50543	26571383	19269	5	0	0	0.2	0.000
x15_r2	uring	off	cold	sweep	16384	16384	4	1	0	0	512	22236	37895	570589	9205	9196144	55676	5	0	0	100.0	0.000
x15_r2	product	off	cold	sweep	16384	16384	4	1	0	1	512	75576	103254	211235	53974	27616779	18539	5	0	0	0.0	0.000
x15_r2	tokio_fs	off	cold	sweep	16384	16384	4	1	0	2	512	41323	99733	392041	41883	8671214	59046	17	0	0	0.0	0.000
x15_r2	pool	off	cold	sweep	16384	16384	4	1	0	3	512	94088	286668	14155731	103747	42655845	12003	9	0	0	1.6	0.000
x15_r2	hybrid_lazyring	off	cold	sweep	16384	16384	4	1	0	4	512	4344	93035	235922	44107	23281834	21991	5	0	0	0.4	0.000
x15_r2	uring	off	cold	sweep	16384	16384	16	1	0	0	512	73445	329358	6151794	9636	10906800	46943	5	0	0	100.0	0.000
x15_r2	product	off	cold	sweep	16384	16384	16	1	0	1	512	4103	219643	9240162	59957	11613249	44088	5	0	0	0.0	0.000
x15_r2	tokio_fs	off	cold	sweep	16384	16384	16	1	0	2	512	71749	357055	2972498	59811	10507601	48727	43	0	0	0.0	0.000
x15_r2	pool	off	cold	sweep	16384	16384	16	1	0	3	512	4118	7857	2461421	14288	5050069	101385	24	0	0	6.2	0.000
x15_r2	hybrid_lazyring	off	cold	sweep	16384	16384	16	1	0	4	512	3999	123312	294186	37448	21826141	23458	5	0	0	0.4	0.000
x15_r2	uring	off	cold	sweep	16384	16384	1	8	0	0	4096	5568	111126	481848	32540	76214411	53743	5	0	0	100.0	0.000
x15_r2	product	off	cold	sweep	16384	16384	1	8	0	1	4096	3165	80362	354151	16273	44987729	91047	5	0	0	0.0	0.000
x15_r2	tokio_fs	off	cold	sweep	16384	16384	1	8	0	2	4096	44071	138501	684182	33965	65934806	62122	36	0	0	0.0	0.000
x15_r2	pool	off	cold	sweep	16384	16384	1	8	0	3	4096	3299	90229	782591	21663	59432783	68918	13	0	0	1.1	0.000
x15_r2	hybrid_lazyring	off	cold	sweep	16384	16384	1	8	0	4	4096	3240	82467	1047590	16834	61774097	66306	5	0	0	1.1	0.000
x15_r2	uring	off	cold	sweep	16384	16384	4	8	0	0	4096	20844	79329	8327404	12680	50245057	81520	5	0	0	100.0	0.000
x15_r2	product	off	cold	sweep	16384	16384	4	8	0	1	4096	3935	110788	14302837	18849	64016465	63984	5	0	0	0.0	0.000
x15_r2	tokio_fs	off	cold	sweep	16384	16384	4	8	0	2	4096	62893	253442	7708260	33968	51438946	79628	71	0	0	0.0	0.000
x15_r2	pool	off	cold	sweep	16384	16384	4	8	0	3	4096	3788	112592	8826847	21725	55870224	73313	42	0	0	3.1	0.000
x15_r2	hybrid_lazyring	off	cold	sweep	16384	16384	4	8	0	4	4096	3491	90425	13915954	17202	67992052	60242	5	0	0	3.2	0.000
x15_r2	uring	off	cold	sweep	16384	16384	16	8	0	0	4096	79782	3600815	17152237	14222	62739628	65286	5	0	0	100.0	0.000
x15_r2	product	off	cold	sweep	16384	16384	16	8	0	1	4096	4209	5446234	22701293	28861	79834595	51306	5	0	0	0.0	0.000
x15_r2	tokio_fs	off	cold	sweep	16384	16384	16	8	0	2	4096	889658	3330512	12699102	42674	61627514	66464	134	0	0	0.0	0.000
x15_r2	pool	off	cold	sweep	16384	16384	16	8	0	3	4096	3547	337874	21171235	25697	58291445	70268	118	0	0	9.2	0.000
x15_r2	hybrid_lazyring	off	cold	sweep	16384	16384	16	8	0	4	4096	3341	2177919	13066226	10385	62213822	65837	5	0	0	11.2	0.000
x15_r2	uring	off	cold	sweep	16384	16384	1	64	0	0	32768	4959	127718	9630482	43236	523472503	62597	5	0	0	100.0	0.000
x15_r2	product	off	cold	sweep	16384	16384	1	64	0	1	32768	3350	128375	2494483	34264	439850394	74498	5	0	0	0.0	0.000
x15_r2	tokio_fs	off	cold	sweep	16384	16384	1	64	0	2	32768	246176	1403553	8993244	84202	892443598	36717	169	0	0	0.0	0.000
x15_r2	pool	off	cold	sweep	16384	16384	1	64	0	3	32768	3261	253916	3076005	61257	674934334	48550	74	0	0	1.2	0.000
x15_r2	hybrid_lazyring	off	cold	sweep	16384	16384	1	64	0	4	32768	2924	243102	3404773	50169	516633833	63426	5	0	0	1.2	0.000
x15_r2	uring	off	cold	sweep	16384	16384	4	64	0	0	32768	16178	843763	82831117	27420	446128380	73450	5	0	0	100.0	0.000
x15_r2	product	off	cold	sweep	16384	16384	4	64	0	1	32768	3107	251988	91038849	34015	476470129	68772	5	0	0	0.0	0.000
x15_r2	tokio_fs	off	cold	sweep	16384	16384	4	64	0	2	32768	153185	1207327	58135036	33918	407387483	80434	319	0	0	0.0	0.000
x15_r2	pool	off	cold	sweep	16384	16384	4	64	0	3	32768	3179	8443	80660058	19973	416143867	78742	255	0	0	3.8	0.000
x15_r2	hybrid_lazyring	off	cold	sweep	16384	16384	4	64	0	4	32768	3414	351672	51534844	86773	991115277	33062	5	0	0	3.1	0.000
x15_r2	uring	off	cold	sweep	16384	16384	16	64	0	0	32768	80864	17183957	180308667	42988	541497680	60514	5	0	0	100.0	0.000
x15_r2	product	off	cold	sweep	16384	16384	16	64	0	1	32768	3586	23235561	132020185	39940	538359801	60866	5	0	0	0.0	0.000
x15_r2	tokio_fs	off	cold	sweep	16384	16384	16	64	0	2	32768	7345289	42778650	227946178	50514	706762214	46364	517	0	0	0.0	0.000
x15_r2	pool	off	cold	sweep	16384	16384	16	64	0	3	32768	4425	645451	208503675	76749	859514462	38124	517	0	0	9.1	0.000
x15_r2	hybrid_lazyring	off	cold	sweep	16384	16384	16	64	0	4	32768	4326	14343215	135085480	53654	569874728	57500	5	0	0	11.7	0.000
x15_r2	uring	off	warm	sweep	16384	16384	1	1	0	0	512	14261	19732	36227	14527	6111577	83775	5	0	0	100.0	0.000
x15_r2	product	off	warm	sweep	16384	16384	1	1	0	1	512	3224	4065	12223	4391	2046030	250241	5	0	0	0.0	0.000
x15_r2	tokio_fs	off	warm	sweep	16384	16384	1	1	0	2	512	58497	73047	158771	69367	32231856	15885	6	0	0	0.0	0.000
x15_r2	pool	off	warm	sweep	16384	16384	1	1	0	3	512	2970	3786	9527	3949	1937095	264313	5	0	0	0.0	0.000
x15_r2	hybrid_lazyring	off	warm	sweep	16384	16384	1	1	0	4	512	2924	3983	12001	4604	1930424	265227	5	0	0	0.0	0.000
x15_r2	uring	off	warm	sweep	16384	16384	4	1	0	0	512	30807	35100	68102	10959	4572224	111981	5	0	0	100.0	0.000
x15_r2	product	off	warm	sweep	16384	16384	4	1	0	1	512	3322	4497	7565	4450	667936	766541	5	0	0	0.0	0.000
x15_r2	tokio_fs	off	warm	sweep	16384	16384	4	1	0	2	512	43617	128454	283352	43615	8621234	59388	17	0	0	0.0	0.000
x15_r2	pool	off	warm	sweep	16384	16384	4	1	0	3	512	3539	5045	13169	5232	750055	682617	5	0	0	0.0	0.000
x15_r2	hybrid_lazyring	off	warm	sweep	16384	16384	4	1	0	4	512	2405	3136	8406	3174	1568883	326347	5	0	0	0.0	0.000
x15_r2	uring	off	warm	sweep	16384	16384	16	1	0	0	512	72685	92027	103908	6046	2808098	182330	5	0	0	100.0	0.000
x15_r2	product	off	warm	sweep	16384	16384	16	1	0	1	512	2968	3780	12204	5216	694502	737219	5	0	0	0.0	0.000
x15_r2	tokio_fs	off	warm	sweep	16384	16384	16	1	0	2	512	72427	319099	1538324	43404	8428588	60746	50	0	0	0.0	0.000
x15_r2	pool	off	warm	sweep	16384	16384	16	1	0	3	512	3215	4082	8627	4992	685799	746574	5	0	0	0.0	0.000
x15_r2	hybrid_lazyring	off	warm	sweep	16384	16384	16	1	0	4	512	2394	3067	8776	3504	1613703	317283	5	0	0	0.0	0.000
x15_r2	uring	off	warm	sweep	16384	16384	1	8	0	0	4096	5146	12667	34375	8457	13778251	297280	5	0	0	100.0	0.000
x15_r2	product	off	warm	sweep	16384	16384	1	8	0	1	4096	3371	4773	9459	4089	4702428	871039	5	0	0	0.0	0.000
x15_r2	tokio_fs	off	warm	sweep	16384	16384	1	8	0	2	4096	55884	178144	542312	38272	48283444	84832	44	0	0	0.0	0.000
x15_r2	pool	off	warm	sweep	16384	16384	1	8	0	3	4096	3574	4792	12383	4623	4983534	821907	5	0	0	0.0	0.000
x15_r2	hybrid_lazyring	off	warm	sweep	16384	16384	1	8	0	4	4096	3660	4927	11295	4362	5046885	811590	5	0	0	0.0	0.000
x15_r2	uring	off	warm	sweep	16384	16384	4	8	0	0	4096	16455	27973	58908	5492	8076493	507151	5	0	0	100.0	0.000
x15_r2	product	off	warm	sweep	16384	16384	4	8	0	1	4096	3676	5151	10448	4484	4855515	843577	5	0	0	0.0	0.000
x15_r2	tokio_fs	off	warm	sweep	16384	16384	4	8	0	2	4096	222668	625989	1561177	35838	42193450	97077	60	0	0	0.0	0.000
x15_r2	pool	off	warm	sweep	16384	16384	4	8	0	3	4096	3627	4894	9839	4366	4569260	896425	5	0	0	0.0	0.000
x15_r2	hybrid_lazyring	off	warm	sweep	16384	16384	4	8	0	4	4096	3722	5102	11353	4323	5277228	776165	5	0	0	0.0	0.000
x15_r2	uring	off	warm	sweep	16384	16384	16	8	0	0	4096	72935	120772	185346	6110	7563474	541550	5	0	0	100.0	0.000
x15_r2	product	off	warm	sweep	16384	16384	16	8	0	1	4096	4390	6367	14364	5551	6869399	596268	5	0	0	0.0	0.000
x15_r2	tokio_fs	off	warm	sweep	16384	16384	16	8	0	2	4096	1163381	2479184	4435196	38851	47227377	86729	52	0	0	0.0	0.000
x15_r2	pool	off	warm	sweep	16384	16384	16	8	0	3	4096	3636	5043	10391	4410	5046460	811658	5	0	0	0.0	0.000
x15_r2	hybrid_lazyring	off	warm	sweep	16384	16384	16	8	0	4	4096	3618	5063	9544	4302	4808771	851777	5	0	0	0.0	0.000
x15_r2	uring	off	warm	sweep	16384	16384	1	64	0	0	32768	3837	5969	29622	5555	50009809	655231	5	0	0	100.0	0.000
x15_r2	product	off	warm	sweep	16384	16384	1	64	0	1	32768	3478	4730	10378	4057	34396839	952646	5	0	0	0.0	0.000
x15_r2	tokio_fs	off	warm	sweep	16384	16384	1	64	0	2	32768	639500	1436238	2870845	37486	376697949	86987	67	0	0	0.0	0.000
x15_r2	pool	off	warm	sweep	16384	16384	1	64	0	3	32768	3521	4811	10860	4165	35980238	910722	5	0	0	0.0	0.000
x15_r2	hybrid_lazyring	off	warm	sweep	16384	16384	1	64	0	4	32768	3545	4784	11713	4185	37125905	882618	5	0	0	0.0	0.000
x15_r2	uring	off	warm	sweep	16384	16384	4	64	0	0	32768	15100	27571	72789	5130	47726351	686581	5	0	0	100.0	0.000
x15_r2	product	off	warm	sweep	16384	16384	4	64	0	1	32768	3531	4744	10821	4100	34843587	940431	5	0	0	0.0	0.000
x15_r2	tokio_fs	off	warm	sweep	16384	16384	4	64	0	2	32768	2652275	5270112	8529398	37543	363537840	90136	50	0	0	0.0	0.000
x15_r2	pool	off	warm	sweep	16384	16384	4	64	0	3	32768	3533	4787	10556	4109	36371669	900921	5	0	0	0.0	0.000
x15_r2	hybrid_lazyring	off	warm	sweep	16384	16384	4	64	0	4	32768	3603	4767	11209	4212	35923529	912160	5	0	0	0.0	0.000
x15_r2	uring	off	warm	sweep	16384	16384	16	64	0	0	32768	68407	116680	220534	5330	45572269	719034	5	0	0	100.0	0.000
x15_r2	product	off	warm	sweep	16384	16384	16	64	0	1	32768	3456	4681	11404	4157	38378012	853822	5	0	0	0.0	0.000
x15_r2	tokio_fs	off	warm	sweep	16384	16384	16	64	0	2	32768	9507256	16896809	32076058	32568	347000573	94432	89	0	0	0.0	0.000
x15_r2	pool	off	warm	sweep	16384	16384	16	64	0	3	32768	3384	4760	10644	4085	38311180	855312	5	0	0	0.0	0.000
x15_r2	hybrid_lazyring	off	warm	sweep	16384	16384	16	64	0	4	32768	3482	4824	11542	4231	35929553	912007	5	0	0	0.0	0.000
x15_r2	tokio_fs_uring	off	cold	sweep	16384	16384	1	1	0	0	512	6451	8646	67570	11325	13016888	39334	6	0	0	0.0	0.000
x15_r2	tokio_fs_uring	off	cold	sweep	16384	16384	4	1	0	0	512	7266	78936	800489	18416	8020226	63839	8	0	0	0.0	0.000
x15_r2	tokio_fs_uring	off	cold	sweep	16384	16384	16	1	0	0	512	342366	912185	2875391	61203	17726432	28883	13	0	0	0.0	0.000
x15_r2	tokio_fs_uring	off	cold	sweep	16384	16384	1	8	0	0	4096	131208	343295	1964706	45375	129965426	31516	10	0	0	0.0	0.000
x15_r2	tokio_fs_uring	off	cold	sweep	16384	16384	4	8	0	0	4096	637230	1134780	3172645	44657	97276818	42107	10	0	0	0.0	0.000
x15_r2	tokio_fs_uring	off	cold	sweep	16384	16384	16	8	0	0	4096	3013606	5442435	9668080	56285	116602896	35128	17	0	0	0.0	0.000
x15_r2	tokio_fs_uring	off	cold	sweep	16384	16384	1	64	0	0	32768	2187994	6621874	13066869	70102	1653764999	19814	16	0	0	0.0	0.000
x15_r2	tokio_fs_uring	off	cold	sweep	16384	16384	4	64	0	0	32768	6166428	10867068	26387461	53208	908014048	36088	15	0	0	0.0	0.000
x15_r2	tokio_fs_uring	off	cold	sweep	16384	16384	16	64	0	0	32768	24812756	51079461	122932039	61088	1040582040	31490	19	0	0	0.0	0.000
x15_r2	tokio_fs_uring	off	warm	sweep	16384	16384	1	1	0	0	512	7428	8898	35850	10999	4950188	103430	6	0	0	0.0	0.000
x15_r2	tokio_fs_uring	off	warm	sweep	16384	16384	4	1	0	0	512	69614	771754	1891796	94647	34274352	14938	9	0	0	0.0	0.000
x15_r2	tokio_fs_uring	off	warm	sweep	16384	16384	16	1	0	0	512	405843	1130263	2750442	71626	20943389	24447	19	0	0	0.0	0.000
x15_r2	tokio_fs_uring	off	warm	sweep	16384	16384	1	8	0	0	4096	151175	263836	387312	38679	80278292	51023	8	0	0	0.0	0.000
x15_r2	tokio_fs_uring	off	warm	sweep	16384	16384	4	8	0	0	4096	638770	984163	1288175	43503	84645898	48390	25	0	0	0.0	0.000
x15_r2	tokio_fs_uring	off	warm	sweep	16384	16384	16	8	0	0	4096	2420783	3785433	5839300	44277	85812115	47732	12	0	0	0.0	0.000
x15_r2	tokio_fs_uring	off	warm	sweep	16384	16384	1	64	0	0	32768	1266160	1930610	2465559	42602	662249788	49480	22	0	0	0.0	0.000
x15_r2	tokio_fs_uring	off	warm	sweep	16384	16384	4	64	0	0	32768	5207684	8507133	11515553	46107	706018711	46412	18	0	0	0.0	0.000
x15_r2	tokio_fs_uring	off	warm	sweep	16384	16384	16	64	0	0	32768	23660375	33558142	59970776	52326	805894811	40660	21	0	0	0.0	0.000
x15_r2	uring	off	cold	sweep	65536	65536	1	1	0	0	128	13167	25700	1368078	28705	10826321	11823	5	0	0	100.0	0.000
x15_r2	product	off	cold	sweep	65536	65536	1	1	0	1	128	329535	479747	749693	225022	29353859	4361	5	0	0	0.0	0.000
x15_r2	tokio_fs	off	cold	sweep	65536	65536	1	1	0	2	128	92405	131580	404841	124650	14642906	8741	6	0	0	0.0	0.000
x15_r2	pool	off	cold	sweep	65536	65536	1	1	0	3	128	8477	10519	1419528	18573	5700694	22453	6	0	0	1.6	0.244
x15_r2	hybrid_lazyring	off	cold	sweep	65536	65536	1	1	0	4	128	302612	465103	671627	221729	29103381	4398	5	0	0	0.8	0.000
x15_r2	uring	off	cold	sweep	65536	65536	4	1	0	0	128	75866	261402	6337943	32919	11056638	11577	5	0	0	100.0	0.000
x15_r2	product	off	cold	sweep	65536	65536	4	1	0	1	128	13521	1432555	5566023	431654	20344002	6292	5	0	0	0.0	0.000
x15_r2	tokio_fs	off	cold	sweep	65536	65536	4	1	0	2	128	116235	277700	2482358	138879	11469519	11160	13	0	0	0.0	0.000
x15_r2	pool	off	cold	sweep	65536	65536	4	1	0	3	128	547030	1047189	2047870	417065	16198976	7902	9	0	0	3.1	0.000
x15_r2	hybrid_lazyring	off	cold	sweep	65536	65536	4	1	0	4	128	11281	389541	1086949	117610	17910394	7147	5	0	0	1.6	0.000
x15_r2	uring	off	cold	sweep	65536	65536	16	1	0	0	128	438486	6706101	7103676	35425	12286615	10418	5	0	0	100.0	0.000
x15_r2	product	off	cold	sweep	65536	65536	16	1	0	1	128	493944	1489494	13076084	381660	14280265	8963	5	0	0	0.0	0.000
x15_r2	tokio_fs	off	cold	sweep	65536	65536	16	1	0	2	128	187552	2668392	8953842	177914	16784961	7626	44	0	0	0.0	0.000
x15_r2	pool	off	cold	sweep	65536	65536	16	1	0	3	128	14693	2551403	2904784	61818	5173290	24742	23	0	0	25.0	0.000
x15_r2	hybrid_lazyring	off	cold	sweep	65536	65536	16	1	0	4	128	23600	798701	1155390	161076	21235600	6028	5	0	0	10.2	0.000
x15_r2	uring	off	cold	sweep	65536	65536	1	8	0	0	1024	12908	463389	10639625	71905	61569811	16632	5	0	0	100.0	0.000
x15_r2	product	off	cold	sweep	65536	65536	1	8	0	1	1024	12224	429013	12063647	96051	72868129	14053	5	0	0	0.0	0.000
x15_r2	tokio_fs	off	cold	sweep	65536	65536	1	8	0	2	1024	73798	164943	15987115	70940	69337095	14768	22	0	0	0.0	0.000
x15_r2	pool	off	cold	sweep	65536	65536	1	8	0	3	1024	11303	811152	10139512	146924	76211065	13436	14	0	0	4.0	0.000
x15_r2	hybrid_lazyring	off	cold	sweep	65536	65536	1	8	0	4	1024	10045	522687	11151150	83718	65547263	15622	5	0	0	4.0	0.000
x15_r2	uring	off	cold	sweep	65536	65536	4	8	0	0	1024	63049	4623281	16481096	95117	74512815	13743	5	0	0	100.0	0.000
x15_r2	product	off	cold	sweep	65536	65536	4	8	0	1	1024	11808	6968805	16583352	71596	66651677	15363	5	0	0	0.0	0.000
x15_r2	tokio_fs	off	cold	sweep	65536	65536	4	8	0	2	1024	80167	692200	29049018	88756	72018209	14219	46	0	0	0.0	0.000
x15_r2	pool	off	cold	sweep	65536	65536	4	8	0	3	1024	12432	2546865	18420569	114289	60763669	16852	33	0	0	10.5	0.000
x15_r2	hybrid_lazyring	off	cold	sweep	65536	65536	4	8	0	4	1024	11336	2016248	12802108	142883	79128918	12941	5	0	0	11.1	0.000
x15_r2	uring	off	cold	sweep	65536	65536	16	8	0	0	1024	4437669	17860574	32731953	58276	84277881	12150	5	0	0	100.0	0.000
x15_r2	product	off	cold	sweep	65536	65536	16	8	0	1	1024	48500	23279922	35801506	130799	92612250	11057	5	0	0	0.0	0.000
x15_r2	tokio_fs	off	cold	sweep	65536	65536	16	8	0	2	1024	508205	20755232	46327344	135242	97920449	10457	137	0	0	0.0	0.000
x15_r2	pool	off	cold	sweep	65536	65536	16	8	0	3	1024	15085	18606227	31792482	76723	82317101	12440	120	0	0	42.1	0.000
x15_r2	hybrid_lazyring	off	cold	sweep	65536	65536	16	8	0	4	1024	344273	16003536	36125037	57525	86913324	11782	5	0	0	48.8	0.000
x15_r2	uring	off	cold	sweep	65536	65536	1	64	0	0	8192	17395	1187967	111895880	263170	670210921	12223	5	0	0	100.0	0.000
x15_r2	product	off	cold	sweep	65536	65536	1	64	0	1	8192	12085	1187219	89827805	168830	489237392	16744	5	0	0	0.0	0.000
x15_r2	tokio_fs	off	cold	sweep	65536	65536	1	64	0	2	8192	78477	435510	85159144	91856	498590343	16430	102	0	0	0.0	0.000
x15_r2	pool	off	cold	sweep	65536	65536	1	64	0	3	8192	12357	611131	91895888	115313	474895997	17250	72	0	0	4.4	0.000
x15_r2	hybrid_lazyring	off	cold	sweep	65536	65536	1	64	0	4	8192	10870	913672	143041532	214658	644191528	12717	5	0	0	4.4	0.000
x15_r2	uring	off	cold	sweep	65536	65536	4	64	0	0	8192	77476	36907292	142818218	72659	518529043	15799	5	0	0	100.0	0.000
x15_r2	product	off	cold	sweep	65536	65536	4	64	0	1	8192	13526	28410415	125380260	56462	456199225	17957	5	0	0	0.0	0.000
x15_r2	tokio_fs	off	cold	sweep	65536	65536	4	64	0	2	8192	97373	9176612	231647792	100572	531802927	15404	277	0	0	0.0	0.000
x15_r2	pool	off	cold	sweep	65536	65536	4	64	0	3	8192	11969	15779970	177559651	86377	589347823	13900	271	0	0	13.9	0.000
x15_r2	hybrid_lazyring	off	cold	sweep	65536	65536	4	64	0	4	8192	13200	9823722	135503511	151298	635691457	12887	5	0	0	12.4	0.000
x15_r2	uring	off	cold	sweep	65536	65536	16	64	0	0	8192	953141	124929649	230801098	64722	522207107	15687	5	0	0	100.0	0.000
x15_r2	product	off	cold	sweep	65536	65536	16	64	0	1	8192	27868	125677683	182161700	93237	519365153	15773	5	0	0	0.0	0.000
x15_r2	tokio_fs	off	cold	sweep	65536	65536	16	64	0	2	8192	20416943	130533194	300652350	126040	533115497	15366	517	0	0	0.0	0.000
x15_r2	pool	off	cold	sweep	65536	65536	16	64	0	3	8192	15844	134076466	244860583	91262	564363652	14515	517	0	0	33.9	0.000
x15_r2	hybrid_lazyring	off	cold	sweep	65536	65536	16	64	0	4	8192	27136	91002538	315911882	94910	504584646	16235	5	0	0	37.5	0.000
x15_r2	tokio_fs_uring	off	cold	sweep	65536	65536	1	1	0	0	128	17402	27785	1954067	38463	12079190	10597	6	0	0	0.0	0.000
x15_r2	tokio_fs_uring	off	cold	sweep	65536	65536	4	1	0	0	128	70934	503908	2473225	92204	10110434	12660	9	0	0	0.0	0.000
x15_r2	tokio_fs_uring	off	cold	sweep	65536	65536	16	1	0	0	128	622004	2707601	4686240	162842	11659038	10979	11	0	0	0.0	0.000
x15_r2	tokio_fs_uring	off	cold	sweep	65536	65536	1	8	0	0	1024	158666	405554	8864053	71132	64198208	15951	8	0	0	0.0	0.000
x15_r2	tokio_fs_uring	off	cold	sweep	65536	65536	4	8	0	0	1024	767058	3635715	13622342	100923	61385667	16681	20	0	0	0.0	0.000
x15_r2	tokio_fs_uring	off	cold	sweep	65536	65536	16	8	0	0	1024	6910173	19369423	33430388	156484	95591876	10712	12	0	0	0.0	0.000
x15_r2	tokio_fs_uring	off	cold	sweep	65536	65536	1	64	0	0	8192	1319838	7464320	74733543	133025	813808948	10066	11	0	0	0.0	0.000
x15_r2	tokio_fs_uring	off	cold	sweep	65536	65536	4	64	0	0	8192	5480497	21792944	199097135	118071	585706924	13987	9	0	0	0.0	0.000
x15_r2	tokio_fs_uring	off	cold	sweep	65536	65536	16	64	0	0	8192	57251804	139796227	279593501	153919	684172475	11974	20	0	0	0.0	0.000
x15_r2	uring	off	cold	sweep	262144	262144	1	1	0	0	32	38317	285996	6632779	107585	10986790	2913	5	0	0	100.0	0.000
x15_r2	product	off	cold	sweep	262144	262144	1	1	0	1	32	53454	2379532	3105813	628439	24104677	1328	5	0	0	0.0	0.000
x15_r2	tokio_fs	off	cold	sweep	262144	262144	1	1	0	2	32	133444	426497	3886570	211257	10445507	3064	6	0	0	0.0	0.000
x15_r2	pool	off	cold	sweep	262144	262144	1	1	0	3	32	44068	146414	2938245	93648	6359127	5032	6	0	0	6.2	0.000
x15_r2	hybrid_lazyring	off	cold	sweep	262144	262144	1	1	0	4	32	49869	2186134	2991860	521713	22201095	1441	5	0	0	6.2	0.000
x15_r2	uring	off	cold	sweep	262144	262144	4	1	0	0	32	240614	4849607	5068285	109418	8980150	3563	5	0	0	100.0	0.000
x15_r2	product	off	cold	sweep	262144	262144	4	1	0	1	32	1452240	2343267	28332579	893257	28802301	1111	5	0	0	9.4	0.000
x15_r2	tokio_fs	off	cold	sweep	262144	262144	4	1	0	2	32	166059	2157049	2286299	274013	6890762	4644	10	0	0	0.0	0.000
x15_r2	pool	off	cold	sweep	262144	262144	4	1	0	3	32	55531	3709140	3830721	263425	7519608	4256	10	0	0	25.0	0.000
x15_r2	hybrid_lazyring	off	cold	sweep	262144	262144	4	1	0	4	32	154250	8900551	9720548	694528	23040088	1389	5	0	0	12.5	0.000
x15_r2	uring	off	cold	sweep	262144	262144	16	1	0	0	32	3864336	5358517	8197855	154999	11067042	2891	5	0	0	100.0	0.000
x15_r2	product	off	cold	sweep	262144	262144	16	1	0	1	32	3453541	4748776	4890240	299018	6220847	5144	5	0	0	46.9	0.000
x15_r2	tokio_fs	off	cold	sweep	262144	262144	16	1	0	2	32	2359283	5235421	5779682	622062	8302733	3854	32	0	0	0.0	0.000
x15_r2	pool	off	cold	sweep	262144	262144	16	1	0	3	32	4475785	8237619	8471441	508841	11183251	2861	21	0	0	50.0	0.000
x15_r2	hybrid_lazyring	off	cold	sweep	262144	262144	16	1	0	4	32	66942	2699996	3431306	867847	28059925	1140	5	0	0	3.1	0.000
x15_r2	uring	off	cold	sweep	262144	262144	1	8	0	0	256	70018	5701799	24671457	540204	130307227	1965	5	0	0	100.0	0.000
x15_r2	product	off	cold	sweep	262144	262144	1	8	0	1	256	49300	7576494	42842315	581191	118768955	2155	5	0	0	7.8	0.000
x15_r2	tokio_fs	off	cold	sweep	262144	262144	1	8	0	2	256	217508	1872558	26779647	257839	75359163	3397	20	0	0	0.0	0.000
x15_r2	pool	off	cold	sweep	262144	262144	1	8	0	3	256	55055	3734901	19469967	520310	77271362	3313	13	0	0	13.7	0.000
x15_r2	hybrid_lazyring	off	cold	sweep	262144	262144	1	8	0	4	256	53959	5278068	24686499	501094	85626814	2990	5	0	0	13.3	0.000
x15_r2	uring	off	cold	sweep	262144	262144	4	8	0	0	256	5334152	15476729	21875488	503649	80842929	3167	5	0	0	100.0	0.000
x15_r2	product	off	cold	sweep	262144	262144	4	8	0	1	256	163319	18582948	31675043	600371	66476456	3851	5	0	0	29.7	0.000
x15_r2	tokio_fs	off	cold	sweep	262144	262144	4	8	0	2	256	393239	24567936	43446327	364151	67417356	3797	42	0	0	0.0	0.000
x15_r2	pool	off	cold	sweep	262144	262144	4	8	0	3	256	168848	25517977	47558022	439806	80452222	3182	40	0	0	40.6	0.000
x15_r2	hybrid_lazyring	off	cold	sweep	262144	262144	4	8	0	4	256	110796	12322988	20715491	171924	63335732	4042	5	0	0	42.2	0.000
x15_r2	uring	off	cold	sweep	262144	262144	16	8	0	0	256	15509928	31836915	39735523	285937	58442305	4380	5	0	0	100.0	0.000
x15_r2	product	off	cold	sweep	262144	262144	16	8	0	1	256	17022538	43438080	51078915	502949	73972682	3461	5	0	0	71.1	0.000
x15_r2	tokio_fs	off	cold	sweep	262144	262144	16	8	0	2	256	19266217	48247664	53390386	621867	88581514	2890	100	0	0	0.0	0.000
x15_r2	pool	off	cold	sweep	262144	262144	16	8	0	3	256	16974175	29477876	37780386	547247	78255396	3271	75	0	0	75.0	0.000
x15_r2	hybrid_lazyring	off	cold	sweep	262144	262144	16	8	0	4	256	15017321	27201658	36701258	334049	69792313	3668	5	0	0	84.4	0.000
x15_r2	uring	off	cold	sweep	262144	262144	1	64	0	0	2048	88141	15779654	272433220	643930	534746426	3830	5	0	0	100.0	0.000
x15_r2	product	off	cold	sweep	262144	262144	1	64	0	1	2048	50568	30488265	102333776	445514	457453460	4477	5	0	0	8.7	0.000
x15_r2	tokio_fs	off	cold	sweep	262144	262144	1	64	0	2	2048	152872	10788075	160630103	220829	502874172	4073	76	0	0	0.0	0.000
x15_r2	pool	off	cold	sweep	262144	262144	1	64	0	3	2048	52636	14928450	186513726	593096	501417457	4084	69	0	0	14.2	0.000
x15_r2	hybrid_lazyring	off	cold	sweep	262144	262144	1	64	0	4	2048	57943	13279932	177122754	453992	449860438	4553	5	0	0	14.5	0.000
x15_r2	uring	off	cold	sweep	262144	262144	4	64	0	0	2048	7211080	115403841	175334645	225014	466619391	4389	5	0	0	100.0	0.000
x15_r2	product	off	cold	sweep	262144	262144	4	64	0	1	2048	193292	112665075	135246336	219057	441753563	4636	5	0	0	41.5	0.000
x15_r2	tokio_fs	off	cold	sweep	262144	262144	4	64	0	2	2048	1301088	155076664	193460146	382709	457250346	4479	254	0	0	0.0	0.000
x15_r2	pool	off	cold	sweep	262144	262144	4	64	0	3	2048	577931	117848740	256015139	503501	513094584	3991	247	0	0	37.7	0.000
x15_r2	hybrid_lazyring	off	cold	sweep	262144	262144	4	64	0	4	2048	1629203	107591491	145458336	260512	528501907	3875	5	0	0	48.6	0.000
x15_r2	uring	off	cold	sweep	262144	262144	16	64	0	0	2048	168333499	251336938	362420221	364689	599751066	3415	5	0	0	100.0	0.000
x15_r2	product	off	cold	sweep	262144	262144	16	64	0	1	2048	114100778	293538153	327824765	480723	570972169	3587	5	0	0	69.9	0.000
x15_r2	tokio_fs	off	cold	sweep	262144	262144	16	64	0	2	2048	129238070	247192139	316663013	683553	502138103	4079	368	0	0	0.0	0.000
x15_r2	pool	off	cold	sweep	262144	262144	16	64	0	3	2048	109167028	237702234	334049936	448393	593310308	3452	516	0	0	86.9	0.000
x15_r2	hybrid_lazyring	off	cold	sweep	262144	262144	16	64	0	4	2048	144921116	185306337	270290306	347141	514991806	3977	5	0	0	92.8	0.000
x15_r2	tokio_fs_uring	off	cold	sweep	262144	262144	1	1	0	0	32	52133	296386	6167951	112195	10442055	3065	6	0	0	0.0	0.000
x15_r2	tokio_fs_uring	off	cold	sweep	262144	262144	4	1	0	0	32	237995	1989377	5032107	304927	8466430	3780	9	0	0	0.0	0.000
x15_r2	tokio_fs_uring	off	cold	sweep	262144	262144	16	1	0	0	32	2415450	6275640	7512887	478966	9290325	3444	8	0	0	0.0	0.140
x15_r2	tokio_fs_uring	off	cold	sweep	262144	262144	1	8	0	0	256	65490	2985307	41485629	139411	79464534	3222	10	0	0	0.0	0.000
x15_r2	tokio_fs_uring	off	cold	sweep	262144	262144	4	8	0	0	256	2746717	19017864	31994204	328504	76637090	3340	11	0	0	0.0	0.000
x15_r2	tokio_fs_uring	off	cold	sweep	262144	262144	16	8	0	0	256	29324863	45289800	61633414	643332	77997442	3282	9	0	0	0.0	0.000
x15_r2	tokio_fs_uring	off	cold	sweep	262144	262144	1	64	0	0	2048	1289444	26489617	255844069	414316	647695703	3162	12	0	0	0.0	0.000
x15_r2	tokio_fs_uring	off	cold	sweep	262144	262144	4	64	0	0	2048	29701959	150497305	266058168	415688	627791652	3262	19	0	0	0.0	0.000
x15_r2	tokio_fs_uring	off	cold	sweep	262144	262144	16	64	0	0	2048	220648677	422737461	490180903	728462	689476610	2970	15	0	0	0.0	0.000
x15_r3	product	off	cold	sweep	16384	16384	1	1	0	0	512	3657	99245	647860	48135	30139238	16988	5	0	0	0.0	0.000
x15_r3	tokio_fs	off	cold	sweep	16384	16384	1	1	0	1	512	54002	75099	177387	68309	31830193	16085	6	0	0	0.0	0.000
x15_r3	pool	off	cold	sweep	16384	16384	1	1	0	2	512	72444	97864	166414	51007	26953027	18996	6	0	0	0.2	0.000
x15_r3	hybrid_lazyring	off	cold	sweep	16384	16384	1	1	0	3	512	71321	93698	157948	45415	24162277	21190	5	0	0	0.2	0.000
x15_r3	uring	off	cold	sweep	16384	16384	1	1	0	4	512	3151	14441	30677	7845	10623036	48197	5	0	0	100.0	0.000
x15_r3	product	off	cold	sweep	16384	16384	4	1	0	0	512	80168	153012	387837	77629	40182617	12742	5	0	0	0.0	0.000
x15_r3	tokio_fs	off	cold	sweep	16384	16384	4	1	0	1	512	51759	133770	501695	54308	12788891	40035	19	0	0	0.0	0.000
x15_r3	pool	off	cold	sweep	16384	16384	4	1	0	2	512	3107	215957	3143280	58081	13881909	36883	9	0	0	1.6	0.000
x15_r3	hybrid_lazyring	off	cold	sweep	16384	16384	4	1	0	3	512	2487	153954	441931	55151	33616306	15231	5	0	0	0.4	0.000
x15_r3	uring	off	cold	sweep	16384	16384	4	1	0	4	512	12526	28460	1018086	7144	10476016	48874	5	0	0	100.0	0.000
x15_r3	product	off	cold	sweep	16384	16384	16	1	0	0	512	111548	141188	11466164	85500	13086699	39124	5	0	0	0.0	0.000
x15_r3	tokio_fs	off	cold	sweep	16384	16384	16	1	0	1	512	108205	454127	5002862	57535	12436917	41168	53	0	0	0.0	0.000
x15_r3	pool	off	cold	sweep	16384	16384	16	1	0	2	512	93899	133055	11431135	66201	12479063	41029	21	0	0	3.1	0.000
x15_r3	hybrid_lazyring	off	cold	sweep	16384	16384	16	1	0	3	512	2656	86837	119327	26788	19898930	25730	5	0	0	0.4	0.000
x15_r3	uring	off	cold	sweep	16384	16384	16	1	0	4	512	56753	237490	5074304	6588	8094194	63255	5	0	0	100.0	0.000
x15_r3	product	off	cold	sweep	16384	16384	1	8	0	0	4096	3071	85021	624902	21814	80558287	50845	5	0	0	0.0	0.000
x15_r3	tokio_fs	off	cold	sweep	16384	16384	1	8	0	1	4096	49775	184060	877812	39027	76175163	53771	44	0	0	0.0	0.000
x15_r3	pool	off	cold	sweep	16384	16384	1	8	0	2	4096	2993	87061	849390	16812	62984463	65032	14	0	0	1.2	0.000
x15_r3	hybrid_lazyring	off	cold	sweep	16384	16384	1	8	0	3	4096	3200	77546	449590	15167	59316361	69053	5	0	0	1.2	0.000
x15_r3	uring	off	cold	sweep	16384	16384	1	8	0	4	4096	4028	17667	317546	12772	69471065	58960	5	0	0	100.0	0.488
x15_r3	product	off	cold	sweep	16384	16384	4	8	0	0	4096	3609	33869	8280246	16468	61306763	66812	5	0	0	0.0	0.000
x15_r3	tokio_fs	off	cold	sweep	16384	16384	4	8	0	1	4096	50642	184081	6285749	32693	56021863	73114	73	0	0	0.0	0.000
x15_r3	pool	off	cold	sweep	16384	16384	4	8	0	2	4096	3533	131421	10416819	26509	63122256	64890	40	0	0	3.6	0.000
x15_r3	hybrid_lazyring	off	cold	sweep	16384	16384	4	8	0	3	4096	3087	81579	6988597	15548	64762658	63246	5	0	0	2.6	0.000
x15_r3	uring	off	cold	sweep	16384	16384	4	8	0	4	4096	15290	46709	7874363	9037	58377672	70164	5	0	0	100.0	0.000
x15_r3	product	off	cold	sweep	16384	16384	16	8	0	0	4096	3679	1881207	21365866	19010	79170853	51736	5	0	0	0.0	0.000
x15_r3	tokio_fs	off	cold	sweep	16384	16384	16	8	0	1	4096	240296	2752162	19718037	37578	72034856	56861	126	0	0	0.0	0.000
x15_r3	pool	off	cold	sweep	16384	16384	16	8	0	2	4096	3340	299088	21388406	29075	73652874	55612	119	0	0	9.6	0.000
x15_r3	hybrid_lazyring	off	cold	sweep	16384	16384	16	8	0	3	4096	2961	615395	20986218	18419	85689456	47801	5	0	0	10.1	0.000
x15_r3	uring	off	cold	sweep	16384	16384	16	8	0	4	4096	65385	1869677	31862321	11979	69090954	59284	5	0	0	100.0	0.000
x15_r3	product	off	cold	sweep	16384	16384	1	64	0	0	32768	5512	167326	4532338	69441	676442059	48442	5	0	0	0.0	0.000
x15_r3	tokio_fs	off	cold	sweep	16384	16384	1	64	0	1	32768	200640	766440	3366832	45261	454201867	72144	161	0	0	0.0	0.000
x15_r3	pool	off	cold	sweep	16384	16384	1	64	0	2	32768	2867	92880	3309519	25486	422365619	77582	73	0	0	1.2	0.000
x15_r3	hybrid_lazyring	off	cold	sweep	16384	16384	1	64	0	3	32768	2664	80808	3516357	15292	385749336	84946	5	0	0	1.3	0.000
x15_r3	uring	off	cold	sweep	16384	16384	1	64	0	4	32768	3808	20858	8680041	12914	413358391	79273	5	0	0	100.0	0.000
x15_r3	product	off	cold	sweep	16384	16384	4	64	0	0	32768	3409	145055	108571152	30926	614646917	53312	5	0	0	0.0	0.000
x15_r3	tokio_fs	off	cold	sweep	16384	16384	4	64	0	1	32768	60474	658264	66936462	31357	413709864	79205	301	0	0	0.0	0.000
x15_r3	pool	off	cold	sweep	16384	16384	4	64	0	2	32768	3042	138517	82231646	29389	443110431	73950	258	0	0	3.6	0.000
x15_r3	hybrid_lazyring	off	cold	sweep	16384	16384	4	64	0	3	32768	2940	80189	62690984	14170	417998932	78393	5	0	0	3.3	0.000
x15_r3	uring	off	cold	sweep	16384	16384	4	64	0	4	32768	15452	360617	71754363	14834	428452635	76480	5	0	0	100.0	0.000
x15_r3	product	off	cold	sweep	16384	16384	16	64	0	0	32768	3686	20205684	132210485	22342	481031336	68120	5	0	0	0.0	0.000
x15_r3	tokio_fs	off	cold	sweep	16384	16384	16	64	0	1	32768	4321697	26950361	147820929	35565	471916643	69436	517	0	0	0.0	0.000
x15_r3	pool	off	cold	sweep	16384	16384	16	64	0	2	32768	3701	24852704	131072377	17213	549101851	59676	517	0	0	11.3	0.000
x15_r3	hybrid_lazyring	off	cold	sweep	16384	16384	16	64	0	3	32768	3238	16521754	214247449	19774	658320105	49775	5	0	0	12.2	0.000
x15_r3	uring	off	cold	sweep	16384	16384	16	64	0	4	32768	85807	19833310	133397748	20229	449789880	72852	5	0	0	100.0	0.000
x15_r3	product	off	warm	sweep	16384	16384	1	1	0	0	512	3971	4501	8946	4907	2351974	217689	5	0	0	0.0	0.000
x15_r3	tokio_fs	off	warm	sweep	16384	16384	1	1	0	1	512	8991	54084	88869	17922	9411613	54401	8	0	0	0.0	0.000
x15_r3	pool	off	warm	sweep	16384	16384	1	1	0	2	512	3367	3864	10716	4339	2089568	245027	5	0	0	0.0	0.000
x15_r3	hybrid_lazyring	off	warm	sweep	16384	16384	1	1	0	3	512	3376	3880	4655	4123	2004085	255478	5	0	0	0.0	0.000
x15_r3	uring	off	warm	sweep	16384	16384	1	1	0	4	512	4385	18003	64598	12118	5213813	98201	5	0	0	100.0	0.000
x15_r3	product	off	warm	sweep	16384	16384	4	1	0	0	512	3517	3999	10919	4514	1216115	421013	5	0	0	0.0	0.000
x15_r3	tokio_fs	off	warm	sweep	16384	16384	4	1	0	1	512	47148	135218	255985	44105	9041274	56629	15	0	0	0.0	0.000
x15_r3	pool	off	warm	sweep	16384	16384	4	1	0	2	512	3557	4681	8673	4720	859092	595978	5	0	0	0.0	0.000
x15_r3	hybrid_lazyring	off	warm	sweep	16384	16384	4	1	0	3	512	2799	3307	4339	3370	1689590	303032	5	0	0	0.0	0.000
x15_r3	uring	off	warm	sweep	16384	16384	4	1	0	4	512	30591	39217	67089	10274	4503265	113695	5	0	0	100.0	0.000
x15_r3	product	off	warm	sweep	16384	16384	16	1	0	0	512	3106	4125	9549	4428	632294	809750	5	0	0	0.0	0.000
x15_r3	tokio_fs	off	warm	sweep	16384	16384	16	1	0	1	512	115799	536405	1373528	46487	8937883	57284	45	0	0	0.0	0.000
x15_r3	pool	off	warm	sweep	16384	16384	16	1	0	2	512	3217	4164	5090	4457	663222	771989	5	0	0	0.0	0.000
x15_r3	hybrid_lazyring	off	warm	sweep	16384	16384	16	1	0	3	512	1938	2306	2872	2903	1377346	371729	5	0	0	0.0	0.000
x15_r3	uring	off	warm	sweep	16384	16384	16	1	0	4	512	67217	89277	107950	6062	2733837	187283	5	0	0	100.0	0.000
x15_r3	product	off	warm	sweep	16384	16384	1	8	0	0	4096	3503	4627	9492	4273	5607762	730416	5	0	0	0.0	0.000
x15_r3	tokio_fs	off	warm	sweep	16384	16384	1	8	0	1	4096	52076	168253	795226	34853	52794880	77583	48	0	0	0.0	0.000
x15_r3	pool	off	warm	sweep	16384	16384	1	8	0	2	4096	3538	4534	10211	4180	5813987	704508	5	0	0	0.0	0.000
x15_r3	hybrid_lazyring	off	warm	sweep	16384	16384	1	8	0	3	4096	3469	4408	10130	4096	5451236	751389	5	0	0	0.0	0.000
x15_r3	uring	off	warm	sweep	16384	16384	1	8	0	4	4096	4693	16742	32964	7675	10221383	400729	5	0	0	100.0	0.000
x15_r3	product	off	warm	sweep	16384	16384	4	8	0	0	4096	3930	5009	13545	4893	5114214	800905	5	0	0	0.0	0.000
x15_r3	tokio_fs	off	warm	sweep	16384	16384	4	8	0	1	4096	271376	753785	1917941	42296	50778760	80664	67	0	0	0.0	0.000
x15_r3	pool	off	warm	sweep	16384	16384	4	8	0	2	4096	3738	4728	10977	4547	4739704	864189	5	0	0	0.0	0.000
x15_r3	hybrid_lazyring	off	warm	sweep	16384	16384	4	8	0	3	4096	3622	4604	10686	4182	5700364	718551	5	0	0	0.0	0.000
x15_r3	uring	off	warm	sweep	16384	16384	4	8	0	4	4096	16610	29149	55483	5685	8272229	495151	5	0	0	100.0	0.000
x15_r3	product	off	warm	sweep	16384	16384	16	8	0	0	4096	3828	4909	12097	4706	4957053	826297	5	0	0	0.0	0.000
x15_r3	tokio_fs	off	warm	sweep	16384	16384	16	8	0	1	4096	1242059	3278802	5992447	42940	56525091	72463	43	0	0	0.0	0.000
x15_r3	pool	off	warm	sweep	16384	16384	16	8	0	2	4096	3284	4179	6692	3932	5505395	743997	5	0	0	0.0	0.000
x15_r3	hybrid_lazyring	off	warm	sweep	16384	16384	16	8	0	3	4096	3732	4918	12766	4578	5561797	736453	5	0	0	0.0	0.000
x15_r3	uring	off	warm	sweep	16384	16384	16	8	0	4	4096	65945	112361	201279	5787	7618873	537612	5	0	0	100.0	0.000
x15_r3	product	off	warm	sweep	16384	16384	1	64	0	0	32768	3398	4418	9494	3912	37781194	867310	5	0	0	0.0	0.000
x15_r3	tokio_fs	off	warm	sweep	16384	16384	1	64	0	1	32768	578797	1261191	2706521	34474	339947633	96391	62	0	0	0.0	0.000
x15_r3	pool	off	warm	sweep	16384	16384	1	64	0	2	32768	3630	4796	10138	4256	37084524	883603	5	0	0	0.0	0.000
x15_r3	hybrid_lazyring	off	warm	sweep	16384	16384	1	64	0	3	32768	3658	4734	10720	4233	35030628	935410	5	0	0	0.0	0.000
x15_r3	uring	off	warm	sweep	16384	16384	1	64	0	4	32768	4460	7046	33041	6231	66073927	495929	5	0	0	100.0	0.000
x15_r3	product	off	warm	sweep	16384	16384	4	64	0	0	32768	3644	4749	10030	4190	35025841	935538	5	0	0	0.0	0.000
x15_r3	tokio_fs	off	warm	sweep	16384	16384	4	64	0	1	32768	2198394	5026398	10314412	31157	331423741	98870	88	0	0	0.0	0.000
x15_r3	pool	off	warm	sweep	16384	16384	4	64	0	2	32768	3471	4556	8942	3907	34809458	941353	5	0	0	0.0	0.000
x15_r3	hybrid_lazyring	off	warm	sweep	16384	16384	4	64	0	3	32768	3261	4385	9771	3788	33103103	989877	5	0	0	0.0	0.000
x15_r3	uring	off	warm	sweep	16384	16384	4	64	0	4	32768	13250	21743	67919	4388	40013251	818929	5	0	0	100.0	0.000
x15_r3	product	off	warm	sweep	16384	16384	16	64	0	0	32768	3351	4434	10074	3858	31809370	1030137	5	0	0	0.0	0.000
x15_r3	tokio_fs	off	warm	sweep	16384	16384	16	64	0	1	32768	10704363	17550664	30059436	37959	358575296	91384	65	0	0	0.0	0.000
x15_r3	pool	off	warm	sweep	16384	16384	16	64	0	2	32768	3723	5174	11110	4507	40787875	803376	5	0	0	0.0	0.000
x15_r3	hybrid_lazyring	off	warm	sweep	16384	16384	16	64	0	3	32768	3718	5272	12845	4572	41172622	795869	5	0	0	0.0	0.000
x15_r3	uring	off	warm	sweep	16384	16384	16	64	0	4	32768	62112	108915	213580	5044	44460385	737016	5	0	0	100.0	0.000
x15_r3	tokio_fs_uring	off	cold	sweep	16384	16384	1	1	0	0	512	6012	7876	61882	11038	12971519	39471	6	0	0	0.0	0.000
x15_r3	tokio_fs_uring	off	cold	sweep	16384	16384	4	1	0	0	512	40541	144761	1028655	36878	12196930	41978	9	0	0	0.0	0.000
x15_r3	tokio_fs_uring	off	cold	sweep	16384	16384	16	1	0	0	512	294327	924731	2860619	60516	17088170	29962	14	0	0	0.0	0.000
x15_r3	tokio_fs_uring	off	cold	sweep	16384	16384	1	8	0	0	4096	170248	380521	2409528	60724	159965494	25606	10	0	0	0.0	0.000
x15_r3	tokio_fs_uring	off	cold	sweep	16384	16384	4	8	0	0	4096	740465	1219297	2418049	51625	104253592	39289	11	0	0	0.0	0.000
x15_r3	tokio_fs_uring	off	cold	sweep	16384	16384	16	8	0	0	4096	3352799	6521826	11861667	63451	131540973	31139	11	0	0	0.0	0.000
x15_r3	tokio_fs_uring	off	cold	sweep	16384	16384	1	64	0	0	32768	2053769	9696871	25292804	81882	2028106129	16157	16	0	0	0.0	0.000
x15_r3	tokio_fs_uring	off	cold	sweep	16384	16384	4	64	0	0	32768	4882293	8544017	28866886	45444	773273780	42376	9	0	0	0.0	0.000
x15_r3	tokio_fs_uring	off	cold	sweep	16384	16384	16	64	0	0	32768	26659238	54357958	127599790	64074	1107482186	29588	14	0	0	0.0	0.000
x15_r3	tokio_fs_uring	off	warm	sweep	16384	16384	1	1	0	0	512	6168	7102	35686	8669	4202724	121826	6	0	0	0.0	0.000
x15_r3	tokio_fs_uring	off	warm	sweep	16384	16384	4	1	0	0	512	52517	143775	228618	33515	9800523	52242	9	0	0	0.0	0.000
x15_r3	tokio_fs_uring	off	warm	sweep	16384	16384	16	1	0	0	512	305857	505833	880612	47548	11465562	44655	13	0	0	0.0	0.000
x15_r3	tokio_fs_uring	off	warm	sweep	16384	16384	1	8	0	0	4096	140757	894876	2414103	70830	187138277	21888	13	0	0	0.0	0.000
x15_r3	tokio_fs_uring	off	warm	sweep	16384	16384	4	8	0	0	4096	686480	1059536	1924697	47363	93990722	43579	21	0	0	0.0	0.000
x15_r3	tokio_fs_uring	off	warm	sweep	16384	16384	16	8	0	0	4096	2925324	4388427	6060600	53276	102388515	40004	15	0	0	0.0	0.000
x15_r3	tokio_fs_uring	off	warm	sweep	16384	16384	1	64	0	0	32768	1405031	2121923	2755307	46781	730989883	44827	11	0	0	0.0	0.000
x15_r3	tokio_fs_uring	off	warm	sweep	16384	16384	4	64	0	0	32768	5615272	9362157	14794247	49468	770935310	42504	21	0	0	0.0	0.000
x15_r3	tokio_fs_uring	off	warm	sweep	16384	16384	16	64	0	0	32768	25195752	35425020	64900118	56427	856709425	38249	17	0	0	0.0	0.000
x15_r3	product	off	cold	sweep	65536	65536	1	1	0	0	128	893834	1347429	1792602	659667	85654314	1494	5	0	0	0.0	0.000
x15_r3	tokio_fs	off	cold	sweep	65536	65536	1	1	0	1	128	102948	170021	291613	128424	15879595	8061	6	0	0	0.0	0.000
x15_r3	pool	off	cold	sweep	65536	65536	1	1	0	2	128	12972	1547407	2001618	397279	51581055	2482	6	0	0	1.6	0.000
x15_r3	hybrid_lazyring	off	cold	sweep	65536	65536	1	1	0	3	128	14437	1378529	1617863	436905	56496570	2266	5	0	0	0.8	0.000
x15_r3	uring	off	cold	sweep	65536	65536	1	1	0	4	128	19320	35519	1033102	37736	9447653	13548	5	0	0	100.0	0.000
x15_r3	product	off	cold	sweep	65536	65536	4	1	0	0	128	11890	755818	16973468	148102	20205495	6335	5	0	0	0.0	0.000
x15_r3	tokio_fs	off	cold	sweep	65536	65536	4	1	0	1	128	115705	328014	1396543	129679	8022146	15956	11	0	0	0.0	0.000
x15_r3	pool	off	cold	sweep	65536	65536	4	1	0	2	128	837944	1233253	1749917	557377	20242648	6323	9	0	0	3.1	0.000
x15_r3	hybrid_lazyring	off	cold	sweep	65536	65536	4	1	0	3	128	743246	1270587	1918419	602462	78441702	1632	5	0	0	0.8	0.000
x15_r3	uring	off	cold	sweep	65536	65536	4	1	0	4	128	85175	255003	4677020	33997	9534219	13425	5	0	0	100.0	0.000
x15_r3	product	off	cold	sweep	65536	65536	16	1	0	0	128	64805	3529155	17522428	501536	21801820	5871	5	0	0	0.0	0.000
x15_r3	tokio_fs	off	cold	sweep	65536	65536	16	1	0	1	128	165302	2185544	4690550	166224	9117191	14039	37	0	0	0.0	0.000
x15_r3	pool	off	cold	sweep	65536	65536	16	1	0	2	128	13704	6948502	12808661	273926	16718764	7656	21	0	0	25.0	0.000
x15_r3	hybrid_lazyring	off	cold	sweep	65536	65536	16	1	0	3	128	29569	1689407	2140585	243126	32600248	3926	5	0	0	10.2	0.000
x15_r3	uring	off	cold	sweep	65536	65536	16	1	0	4	128	365203	2304089	2370992	45361	7491040	17087	5	0	0	100.0	0.000
x15_r3	product	off	cold	sweep	65536	65536	1	8	0	0	1024	11521	1676732	9955759	340556	134212934	7630	5	0	0	0.0	0.098
x15_r3	tokio_fs	off	cold	sweep	65536	65536	1	8	0	1	1024	72411	171139	12343511	89572	80611670	12703	25	0	0	0.0	0.000
x15_r3	pool	off	cold	sweep	65536	65536	1	8	0	2	1024	11020	1305114	9422510	130308	87063516	11762	13	0	0	4.4	0.000
x15_r3	hybrid_lazyring	off	cold	sweep	65536	65536	1	8	0	3	1024	10465	829372	14200427	88157	84215845	12159	5	0	0	4.3	0.000
x15_r3	uring	off	cold	sweep	65536	65536	1	8	0	4	1024	12514	36584	12674308	62897	77316085	13244	5	0	0	100.0	0.000
x15_r3	product	off	cold	sweep	65536	65536	4	8	0	0	1024	11937	3638179	20899867	86131	77987342	13130	5	0	0	0.0	0.000
x15_r3	tokio_fs	off	cold	sweep	65536	65536	4	8	0	1	1024	91368	1158644	36006659	99124	78399369	13061	48	0	0	0.0	0.000
x15_r3	pool	off	cold	sweep	65536	65536	4	8	0	2	1024	12222	3434583	44749927	191967	80753929	12680	50	0	0	12.2	0.000
x15_r3	hybrid_lazyring	off	cold	sweep	65536	65536	4	8	0	3	1024	11958	1615011	20393411	91670	93195011	10988	5	0	0	11.1	0.000
x15_r3	uring	off	cold	sweep	65536	65536	4	8	0	4	1024	82830	5959539	58532028	143739	177551741	5767	5	0	0	100.0	0.000
x15_r3	product	off	cold	sweep	65536	65536	16	8	0	0	1024	47239	22850856	28602934	92286	78711358	13010	5	0	0	0.0	0.000
x15_r3	tokio_fs	off	cold	sweep	65536	65536	16	8	0	1	1024	190398	19830848	44039433	122640	94868773	10794	127	0	0	0.0	0.000
x15_r3	pool	off	cold	sweep	65536	65536	16	8	0	2	1024	16144	27147967	80154094	109937	143720535	7125	119	0	0	38.7	0.000
x15_r3	hybrid_lazyring	off	cold	sweep	65536	65536	16	8	0	3	1024	30519	18507952	37071284	79505	106316497	9632	5	0	0	45.6	0.000
x15_r3	uring	off	cold	sweep	65536	65536	16	8	0	4	1024	6747481	18823183	27441556	85950	91957082	11136	5	0	0	100.0	0.388
x15_r3	product	off	cold	sweep	65536	65536	1	64	0	0	8192	13044	1849293	150792045	351162	937963392	8734	5	0	0	0.0	0.000
x15_r3	tokio_fs	off	cold	sweep	65536	65536	1	64	0	1	8192	87266	817964	107445743	120166	512378688	15988	91	0	0	0.0	0.000
x15_r3	pool	off	cold	sweep	65536	65536	1	64	0	2	8192	12042	1930934	110295962	355138	844627646	9699	72	0	0	4.2	0.000
x15_r3	hybrid_lazyring	off	cold	sweep	65536	65536	1	64	0	3	8192	10478	1308448	92366227	149003	450637560	18179	5	0	0	4.5	0.000
x15_r3	uring	off	cold	sweep	65536	65536	1	64	0	4	8192	14844	1801395	110180230	215022	616130978	13296	5	0	0	100.0	0.000
x15_r3	product	off	cold	sweep	65536	65536	4	64	0	0	8192	13215	32894567	168659532	145963	638940393	12821	5	0	0	0.0	0.000
x15_r3	tokio_fs	off	cold	sweep	65536	65536	4	64	0	1	8192	114328	8648716	281364653	114823	627307761	13059	281	0	0	0.0	0.000
x15_r3	pool	off	cold	sweep	65536	65536	4	64	0	2	8192	12618	24123484	175445702	253351	703724033	11641	244	0	0	12.1	0.000
x15_r3	hybrid_lazyring	off	cold	sweep	65536	65536	4	64	0	3	8192	12534	13475532	171311746	268537	719162736	11391	5	0	0	12.1	0.000
x15_r3	uring	off	cold	sweep	65536	65536	4	64	0	4	8192	85881	23193955	199930087	223051	692224003	11834	5	0	0	100.0	0.000
x15_r3	product	off	cold	sweep	65536	65536	16	64	0	0	8192	26326	142315258	241831025	125477	561966323	14577	5	0	0	0.0	0.000
x15_r3	tokio_fs	off	cold	sweep	65536	65536	16	64	0	1	8192	18376957	127480183	221542556	140409	503680557	16264	517	0	0	0.0	0.000
x15_r3	pool	off	cold	sweep	65536	65536	16	64	0	2	8192	16649	138939801	294703439	150909	583592841	14037	517	0	0	31.9	0.000
x15_r3	hybrid_lazyring	off	cold	sweep	65536	65536	16	64	0	3	8192	62668	122416680	318878308	130262	626779695	13070	5	0	0	38.6	0.000
x15_r3	uring	off	cold	sweep	65536	65536	16	64	0	4	8192	2705890	101968603	289242604	98619	523284890	15655	5	0	0	100.0	0.000
x15_r3	tokio_fs_uring	off	cold	sweep	65536	65536	1	1	0	0	128	14948	18513	1478986	34168	11304126	11323	6	0	0	0.0	0.000
x15_r3	tokio_fs_uring	off	cold	sweep	65536	65536	4	1	0	0	128	103294	739759	2107707	110315	10727998	11931	9	0	0	0.0	0.000
x15_r3	tokio_fs_uring	off	cold	sweep	65536	65536	16	1	0	0	128	481521	2238545	4359496	110193	8503995	15052	8	0	0	0.0	0.099
x15_r3	tokio_fs_uring	off	cold	sweep	65536	65536	1	8	0	0	1024	155744	341633	12194144	65823	73081381	14012	12	0	0	0.0	0.000
x15_r3	tokio_fs_uring	off	cold	sweep	65536	65536	4	8	0	0	1024	513533	2782945	20694803	91288	65246715	15694	10	0	0	0.0	0.000
x15_r3	tokio_fs_uring	off	cold	sweep	65536	65536	16	8	0	0	1024	8480111	19571271	27192129	159912	88420058	11581	10	0	0	0.0	0.000
x15_r3	tokio_fs_uring	off	cold	sweep	65536	65536	1	64	0	0	8192	2558637	14636459	72791122	190465	1329184602	6163	13	0	0	0.0	0.000
x15_r3	tokio_fs_uring	off	cold	sweep	65536	65536	4	64	0	0	8192	7292624	19160642	133031381	110411	514514379	15922	15	0	0	0.0	0.000
x15_r3	tokio_fs_uring	off	cold	sweep	65536	65536	16	64	0	0	8192	48148580	143887848	250480729	142550	617501627	13266	20	0	0	0.0	0.000
x15_r3	product	off	cold	sweep	262144	262144	1	1	0	0	32	186264	3398782	4360167	1394327	46261268	692	5	0	0	0.0	0.000
x15_r3	tokio_fs	off	cold	sweep	262144	262144	1	1	0	1	32	159326	546405	986998	243454	8083907	3958	6	0	0	0.0	0.000
x15_r3	pool	off	cold	sweep	262144	262144	1	1	0	2	32	3017881	3741237	4499369	2015506	68308472	468	6	0	0	3.1	0.000
x15_r3	hybrid_lazyring	off	cold	sweep	262144	262144	1	1	0	3	32	44742	3926172	5369636	955763	34101188	938	5	0	0	3.1	0.000
x15_r3	uring	off	cold	sweep	262144	262144	1	1	0	4	32	42791	100737	4234672	113420	7134727	4485	5	0	0	100.0	0.000
x15_r3	product	off	cold	sweep	262144	262144	4	1	0	0	32	3000850	4090619	4221933	2021162	18774113	1704	5	0	0	9.4	0.000
x15_r3	tokio_fs	off	cold	sweep	262144	262144	4	1	0	1	32	203718	1546247	2902168	297246	7952095	4024	9	0	0	0.0	0.000
x15_r3	pool	off	cold	sweep	262144	262144	4	1	0	2	32	54159	2848345	3123814	109131	5061023	6323	9	0	0	25.0	0.000
x15_r3	hybrid_lazyring	off	cold	sweep	262144	262144	4	1	0	3	32	37407	3993673	4074528	114605	7564760	4230	5	0	0	25.0	0.000
x15_r3	uring	off	cold	sweep	262144	262144	4	1	0	4	32	190118	6792676	6962129	96626	10999926	2909	5	0	0	100.0	0.000
x15_r3	product	off	cold	sweep	262144	262144	16	1	0	0	32	3991501	4841088	4874027	223242	6001611	5332	5	0	0	46.9	0.000
x15_r3	tokio_fs	off	cold	sweep	262144	262144	16	1	0	1	32	3303197	6402161	8696120	665578	10903092	2935	30	0	0	0.0	0.000
x15_r3	pool	off	cold	sweep	262144	262144	16	1	0	2	32	3138508	3784942	3931813	195495	4372660	7318	21	0	0	50.0	0.000
x15_r3	hybrid_lazyring	off	cold	sweep	262144	262144	16	1	0	3	32	171585	3324340	3384093	194730	9145103	3499	5	0	0	15.6	0.000
x15_r3	uring	off	cold	sweep	262144	262144	16	1	0	4	32	3623432	6914745	9689387	144946	12611370	2537	5	0	0	100.0	0.000
x15_r3	product	off	cold	sweep	262144	262144	1	8	0	0	256	45858	4243480	13823925	96735	54397171	4706	5	0	0	7.0	0.000
x15_r3	tokio_fs	off	cold	sweep	262144	262144	1	8	0	1	256	155503	3121007	31130327	173530	82182949	3115	18	0	0	0.0	0.000
x15_r3	pool	off	cold	sweep	262144	262144	1	8	0	2	256	43448	3185807	20695689	167694	61759718	4145	13	0	0	13.7	0.000
x15_r3	hybrid_lazyring	off	cold	sweep	262144	262144	1	8	0	3	256	47945	4341525	35512833	295945	106487329	2404	5	0	0	13.7	0.000
x15_r3	uring	off	cold	sweep	262144	262144	1	8	0	4	256	73812	9919949	29401028	1002685	138169497	1853	5	0	0	100.0	0.000
x15_r3	product	off	cold	sweep	262144	262144	4	8	0	0	256	68068	17895433	25340017	187316	71906841	3560	5	0	0	36.7	0.000
x15_r3	tokio_fs	off	cold	sweep	262144	262144	4	8	0	1	256	222346	23744040	26557807	285406	62613490	4089	45	0	0	0.0	0.000
x15_r3	pool	off	cold	sweep	262144	262144	4	8	0	2	256	75876	25618738	34207336	317013	60312464	4245	41	0	0	35.9	0.000
x15_r3	hybrid_lazyring	off	cold	sweep	262144	262144	4	8	0	3	256	958216	14408655	31747286	356547	81982572	3123	5	0	0	39.5	0.000
x15_r3	uring	off	cold	sweep	262144	262144	4	8	0	4	256	2018273	37040098	50932293	455607	113974293	2246	5	0	0	100.0	0.000
x15_r3	product	off	cold	sweep	262144	262144	16	8	0	0	256	57498269	70348084	116788973	788809	134810599	1899	5	0	0	71.9	0.000
x15_r3	tokio_fs	off	cold	sweep	262144	262144	16	8	0	1	256	21657814	43350147	61873540	685740	104547611	2449	88	0	0	0.0	0.000
x15_r3	pool	off	cold	sweep	262144	262144	16	8	0	2	256	14988830	36783182	57627064	393221	83545951	3064	113	0	0	86.7	0.000
x15_r3	hybrid_lazyring	off	cold	sweep	262144	262144	16	8	0	3	256	18775695	39557987	51747208	322511	86576569	2957	5	0	0	87.9	0.000
x15_r3	uring	off	cold	sweep	262144	262144	16	8	0	4	256	17461712	32039385	40250975	303491	67222510	3808	5	0	0	100.0	0.000
x15_r3	product	off	cold	sweep	262144	262144	1	64	0	0	2048	118288	24908333	219935476	755737	617021268	3319	5	0	0	8.4	0.000
x15_r3	tokio_fs	off	cold	sweep	262144	262144	1	64	0	1	2048	210941	10336019	179018080	332051	579117868	3536	85	0	0	0.0	0.000
x15_r3	pool	off	cold	sweep	262144	262144	1	64	0	2	2048	51855	19299605	146844708	372870	444439711	4608	71	0	0	14.0	0.000
x15_r3	hybrid_lazyring	off	cold	sweep	262144	262144	1	64	0	3	2048	46304	18059578	141488131	260243	383298540	5343	5	0	0	14.3	0.000
x15_r3	uring	off	cold	sweep	262144	262144	1	64	0	4	2048	62310	19090918	151626775	134647	405368251	5052	5	0	0	100.0	0.000
x15_r3	product	off	cold	sweep	262144	262144	4	64	0	0	2048	96886	123772554	187900936	195577	446002321	4592	5	0	0	39.6	0.000
x15_r3	tokio_fs	off	cold	sweep	262144	262144	4	64	0	1	2048	898371	180602183	357411328	392640	575514078	3559	263	0	0	0.0	0.000
x15_r3	pool	off	cold	sweep	262144	262144	4	64	0	2	2048	1633627	127428262	237451967	532329	544984579	3758	246	0	0	39.8	0.000
x15_r3	hybrid_lazyring	off	cold	sweep	262144	262144	4	64	0	3	2048	1393004	112628178	158874320	307477	519357628	3943	5	0	0	45.5	0.000
x15_r3	uring	off	cold	sweep	262144	262144	4	64	0	4	2048	12501711	168687963	263628348	311022	686683809	2982	5	0	0	100.0	0.000
x15_r3	product	off	cold	sweep	262144	262144	16	64	0	0	2048	105409931	239445448	344865401	428886	515939395	3969	5	0	0	69.1	0.000
x15_r3	tokio_fs	off	cold	sweep	262144	262144	16	64	0	1	2048	124140861	221437291	318653546	691501	481187890	4256	385	0	0	0.0	0.000
x15_r3	pool	off	cold	sweep	262144	262144	16	64	0	2	2048	132525744	212217601	345311682	450075	625149354	3276	517	0	0	87.4	0.000
x15_r3	hybrid_lazyring	off	cold	sweep	262144	262144	16	64	0	3	2048	98881738	753859948	770676971	629148	956059133	2142	5	0	0	75.5	0.000
x15_r3	uring	off	cold	sweep	262144	262144	16	64	0	4	2048	140538764	220186348	273364570	317415	492523755	4158	5	0	0	100.0	0.000
x15_r3	tokio_fs_uring	off	cold	sweep	262144	262144	1	1	0	0	32	51311	308811	6120787	113943	10485931	3052	6	0	0	0.0	0.000
x15_r3	tokio_fs_uring	off	cold	sweep	262144	262144	4	1	0	0	32	218936	2264331	3173164	305236	8124586	3939	9	0	0	0.0	0.000
x15_r3	tokio_fs_uring	off	cold	sweep	262144	262144	16	1	0	0	32	2877314	6241597	7074291	494280	8675891	3688	12	0	0	0.0	0.005
x15_r3	tokio_fs_uring	off	cold	sweep	262144	262144	1	8	0	0	256	211880	3227715	39862071	180495	81125137	3156	12	0	0	0.0	0.000
x15_r3	tokio_fs_uring	off	cold	sweep	262144	262144	4	8	0	0	256	2508536	17192646	25465571	322613	65390831	3915	15	0	0	0.0	0.000
x15_r3	tokio_fs_uring	off	cold	sweep	262144	262144	16	8	0	0	256	20689663	42124132	56106211	554152	68617957	3731	13	0	0	0.0	0.000
x15_r3	tokio_fs_uring	off	cold	sweep	262144	262144	1	64	0	0	2048	1017636	25719423	214237001	380541	631374425	3244	12	0	0	0.0	0.000
x15_r3	tokio_fs_uring	off	cold	sweep	262144	262144	4	64	0	0	2048	25432396	100883774	344280574	395955	606360612	3378	11	0	0	0.0	0.000
x15_r3	tokio_fs_uring	off	cold	sweep	262144	262144	16	64	0	0	2048	201979624	354483271	411813351	745031	675257044	3033	16	0	0	0.0	0.000
x15_r4	tokio_fs	off	cold	sweep	16384	16384	1	1	0	0	512	62657	81197	175557	76119	35785722	14307	7	0	0	0.0	0.000
x15_r4	pool	off	cold	sweep	16384	16384	1	1	0	1	512	75973	97419	153376	50519	26630786	19226	6	0	0	0.2	0.000
x15_r4	hybrid_lazyring	off	cold	sweep	16384	16384	1	1	0	2	512	89700	163355	568936	87786	46231631	11075	5	0	0	0.2	0.000
x15_r4	uring	off	cold	sweep	16384	16384	1	1	0	3	512	3775	16049	40822	8852	10120720	50589	5	0	0	100.0	0.000
x15_r4	product	off	cold	sweep	16384	16384	1	1	0	4	512	90666	238079	331735	103824	55763622	9182	5	0	0	0.0	0.000
x15_r4	tokio_fs	off	cold	sweep	16384	16384	4	1	0	0	512	60538	129500	1527537	59306	16306030	31399	14	0	0	0.0	0.000
x15_r4	pool	off	cold	sweep	16384	16384	4	1	0	1	512	92477	147056	209399	70798	13252202	38635	9	0	0	0.8	0.000
x15_r4	hybrid_lazyring	off	cold	sweep	16384	16384	4	1	0	2	512	80395	98948	161480	61235	32691312	15662	5	0	0	0.2	0.000
x15_r4	uring	off	cold	sweep	16384	16384	4	1	0	3	512	10336	31468	275723	6581	7110912	72002	5	0	0	100.0	0.000
x15_r4	product	off	cold	sweep	16384	16384	4	1	0	4	512	3084	102427	1059948	34585	18506625	27666	5	0	0	0.0	0.000
x15_r4	tokio_fs	off	cold	sweep	16384	16384	16	1	0	0	512	70210	736207	3213543	61806	12617287	40579	46	0	0	0.0	0.000
x15_r4	pool	off	cold	sweep	16384	16384	16	1	0	1	512	3926	250986	8276312	55075	16885716	30321	21	0	0	6.2	0.000
x15_r4	hybrid_lazyring	off	cold	sweep	16384	16384	16	1	0	2	512	3624	111512	684390	49999	28679474	17852	5	0	0	0.4	0.000
x15_r4	uring	off	cold	sweep	16384	16384	16	1	0	3	512	60183	350257	5877712	8424	10420457	49134	5	0	0	100.0	0.000
x15_r4	product	off	cold	sweep	16384	16384	16	1	0	4	512	4292	210792	7697336	58365	12999175	39387	5	0	0	0.0	0.000
x15_r4	tokio_fs	off	cold	sweep	16384	16384	1	8	0	0	4096	59226	170162	833047	43317	82559018	49613	41	0	0	0.0	0.000
x15_r4	pool	off	cold	sweep	16384	16384	1	8	0	1	4096	3254	90860	380519	19600	55610892	73655	13	0	0	1.0	0.000
x15_r4	hybrid_lazyring	off	cold	sweep	16384	16384	1	8	0	2	4096	3175	4791	2213262	9222	60961256	67190	5	0	0	1.3	0.000
x15_r4	uring	off	cold	sweep	16384	16384	1	8	0	3	4096	4645	18961	1669531	12837	69127491	59253	5	0	0	100.0	0.000
x15_r4	product	off	cold	sweep	16384	16384	1	8	0	4	4096	3194	4629	2886241	6469	61453362	66652	5	0	0	0.0	0.000
x15_r4	tokio_fs	off	cold	sweep	16384	16384	4	8	0	0	4096	74364	265163	6357074	38973	67225803	60929	75	0	0	0.0	0.000
x15_r4	pool	off	cold	sweep	16384	16384	4	8	0	1	4096	3440	114671	16091328	25535	66225966	61849	36	0	0	3.1	0.000
x15_r4	hybrid_lazyring	off	cold	sweep	16384	16384	4	8	0	2	4096	3445	88827	8100150	16534	64115178	63885	5	0	0	3.2	0.000
x15_r4	uring	off	cold	sweep	16384	16384	4	8	0	3	4096	21178	47938	15252557	13254	61670749	66417	5	0	0	100.0	0.000
x15_r4	product	off	cold	sweep	16384	16384	4	8	0	4	4096	3913	7398	11357258	18286	90497601	45261	5	0	0	0.0	0.000
x15_r4	tokio_fs	off	cold	sweep	16384	16384	16	8	0	0	4096	289768	3129006	19826396	42515	77450358	52885	151	0	0	0.0	0.000
x15_r4	pool	off	cold	sweep	16384	16384	16	8	0	1	4096	3699	160062	24397577	28083	76389926	53620	117	0	0	9.1	0.000
x15_r4	hybrid_lazyring	off	cold	sweep	16384	16384	16	8	0	2	4096	3875	1704957	11659268	14736	70758959	57887	5	0	0	11.6	0.000
x15_r4	uring	off	cold	sweep	16384	16384	16	8	0	3	4096	78940	4654279	16417633	10407	62680296	65347	5	0	0	100.0	0.000
x15_r4	product	off	cold	sweep	16384	16384	16	8	0	4	4096	4013	1099251	55792625	53244	117593841	34832	5	0	0	0.0	0.000
x15_r4	tokio_fs	off	cold	sweep	16384	16384	1	64	0	0	32768	426358	2143154	6853040	92749	906661450	36141	185	0	0	0.0	0.000
x15_r4	pool	off	cold	sweep	16384	16384	1	64	0	1	32768	3494	121213	3278646	28901	443837644	73829	75	0	0	1.2	0.000
x15_r4	hybrid_lazyring	off	cold	sweep	16384	16384	1	64	0	2	32768	3309	98482	2267021	29764	569730322	57515	5	0	0	1.3	0.000
x15_r4	uring	off	cold	sweep	16384	16384	1	64	0	3	32768	4631	107518	5861198	29882	493434089	66408	5	0	0	100.0	0.000
x15_r4	product	off	cold	sweep	16384	16384	1	64	0	4	32768	3250	87118	2925209	16823	433650052	75563	5	0	0	0.0	0.000
x15_r4	tokio_fs	off	cold	sweep	16384	16384	4	64	0	0	32768	45605	286710	71729586	30740	416360658	78701	317	0	0	0.0	0.000
x15_r4	pool	off	cold	sweep	16384	16384	4	64	0	1	32768	3572	101978	80785037	29266	528484499	62004	257	0	0	3.8	0.000
x15_r4	hybrid_lazyring	off	cold	sweep	16384	16384	4	64	0	2	32768	3200	116787	48709317	26455	492382846	66550	5	0	0	3.2	0.000
x15_r4	uring	off	cold	sweep	16384	16384	4	64	0	3	32768	19164	420296	78399957	19930	478018979	68550	5	0	0	100.0	0.000
x15_r4	product	off	cold	sweep	16384	16384	4	64	0	4	32768	3622	18794	70523141	14722	440019300	74469	5	0	0	0.0	0.000
x15_r4	tokio_fs	off	cold	sweep	16384	16384	16	64	0	0	32768	2265195	28546473	151177793	32307	457845540	71570	517	0	0	0.0	0.000
x15_r4	pool	off	cold	sweep	16384	16384	16	64	0	1	32768	3630	559422	175118432	32683	556123773	58922	517	0	0	9.8	0.000
x15_r4	hybrid_lazyring	off	cold	sweep	16384	16384	16	64	0	2	32768	3380	10955526	115802945	22248	467502053	70092	5	0	0	11.8	0.000
x15_r4	uring	off	cold	sweep	16384	16384	16	64	0	3	32768	69314	18774136	117219942	17103	450870120	72677	5	0	0	100.0	0.000
x15_r4	product	off	cold	sweep	16384	16384	16	64	0	4	32768	3425	13617926	128312491	21570	480573725	68185	5	0	0	0.0	0.000
x15_r4	tokio_fs	off	warm	sweep	16384	16384	1	1	0	0	512	52599	67743	114928	62690	29555531	17323	7	0	0	0.0	0.000
x15_r4	pool	off	warm	sweep	16384	16384	1	1	0	1	512	2749	3231	4486	3550	1675010	305670	5	0	0	0.0	0.000
x15_r4	hybrid_lazyring	off	warm	sweep	16384	16384	1	1	0	2	512	2745	3399	5734	3608	1675255	305625	5	0	0	0.0	0.000
x15_r4	uring	off	warm	sweep	16384	16384	1	1	0	3	512	16440	17986	39088	18294	7780859	65803	5	0	0	100.0	0.000
x15_r4	product	off	warm	sweep	16384	16384	1	1	0	4	512	2507	2957	4010	3208	1516900	337530	5	0	0	0.0	0.000
x15_r4	tokio_fs	off	warm	sweep	16384	16384	4	1	0	0	512	22121	96264	356280	31859	7183754	71272	19	0	0	0.0	0.000
x15_r4	pool	off	warm	sweep	16384	16384	4	1	0	1	512	2720	3305	6206	3888	597657	856679	5	0	0	0.0	0.000
x15_r4	hybrid_lazyring	off	warm	sweep	16384	16384	4	1	0	2	512	2102	2520	9686	2863	1360762	376260	5	0	0	0.0	0.000
x15_r4	uring	off	warm	sweep	16384	16384	4	1	0	3	512	22842	29975	45628	7816	3395826	150773	5	0	0	100.0	0.000
x15_r4	product	off	warm	sweep	16384	16384	4	1	0	4	512	2443	3201	9620	3743	573308	893063	5	0	0	0.0	0.000
x15_r4	tokio_fs	off	warm	sweep	16384	16384	16	1	0	0	512	61041	317944	1406234	34201	5881785	87048	43	0	0	0.0	0.000
x15_r4	pool	off	warm	sweep	16384	16384	16	1	0	1	512	2537	3213	9002	3839	583905	876855	5	0	0	0.0	0.000
x15_r4	hybrid_lazyring	off	warm	sweep	16384	16384	16	1	0	2	512	2062	2382	3032	2854	1382405	370369	5	0	0	0.0	0.000
x15_r4	uring	off	warm	sweep	16384	16384	16	1	0	3	512	51316	65946	111150	4536	2081235	246008	5	0	0	100.0	0.000
x15_r4	product	off	warm	sweep	16384	16384	16	1	0	4	512	2188	2624	6063	3073	574723	890864	5	0	0	0.0	0.000
x15_r4	tokio_fs	off	warm	sweep	16384	16384	1	8	0	0	4096	38887	125489	408669	27293	35885677	114140	52	0	0	0.0	0.000
x15_r4	pool	off	warm	sweep	16384	16384	1	8	0	1	4096	3046	3846	7809	3496	5339790	767071	5	0	0	0.0	0.000
x15_r4	hybrid_lazyring	off	warm	sweep	16384	16384	1	8	0	2	4096	3050	3959	8454	3661	5609941	730132	5	0	0	0.0	0.000
x15_r4	uring	off	warm	sweep	16384	16384	1	8	0	3	4096	3331	4767	20358	5000	6497753	630372	5	0	0	100.0	0.000
x15_r4	product	off	warm	sweep	16384	16384	1	8	0	4	4096	3003	3858	7768	3490	5083458	805751	5	0	0	0.0	0.000
x15_r4	tokio_fs	off	warm	sweep	16384	16384	4	8	0	0	4096	146814	402810	1641087	24668	30907886	132523	80	0	0	0.0	0.000
x15_r4	pool	off	warm	sweep	16384	16384	4	8	0	1	4096	3174	4143	9932	3840	4029092	1016606	5	0	0	0.0	0.000
x15_r4	hybrid_lazyring	off	warm	sweep	16384	16384	4	8	0	2	4096	3037	3854	5401	3562	3877333	1056396	5	0	0	0.0	0.000
x15_r4	uring	off	warm	sweep	16384	16384	4	8	0	3	4096	14368	26644	56736	5134	8459966	484163	5	0	0	100.0	0.000
x15_r4	product	off	warm	sweep	16384	16384	4	8	0	4	4096	2967	3876	7559	3453	3733282	1097158	5	0	0	0.0	0.000
x15_r4	tokio_fs	off	warm	sweep	16384	16384	16	8	0	0	4096	705694	1841105	3294072	26590	31842351	128634	62	0	0	0.0	0.000
x15_r4	pool	off	warm	sweep	16384	16384	16	8	0	1	4096	3021	3826	7867	3520	3783908	1082479	5	0	0	0.0	0.000
x15_r4	hybrid_lazyring	off	warm	sweep	16384	16384	16	8	0	2	4096	2971	3814	6780	3488	5330790	768366	5	0	0	0.0	0.000
x15_r4	uring	off	warm	sweep	16384	16384	16	8	0	3	4096	57189	89970	144462	4671	7094220	577371	5	0	0	100.0	0.000
x15_r4	product	off	warm	sweep	16384	16384	16	8	0	4	4096	2964	4027	10137	3625	4504982	909216	5	0	0	0.0	0.000
x15_r4	tokio_fs	off	warm	sweep	16384	16384	1	64	0	0	32768	353046	796177	1649423	22990	210621761	155577	72	0	0	0.0	0.000
x15_r4	pool	off	warm	sweep	16384	16384	1	64	0	1	32768	2951	3897	9207	3502	29208168	1121878	5	0	0	0.0	0.000
x15_r4	hybrid_lazyring	off	warm	sweep	16384	16384	1	64	0	2	32768	2947	3887	9631	3502	29946335	1094224	5	0	0	0.0	0.000
x15_r4	uring	off	warm	sweep	16384	16384	1	64	0	3	32768	3538	5215	30247	4886	42865870	764431	5	0	0	100.0	0.000
x15_r4	product	off	warm	sweep	16384	16384	1	64	0	4	32768	3012	3953	9669	3554	30397957	1077967	5	0	0	0.0	0.000
x15_r4	tokio_fs	off	warm	sweep	16384	16384	4	64	0	0	32768	1731112	3533050	5895153	25755	240315838	136354	67	0	0	0.0	0.000
x15_r4	pool	off	warm	sweep	16384	16384	4	64	0	1	32768	3079	4021	7915	3526	30710424	1066999	5	0	0	0.0	0.000
x15_r4	hybrid_lazyring	off	warm	sweep	16384	16384	4	64	0	2	32768	2993	3944	9090	3506	29730829	1102156	5	0	0	0.0	0.000
x15_r4	uring	off	warm	sweep	16384	16384	4	64	0	3	32768	13618	23122	78212	4593	41294193	793526	5	0	0	100.0	0.000
x15_r4	product	off	warm	sweep	16384	16384	4	64	0	4	32768	3200	4419	10390	3784	31213639	1049797	5	0	0	0.0	0.000
x15_r4	tokio_fs	off	warm	sweep	16384	16384	16	64	0	0	32768	8584069	13917994	23460602	29929	282293453	116078	56	0	0	0.0	0.000
x15_r4	pool	off	warm	sweep	16384	16384	16	64	0	1	32768	3073	4191	9997	3724	32879200	996618	5	0	0	0.0	0.000
x15_r4	hybrid_lazyring	off	warm	sweep	16384	16384	16	64	0	2	32768	3180	4333	10756	3873	33005985	992790	5	0	0	0.0	0.000
x15_r4	uring	off	warm	sweep	16384	16384	16	64	0	3	32768	53166	95441	179612	4309	38056680	861031	5	0	0	100.0	0.000
x15_r4	product	off	warm	sweep	16384	16384	16	64	0	4	32768	3061	4078	9685	3615	30042781	1090711	5	0	0	0.0	0.000
x15_r4	tokio_fs_uring	off	cold	sweep	16384	16384	1	1	0	0	512	6245	8333	60466	11058	10912098	46920	6	0	0	0.0	0.000
x15_r4	tokio_fs_uring	off	cold	sweep	16384	16384	4	1	0	0	512	54909	146615	603966	36396	11400892	44909	8	0	0	0.0	0.000
x15_r4	tokio_fs_uring	off	cold	sweep	16384	16384	16	1	0	0	512	265626	952095	2252459	50730	14165138	36145	10	0	0	0.0	0.000
x15_r4	tokio_fs_uring	off	cold	sweep	16384	16384	1	8	0	0	4096	90509	198902	363869	30270	80535179	50860	11	0	0	0.0	0.000
x15_r4	tokio_fs_uring	off	cold	sweep	16384	16384	4	8	0	0	4096	500542	918067	2417122	35025	76043340	53864	20	0	0	0.0	0.000
x15_r4	tokio_fs_uring	off	cold	sweep	16384	16384	16	8	0	0	4096	2674312	5193818	10996999	50338	107826867	37987	17	0	0	0.0	0.000
x15_r4	tokio_fs_uring	off	cold	sweep	16384	16384	1	64	0	0	32768	1498909	4102497	9201998	52527	1105976877	29628	16	0	0	0.0	0.000
x15_r4	tokio_fs_uring	off	cold	sweep	16384	16384	4	64	0	0	32768	5690712	11582698	33840023	49963	914965124	35813	11	0	0	0.0	0.000
x15_r4	tokio_fs_uring	off	cold	sweep	16384	16384	16	64	0	0	32768	24063674	52717293	104188328	57463	1001326406	32725	16	0	0	0.0	0.000
x15_r4	tokio_fs_uring	off	warm	sweep	16384	16384	1	1	0	0	512	6395	7633	39588	9518	4423110	115756	6	0	0	0.0	0.000
x15_r4	tokio_fs_uring	off	warm	sweep	16384	16384	4	1	0	0	512	73622	154268	378947	41122	11913153	42978	9	0	0	0.0	0.000
x15_r4	tokio_fs_uring	off	warm	sweep	16384	16384	16	1	0	0	512	230784	417356	1090524	34320	9185000	55743	18	0	0	0.0	0.000
x15_r4	tokio_fs_uring	off	warm	sweep	16384	16384	1	8	0	0	4096	155265	267933	391505	40424	84490722	48479	12	0	0	0.0	0.000
x15_r4	tokio_fs_uring	off	warm	sweep	16384	16384	4	8	0	0	4096	663130	1001477	1271169	42819	86874820	47148	10	0	0	0.0	0.000
x15_r4	tokio_fs_uring	off	warm	sweep	16384	16384	16	8	0	0	4096	2472460	3816827	5613900	43760	85655635	47819	11	0	0	0.0	0.000
x15_r4	tokio_fs_uring	off	warm	sweep	16384	16384	1	64	0	0	32768	1243910	1975505	4321762	41408	686666249	47720	17	0	0	0.0	0.000
x15_r4	tokio_fs_uring	off	warm	sweep	16384	16384	4	64	0	0	32768	4707840	8029176	12782922	41803	664879068	49284	12	0	0	0.0	0.000
x15_r4	tokio_fs_uring	off	warm	sweep	16384	16384	16	64	0	0	32768	19028375	27540298	55564158	46261	678105170	48323	20	0	0	0.0	0.000
x15_r4	tokio_fs	off	cold	sweep	65536	65536	1	1	0	0	128	94710	167731	675935	129392	16424129	7793	6	0	0	0.0	0.000
x15_r4	pool	off	cold	sweep	65536	65536	1	1	0	1	128	329443	494120	820019	237807	31253568	4096	6	0	0	0.8	0.000
x15_r4	hybrid_lazyring	off	cold	sweep	65536	65536	1	1	0	2	128	13762	389551	1198497	148613	22272268	5747	5	0	0	1.6	0.000
x15_r4	uring	off	cold	sweep	65536	65536	1	1	0	3	128	9587	21660	1684710	24247	10243644	12496	5	0	0	100.0	0.000
x15_r4	product	off	cold	sweep	65536	65536	1	1	0	4	128	346215	543773	1615743	259875	34458065	3715	5	0	0	0.0	0.000
x15_r4	tokio_fs	off	cold	sweep	65536	65536	4	1	0	0	128	78955	161638	1618545	99428	8743369	14640	12	0	0	0.0	0.000
x15_r4	pool	off	cold	sweep	65536	65536	4	1	0	1	128	456534	718371	2611798	316193	14294758	8954	9	0	0	3.1	0.000
x15_r4	hybrid_lazyring	off	cold	sweep	65536	65536	4	1	0	2	128	369557	547789	1511958	314885	41355510	3095	5	0	0	0.8	0.000
x15_r4	uring	off	cold	sweep	65536	65536	4	1	0	3	128	60166	304611	9557534	29291	14334644	8929	5	0	0	100.0	0.000
x15_r4	product	off	cold	sweep	65536	65536	4	1	0	4	128	10399	647970	4165644	232256	12714906	10067	5	0	0	0.0	0.000
x15_r4	tokio_fs	off	cold	sweep	65536	65536	16	1	0	0	128	114243	2498392	4828883	155527	10743473	11914	36	0	0	0.0	0.115
x15_r4	pool	off	cold	sweep	65536	65536	16	1	0	1	128	418208	3289109	13840184	310803	14538147	8804	18	0	0	10.9	0.000
x15_r4	hybrid_lazyring	off	cold	sweep	65536	65536	16	1	0	2	128	338965	730923	5440990	259448	30730915	4165	5	0	0	10.2	0.000
x15_r4	uring	off	cold	sweep	65536	65536	16	1	0	3	128	259160	6109422	6309972	30403	10955084	11684	5	0	0	100.0	0.000
x15_r4	product	off	cold	sweep	65536	65536	16	1	0	4	128	409627	1785608	10294883	274468	11198119	11430	5	0	0	0.0	0.000
x15_r4	tokio_fs	off	cold	sweep	65536	65536	1	8	0	0	1024	69392	253723	10436994	67539	71427757	14336	42	0	0	0.0	0.000
x15_r4	pool	off	cold	sweep	65536	65536	1	8	0	1	1024	11154	378667	7094205	75221	62641504	16347	14	0	0	3.9	0.000
x15_r4	hybrid_lazyring	off	cold	sweep	65536	65536	1	8	0	2	1024	10455	417730	7394451	88769	64330700	15918	5	0	0	3.8	0.000
x15_r4	uring	off	cold	sweep	65536	65536	1	8	0	3	1024	15586	812476	10782114	118417	70955766	14432	5	0	0	100.0	0.000
x15_r4	product	off	cold	sweep	65536	65536	1	8	0	4	1024	10193	335517	10829512	52480	54732735	18709	5	0	0	0.0	0.000
x15_r4	tokio_fs	off	cold	sweep	65536	65536	4	8	0	0	1024	69826	532421	27182804	78375	69553356	14723	45	0	0	0.0	0.000
x15_r4	pool	off	cold	sweep	65536	65536	4	8	0	1	1024	9869	3389633	17889274	59886	60019033	17061	46	0	0	12.7	0.000
x15_r4	hybrid_lazyring	off	cold	sweep	65536	65536	4	8	0	2	1024	10881	1912672	18147417	94722	65279505	15686	5	0	0	11.3	0.000
x15_r4	uring	off	cold	sweep	65536	65536	4	8	0	3	1024	65944	4514977	17116923	44535	74533601	13739	5	0	0	100.0	0.000
x15_r4	product	off	cold	sweep	65536	65536	4	8	0	4	1024	11740	7119706	17815826	82224	62216272	16459	5	0	0	0.0	0.000
x15_r4	tokio_fs	off	cold	sweep	65536	65536	16	8	0	0	1024	180166	25602802	42953701	119601	91891809	11144	125	0	0	0.0	0.000
x15_r4	pool	off	cold	sweep	65536	65536	16	8	0	1	1024	13381	16531620	40276230	72326	62782198	16310	124	0	0	38.2	0.000
x15_r4	hybrid_lazyring	off	cold	sweep	65536	65536	16	8	0	2	1024	1705767	14629592	23857832	48581	69573917	14718	5	0	0	61.6	0.000
x15_r4	uring	off	cold	sweep	65536	65536	16	8	0	3	1024	2568615	15447244	31506087	50792	79024702	12958	5	0	0	100.0	0.000
x15_r4	product	off	cold	sweep	65536	65536	16	8	0	4	1024	1685445	19239014	26314261	67866	81393944	12581	5	0	0	0.0	0.000
x15_r4	tokio_fs	off	cold	sweep	65536	65536	1	64	0	0	8192	77730	524394	107431517	110527	596933814	13723	86	0	0	0.0	0.000
x15_r4	pool	off	cold	sweep	65536	65536	1	64	0	1	8192	11472	446158	69902270	110962	403249589	20315	71	0	0	4.3	0.000
x15_r4	hybrid_lazyring	off	cold	sweep	65536	65536	1	64	0	2	8192	10087	374824	84932228	63647	394170517	20783	5	0	0	4.3	0.000
x15_r4	uring	off	cold	sweep	65536	65536	1	64	0	3	8192	14805	342836	75385213	49831	402505164	20353	5	0	0	100.0	0.000
x15_r4	product	off	cold	sweep	65536	65536	1	64	0	4	8192	11149	183621	68230335	50931	389895333	21011	5	0	0	0.0	0.000
x15_r4	tokio_fs	off	cold	sweep	65536	65536	4	64	0	0	8192	104429	11143235	186709279	105707	568936365	14399	274	0	0	0.0	0.000
x15_r4	pool	off	cold	sweep	65536	65536	4	64	0	1	8192	10907	18108539	151580142	96979	555135894	14757	248	0	0	13.8	0.000
x15_r4	hybrid_lazyring	off	cold	sweep	65536	65536	4	64	0	2	8192	13425	12153320	124921013	117869	480090078	17063	5	0	0	12.1	0.000
x15_r4	uring	off	cold	sweep	65536	65536	4	64	0	3	8192	67781	33547447	110809774	76039	397192877	20625	5	0	0	100.0	0.000
x15_r4	product	off	cold	sweep	65536	65536	4	64	0	4	8192	11324	15682854	121088823	101171	461981117	17732	5	0	0	0.0	0.000
x15_r4	tokio_fs	off	cold	sweep	65536	65536	16	64	0	0	8192	16602513	95168840	193230045	109296	404490124	20253	517	0	0	0.0	0.000
x15_r4	pool	off	cold	sweep	65536	65536	16	64	0	1	8192	21327	105239921	252634154	98605	432531833	18940	517	0	0	36.0	0.000
x15_r4	hybrid_lazyring	off	cold	sweep	65536	65536	16	64	0	2	8192	24134	95049957	186375437	61655	478077966	17135	5	0	0	38.7	0.000
x15_r4	uring	off	cold	sweep	65536	65536	16	64	0	3	8192	957140	105173439	224773970	66150	497526747	16465	5	0	0	100.0	0.000
x15_r4	product	off	cold	sweep	65536	65536	16	64	0	4	8192	20863	118765097	189283985	79192	461536248	17749	5	0	0	0.0	0.000
x15_r4	tokio_fs_uring	off	cold	sweep	65536	65536	1	1	0	0	128	17911	21168	1303550	31543	9234227	13861	6	0	0	0.0	0.000
x15_r4	tokio_fs_uring	off	cold	sweep	65536	65536	4	1	0	0	128	119489	452127	1686884	98417	9624245	13300	9	0	0	0.0	0.000
x15_r4	tokio_fs_uring	off	cold	sweep	65536	65536	16	1	0	0	128	708849	2110772	4206332	141118	10879190	11766	12	0	0	0.0	0.000
x15_r4	tokio_fs_uring	off	cold	sweep	65536	65536	1	8	0	0	1024	133111	315080	9613667	73158	65084026	15734	7	0	0	0.0	0.000
x15_r4	tokio_fs_uring	off	cold	sweep	65536	65536	4	8	0	0	1024	1168597	2836874	9790460	99694	57923563	17678	13	0	0	0.0	0.000
x15_r4	tokio_fs_uring	off	cold	sweep	65536	65536	16	8	0	0	1024	6644813	19026379	26310432	147640	82246573	12450	12	0	0	0.0	0.000
x15_r4	tokio_fs_uring	off	cold	sweep	65536	65536	1	64	0	0	8192	1167300	3258873	59329043	99954	543646800	15069	14	0	0	0.0	0.000
x15_r4	tokio_fs_uring	off	cold	sweep	65536	65536	4	64	0	0	8192	8713466	22069810	70944369	102613	456586963	17942	10	0	0	0.0	0.000
x15_r4	tokio_fs_uring	off	cold	sweep	65536	65536	16	64	0	0	8192	55500583	173253424	247188838	165425	757036563	10821	16	0	0	0.0	0.000
x15_r4	tokio_fs	off	cold	sweep	262144	262144	1	1	0	0	32	238079	452366	3945114	264143	12946973	2472	6	0	0	0.0	0.000
x15_r4	pool	off	cold	sweep	262144	262144	1	1	0	1	32	91355	1477787	4131389	424557	19758788	1620	6	0	0	6.2	0.000
x15_r4	hybrid_lazyring	off	cold	sweep	262144	262144	1	1	0	2	32	60065	1429108	2444572	403425	16468431	1943	5	0	0	6.2	0.000
x15_r4	uring	off	cold	sweep	262144	262144	1	1	0	3	32	55980	97878	6587994	99939	10537279	3037	5	0	0	100.0	0.000
x15_r4	product	off	cold	sweep	262144	262144	1	1	0	4	32	47394	103775	3028263	83317	6574462	4867	5	0	0	0.0	0.000
x15_r4	tokio_fs	off	cold	sweep	262144	262144	4	1	0	0	32	249460	1664723	2657042	355114	7997565	4001	10	0	0	0.0	0.000
x15_r4	pool	off	cold	sweep	262144	262144	4	1	0	1	32	1828277	2248039	2420348	1073684	11994236	2668	9	0	0	12.5	0.166
x15_r4	hybrid_lazyring	off	cold	sweep	262144	262144	4	1	0	2	32	57349	11812588	11885718	288140	15859294	2018	5	0	0	25.0	0.000
x15_r4	uring	off	cold	sweep	262144	262144	4	1	0	3	32	302650	6618232	6792354	123413	11607789	2757	5	0	0	100.0	0.000
x15_r4	product	off	cold	sweep	262144	262144	4	1	0	4	32	1627937	1919981	1943962	973705	9391411	3407	5	0	0	9.4	0.000
x15_r4	tokio_fs	off	cold	sweep	262144	262144	16	1	0	0	32	2663133	4522322	6056968	604053	9118829	3509	33	0	0	0.0	0.000
x15_r4	pool	off	cold	sweep	262144	262144	16	1	0	1	32	4609274	12432313	14249562	976977	15499062	2065	21	0	0	50.0	0.392
x15_r4	hybrid_lazyring	off	cold	sweep	262144	262144	16	1	0	2	32	81652	13266443	13349229	487750	18736915	1708	5	0	0	40.6	0.000
x15_r4	uring	off	cold	sweep	262144	262144	16	1	0	3	32	4314839	7352324	10602074	243863	15482719	2067	5	0	0	100.0	0.000
x15_r4	product	off	cold	sweep	262144	262144	16	1	0	4	32	6054792	10188164	10863648	761623	12193445	2624	5	0	0	46.9	0.000
x15_r4	tokio_fs	off	cold	sweep	262144	262144	1	8	0	0	256	236458	2154380	37876434	249725	85784039	2984	24	0	0	0.0	0.000
x15_r4	pool	off	cold	sweep	262144	262144	1	8	0	1	256	55768	3172121	15880604	290035	60022050	4265	13	0	0	13.7	0.000
x15_r4	hybrid_lazyring	off	cold	sweep	262144	262144	1	8	0	2	256	44421	2747079	22023380	195248	69126024	3703	5	0	0	12.9	0.000
x15_r4	uring	off	cold	sweep	262144	262144	1	8	0	3	256	67767	4563367	20903020	212901	71172098	3597	5	0	0	100.0	0.000
x15_r4	product	off	cold	sweep	262144	262144	1	8	0	4	256	45761	4211267	13481550	168589	54425149	4704	5	0	0	7.8	0.000
x15_r4	tokio_fs	off	cold	sweep	262144	262144	4	8	0	0	256	311066	23756040	36985805	347736	76876506	3330	41	0	0	0.0	0.000
x15_r4	pool	off	cold	sweep	262144	262144	4	8	0	1	256	112984	18799552	37381075	189695	63131173	4055	40	0	0	45.7	0.000
x15_r4	hybrid_lazyring	off	cold	sweep	262144	262144	4	8	0	2	256	1610522	16099724	44306307	488215	93097142	2750	5	0	0	38.3	0.000
x15_r4	uring	off	cold	sweep	262144	262144	4	8	0	3	256	2813303	18426143	29920877	267135	70864205	3613	5	0	0	100.0	0.000
x15_r4	product	off	cold	sweep	262144	262144	4	8	0	4	256	124741	14931659	23176002	210292	61232576	4181	5	0	0	37.9	0.000
x15_r4	tokio_fs	off	cold	sweep	262144	262144	16	8	0	0	256	21155849	40653575	55010696	532863	87420530	2928	88	0	0	0.0	0.000
x15_r4	pool	off	cold	sweep	262144	262144	16	8	0	1	256	18857430	38370147	63781738	390415	89139518	2872	116	0	0	91.8	0.000
x15_r4	hybrid_lazyring	off	cold	sweep	262144	262144	16	8	0	2	256	16181142	38158670	48056141	316824	81882901	3126	5	0	0	92.6	0.000
x15_r4	uring	off	cold	sweep	262144	262144	16	8	0	3	256	17449357	41092658	43479328	288345	73772374	3470	5	0	0	100.0	0.000
x15_r4	product	off	cold	sweep	262144	262144	16	8	0	4	256	17754419	42157410	61383688	359528	81634419	3136	5	0	0	93.0	0.000
x15_r4	tokio_fs	off	cold	sweep	262144	262144	1	64	0	0	2048	198986	13173159	196725209	320617	615004077	3330	77	0	0	0.0	0.000
x15_r4	pool	off	cold	sweep	262144	262144	1	64	0	1	2048	64024	28016966	144351808	443484	404233520	5066	71	0	0	14.2	0.000
x15_r4	hybrid_lazyring	off	cold	sweep	262144	262144	1	64	0	2	2048	48385	14855092	137735574	234736	411911636	4972	5	0	0	14.3	0.000
x15_r4	uring	off	cold	sweep	262144	262144	1	64	0	3	2048	66012	14773527	132419883	243012	412434934	4966	5	0	0	100.0	0.000
x15_r4	product	off	cold	sweep	262144	262144	1	64	0	4	2048	48396	24255846	108196119	191191	404207214	5067	5	0	0	8.5	0.000
x15_r4	tokio_fs	off	cold	sweep	262144	262144	4	64	0	0	2048	682797	176811702	242247729	357275	564157446	3630	272	0	0	0.0	0.000
x15_r4	pool	off	cold	sweep	262144	262144	4	64	0	1	2048	1586307	125288802	177171788	434794	533361720	3840	263	0	0	44.2	0.000
x15_r4	hybrid_lazyring	off	cold	sweep	262144	262144	4	64	0	2	2048	1031015	114779767	154128969	274153	495262000	4135	5	0	0	44.8	0.000
x15_r4	uring	off	cold	sweep	262144	262144	4	64	0	3	2048	12366468	107233857	217930081	205884	530460522	3861	5	0	0	100.0	0.000
x15_r4	product	off	cold	sweep	262144	262144	4	64	0	4	2048	1526556	119142406	201859406	286401	485929404	4215	5	0	0	45.8	0.000
x15_r4	tokio_fs	off	cold	sweep	262144	262144	16	64	0	0	2048	142853156	275494036	429793820	852131	550067435	3723	489	0	0	0.0	0.000
x15_r4	pool	off	cold	sweep	262144	262144	16	64	0	1	2048	120409717	218904404	300399356	403514	597813952	3426	517	0	0	89.6	0.000
x15_r4	hybrid_lazyring	off	cold	sweep	262144	262144	16	64	0	2	2048	114773638	395545966	404257803	493380	607965503	3369	5	0	0	85.0	0.000
x15_r4	uring	off	cold	sweep	262144	262144	16	64	0	3	2048	138276131	211684874	261943543	306157	489524052	4184	5	0	0	100.0	0.000
x15_r4	product	off	cold	sweep	262144	262144	16	64	0	4	2048	98352040	259708843	338120687	452460	570670553	3589	5	0	0	66.7	0.000
x15_r4	tokio_fs_uring	off	cold	sweep	262144	262144	1	1	0	0	32	59905	5405328	6360635	861457	27054842	1183	6	0	0	0.0	0.000
x15_r4	tokio_fs_uring	off	cold	sweep	262144	262144	4	1	0	0	32	175030	2945307	3915872	412023	10715810	2986	9	0	0	0.0	0.000
x15_r4	tokio_fs_uring	off	cold	sweep	262144	262144	16	1	0	0	32	5721965	8455979	9267786	546370	10880280	2941	12	0	0	0.0	0.000
x15_r4	tokio_fs_uring	off	cold	sweep	262144	262144	1	8	0	0	256	90690	2542437	27652361	147184	72263148	3543	10	0	0	0.0	0.000
x15_r4	tokio_fs_uring	off	cold	sweep	262144	262144	4	8	0	0	256	4388951	14692020	22783399	369016	65912044	3884	8	0	0	0.0	0.000
x15_r4	tokio_fs_uring	off	cold	sweep	262144	262144	16	8	0	0	256	25949364	44848972	52174177	691449	81830449	3128	13	0	0	0.0	0.000
x15_r4	tokio_fs_uring	off	cold	sweep	262144	262144	1	64	0	0	2048	6946927	31961867	136073642	499460	748400400	2737	10	0	0	0.0	0.000
x15_r4	tokio_fs_uring	off	cold	sweep	262144	262144	4	64	0	0	2048	25947546	117382303	213858014	367894	549290510	3728	9	0	0	0.0	0.000
x15_r4	tokio_fs_uring	off	cold	sweep	262144	262144	16	64	0	0	2048	150671521	348469189	403112321	654082	621692644	3294	16	0	0	0.0	0.000
x15_r5	pool	off	cold	sweep	16384	16384	1	1	0	0	512	2362	2829	38563	6105	5061580	101154	6	0	0	0.4	0.000
x15_r5	hybrid_lazyring	off	cold	sweep	16384	16384	1	1	0	1	512	2937	177120	380797	66011	34659085	14772	5	0	0	0.2	0.000
x15_r5	uring	off	cold	sweep	16384	16384	1	1	0	2	512	3048	15762	42028	9354	9299244	55058	5	0	0	100.0	0.000
x15_r5	product	off	cold	sweep	16384	16384	1	1	0	3	512	3217	117018	336159	47148	27753885	18448	5	0	0	0.0	0.000
x15_r5	tokio_fs	off	cold	sweep	16384	16384	1	1	0	4	512	57474	77032	235897	68231	32624945	15694	7	0	0	0.0	0.000
x15_r5	pool	off	cold	sweep	16384	16384	4	1	0	0	512	2936	248846	1570853	65729	12082364	42376	9	0	0	1.6	0.000
x15_r5	hybrid_lazyring	off	cold	sweep	16384	16384	4	1	0	1	512	2936	157791	348911	41631	23949997	21378	5	0	0	0.6	0.000
x15_r5	uring	off	cold	sweep	16384	16384	4	1	0	2	512	14709	29739	802562	7463	9655273	53028	5	0	0	100.0	0.000
x15_r5	product	off	cold	sweep	16384	16384	4	1	0	3	512	2984	181574	3577198	61362	27477525	18633	5	0	0	0.0	0.000
x15_r5	tokio_fs	off	cold	sweep	16384	16384	4	1	0	4	512	47416	131527	420277	43063	11124868	46023	15	0	0	0.0	0.000
x15_r5	pool	off	cold	sweep	16384	16384	16	1	0	0	512	2811	209024	6587898	36847	8496514	60260	23	0	0	6.2	0.000
x15_r5	hybrid_lazyring	off	cold	sweep	16384	16384	16	1	0	1	512	2618	160008	408323	34380	19239880	26611	5	0	0	0.4	0.390
x15_r5	uring	off	cold	sweep	16384	16384	16	1	0	2	512	82569	353962	4857294	20214	14485769	35345	5	0	0	100.0	0.000
x15_r5	product	off	cold	sweep	16384	16384	16	1	0	3	512	2661	264776	4696252	34948	9994378	51229	5	0	0	0.0	0.000
x15_r5	tokio_fs	off	cold	sweep	16384	16384	16	1	0	4	512	55240	414257	2599394	46239	8537962	59967	46	0	0	0.0	0.000
x15_r5	pool	off	cold	sweep	16384	16384	1	8	0	0	4096	3025	173859	793675	45413	111975538	36579	13	0	0	1.1	0.000
x15_r5	hybrid_lazyring	off	cold	sweep	16384	16384	1	8	0	1	4096	2869	146315	1029858	34329	95130629	43057	5	0	0	1.0	0.000
x15_r5	uring	off	cold	sweep	16384	16384	1	8	0	2	4096	4286	169984	510450	43993	85460884	47928	5	0	0	100.0	0.000
x15_r5	product	off	cold	sweep	16384	16384	1	8	0	3	4096	2691	86568	1650713	20249	70003695	58511	5	0	0	0.0	0.000
x15_r5	tokio_fs	off	cold	sweep	16384	16384	1	8	0	4	4096	46383	191561	739316	40045	76575830	53489	37	0	0	0.0	0.000
x15_r5	pool	off	cold	sweep	16384	16384	4	8	0	0	4096	3124	9756	7289732	26858	61636828	66454	38	0	0	3.3	0.000
x15_r5	hybrid_lazyring	off	cold	sweep	16384	16384	4	8	0	1	4096	3071	96348	2927121	25081	68005767	60230	5	0	0	2.9	0.000
x15_r5	uring	off	cold	sweep	16384	16384	4	8	0	2	4096	23567	747659	12413196	37227	114955633	35631	5	0	0	100.0	0.000
x15_r5	product	off	cold	sweep	16384	16384	4	8	0	3	4096	3793	233885	9761847	56089	84923632	48232	5	0	0	0.0	0.000
x15_r5	tokio_fs	off	cold	sweep	16384	16384	4	8	0	4	4096	65834	295561	6488833	35999	63273366	64735	78	0	0	0.0	0.000
x15_r5	pool	off	cold	sweep	16384	16384	16	8	0	0	4096	3138	277685	28896060	55305	77689933	52722	101	0	0	6.4	0.000
x15_r5	hybrid_lazyring	off	cold	sweep	16384	16384	16	8	0	1	4096	3324	900390	13302545	36802	80885974	50639	5	0	0	10.8	0.000
x15_r5	uring	off	cold	sweep	16384	16384	16	8	0	2	4096	82638	5101847	17411859	39392	83764363	48899	5	0	0	100.0	0.000
x15_r5	product	off	cold	sweep	16384	16384	16	8	0	3	4096	3410	2569221	21337314	31593	72497742	56498	5	0	0	0.0	0.000
x15_r5	tokio_fs	off	cold	sweep	16384	16384	16	8	0	4	4096	328381	2756797	17305531	39427	62639206	65390	157	0	0	0.0	0.000
x15_r5	pool	off	cold	sweep	16384	16384	1	64	0	0	32768	3676	557771	2865223	168900	1549075713	21153	70	0	0	1.1	0.000
x15_r5	hybrid_lazyring	off	cold	sweep	16384	16384	1	64	0	1	32768	3183	231652	1849871	46764	517130150	63365	5	0	0	1.2	0.000
x15_r5	uring	off	cold	sweep	16384	16384	1	64	0	2	32768	4275	262516	8631386	45110	517791400	63284	5	0	0	100.0	0.403
x15_r5	product	off	cold	sweep	16384	16384	1	64	0	3	32768	3165	11345	2818521	28937	499570972	65592	5	0	0	0.0	0.000
x15_r5	tokio_fs	off	cold	sweep	16384	16384	1	64	0	4	32768	125676	569406	3411294	44845	528841031	61962	174	0	0	0.0	0.000
x15_r5	pool	off	cold	sweep	16384	16384	4	64	0	0	32768	3309	143236	89501891	44038	564436440	58054	254	0	0	3.0	0.000
x15_r5	hybrid_lazyring	off	cold	sweep	16384	16384	4	64	0	1	32768	3154	5768	57662101	9415	471899609	69438	5	0	0	3.5	0.000
x15_r5	uring	off	cold	sweep	16384	16384	4	64	0	2	32768	16173	151136	82981580	13542	417825990	78425	5	0	0	100.0	0.000
x15_r5	product	off	cold	sweep	16384	16384	4	64	0	3	32768	3089	6221	79989669	11420	384248834	85278	5	0	0	0.0	0.000
x15_r5	tokio_fs	off	cold	sweep	16384	16384	4	64	0	4	32768	67682	1195087	111927849	39314	529261213	61913	323	0	0	0.0	0.000
x15_r5	pool	off	cold	sweep	16384	16384	16	64	0	0	32768	3601	11640105	149577429	32556	522915833	62664	517	0	0	10.1	0.000
x15_r5	hybrid_lazyring	off	cold	sweep	16384	16384	16	64	0	1	32768	3179	8550957	92135146	20967	423167608	77435	5	0	0	11.8	0.000
x15_r5	uring	off	cold	sweep	16384	16384	16	64	0	2	32768	71223	20829193	117403343	15334	436515752	75067	5	0	0	100.0	0.000
x15_r5	product	off	cold	sweep	16384	16384	16	64	0	3	32768	3536	14247045	191884022	35925	634914436	51610	5	0	0	0.0	0.000
x15_r5	tokio_fs	off	cold	sweep	16384	16384	16	64	0	4	32768	7193279	26193033	126420732	38170	479193104	68382	517	0	0	0.0	0.000
x15_r5	pool	off	warm	sweep	16384	16384	1	1	0	0	512	3250	3961	5598	4053	1981498	258390	5	0	0	0.0	0.000
x15_r5	hybrid_lazyring	off	warm	sweep	16384	16384	1	1	0	1	512	2794	3368	4091	3623	2297720	222830	5	0	0	0.0	0.000
x15_r5	uring	off	warm	sweep	16384	16384	1	1	0	2	512	5115	16896	28141	12540	5313780	96353	5	0	0	100.0	0.000
x15_r5	product	off	warm	sweep	16384	16384	1	1	0	3	512	2845	3464	8135	3599	1834822	279046	5	0	0	0.0	0.000
x15_r5	tokio_fs	off	warm	sweep	16384	16384	1	1	0	4	512	52382	67731	111843	62629	29374487	17430	7	0	0	0.0	0.000
x15_r5	pool	off	warm	sweep	16384	16384	4	1	0	0	512	3501	4256	9662	4726	814793	628380	5	0	0	0.0	0.000
x15_r5	hybrid_lazyring	off	warm	sweep	16384	16384	4	1	0	1	512	2648	3246	4544	3336	1589545	322105	5	0	0	0.0	0.000
x15_r5	uring	off	warm	sweep	16384	16384	4	1	0	2	512	26546	28659	57807	9475	3851286	132943	5	0	0	100.0	0.000
x15_r5	product	off	warm	sweep	16384	16384	4	1	0	3	512	3239	3920	11182	4364	628189	815041	5	0	0	0.0	0.000
x15_r5	tokio_fs	off	warm	sweep	16384	16384	4	1	0	4	512	30448	100460	275531	35595	6943444	73739	18	0	0	0.0	0.000
x15_r5	pool	off	warm	sweep	16384	16384	16	1	0	0	512	3150	3808	5600	4280	805079	635962	5	0	0	0.0	0.000
x15_r5	hybrid_lazyring	off	warm	sweep	16384	16384	16	1	0	1	512	2452	2942	3616	3172	1535886	333358	5	0	0	0.0	0.000
x15_r5	uring	off	warm	sweep	16384	16384	16	1	0	2	512	56455	70409	102291	4950	2293501	223239	5	0	0	100.0	0.000
x15_r5	product	off	warm	sweep	16384	16384	16	1	0	3	512	2684	3255	8416	3644	595082	860386	5	0	0	0.0	0.000
x15_r5	tokio_fs	off	warm	sweep	16384	16384	16	1	0	4	512	48246	473485	1321836	36868	6519183	78537	63	0	0	0.0	0.000
x15_r5	pool	off	warm	sweep	16384	16384	1	8	0	0	4096	3363	4280	7763	3968	5197578	788059	5	0	0	0.0	0.000
x15_r5	hybrid_lazyring	off	warm	sweep	16384	16384	1	8	0	1	4096	3262	4223	8561	3813	5994939	683243	5	0	0	0.0	0.000
x15_r5	uring	off	warm	sweep	16384	16384	1	8	0	2	4096	4567	16590	29777	7703	13695087	299085	5	0	0	100.0	0.000
x15_r5	product	off	warm	sweep	16384	16384	1	8	0	3	4096	3277	4208	10961	3884	5565850	735916	5	0	0	0.0	0.000
x15_r5	tokio_fs	off	warm	sweep	16384	16384	1	8	0	4	4096	34868	114152	421421	25865	34281024	119483	65	0	0	0.0	0.000
x15_r5	pool	off	warm	sweep	16384	16384	4	8	0	0	4096	3349	4275	7759	3856	4165111	983407	5	0	0	0.0	0.000
x15_r5	hybrid_lazyring	off	warm	sweep	16384	16384	4	8	0	1	4096	3340	4233	9016	3967	4411995	928378	5	0	0	0.0	0.000
x15_r5	uring	off	warm	sweep	16384	16384	4	8	0	2	4096	13164	23383	52688	4538	5109832	801592	5	0	0	100.0	0.000
x15_r5	product	off	warm	sweep	16384	16384	4	8	0	3	4096	3262	4183	9870	3849	4582540	893827	5	0	0	0.0	0.000
x15_r5	tokio_fs	off	warm	sweep	16384	16384	4	8	0	4	4096	143531	437049	1218923	24976	29330675	139649	62	0	0	0.0	0.000
x15_r5	pool	off	warm	sweep	16384	16384	16	8	0	0	4096	3292	4236	7959	3871	5167018	792720	5	0	0	0.0	0.000
x15_r5	hybrid_lazyring	off	warm	sweep	16384	16384	16	8	0	1	4096	3351	4331	9323	3999	4400260	930854	5	0	0	0.0	0.000
x15_r5	uring	off	warm	sweep	16384	16384	16	8	0	2	4096	54317	94710	157945	4458	5267338	777622	5	0	0	100.0	0.000
x15_r5	product	off	warm	sweep	16384	16384	16	8	0	3	4096	3308	4192	8734	3908	4146159	987902	5	0	0	0.0	0.000
x15_r5	tokio_fs	off	warm	sweep	16384	16384	16	8	0	4	4096	669868	1550000	3117729	24975	31788517	128852	74	0	0	0.0	0.000
x15_r5	pool	off	warm	sweep	16384	16384	1	64	0	0	32768	3322	4256	9474	3808	33204331	986859	5	0	0	0.0	0.000
x15_r5	hybrid_lazyring	off	warm	sweep	16384	16384	1	64	0	1	32768	3195	4065	9912	3682	31157830	1051678	5	0	0	0.0	0.000
x15_r5	uring	off	warm	sweep	16384	16384	1	64	0	2	32768	3966	6433	32105	5536	49659031	659860	5	0	0	100.0	0.000
x15_r5	product	off	warm	sweep	16384	16384	1	64	0	3	32768	3203	4090	8588	3652	31085273	1054133	5	0	0	0.0	0.000
x15_r5	tokio_fs	off	warm	sweep	16384	16384	1	64	0	4	32768	351345	783796	1712709	23435	209701143	156260	81	0	0	0.0	0.000
x15_r5	pool	off	warm	sweep	16384	16384	4	64	0	0	32768	3355	4397	13138	4168	41241266	794544	5	0	0	0.0	0.000
x15_r5	hybrid_lazyring	off	warm	sweep	16384	16384	4	64	0	1	32768	3218	4096	9039	3680	32902255	995920	5	0	0	0.0	0.000
x15_r5	uring	off	warm	sweep	16384	16384	4	64	0	2	32768	14327	27337	72717	4994	42819876	765252	5	0	0	100.0	0.000
x15_r5	product	off	warm	sweep	16384	16384	4	64	0	3	32768	3610	4974	11618	4287	43722734	749450	5	0	0	0.0	0.000
x15_r5	tokio_fs	off	warm	sweep	16384	16384	4	64	0	4	32768	1806590	3681480	6488903	26759	250246988	130943	71	0	0	0.0	0.000
x15_r5	pool	off	warm	sweep	16384	16384	16	64	0	0	32768	3335	4331	10153	3924	38223122	857282	5	0	0	0.0	0.000
x15_r5	hybrid_lazyring	off	warm	sweep	16384	16384	16	64	0	1	32768	3302	4260	10295	3840	33168548	987924	5	0	0	0.0	0.000
x15_r5	uring	off	warm	sweep	16384	16384	16	64	0	2	32768	59410	100647	194689	4767	41067994	797896	5	0	0	100.0	0.000
x15_r5	product	off	warm	sweep	16384	16384	16	64	0	3	32768	3310	4243	9561	3804	34133761	959988	5	0	0	0.0	0.000
x15_r5	tokio_fs	off	warm	sweep	16384	16384	16	64	0	4	32768	9368233	16012265	26063588	31766	314722522	104117	73	0	0	0.0	0.000
x15_r5	tokio_fs_uring	off	cold	sweep	16384	16384	1	1	0	0	512	5630	6387	52374	9660	9171664	55824	6	0	0	0.0	0.000
x15_r5	tokio_fs_uring	off	cold	sweep	16384	16384	4	1	0	0	512	52663	187798	948071	38513	12973488	39465	9	0	0	0.0	0.000
x15_r5	tokio_fs_uring	off	cold	sweep	16384	16384	16	1	0	0	512	213703	505806	2419973	42995	12347971	41464	12	0	0	0.0	0.000
x15_r5	tokio_fs_uring	off	cold	sweep	16384	16384	1	8	0	0	4096	138359	523456	1714425	53769	161773976	25319	10	0	0	0.0	0.000
x15_r5	tokio_fs_uring	off	cold	sweep	16384	16384	4	8	0	0	4096	689015	1206815	2950682	47473	102155790	40096	19	0	0	0.0	0.000
x15_r5	tokio_fs_uring	off	cold	sweep	16384	16384	16	8	0	0	4096	2631990	5038372	10405670	49025	105055898	38989	18	0	0	0.0	0.000
x15_r5	tokio_fs_uring	off	cold	sweep	16384	16384	1	64	0	0	32768	3649411	16911434	32595017	117475	3311182886	9896	25	0	0	0.0	0.000
x15_r5	tokio_fs_uring	off	cold	sweep	16384	16384	4	64	0	0	32768	5204927	9158030	18380019	44140	764241030	42877	13	0	0	0.0	0.000
x15_r5	tokio_fs_uring	off	cold	sweep	16384	16384	16	64	0	0	32768	21338727	46531778	89301206	51557	895516444	36591	36	0	0	0.0	0.000
x15_r5	tokio_fs_uring	off	warm	sweep	16384	16384	1	1	0	0	512	6123	7406	25284	8651	4043914	126610	6	0	0	0.0	0.000
x15_r5	tokio_fs_uring	off	warm	sweep	16384	16384	4	1	0	0	512	25681	70463	200675	14515	5023058	101930	9	0	0	0.0	0.000
x15_r5	tokio_fs_uring	off	warm	sweep	16384	16384	16	1	0	0	512	255163	418553	762453	36649	9401675	54458	12	0	0	0.0	0.000
x15_r5	tokio_fs_uring	off	warm	sweep	16384	16384	1	8	0	0	4096	136160	226812	324254	35225	73076508	56051	10	0	0	0.0	0.000
x15_r5	tokio_fs_uring	off	warm	sweep	16384	16384	4	8	0	0	4096	529947	827882	1070272	35673	70833538	57826	16	0	0	0.0	0.000
x15_r5	tokio_fs_uring	off	warm	sweep	16384	16384	16	8	0	0	4096	2134144	3241096	4544593	37225	73764171	55528	11	0	0	0.0	0.000
x15_r5	tokio_fs_uring	off	warm	sweep	16384	16384	1	64	0	0	32768	1086328	1652117	2197141	35147	567407467	57750	25	0	0	0.0	0.000
x15_r5	tokio_fs_uring	off	warm	sweep	16384	16384	4	64	0	0	32768	4400546	7110345	9393882	37520	591354966	55412	19	0	0	0.0	0.000
x15_r5	tokio_fs_uring	off	warm	sweep	16384	16384	16	64	0	0	32768	17696558	25675615	41660167	41735	626851540	52274	19	0	0	0.0	0.000
x15_r5	pool	off	cold	sweep	65536	65536	1	1	0	0	128	13588	412011	1798162	120822	20786330	6158	6	0	0	1.6	0.000
x15_r5	hybrid_lazyring	off	cold	sweep	65536	65536	1	1	0	1	128	366418	497544	671226	268750	35301368	3626	5	0	0	0.8	0.000
x15_r5	uring	off	cold	sweep	65536	65536	1	1	0	2	128	12881	19226	2004766	23546	11384249	11244	5	0	0	100.0	0.000
x15_r5	product	off	cold	sweep	65536	65536	1	1	0	3	128	324519	427422	571297	205652	27490370	4656	5	0	0	0.0	0.000
x15_r5	tokio_fs	off	cold	sweep	65536	65536	1	1	0	4	128	69777	89840	675993	98646	12014863	10653	6	0	0	0.0	0.000
x15_r5	pool	off	cold	sweep	65536	65536	4	1	0	0	128	414771	710231	1579298	300525	12546802	10202	9	0	0	3.1	0.000
x15_r5	hybrid_lazyring	off	cold	sweep	65536	65536	4	1	0	1	128	14407	767735	1247209	197790	28769283	4449	5	0	0	1.6	0.000
x15_r5	uring	off	cold	sweep	65536	65536	4	1	0	2	128	75352	283633	4864569	30825	11396599	11231	5	0	0	100.0	0.000
x15_r5	product	off	cold	sweep	65536	65536	4	1	0	3	128	14753	44926	3420891	31116	5772579	22174	5	0	0	0.0	0.000
x15_r5	tokio_fs	off	cold	sweep	65536	65536	4	1	0	4	128	86747	161188	1929051	99857	9157015	13978	11	0	0	0.0	0.000
x15_r5	pool	off	cold	sweep	65536	65536	16	1	0	0	128	14617	4921450	7932718	203097	11284084	11343	26	0	0	25.0	0.000
x15_r5	hybrid_lazyring	off	cold	sweep	65536	65536	16	1	0	1	128	15308	1984090	4331097	37627	9194333	13922	5	0	0	20.3	0.000
x15_r5	uring	off	cold	sweep	65536	65536	16	1	0	2	128	355362	6457767	6694417	31775	11485317	11145	5	0	0	100.0	0.000
x15_r5	product	off	cold	sweep	65536	65536	16	1	0	3	128	322140	31902866	32607210	270380	33633462	3806	5	0	0	0.0	0.000
x15_r5	tokio_fs	off	cold	sweep	65536	65536	16	1	0	4	128	168430	2826410	5480251	190660	9590624	13346	51	0	0	0.0	0.000
x15_r5	pool	off	cold	sweep	65536	65536	1	8	0	0	1024	10679	422345	9662551	75816	57290293	17874	13	0	0	4.0	0.000
x15_r5	hybrid_lazyring	off	cold	sweep	65536	65536	1	8	0	1	1024	10730	451702	9783354	94633	85792245	11936	5	0	0	4.2	0.000
x15_r5	uring	off	cold	sweep	65536	65536	1	8	0	2	1024	18791	44028	11364552	39096	67984394	15062	5	0	0	100.0	0.000
x15_r5	product	off	cold	sweep	65536	65536	1	8	0	3	1024	14416	1081782	23822530	312262	151085539	6778	5	0	0	0.0	0.000
x15_r5	tokio_fs	off	cold	sweep	65536	65536	1	8	0	4	1024	106068	294419	16881937	95326	81519765	12561	30	0	0	0.0	0.000
x15_r5	pool	off	cold	sweep	65536	65536	4	8	0	0	1024	12968	3732144	22723299	54372	65961229	15524	38	0	0	11.8	0.000
x15_r5	hybrid_lazyring	off	cold	sweep	65536	65536	4	8	0	1	1024	12428	1443972	18482857	87323	91009902	11252	5	0	0	11.3	0.000
x15_r5	uring	off	cold	sweep	65536	65536	4	8	0	2	1024	94636	4503411	15964904	78278	73734848	13888	5	0	0	100.0	0.000
x15_r5	product	off	cold	sweep	65536	65536	4	8	0	3	1024	14267	4385705	21757558	185693	96753215	10584	5	0	0	0.0	0.000
x15_r5	tokio_fs	off	cold	sweep	65536	65536	4	8	0	4	1024	107108	800798	27833629	96309	67050400	15272	48	0	0	0.0	0.000
x15_r5	pool	off	cold	sweep	65536	65536	16	8	0	0	1024	15340	14098229	28374533	79590	69400395	14755	95	0	0	35.1	0.000
x15_r5	hybrid_lazyring	off	cold	sweep	65536	65536	16	8	0	1	1024	19781	13025003	29587951	54468	69937258	14642	5	0	0	36.7	0.000
x15_r5	uring	off	cold	sweep	65536	65536	16	8	0	2	1024	1497015	15526539	26377002	51385	69059976	14828	5	0	0	100.0	0.000
x15_r5	product	off	cold	sweep	65536	65536	16	8	0	3	1024	25313	18229421	30250577	68222	72721070	14081	5	0	0	0.0	0.000
x15_r5	tokio_fs	off	cold	sweep	65536	65536	16	8	0	4	1024	1014872	16867479	39925952	122449	79893352	12817	127	0	0	0.0	0.000
x15_r5	pool	off	cold	sweep	65536	65536	1	64	0	0	8192	11612	622169	86611071	112911	514464713	15923	71	0	0	4.4	0.000
x15_r5	hybrid_lazyring	off	cold	sweep	65536	65536	1	64	0	1	8192	9977	532474	77866478	93292	389830573	21014	5	0	0	4.5	0.000
x15_r5	uring	off	cold	sweep	65536	65536	1	64	0	2	8192	12504	384605	73356265	56024	384729226	21293	5	0	0	100.0	0.000
x15_r5	product	off	cold	sweep	65536	65536	1	64	0	3	8192	11155	83213	88465181	56916	406516707	20152	5	0	0	0.0	0.000
x15_r5	tokio_fs	off	cold	sweep	65536	65536	1	64	0	4	8192	80156	321545	98291152	89268	468814203	17474	113	0	0	0.0	0.000
x15_r5	pool	off	cold	sweep	65536	65536	4	64	0	0	8192	11266	20319333	152450805	89529	466463216	17562	263	0	0	13.2	0.000
x15_r5	hybrid_lazyring	off	cold	sweep	65536	65536	4	64	0	1	8192	10518	11460214	96454962	71223	443491961	18472	5	0	0	12.4	0.000
x15_r5	uring	off	cold	sweep	65536	65536	4	64	0	2	8192	66578	39069801	124930698	67277	445721837	18379	5	0	0	100.0	0.000
x15_r5	product	off	cold	sweep	65536	65536	4	64	0	3	8192	11177	17949795	137701542	65270	444673470	18423	5	0	0	0.0	0.000
x15_r5	tokio_fs	off	cold	sweep	65536	65536	4	64	0	4	8192	89187	6857314	141621805	93450	510814524	16037	284	0	0	0.0	0.000
x15_r5	pool	off	cold	sweep	65536	65536	16	64	0	0	8192	23734	115679203	192388153	118535	529102190	15483	517	0	0	34.4	0.000
x15_r5	hybrid_lazyring	off	cold	sweep	65536	65536	16	64	0	1	8192	27127	100835644	246920834	101597	494959300	16551	5	0	0	37.3	0.000
x15_r5	uring	off	cold	sweep	65536	65536	16	64	0	2	8192	1020085	113028281	155484508	64335	428289948	19127	5	0	0	100.0	0.000
x15_r5	product	off	cold	sweep	65536	65536	16	64	0	3	8192	20211	116210621	309449107	84747	512694816	15978	5	0	0	0.0	0.000
x15_r5	tokio_fs	off	cold	sweep	65536	65536	16	64	0	4	8192	18609447	108223909	190016464	130554	432627324	18935	517	0	0	0.0	0.000
x15_r5	tokio_fs_uring	off	cold	sweep	65536	65536	1	1	0	0	128	19840	29970	1259062	35211	10186134	12566	6	0	0	0.0	0.000
x15_r5	tokio_fs_uring	off	cold	sweep	65536	65536	4	1	0	0	128	127485	455949	1683303	98825	8101139	15800	9	0	0	0.0	0.000
x15_r5	tokio_fs_uring	off	cold	sweep	65536	65536	16	1	0	0	128	722531	4617167	5382199	175805	13989947	9149	11	0	0	0.0	0.000
x15_r5	tokio_fs_uring	off	cold	sweep	65536	65536	1	8	0	0	1024	142152	312176	9703588	60923	69762246	14678	13	0	0	0.0	0.000
x15_r5	tokio_fs_uring	off	cold	sweep	65536	65536	4	8	0	0	1024	983601	2754536	11204856	87574	59479694	17216	13	0	0	0.0	0.000
x15_r5	tokio_fs_uring	off	cold	sweep	65536	65536	16	8	0	0	1024	6632270	17105149	26383071	156260	93422012	10961	12	0	0	0.0	0.000
x15_r5	tokio_fs_uring	off	cold	sweep	65536	65536	1	64	0	0	8192	3937840	27225634	52591439	257855	1895287743	4322	13	0	0	0.0	0.000
x15_r5	tokio_fs_uring	off	cold	sweep	65536	65536	4	64	0	0	8192	8837637	23269242	91635841	115415	509750606	16071	16	0	0	0.0	0.000
x15_r5	tokio_fs_uring	off	cold	sweep	65536	65536	16	64	0	0	8192	66090940	159299432	273504372	159854	716204804	11438	13	0	0	0.0	0.000
x15_r5	pool	off	cold	sweep	262144	262144	1	1	0	0	32	44097	184880	3192962	111032	6946847	4606	6	0	0	6.2	0.000
x15_r5	hybrid_lazyring	off	cold	sweep	262144	262144	1	1	0	1	32	89472	3067485	26445478	1727554	56577011	566	5	0	0	3.1	0.000
x15_r5	uring	off	cold	sweep	262144	262144	1	1	0	2	32	44451	120699	6725774	110463	10639513	3008	5	0	0	100.0	0.000
x15_r5	product	off	cold	sweep	262144	262144	1	1	0	3	32	30584	93464	2597279	57427	5327487	6007	5	0	0	0.0	0.000
x15_r5	tokio_fs	off	cold	sweep	262144	262144	1	1	0	4	32	125354	449802	1422228	203096	7639375	4189	6	0	0	0.0	0.000
x15_r5	pool	off	cold	sweep	262144	262144	4	1	0	0	32	94275	2683165	2834005	221760	6465225	4950	9	0	0	25.0	0.000
x15_r5	hybrid_lazyring	off	cold	sweep	262144	262144	4	1	0	1	32	83828	3793557	6130593	819538	27299814	1172	5	0	0	12.5	0.000
x15_r5	uring	off	cold	sweep	262144	262144	4	1	0	2	32	530585	17824991	17825201	179903	28445856	1125	5	0	0	100.0	0.000
x15_r5	product	off	cold	sweep	262144	262144	4	1	0	3	32	53650	3211015	3537178	113333	6153061	5201	5	0	0	18.8	0.000
x15_r5	tokio_fs	off	cold	sweep	262144	262144	4	1	0	4	32	186909	1572743	2990862	258938	8645659	3701	10	0	0	0.0	0.000
x15_r5	pool	off	cold	sweep	262144	262144	16	1	0	0	32	29245761	44431554	44972151	5100787	49765074	643	21	0	0	50.0	0.000
x15_r5	hybrid_lazyring	off	cold	sweep	262144	262144	16	1	0	1	32	78096	3855035	23854815	1335591	45149624	709	5	0	0	3.1	0.000
x15_r5	uring	off	cold	sweep	262144	262144	16	1	0	2	32	4725463	6262349	9910023	318021	14403166	2222	5	0	0	100.0	0.000
x15_r5	product	off	cold	sweep	262144	262144	16	1	0	3	32	3881588	9971396	10296950	392968	11229545	2850	5	0	0	46.9	0.000
x15_r5	tokio_fs	off	cold	sweep	262144	262144	16	1	0	4	32	832800	3871886	5044893	430921	6288748	5088	21	0	0	0.0	0.000
x15_r5	pool	off	cold	sweep	262144	262144	1	8	0	0	256	72622	2987448	19462464	479418	58096997	4406	13	0	0	13.7	0.000
x15_r5	hybrid_lazyring	off	cold	sweep	262144	262144	1	8	0	1	256	53150	2178426	12287494	181803	54192327	4724	5	0	0	13.3	0.000
x15_r5	uring	off	cold	sweep	262144	262144	1	8	0	2	256	60872	3856696	17951693	154749	54189625	4724	5	0	0	100.0	0.000
x15_r5	product	off	cold	sweep	262144	262144	1	8	0	3	256	51314	3905304	17464130	246418	81355103	3147	5	0	0	7.4	0.000
x15_r5	tokio_fs	off	cold	sweep	262144	262144	1	8	0	4	256	168404	1934180	34043023	199706	83868492	3052	18	0	0	0.0	0.000
x15_r5	pool	off	cold	sweep	262144	262144	4	8	0	0	256	1251826	18951999	30995667	403998	61011687	4196	50	0	0	40.2	0.000
x15_r5	hybrid_lazyring	off	cold	sweep	262144	262144	4	8	0	1	256	149732	19899754	30589446	191132	84581189	3027	5	0	0	46.9	0.000
x15_r5	uring	off	cold	sweep	262144	262144	4	8	0	2	256	3083922	16223610	21130244	178919	68961481	3712	5	0	0	100.0	0.000
x15_r5	product	off	cold	sweep	262144	262144	4	8	0	3	256	130888	20253298	27237648	232635	67241996	3807	5	0	0	39.1	0.000
x15_r5	tokio_fs	off	cold	sweep	262144	262144	4	8	0	4	256	357143	23321907	36930487	385811	75241406	3402	47	0	0	0.0	0.000
x15_r5	pool	off	cold	sweep	262144	262144	16	8	0	0	256	15202341	35395277	50198072	358945	86593439	2956	88	0	0	80.9	0.000
x15_r5	hybrid_lazyring	off	cold	sweep	262144	262144	16	8	0	1	256	14784103	28891119	38774608	333991	76542380	3345	5	0	0	92.6	0.000
x15_r5	uring	off	cold	sweep	262144	262144	16	8	0	2	256	16800309	33677279	39696009	305220	62160349	4118	5	0	0	100.0	0.000
x15_r5	product	off	cold	sweep	262144	262144	16	8	0	3	256	31860166	41796920	48372670	452060	79788618	3208	5	0	0	73.0	0.000
x15_r5	tokio_fs	off	cold	sweep	262144	262144	16	8	0	4	256	21414496	30486227	41803316	563081	79674242	3213	99	0	0	0.0	0.000
x15_r5	pool	off	cold	sweep	262144	262144	1	64	0	0	2048	71954	17676420	226132788	494488	506727028	4042	70	0	0	14.1	0.000
x15_r5	hybrid_lazyring	off	cold	sweep	262144	262144	1	64	0	1	2048	92369	42199209	205498617	631101	604337219	3389	5	0	0	13.8	0.000
x15_r5	uring	off	cold	sweep	262144	262144	1	64	0	2	2048	80978	23661822	185023622	501767	463287326	4421	5	0	0	100.0	0.000
x15_r5	product	off	cold	sweep	262144	262144	1	64	0	3	2048	56585	32887753	93507063	314693	424056924	4830	5	0	0	8.6	0.000
x15_r5	tokio_fs	off	cold	sweep	262144	262144	1	64	0	4	2048	226934	12073387	169699757	275741	462140699	4432	74	0	0	0.0	0.000
x15_r5	pool	off	cold	sweep	262144	262144	4	64	0	0	2048	367724	120546449	165803207	379168	496127135	4128	258	0	0	41.2	0.000
x15_r5	hybrid_lazyring	off	cold	sweep	262144	262144	4	64	0	1	2048	1813224	89327494	209963275	449842	543354740	3769	5	0	0	43.7	0.000
x15_r5	uring	off	cold	sweep	262144	262144	4	64	0	2	2048	6352354	126006188	159174583	238084	503651978	4066	5	0	0	100.0	0.000
x15_r5	product	off	cold	sweep	262144	262144	4	64	0	3	2048	981524	117352054	171356057	279071	489658850	4183	5	0	0	42.3	0.000
x15_r5	tokio_fs	off	cold	sweep	262144	262144	4	64	0	4	2048	617600	143686844	191142729	292227	424814355	4821	258	0	0	0.0	0.000
x15_r5	pool	off	cold	sweep	262144	262144	16	64	0	0	2048	109546535	203632140	238872102	374512	525768177	3895	517	0	0	82.4	0.000
x15_r5	hybrid_lazyring	off	cold	sweep	262144	262144	16	64	0	1	2048	123948903	394458013	404526303	437216	605558730	3382	5	0	0	82.8	0.000
x15_r5	uring	off	cold	sweep	262144	262144	16	64	0	2	2048	145416179	244925401	299513802	478692	563268172	3636	5	0	0	100.0	0.000
x15_r5	product	off	cold	sweep	262144	262144	16	64	0	3	2048	133189844	241927451	316390096	672538	569656564	3595	5	0	0	70.7	0.000
x15_r5	tokio_fs	off	cold	sweep	262144	262144	16	64	0	4	2048	142877960	298295519	372188281	801277	617668540	3316	331	0	0	0.0	0.000
x15_r5	tokio_fs_uring	off	cold	sweep	262144	262144	1	1	0	0	32	50761	354543	5914326	122308	10025477	3192	6	0	0	0.0	0.000
x15_r5	tokio_fs_uring	off	cold	sweep	262144	262144	4	1	0	0	32	2074175	2927059	5185543	670933	16366324	1955	9	0	0	0.0	0.000
x15_r5	tokio_fs_uring	off	cold	sweep	262144	262144	16	1	0	0	32	3324089	5134642	7887180	596724	9594119	3335	10	0	0	0.0	0.000
x15_r5	tokio_fs_uring	off	cold	sweep	262144	262144	1	8	0	0	256	433944	3118743	21405526	289759	76105337	3364	9	0	0	0.0	0.000
x15_r5	tokio_fs_uring	off	cold	sweep	262144	262144	4	8	0	0	256	4771636	17105242	36605621	547467	74111023	3454	13	0	0	0.0	0.000
x15_r5	tokio_fs_uring	off	cold	sweep	262144	262144	16	8	0	0	256	48164479	75035120	95776462	969578	121665341	2104	15	0	0	0.0	0.000
x15_r5	tokio_fs_uring	off	cold	sweep	262144	262144	1	64	0	0	2048	23097610	61779466	104413660	689172	1177287245	1740	11	0	0	0.0	0.000
x15_r5	tokio_fs_uring	off	cold	sweep	262144	262144	4	64	0	0	2048	53966185	120787536	203245862	465415	587144054	3488	12	0	0	0.0	0.000
x15_r5	tokio_fs_uring	off	cold	sweep	262144	262144	16	64	0	0	2048	229789612	499898780	640228810	858269	797550164	2568	15	0	0	0.0	0.000
